{"bought": 99.24, "sold": 71.78, "Time_string": "Last update at 11:23 - 08/06/2024", "produce": 1.245, "consumption": 0.195, "ratioPC": 1.5190000000000001, "maxBatteryPerDay": 8.75, "maxAtThisDay": 70.0, "batteryLevelPercentage": -0.7298395866235298, "buyPrice": 0.149072, "sellPrice": 0.1, "batteryLevel": -51.08877106364709, "maxBatteryForMonth": 100, "Temperature": 21.8, "ratioPc": "noData"}