{"bought": 324.23, "sold": 374.82, "Time_string": "Last update at 07:54 - 31/07/2023", "produce": 0.05, "consumption": 0.216, "buyPrice": 0.149072, "sellPrice": 0.1, "batteryLevel": -72.79445207684881, "maxBatteryPerDay": 8.75, "batteryLevelPercentage": -7.279445207684882, "maxAtThisDay": 10, "ratioPC": -0.16599999999999998, "maxBatteryForMonth": 10, "ratioPc": "noData"}