{"bought": 20.67, "sold": 28.4, "Time_string": "Last update at 12:19 - 03/07/2023", "produce": 3.568, "consumption": 3.3966, "buyPrice": 0.149072, "sellPrice": 0.1, "batteryLevel": -1.618803262852854, "maxBatteryPerDay": 8.75, "batteryLevelPercentage": -0.1618803262852854, "maxAtThisDay": 10, "ratioPC": 0.17140000000000022, "maxBatteryForMonth": 10, "ratioPc": "noData"}