{"bought": 250.39, "sold": 152.75, "Time_string": "Last update at 14:08 - 23/01/2024", "produce": 4.411, "consumption": 0.256, "ratioPC": 4.292, "maxBatteryPerDay": 8.75, "maxAtThisDay": 100, "batteryLevelPercentage": -1.4792273585918212, "buyPrice": 0.149072, "sellPrice": 0.1, "batteryLevel": -147.92273585918213, "maxBatteryForMonth": 100, "Temperature": 19.1, "ratioPc": "noData"}