{"bought": 36.94, "sold": 67.49, "Time_string": "Last update at 20:09 - 05/09/2024", "produce": 0.122, "consumption": 0.168, "ratioPC": -1.1039999999999999, "maxBatteryPerDay": 8.75, "maxAtThisDay": 43.75, "batteryLevelPercentage": 0.1904782839356629, "buyPrice": 0.149072, "sellPrice": 0.1, "batteryLevel": 8.333424922185252, "maxBatteryForMonth": 100, "Temperature": 28.7, "ratioPc": "noData"}