{"bought": 158.4, "sold": 416.15, "Time_string": "Last update at 12:04 - 29/10/2023", "produce": 2.244, "consumption": 0.403, "ratioPC": 1.8410000000000002, "maxBatteryPerDay": 8.75, "maxAtThisDay": 10, "batteryLevelPercentage": 12.076040570999245, "buyPrice": 0.149072, "sellPrice": 0.1, "batteryLevel": 120.76040570999245, "maxBatteryForMonth": 10, "Temperature": 20.1, "ratioPc": "noData"}