{"bought": 243.9, "sold": 398.43, "Time_string": "Last update at 19:44 - 29/06/2023", "produce": 1.146, "consumption": 0.865, "buyPrice": 0.149072, "sellPrice": 0.1, "batteryLevel": 23.373532252871115, "maxBatteryPerDay": 8.75, "batteryLevelPercentage": 0.23373532252871115, "maxAtThisDay": 100, "ratioPC": 0.2809999999999999, "maxBatteryForMonth": 100, "ratioPc": "noData"}