{"bought": 244.71, "sold": 279.32, "Time_string": "Last update at 17:16 - 23/07/2023", "produce": 3.894, "consumption": 1.204, "buyPrice": 0.149072, "sellPrice": 0.1, "batteryLevel": -57.33745518943866, "maxBatteryPerDay": 8.75, "batteryLevelPercentage": -5.7337455189438655, "maxAtThisDay": 10, "ratioPC": 2.6900000000000004, "maxBatteryForMonth": 10, "ratioPc": "noData"}