{"bought": 226.6, "sold": 268.37, "Time_string": "Last update at 10:47 - 22/10/2024", "produce": 1.736, "consumption": 0.194, "ratioPC": 1.42, "maxBatteryPerDay": 8.75, "maxAtThisDay": 100, "batteryLevelPercentage": -0.46572899001824597, "buyPrice": 0.149072, "sellPrice": 0.1, "batteryLevel": -46.572899001824595, "maxBatteryForMonth": 100, "Temperature": 18.8, "ratioPc": "noData"}