{"bought": 313.12, "sold": 406.92, "Time_string": "Last update at 15:19 - 28/09/2024", "produce": 4.958, "consumption": 0.307, "ratioPC": 4.758, "maxBatteryPerDay": 8.75, "maxAtThisDay": 100, "batteryLevelPercentage": -0.4015123322958033, "buyPrice": 0.149072, "sellPrice": 0.1, "batteryLevel": -40.15123322958033, "maxBatteryForMonth": 100, "Temperature": 28.3, "ratioPc": "noData"}