{"bought": 39.63, "sold": 52.43, "Time_string": "Last update at 08:01 - 05/11/2024", "produce": 0.015, "consumption": 0.159, "ratioPC": -0.156, "maxBatteryPerDay": 8.75, "maxAtThisDay": 43.75, "batteryLevelPercentage": -0.10192173446388324, "buyPrice": 0.149072, "sellPrice": 0.1, "batteryLevel": -4.459075882794892, "maxBatteryForMonth": 100, "Temperature": 14.0, "ratioPc": "noData"}