{"bought": 153.83, "sold": 93.79, "Time_string": "Last update at 15:32 - 13/08/2023", "produce": 4.826, "consumption": 3.784, "ratioPC": 1.0419999999999998, "maxBatteryPerDay": 8.75, "maxAtThisDay": 10, "batteryLevelPercentage": -9.091409359235806, "buyPrice": 0.149072, "sellPrice": 0.1, "batteryLevel": -90.91409359235806, "maxBatteryForMonth": 10, "Temperature": 37.5, "ratioPc": "noData"}