{"bought": 102.33, "sold": 499.19, "Time_string": "Last update at 13:14 - 26/09/2023", "produce": 4.512, "consumption": 1.242, "ratioPC": 3.2699999999999996, "maxBatteryPerDay": 8.75, "maxAtThisDay": 10, "batteryLevelPercentage": 23.253503166255236, "buyPrice": 0.149072, "sellPrice": 0.1, "batteryLevel": 232.53503166255234, "maxBatteryForMonth": 10, "Temperature": 27.5, "ratioPc": "noData"}