{"bought": 191.14, "sold": 191.63, "Time_string": "Last update at 14:29 - 17/10/2024", "produce": 5.707, "consumption": 1.244, "ratioPC": 0.8979999999999999, "maxBatteryPerDay": 8.75, "maxAtThisDay": 100, "batteryLevelPercentage": -0.6259137919931308, "buyPrice": 0.149072, "sellPrice": 0.1, "batteryLevel": -62.59137919931308, "maxBatteryForMonth": 100, "Temperature": 20.5, "ratioPc": "noData"}