{"bought": 72.0, "sold": 130.29, "Time_string": "Last update at 15:53 - 09/07/2023", "produce": 4.492, "consumption": 5.818, "buyPrice": 0.149072, "sellPrice": 0.1, "batteryLevel": 15.400719115595138, "maxBatteryPerDay": 8.75, "batteryLevelPercentage": 1.5400719115595138, "maxAtThisDay": 10, "ratioPC": -1.3259999999999996, "maxBatteryForMonth": 10, "ratioPc": "noData"}