{"bought": 152.43, "sold": 247.25, "Time_string": "Last update at 15:42 - 16/09/2024", "produce": 4.302, "consumption": 2.543, "ratioPC": 1.733, "maxBatteryPerDay": 8.75, "maxAtThisDay": 100, "batteryLevelPercentage": 0.13429450466888482, "buyPrice": 0.149072, "sellPrice": 0.1, "batteryLevel": 13.429450466888483, "maxBatteryForMonth": 100, "Temperature": 32.7, "ratioPc": "noData"}