{"bought": 46.9, "sold": 99.95, "Time_string": "Last update at 12:57 - 07/09/2024", "produce": 3.794, "consumption": 0.239, "ratioPC": 3.9489999999999994, "maxBatteryPerDay": 8.75, "maxAtThisDay": 61.25, "batteryLevelPercentage": 0.3289491887771532, "buyPrice": 0.149072, "sellPrice": 0.1, "batteryLevel": 20.14813781260063, "maxBatteryForMonth": 100, "Temperature": 25.9, "ratioPc": "noData"}