{"bought": 105.43, "sold": 533.27, "Time_string": "Last update at 18:03 - 27/09/2023", "produce": 3.281, "consumption": 1.735, "ratioPC": 1.546, "maxBatteryPerDay": 8.75, "maxAtThisDay": 10, "batteryLevelPercentage": 25.229646774712887, "buyPrice": 0.149072, "sellPrice": 0.1, "batteryLevel": 252.29646774712887, "maxBatteryForMonth": 10, "Temperature": 31.9, "ratioPc": "noData"}