{"bought": 301.92, "sold": 212.96, "Time_string": "Last update at 09:34 - 25/08/2023", "produce": 0.48, "consumption": 0.201, "ratioPC": 0.27899999999999997, "maxBatteryPerDay": 8.75, "maxAtThisDay": 10, "batteryLevelPercentage": -15.906285714285715, "buyPrice": 0.149072, "sellPrice": 0.1, "batteryLevel": -159.06285714285715, "maxBatteryForMonth": 10, "Temperature": 28.8, "ratioPc": "noData"}