{"bought": 259.87, "sold": 33.66, "Time_string": "Last update at 17:26 - 12/08/2024", "produce": 3.915, "consumption": 4.36, "ratioPC": -0.3679999999999999, "maxBatteryPerDay": 8.75, "maxAtThisDay": 100, "batteryLevelPercentage": -2.372903069657615, "buyPrice": 0.149072, "sellPrice": 0.1, "batteryLevel": -237.29030696576152, "maxBatteryForMonth": 100, "Temperature": 35.6, "ratioPc": "noData"}