{"bought": 260.96, "sold": 33.66, "Time_string": "Last update at 18:39 - 12/08/2024", "produce": 2.805, "consumption": 4.273, "ratioPC": -1.7229999999999999, "maxBatteryPerDay": 8.75, "maxAtThisDay": 100, "batteryLevelPercentage": -2.383803069657615, "buyPrice": 0.149072, "sellPrice": 0.1, "batteryLevel": -238.3803069657615, "maxBatteryForMonth": 100, "Temperature": 33.7, "ratioPc": "noData"}