{"bought": 186.54, "sold": 107.62, "Time_string": "Last update at 13:43 - 20/01/2024", "produce": 4.727, "consumption": 4.744, "ratioPC": -1.3369999999999997, "maxBatteryPerDay": 8.75, "maxAtThisDay": 100, "batteryLevelPercentage": -1.143466974347966, "buyPrice": 0.149072, "sellPrice": 0.1, "batteryLevel": -114.3466974347966, "maxBatteryForMonth": 100, "Temperature": 11.7, "ratioPc": "noData"}