{"bought": 261.99, "sold": 345.62, "Time_string": "Last update at 00:27 - 25/09/2024", "produce": 0.0, "consumption": 0.092, "ratioPC": -0.198, "maxBatteryPerDay": 8.75, "maxAtThisDay": 100, "batteryLevelPercentage": -0.30142302243211333, "buyPrice": 0.149072, "sellPrice": 0.1, "batteryLevel": -30.142302243211333, "maxBatteryForMonth": 100, "Temperature": 19.6, "ratioPc": "noData"}