{"bought": 315.02, "sold": 374.82, "Time_string": "Last update at 19:20 - 30/07/2023", "produce": 1.911, "consumption": 2.614, "buyPrice": 0.149072, "sellPrice": 0.1, "batteryLevel": -63.58445207684878, "maxBatteryPerDay": 8.75, "batteryLevelPercentage": -6.358445207684878, "maxAtThisDay": 10, "ratioPC": -0.7029999999999998, "maxBatteryForMonth": 10, "ratioPc": "noData"}