{"bought": 8.88, "sold": 13.92, "Time_string": "Last update at 23:54 - 01/07/2023", "produce": 0.0, "consumption": 0.918, "buyPrice": 0.149072, "sellPrice": 0.1, "batteryLevel": 0.45776966834817934, "maxBatteryPerDay": 8.75, "batteryLevelPercentage": 0.05231653352550621, "maxAtThisDay": 8.75, "ratioPC": -0.918, "maxBatteryForMonth": 100, "ratioPc": "noData"}