{"bought": 1.42, "sold": 4.21, "Time_string": "Last update at 12:39 - 01/11/2024", "produce": 3.362, "consumption": 0.275, "ratioPC": 3.1910000000000003, "maxBatteryPerDay": 8.75, "maxAtThisDay": 8.75, "batteryLevelPercentage": 0.16047299099955536, "buyPrice": 0.149072, "sellPrice": 0.1, "batteryLevel": 1.4041386712461095, "maxBatteryForMonth": 100, "Temperature": 17.6, "ratioPc": "noData"}