{"bought": 136.79, "sold": 135.02, "Time_string": "Last update at 09:45 - 20/12/2023", "produce": 0.721, "consumption": 0.281, "ratioPC": 0.38800000000000007, "maxBatteryPerDay": 8.75, "maxAtThisDay": 100, "batteryLevelPercentage": -0.4621631748416871, "buyPrice": 0.149072, "sellPrice": 0.1, "batteryLevel": -46.21631748416871, "maxBatteryForMonth": 100, "Temperature": 4.8, "ratioPc": "noData"}