{"bought": 119.92, "sold": 323.84, "Time_string": "Last update at 10:37 - 22/10/2023", "produce": 0.274, "consumption": 0.127, "ratioPC": 0.14700000000000002, "maxBatteryPerDay": 8.75, "maxAtThisDay": 10, "batteryLevelPercentage": 9.731730814639905, "buyPrice": 0.149072, "sellPrice": 0.1, "batteryLevel": 97.31730814639904, "maxBatteryForMonth": 10, "Temperature": 14.6, "ratioPc": "noData"}