{"bought": 510.37, "sold": 81.72, "Time_string": "Last update at 15:30 - 23/08/2024", "produce": 4.764, "consumption": 3.361, "ratioPC": 1.3789999999999996, "maxBatteryPerDay": 8.75, "maxAtThisDay": 100, "batteryLevelPercentage": -4.5555085220564555, "buyPrice": 0.149072, "sellPrice": 0.1, "batteryLevel": -455.5508522056456, "maxBatteryForMonth": 100, "Temperature": 34.5, "ratioPc": "noData"}