{"bought": 149.77, "sold": 390.28, "Time_string": "Last update at 16:57 - 27/10/2023", "produce": 3.927, "consumption": 0.329, "ratioPC": 3.598, "maxBatteryPerDay": 8.75, "maxAtThisDay": 10, "batteryLevelPercentage": 11.203637544273906, "buyPrice": 0.149072, "sellPrice": 0.1, "batteryLevel": 112.03637544273906, "maxBatteryForMonth": 10, "Temperature": 21.0, "ratioPc": "noData"}