{"bought": 102.11, "sold": 215.75, "Time_string": "Last update at 16:25 - 13/09/2024", "produce": 4.339, "consumption": 6.922, "ratioPC": -1.9340000000000002, "maxBatteryPerDay": 8.75, "maxAtThisDay": 100, "batteryLevelPercentage": 0.4261872169153163, "buyPrice": 0.149072, "sellPrice": 0.1, "batteryLevel": 42.61872169153163, "maxBatteryForMonth": 100, "Temperature": 34.4, "ratioPc": "noData"}