{"bought": 73.78, "sold": 163.79, "Time_string": "Last update at 03:07 - 11/09/2024", "produce": 0.0, "consumption": 0.176, "ratioPC": -0.089, "maxBatteryPerDay": 8.75, "maxAtThisDay": 96.25, "batteryLevelPercentage": 0.37499305417133044, "buyPrice": 0.149072, "sellPrice": 0.1, "batteryLevel": 36.09308146399056, "maxBatteryForMonth": 100, "Temperature": 17.9, "ratioPc": "noData"}