{"bought": 126.13, "sold": 162.71, "Time_string": "Last update at 13:24 - 12/11/2024", "produce": 4.48, "consumption": 1.717, "ratioPC": 2.209, "maxBatteryPerDay": 8.75, "maxAtThisDay": 100, "batteryLevelPercentage": -0.16981400665450253, "buyPrice": 0.149072, "sellPrice": 0.1, "batteryLevel": -16.981400665450252, "maxBatteryForMonth": 100, "Temperature": 20.4, "ratioPc": "noData"}