{"bought": 189.69, "sold": 441.49, "Time_string": "Last update at 21:02 - 19/05/2024", "produce": 0.081, "consumption": 0.418, "ratioPC": -0.12300000000000001, "maxBatteryPerDay": 8.75, "maxAtThisDay": 100, "batteryLevelPercentage": 1.0646890308039065, "buyPrice": 0.149072, "sellPrice": 0.1, "batteryLevel": 106.46890308039065, "maxBatteryForMonth": 100, "Temperature": 19.0, "ratioPc": "noData"}