{"bought": 162.89, "sold": 102.89, "Time_string": "Last update at 15:20 - 14/08/2023", "produce": 4.865, "consumption": 3.497, "ratioPC": 1.3680000000000003, "maxBatteryPerDay": 8.75, "maxAtThisDay": 10, "batteryLevelPercentage": -9.386966083503271, "buyPrice": 0.149072, "sellPrice": 0.1, "batteryLevel": -93.86966083503272, "maxBatteryForMonth": 10, "Temperature": 34.3, "ratioPc": "noData"}