{"bought": 272.73, "sold": 203.16, "Time_string": "Last update at 14:50 - 25/01/2024", "produce": 4.502, "consumption": 0.198, "ratioPC": 4.3180000000000005, "maxBatteryPerDay": 8.75, "maxAtThisDay": 100, "batteryLevelPercentage": -1.3644686165074598, "buyPrice": 0.149072, "sellPrice": 0.1, "batteryLevel": -136.44686165074597, "maxBatteryForMonth": 100, "Temperature": 21.8, "ratioPc": "noData"}