{"bought": 10.15, "sold": 13.92, "Time_string": "Last update at 07:04 - 02/07/2023", "produce": 0.0, "consumption": 0.325, "buyPrice": 0.149072, "sellPrice": 0.1, "batteryLevel": -0.8122303316518202, "maxBatteryPerDay": 8.75, "batteryLevelPercentage": -0.04641316180867544, "maxAtThisDay": 17.5, "ratioPC": -0.325, "maxBatteryForMonth": 100, "ratioPc": "noData"}