{"bought": 223.54, "sold": 264.2, "Time_string": "Last update at 17:03 - 21/10/2024", "produce": 3.533, "consumption": 0.128, "ratioPC": 3.367, "maxBatteryPerDay": 8.75, "maxAtThisDay": 100, "batteryLevelPercentage": -0.46310205001609944, "buyPrice": 0.149072, "sellPrice": 0.1, "batteryLevel": -46.310205001609944, "maxBatteryForMonth": 100, "Temperature": 25.9, "ratioPc": "noData"}