{"bought": 107.06, "sold": 127.79, "Time_string": "Last update at 09:45 - 11/06/2024", "produce": 0.749, "consumption": 0.175, "ratioPC": 0.499, "maxBatteryPerDay": 8.75, "maxAtThisDay": 96.25, "batteryLevelPercentage": -0.2216760815657456, "buyPrice": 0.149072, "sellPrice": 0.1, "batteryLevel": -21.336322850703013, "maxBatteryForMonth": 100, "Temperature": 20.5, "ratioPc": "noData"}