{"bought": 294.47, "sold": 357.58, "Time_string": "Last update at 14:52 - 26/09/2024", "produce": 5.925, "consumption": 0.146, "ratioPC": 1.133, "maxBatteryPerDay": 8.75, "maxAtThisDay": 100, "batteryLevelPercentage": -0.5459933347644094, "buyPrice": 0.149072, "sellPrice": 0.1, "batteryLevel": -54.59933347644093, "maxBatteryForMonth": 100, "Temperature": 27.9, "ratioPc": "noData"}