{"bought": 91.81, "sold": 34.52, "Time_string": "Last update at 09:52 - 09/01/2024", "produce": 0.093, "consumption": 0.252, "ratioPC": -0.10800000000000001, "maxBatteryPerDay": 8.75, "maxAtThisDay": 78.75, "batteryLevelPercentage": -0.8717892638648247, "buyPrice": 0.149072, "sellPrice": 0.1, "batteryLevel": -68.65340452935494, "maxBatteryForMonth": 100, "Temperature": 9.0, "ratioPc": "noData"}