{"bought": 175.19, "sold": 205.59, "Time_string": "Last update at 11:01 - 16/11/2024", "produce": 0.662, "consumption": 1.046, "ratioPC": 1.777, "maxBatteryPerDay": 8.75, "maxAtThisDay": 100, "batteryLevelPercentage": -0.3727677685950414, "buyPrice": 0.149072, "sellPrice": 0.1, "batteryLevel": -37.27677685950414, "maxBatteryForMonth": 100, "Temperature": 18.0, "ratioPc": "noData"}