{"bought": 74.69, "sold": 165.67, "Time_string": "Last update at 11:33 - 11/09/2024", "produce": 2.878, "consumption": 1.718, "ratioPC": 1.1059999999999999, "maxBatteryPerDay": 8.75, "maxAtThisDay": 96.25, "batteryLevelPercentage": 0.37864121581970667, "buyPrice": 0.149072, "sellPrice": 0.1, "batteryLevel": 36.44421702264677, "maxBatteryForMonth": 100, "Temperature": 24.1, "ratioPc": "noData"}