{"bought": 279.73, "sold": 208.81, "Time_string": "Last update at 09:09 - 24/08/2023", "produce": 0.231, "consumption": 0.16, "ratioPC": 0.07100000000000001, "maxBatteryPerDay": 8.75, "maxAtThisDay": 10, "batteryLevelPercentage": -13.965674680691212, "buyPrice": 0.149072, "sellPrice": 0.1, "batteryLevel": -139.6567468069121, "maxBatteryForMonth": 10, "Temperature": 26.5, "ratioPc": "noData"}