{"bought": 270.6, "sold": 173.31, "Time_string": "Last update at 13:40 - 24/01/2024", "produce": 4.543, "consumption": 0.207, "ratioPC": 4.379, "maxBatteryPerDay": 8.75, "maxAtThisDay": 100, "batteryLevelPercentage": -1.5434074272834608, "buyPrice": 0.149072, "sellPrice": 0.1, "batteryLevel": -154.34074272834607, "maxBatteryForMonth": 100, "Temperature": 19.7, "ratioPc": "noData"}