{"bought": 96.67, "sold": 142.17, "Time_string": "Last update at 14:16 - 11/07/2023", "produce": 4.542, "consumption": 3.386, "buyPrice": 0.149072, "sellPrice": 0.1, "batteryLevel": -1.2999774605559935, "maxBatteryPerDay": 8.75, "batteryLevelPercentage": -0.12999774605559936, "maxAtThisDay": 10, "ratioPC": 1.1559999999999997, "maxBatteryForMonth": 10, "ratioPc": "noData"}