{"bought": 131.48, "sold": 174.43, "Time_string": "Last update at 11:39 - 13/11/2024", "produce": 1.528, "consumption": 1.463, "ratioPC": 2.834, "maxBatteryPerDay": 8.75, "maxAtThisDay": 100, "batteryLevelPercentage": -0.14469427927444442, "buyPrice": 0.149072, "sellPrice": 0.1, "batteryLevel": -14.469427927444443, "maxBatteryForMonth": 100, "Temperature": 13.0, "ratioPc": "noData"}