{"bought": 107.12, "sold": 147.77, "Time_string": "Last update at 07:28 - 12/07/2023", "produce": 0.025, "consumption": 0.222, "buyPrice": 0.149072, "sellPrice": 0.1, "batteryLevel": -7.993403456048085, "maxBatteryPerDay": 8.75, "batteryLevelPercentage": -0.7993403456048085, "maxAtThisDay": 10, "ratioPC": -0.197, "maxBatteryForMonth": 10, "ratioPc": "noData"}