{"bought": 247.65, "sold": 348.69, "Time_string": "Last update at 15:06 - 21/06/2024", "produce": 3.375, "consumption": 0.187, "ratioPC": 4.851, "maxBatteryPerDay": 8.75, "maxAtThisDay": 100, "batteryLevelPercentage": -0.1374289470859722, "buyPrice": 0.149072, "sellPrice": 0.1, "batteryLevel": -13.74289470859722, "maxBatteryForMonth": 100, "Temperature": 29.1, "ratioPc": "noData"}