{"bought": 87.7, "sold": 178.88, "Time_string": "Last update at 19:46 - 11/09/2024", "produce": 0.21, "consumption": 7.01, "ratioPC": -5.609999999999999, "maxBatteryPerDay": 8.75, "maxAtThisDay": 96.25, "batteryLevelPercentage": 0.33553981062406524, "buyPrice": 0.149072, "sellPrice": 0.1, "batteryLevel": 32.29570677256628, "maxBatteryForMonth": 100, "Temperature": 25.5, "ratioPc": "noData"}