{"bought": 68.92, "sold": 110.38, "Time_string": "Last update at 10:43 - 08/11/2024", "produce": 0.606, "consumption": 0.135, "ratioPC": 0.442, "maxBatteryPerDay": 8.75, "maxAtThisDay": 70.0, "batteryLevelPercentage": 0.07321081279995079, "buyPrice": 0.149072, "sellPrice": 0.1, "batteryLevel": 5.124756895996555, "maxBatteryForMonth": 100, "Temperature": 17.7, "ratioPc": "noData"}