{"bought": 182.02, "sold": 173.17, "Time_string": "Last update at 11:13 - 25/12/2023", "produce": 2.806, "consumption": 0.529, "ratioPC": -1.9820000000000002, "maxBatteryPerDay": 8.75, "maxAtThisDay": 100, "batteryLevelPercentage": -0.6585465707845874, "buyPrice": 0.149072, "sellPrice": 0.1, "batteryLevel": -65.85465707845874, "maxBatteryForMonth": 100, "Temperature": 7.4, "ratioPc": "noData"}