{"bought": 107.64, "sold": 252.78, "Time_string": "Last update at 09:46 - 13/05/2024", "produce": 0.775, "consumption": 0.141, "ratioPC": 0.49200000000000005, "maxBatteryPerDay": 8.75, "maxAtThisDay": 100, "batteryLevelPercentage": 0.6192906729634002, "buyPrice": 0.149072, "sellPrice": 0.1, "batteryLevel": 61.92906729634002, "maxBatteryForMonth": 100, "Temperature": 20.3, "ratioPc": "noData"}