{"bought": 154.33, "sold": 164.04, "Time_string": "Last update at 12:21 - 15/07/2023", "produce": 3.63, "consumption": 4.196, "buyPrice": 0.149072, "sellPrice": 0.1, "batteryLevel": -44.289214339379654, "maxBatteryPerDay": 8.75, "batteryLevelPercentage": -4.4289214339379654, "maxAtThisDay": 10, "ratioPC": -0.5659999999999998, "maxBatteryForMonth": 10, "ratioPc": "noData"}