{"bought": 260.02, "sold": 290.02, "Time_string": "Last update at 19:26 - 24/07/2023", "produce": 1.783, "consumption": 2.882, "buyPrice": 0.149072, "sellPrice": 0.1, "batteryLevel": -65.46971557368252, "maxBatteryPerDay": 8.75, "batteryLevelPercentage": -6.546971557368252, "maxAtThisDay": 10, "ratioPC": -1.0990000000000002, "maxBatteryForMonth": 10, "ratioPc": "noData"}