{"bought": 95.68, "sold": 470.46, "Time_string": "Last update at 20:06 - 24/09/2023", "produce": 0.057, "consumption": 0.159, "ratioPC": -0.10200000000000001, "maxBatteryPerDay": 8.75, "maxAtThisDay": 10, "batteryLevelPercentage": 21.99124653858538, "buyPrice": 0.149072, "sellPrice": 0.1, "batteryLevel": 219.9124653858538, "maxBatteryForMonth": 10, "Temperature": 27.7, "ratioPc": "noData"}