{"bought": 293.11, "sold": 693.3, "Time_string": "Last update at 21:05 - 30/05/2024", "produce": 0.122, "consumption": 0.293, "ratioPC": -0.08300000000000002, "maxBatteryPerDay": 8.75, "maxAtThisDay": 100, "batteryLevelPercentage": 1.7196727809380696, "buyPrice": 0.149072, "sellPrice": 0.1, "batteryLevel": 171.96727809380695, "maxBatteryForMonth": 100, "Temperature": 29.8, "ratioPc": "noData"}