{"bought": 172.88, "sold": 299.37, "Time_string": "Last update at 03:31 - 19/06/2024", "produce": 0.0, "consumption": 0.123, "ratioPC": -0.159, "maxBatteryPerDay": 8.75, "maxAtThisDay": 100, "batteryLevelPercentage": 0.2794242138027261, "buyPrice": 0.149072, "sellPrice": 0.1, "batteryLevel": 27.942421380272606, "maxBatteryForMonth": 100, "Temperature": 14.5, "ratioPc": "noData"}