{"bought": 169.66, "sold": 367.18, "Time_string": "Last update at 18:33 - 24/06/2023", "produce": 2.689, "consumption": 3.288, "ratioPc": "noData", "buyPrice": 0.149072, "sellPrice": 0.1, "batteryLevel": 76.65050767414405, "maxBatteryPerDay": 8.75, "batteryLevelPercentage": 0.36500241749592405, "maxAtThisDay": 210.0, "ratioPC": -0.5989999999999998}