{"bought": 38.16, "sold": 45.6, "Time_string": "Last update at 08:34 - 05/08/2023", "produce": 0.137, "consumption": 0.165, "ratioPC": -0.027999999999999997, "maxBatteryPerDay": 8.75, "maxAtThisDay": 10, "batteryLevelPercentage": -0.7570754534721473, "buyPrice": 0.149072, "sellPrice": 0.1, "batteryLevel": -7.570754534721473, "maxBatteryForMonth": 10, "Temperature": 22.7, "ratioPc": "noData"}