{"bought": 117.1, "sold": 554.69, "Time_string": "Last update at 10:23 - 29/09/2023", "produce": 1.43, "consumption": 1.012, "ratioPC": 0.4179999999999999, "maxBatteryPerDay": 8.75, "maxAtThisDay": 10, "batteryLevelPercentage": 25.49953633143716, "buyPrice": 0.149072, "sellPrice": 0.1, "batteryLevel": 254.9953633143716, "maxBatteryForMonth": 10, "Temperature": 25.1, "ratioPc": "noData"}