{"bought": 198.76, "sold": 532.63, "Time_string": "Last update at 06:25 - 23/05/2024", "produce": 0.0, "consumption": 0.174, "ratioPC": -0.152, "maxBatteryPerDay": 8.75, "maxAtThisDay": 100, "batteryLevelPercentage": 1.5853714500375662, "buyPrice": 0.149072, "sellPrice": 0.1, "batteryLevel": 158.53714500375662, "maxBatteryForMonth": 100, "Temperature": 15.0, "ratioPc": "noData"}