{"bought": 34.79, "sold": 113.93, "Time_string": "Last update at 11:49 - 08/09/2023", "produce": 3.376, "consumption": 1.039, "ratioPC": 2.3369999999999997, "maxBatteryPerDay": 8.75, "maxAtThisDay": 10, "batteryLevelPercentage": 4.1636156488139955, "buyPrice": 0.149072, "sellPrice": 0.1, "batteryLevel": 41.63615648813995, "maxBatteryForMonth": 10, "Temperature": 25.8, "ratioPc": "noData"}