{"bought": 230.76, "sold": 344.94, "Time_string": "Last update at 20:44 - 20/06/2024", "produce": 0.164, "consumption": 0.176, "ratioPC": -0.08200000000000002, "maxBatteryPerDay": 8.75, "maxAtThisDay": 100, "batteryLevelPercentage": 0.006315423419555657, "buyPrice": 0.149072, "sellPrice": 0.1, "batteryLevel": 0.6315423419555657, "maxBatteryForMonth": 100, "Temperature": 22.3, "ratioPc": "noData"}