{"bought": 243.81, "sold": 201.94, "Time_string": "Last update at 08:55 - 30/12/2023", "produce": 0.056, "consumption": 0.177, "ratioPC": -0.115, "maxBatteryPerDay": 8.75, "maxAtThisDay": 100, "batteryLevelPercentage": -1.0834525813029945, "buyPrice": 0.149072, "sellPrice": 0.1, "batteryLevel": -108.34525813029944, "maxBatteryForMonth": 100, "Temperature": 4.9, "ratioPc": "noData"}