{"bought": 103.71, "sold": 242.91, "Time_string": "Last update at 15:19 - 12/05/2024", "produce": 4.746, "consumption": 0.223, "ratioPC": 4.314, "maxBatteryPerDay": 8.75, "maxAtThisDay": 100, "batteryLevelPercentage": 0.5923810561339486, "buyPrice": 0.149072, "sellPrice": 0.1, "batteryLevel": 59.238105613394865, "maxBatteryForMonth": 100, "Temperature": 29.3, "ratioPc": "noData"}