{"bought": 50.04, "sold": 126.11, "Time_string": "Last update at 12:53 - 09/10/2023", "produce": 4.119, "consumption": 2.712, "ratioPC": 1.4069999999999996, "maxBatteryPerDay": 8.75, "maxAtThisDay": 10, "batteryLevelPercentage": 3.455670494794462, "buyPrice": 0.149072, "sellPrice": 0.1, "batteryLevel": 34.55670494794462, "maxBatteryForMonth": 10, "Temperature": 27.8, "ratioPc": "noData"}