{"bought": 395.72, "sold": 370.38, "Time_string": "Last update at 12:46 - 31/10/2024", "produce": 1.076, "consumption": 0.125, "ratioPC": 1.077, "maxBatteryPerDay": 8.75, "maxAtThisDay": 100, "batteryLevelPercentage": -1.4726287860899432, "buyPrice": 0.149072, "sellPrice": 0.1, "batteryLevel": -147.26287860899433, "maxBatteryForMonth": 100, "Temperature": 18.0, "ratioPc": "noData"}