{"bought": 193.27, "sold": 419.42, "Time_string": "Last update at 11:29 - 26/11/2023", "produce": 3.531, "consumption": 0.215, "ratioPC": 3.3160000000000003, "maxBatteryPerDay": 8.75, "maxAtThisDay": 100, "batteryLevelPercentage": 0.8808397660191051, "buyPrice": 0.149072, "sellPrice": 0.1, "batteryLevel": 88.0839766019105, "maxBatteryForMonth": 100, "Temperature": 12.0, "ratioPc": "noData"}