{"bought": 242.5, "sold": 386.81, "Time_string": "Last update at 06:32 - 29/06/2023", "produce": 0.0, "consumption": 0.18, "buyPrice": 0.149072, "sellPrice": 0.1, "batteryLevel": 16.978641193517262, "maxBatteryPerDay": 8.75, "batteryLevelPercentage": 0.16978641193517263, "maxAtThisDay": 100, "ratioPC": -0.18, "maxBatteryForMonth": 100, "ratioPc": "noData"}