{"bought": 170.04, "sold": 115.23, "Time_string": "Last update at 15:05 - 15/08/2023", "produce": 4.742, "consumption": 4.072, "ratioPC": 0.6699999999999999, "maxBatteryPerDay": 8.75, "maxAtThisDay": 10, "batteryLevelPercentage": -9.274178168938498, "buyPrice": 0.149072, "sellPrice": 0.1, "batteryLevel": -92.74178168938498, "maxBatteryForMonth": 10, "Temperature": 35.0, "ratioPc": "noData"}