{"bought": 199.02, "sold": 533.54, "Time_string": "Last update at 10:17 - 23/05/2024", "produce": 1.144, "consumption": 0.192, "ratioPC": -0.14700000000000002, "maxBatteryPerDay": 8.75, "maxAtThisDay": 100, "batteryLevelPercentage": 1.5888758827948906, "buyPrice": 0.149072, "sellPrice": 0.1, "batteryLevel": 158.88758827948905, "maxBatteryForMonth": 100, "Temperature": 21.6, "ratioPc": "noData"}