{"bought": 341.22, "sold": 57.13, "Time_string": "Last update at 17:01 - 17/08/2024", "produce": 3.613, "consumption": 3.231, "ratioPC": 0.492, "maxBatteryPerDay": 8.75, "maxAtThisDay": 100, "batteryLevelPercentage": -3.0289623698615435, "buyPrice": 0.149072, "sellPrice": 0.1, "batteryLevel": -302.89623698615435, "maxBatteryForMonth": 100, "Temperature": 40.0, "ratioPc": "noData"}