{"bought": 1.2, "sold": 21.62, "Time_string": "Last update at 18:22 - 01/10/2024", "produce": 2.113, "consumption": 0.131, "ratioPC": 2.0679999999999996, "maxBatteryPerDay": 8.75, "maxAtThisDay": 8.75, "batteryLevelPercentage": 1.5203495913767462, "buyPrice": 0.149072, "sellPrice": 0.1, "batteryLevel": 13.30305892454653, "maxBatteryForMonth": 100, "Temperature": 30.6, "ratioPc": "noData"}