{"bought": 125.43, "sold": 269.46, "Time_string": "Last update at 07:23 - 17/06/2024", "produce": 0.047, "consumption": 0.159, "ratioPC": -0.137, "maxBatteryPerDay": 8.75, "maxAtThisDay": 100, "batteryLevelPercentage": 0.5532829129548134, "buyPrice": 0.149072, "sellPrice": 0.1, "batteryLevel": 55.328291295481336, "maxBatteryForMonth": 100, "Temperature": 17.8, "ratioPc": "noData"}