{"bought": 63.06, "sold": 259.27, "Time_string": "Last update at 09:36 - 15/09/2023", "produce": 0.439, "consumption": 0.097, "ratioPC": 0.34199999999999997, "maxBatteryPerDay": 8.75, "maxAtThisDay": 10, "batteryLevelPercentage": 11.086266824085005, "buyPrice": 0.149072, "sellPrice": 0.1, "batteryLevel": 110.86266824085004, "maxBatteryForMonth": 10, "Temperature": 21.6, "ratioPc": "noData"}