{"bought": 184.61, "sold": 376.91, "Time_string": "Last update at 17:42 - 17/05/2024", "produce": 0.815, "consumption": 0.105, "ratioPC": 4.054, "maxBatteryPerDay": 8.75, "maxAtThisDay": 100, "batteryLevelPercentage": 0.6822755500697647, "buyPrice": 0.149072, "sellPrice": 0.1, "batteryLevel": 68.22755500697647, "maxBatteryForMonth": 100, "Temperature": 25.0, "ratioPc": "noData"}