{"bought": 64.92, "sold": 113.19, "Time_string": "Last update at 13:07 - 08/07/2023", "produce": 4.273, "consumption": 0.507, "buyPrice": 0.149072, "sellPrice": 0.1, "batteryLevel": 11.009752066115695, "maxBatteryPerDay": 8.75, "batteryLevelPercentage": 1.1009752066115694, "maxAtThisDay": 10, "ratioPC": 3.7659999999999996, "maxBatteryForMonth": 10, "ratioPc": "noData"}