{"bought": 330.23, "sold": 216.81, "Time_string": "Last update at 14:10 - 26/08/2023", "produce": 2.205, "consumption": 3.792, "ratioPC": -1.5869999999999997, "maxBatteryPerDay": 8.75, "maxAtThisDay": 10, "batteryLevelPercentage": -18.4790212514758, "buyPrice": 0.149072, "sellPrice": 0.1, "batteryLevel": -184.790212514758, "maxBatteryForMonth": 10, "Temperature": 37.8, "ratioPc": "noData"}