{"bought": 325.59, "sold": 350.78, "Time_string": "Last update at 09:29 - 28/10/2024", "produce": 0.446, "consumption": 0.133, "ratioPC": 0.603, "maxBatteryPerDay": 8.75, "maxAtThisDay": 100, "batteryLevelPercentage": -0.9028088762477193, "buyPrice": 0.149072, "sellPrice": 0.1, "batteryLevel": -90.28088762477194, "maxBatteryForMonth": 100, "Temperature": 12.5, "ratioPc": "noData"}