{"bought": 161.36, "sold": 247.99, "Time_string": "Last update at 20:11 - 16/09/2024", "produce": 0.148, "consumption": 2.681, "ratioPC": -2.468, "maxBatteryPerDay": 8.75, "maxAtThisDay": 100, "batteryLevelPercentage": 0.04995854888912731, "buyPrice": 0.149072, "sellPrice": 0.1, "batteryLevel": 4.995854888912731, "maxBatteryForMonth": 100, "Temperature": 30.6, "ratioPc": "noData"}