{"bought": 187.33, "sold": 193.27, "Time_string": "Last update at 14:44 - 18/07/2023", "produce": 3.586, "consumption": 4.884, "buyPrice": 0.149072, "sellPrice": 0.1, "batteryLevel": -57.6812396694215, "maxBatteryPerDay": 8.75, "batteryLevelPercentage": -5.7681239669421505, "maxAtThisDay": 10, "ratioPC": -1.2980000000000005, "maxBatteryForMonth": 10, "ratioPc": "noData"}