{"bought": 462.09, "sold": 69.59, "Time_string": "Last update at 14:19 - 21/08/2024", "produce": 4.672, "consumption": 4.882, "ratioPC": -0.35599999999999987, "maxBatteryPerDay": 8.75, "maxAtThisDay": 100, "batteryLevelPercentage": -4.1540785982612425, "buyPrice": 0.149072, "sellPrice": 0.1, "batteryLevel": -415.40785982612425, "maxBatteryForMonth": 100, "Temperature": 34.3, "ratioPc": "noData"}