{"bought": 235.5, "sold": 199.38, "Time_string": "Last update at 10:06 - 29/12/2023", "produce": 0.599, "consumption": 0.262, "ratioPC": 0.23800000000000004, "maxBatteryPerDay": 8.75, "maxAtThisDay": 100, "batteryLevelPercentage": -1.0175254910378877, "buyPrice": 0.149072, "sellPrice": 0.1, "batteryLevel": -101.75254910378877, "maxBatteryForMonth": 100, "Temperature": 8.2, "ratioPc": "noData"}