{"bought": 117.32, "sold": 285.35, "Time_string": "Last update at 22:59 - 18/06/2023", "produce": 0.0, "consumption": 0.447, "ratioPc": "noData", "buyPrice": 0.149072, "sellPrice": 0.1, "batteryLevel": 74.09757003327252, "maxBatteryPerDay": 8.75, "batteryLevelPercentage": 0.470460762116016, "maxAtThisDay": 157.5, "ratioPC": -0.447}