{"bought": 121.69, "sold": 123.54, "Time_string": "Last update at 12:54 - 18/12/2023", "produce": 4.307, "consumption": 4.682, "ratioPC": -0.13099999999999934, "maxBatteryPerDay": 8.75, "maxAtThisDay": 100, "batteryLevelPercentage": -0.3881729419340989, "buyPrice": 0.149072, "sellPrice": 0.1, "batteryLevel": -38.81729419340989, "maxBatteryForMonth": 100, "Temperature": 13.8, "ratioPc": "noData"}