{"bought": 11.21, "sold": 34.83, "Time_string": "Last update at 13:20 - 03/11/2024", "produce": 4.766, "consumption": 5.426, "ratioPC": -4.464, "maxBatteryPerDay": 8.75, "maxAtThisDay": 26.25, "batteryLevelPercentage": 0.4630304256939439, "buyPrice": 0.149072, "sellPrice": 0.1, "batteryLevel": 12.154548674466028, "maxBatteryForMonth": 100, "Temperature": 22.0, "ratioPc": "noData"}