{"bought": 181.88, "sold": 350.7, "Time_string": "Last update at 18:44 - 16/05/2024", "produce": 1.17, "consumption": 0.985, "ratioPC": -0.45699999999999996, "maxBatteryPerDay": 8.75, "maxAtThisDay": 100, "batteryLevelPercentage": 0.5337544703230654, "buyPrice": 0.149072, "sellPrice": 0.1, "batteryLevel": 53.37544703230654, "maxBatteryForMonth": 100, "Temperature": 21.0, "ratioPc": "noData"}