{"bought": 155.79, "sold": 75.97, "Time_string": "Last update at 12:27 - 16/01/2024", "produce": 1.454, "consumption": 0.138, "ratioPC": 1.409, "maxBatteryPerDay": 8.75, "maxAtThisDay": 100, "batteryLevelPercentage": -1.0482804872813136, "buyPrice": 0.149072, "sellPrice": 0.1, "batteryLevel": -104.82804872813136, "maxBatteryForMonth": 100, "Temperature": 17.9, "ratioPc": "noData"}