{"bought": 126.13, "sold": 153.0, "Time_string": "Last update at 10:23 - 12/11/2024", "produce": 2.4, "consumption": 0.216, "ratioPC": 1.8080000000000003, "maxBatteryPerDay": 8.75, "maxAtThisDay": 100, "batteryLevelPercentage": -0.2349503166255232, "buyPrice": 0.149072, "sellPrice": 0.1, "batteryLevel": -23.49503166255232, "maxBatteryForMonth": 100, "Temperature": 15.8, "ratioPc": "noData"}