{"bought": 121.83, "sold": 152.5, "Time_string": "Last update at 08:18 - 13/07/2023", "produce": 0.129, "consumption": 1.39, "buyPrice": 0.149072, "sellPrice": 0.1, "batteryLevel": -19.530440055811965, "maxBatteryPerDay": 8.75, "batteryLevelPercentage": -1.9530440055811966, "maxAtThisDay": 10, "ratioPC": -1.261, "maxBatteryForMonth": 10, "ratioPc": "noData"}