{"bought": 48.25, "sold": 187.81, "Time_string": "Last update at 12:56 - 13/11/2023", "produce": 4.73, "consumption": 1.138, "ratioPC": 3.5920000000000005, "maxBatteryPerDay": 8.75, "maxAtThisDay": 10, "batteryLevelPercentage": 7.773610067618333, "buyPrice": 0.149072, "sellPrice": 0.1, "batteryLevel": 77.73610067618333, "maxBatteryForMonth": 10, "Temperature": 22.9, "ratioPc": "noData"}