{"bought": 190.63, "sold": 441.51, "Time_string": "Last update at 01:56 - 20/05/2024", "produce": 0.0, "consumption": 0.158, "ratioPC": -0.152, "maxBatteryPerDay": 8.75, "maxAtThisDay": 100, "batteryLevelPercentage": 1.0554231941612107, "buyPrice": 0.149072, "sellPrice": 0.1, "batteryLevel": 105.54231941612107, "maxBatteryForMonth": 100, "Temperature": 15.9, "ratioPc": "noData"}