{"bought": 193.27, "sold": 418.4, "Time_string": "Last update at 10:59 - 26/11/2023", "produce": 2.929, "consumption": 1.961, "ratioPC": 0.9679999999999997, "maxBatteryPerDay": 8.75, "maxAtThisDay": 100, "batteryLevelPercentage": 0.8739974347966083, "buyPrice": 0.149072, "sellPrice": 0.1, "batteryLevel": 87.39974347966083, "maxBatteryForMonth": 100, "Temperature": 11.0, "ratioPc": "noData"}