{"bought": 154.33, "sold": 163.15, "Time_string": "Last update at 11:51 - 15/07/2023", "produce": 3.204, "consumption": 1.147, "buyPrice": 0.149072, "sellPrice": 0.1, "batteryLevel": -44.88624127938179, "maxBatteryPerDay": 8.75, "batteryLevelPercentage": -4.488624127938179, "maxAtThisDay": 10, "ratioPC": 2.0570000000000004, "maxBatteryForMonth": 10, "ratioPc": "noData"}