{"bought": 140.89, "sold": 156.67, "Time_string": "Last update at 07:28 - 14/07/2023", "produce": 0.026, "consumption": 0.129, "buyPrice": 0.149072, "sellPrice": 0.1, "batteryLevel": -35.79313405602662, "maxBatteryPerDay": 8.75, "batteryLevelPercentage": -3.5793134056026616, "maxAtThisDay": 10, "ratioPC": -0.10300000000000001, "maxBatteryForMonth": 10, "ratioPc": "noData"}