{"bought": 114.71, "sold": 120.48, "Time_string": "Last update at 15:56 - 17/12/2023", "produce": 2.412, "consumption": 0.976, "ratioPC": -0.42900000000000027, "maxBatteryPerDay": 8.75, "maxAtThisDay": 100, "batteryLevelPercentage": -0.33889993560158843, "buyPrice": 0.149072, "sellPrice": 0.1, "batteryLevel": -33.88999356015884, "maxBatteryForMonth": 100, "Temperature": 16.9, "ratioPc": "noData"}