{"bought": 30.77, "sold": 14.45, "Time_string": "Last update at 21:23 - 02/06/2024", "produce": 0.006, "consumption": 0.38, "ratioPC": -0.28900000000000003, "maxBatteryPerDay": 8.75, "maxAtThisDay": 17.5, "batteryLevelPercentage": -1.2043827105598062, "buyPrice": 0.149072, "sellPrice": 0.1, "batteryLevel": -21.076697434796607, "maxBatteryForMonth": 100, "Temperature": 27.8, "ratioPc": "noData"}