{"bought": 280.64, "sold": 317.29, "Time_string": "Last update at 19:50 - 26/07/2023", "produce": 1.175, "consumption": 3.735, "buyPrice": 0.149072, "sellPrice": 0.1, "batteryLevel": -67.79654180530213, "maxBatteryPerDay": 8.75, "batteryLevelPercentage": -6.779654180530213, "maxAtThisDay": 10, "ratioPC": -2.5599999999999996, "maxBatteryForMonth": 10, "ratioPc": "noData"}