{"bought": 145.96, "sold": 143.42, "Time_string": "Last update at 14:34 - 21/12/2023", "produce": 4.438, "consumption": 4.522, "ratioPC": -0.04600000000000026, "maxBatteryPerDay": 8.75, "maxAtThisDay": 100, "batteryLevelPercentage": -0.4975145647740692, "buyPrice": 0.149072, "sellPrice": 0.1, "batteryLevel": -49.75145647740692, "maxBatteryForMonth": 100, "Temperature": 14.6, "ratioPc": "noData"}