{"bought": 262.39, "sold": 290.02, "Time_string": "Last update at 20:53 - 24/07/2023", "produce": 0.119, "consumption": 2.224, "buyPrice": 0.149072, "sellPrice": 0.1, "batteryLevel": -67.83971557368253, "maxBatteryPerDay": 8.75, "batteryLevelPercentage": -6.783971557368252, "maxAtThisDay": 10, "ratioPC": -2.1050000000000004, "maxBatteryForMonth": 10, "ratioPc": "noData"}