{"bought": 155.19, "sold": 168.17, "Time_string": "Last update at 17:32 - 15/07/2023", "produce": 3.843, "consumption": 1.743, "buyPrice": 0.149072, "sellPrice": 0.1, "batteryLevel": -42.37874101105507, "maxBatteryPerDay": 8.75, "batteryLevelPercentage": -4.237874101105507, "maxAtThisDay": 10, "ratioPC": 2.0999999999999996, "maxBatteryForMonth": 10, "ratioPc": "noData"}