{"bought": 63.44, "sold": 79.4, "Time_string": "Last update at 12:17 - 05/10/2024", "produce": 3.78, "consumption": 0.11, "ratioPC": -1.3449999999999998, "maxBatteryPerDay": 8.75, "maxAtThisDay": 43.75, "batteryLevelPercentage": -0.23262050629417785, "buyPrice": 0.149072, "sellPrice": 0.1, "batteryLevel": -10.177147150370281, "maxBatteryForMonth": 100, "Temperature": 26.3, "ratioPc": "noData"}