{"bought": 233.28, "sold": 627.12, "Time_string": "Last update at 09:29 - 27/05/2024", "produce": 0.407, "consumption": 0.225, "ratioPC": 0.19299999999999998, "maxBatteryPerDay": 8.75, "maxAtThisDay": 100, "batteryLevelPercentage": 1.87402623161962, "buyPrice": 0.149072, "sellPrice": 0.1, "batteryLevel": 187.402623161962, "maxBatteryForMonth": 100, "Temperature": 21.4, "ratioPc": "noData"}