{"bought": 290.33, "sold": 380.82, "Time_string": "Last update at 14:46 - 25/06/2024", "produce": 4.711, "consumption": 3.5963, "ratioPC": 0.7959999999999998, "maxBatteryPerDay": 8.75, "maxAtThisDay": 100, "batteryLevelPercentage": -0.34869551357733175, "buyPrice": 0.149072, "sellPrice": 0.1, "batteryLevel": -34.86955135773317, "maxBatteryForMonth": 100, "Temperature": 32.8, "ratioPc": "noData"}