{"bought": 232.25, "sold": 32.63, "Time_string": "Last update at 16:27 - 11/08/2024", "produce": 4.614, "consumption": 4.531, "ratioPC": 0.07800000000000029, "maxBatteryPerDay": 8.75, "maxAtThisDay": 96.25, "batteryLevelPercentage": -2.185571410450663, "buyPrice": 0.149072, "sellPrice": 0.1, "batteryLevel": -210.36124825587635, "maxBatteryForMonth": 100, "Temperature": 36.5, "ratioPc": "noData"}