{"bought": 143.98, "sold": 296.15, "Time_string": "Last update at 14:44 - 14/05/2024", "produce": 4.159, "consumption": 0.285, "ratioPC": 5.128, "maxBatteryPerDay": 8.75, "maxAtThisDay": 100, "batteryLevelPercentage": 0.5468239132768056, "buyPrice": 0.149072, "sellPrice": 0.1, "batteryLevel": 54.68239132768056, "maxBatteryForMonth": 100, "Temperature": 23.0, "ratioPc": "noData"}