{"bought": 109.98, "sold": 161.53, "Time_string": "Last update at 13:37 - 12/06/2024", "produce": 4.67, "consumption": 0.641, "ratioPC": 4.47, "maxBatteryPerDay": 8.75, "maxAtThisDay": 100, "batteryLevelPercentage": -0.016229644735429788, "buyPrice": 0.149072, "sellPrice": 0.1, "batteryLevel": -1.6229644735429787, "maxBatteryForMonth": 100, "Temperature": 27.2, "ratioPc": "noData"}