{"bought": 569.95, "sold": 90.38, "Time_string": "Last update at 11:51 - 26/08/2024", "produce": 3.087, "consumption": 4.234, "ratioPC": -1.2630000000000003, "maxBatteryPerDay": 8.75, "maxAtThisDay": 100, "batteryLevelPercentage": -5.093215788343888, "buyPrice": 0.149072, "sellPrice": 0.1, "batteryLevel": -509.3215788343888, "maxBatteryForMonth": 100, "Temperature": 28.9, "ratioPc": "noData"}