{"bought": 230.67, "sold": 625.91, "Time_string": "Last update at 18:45 - 26/05/2024", "produce": 1.892, "consumption": 0.997, "ratioPC": 1.135, "maxBatteryPerDay": 8.75, "maxAtThisDay": 100, "batteryLevelPercentage": 1.8920093485027367, "buyPrice": 0.149072, "sellPrice": 0.1, "batteryLevel": 189.20093485027368, "maxBatteryForMonth": 100, "Temperature": 32.2, "ratioPc": "noData"}