{"bought": 70.12, "sold": 138.63, "Time_string": "Last update at 08:16 - 10/09/2024", "produce": 0.0, "consumption": 0.087, "ratioPC": -0.158, "maxBatteryPerDay": 8.75, "maxAtThisDay": 87.5, "batteryLevelPercentage": 0.26143235560189493, "buyPrice": 0.149072, "sellPrice": 0.1, "batteryLevel": 22.875331115165807, "maxBatteryForMonth": 100, "Temperature": 15.5, "ratioPc": "noData"}