{"bought": 250.04, "sold": 406.68, "Time_string": "Last update at 18:03 - 30/06/2023", "produce": 3.287, "consumption": 3.113, "buyPrice": 0.149072, "sellPrice": 0.1, "batteryLevel": 22.767770741655085, "maxBatteryPerDay": 8.75, "batteryLevelPercentage": 0.22767770741655086, "maxAtThisDay": 100, "ratioPC": 0.17399999999999993, "maxBatteryForMonth": 100, "ratioPc": "noData"}