{"bought": 109.98, "sold": 78.46, "Time_string": "Last update at 16:24 - 10/08/2023", "produce": 4.175, "consumption": 3.706, "ratioPC": 0.46899999999999986, "maxBatteryPerDay": 8.75, "maxAtThisDay": 10, "batteryLevelPercentage": -5.73477149296984, "buyPrice": 0.149072, "sellPrice": 0.1, "batteryLevel": -57.347714929698405, "maxBatteryForMonth": 10, "Temperature": 42.4, "ratioPc": "noData"}