{"bought": 256.69, "sold": 313.93, "Time_string": "Last update at 12:34 - 23/09/2024", "produce": 3.571, "consumption": 0.236, "ratioPC": 2.858, "maxBatteryPerDay": 8.75, "maxAtThisDay": 100, "batteryLevelPercentage": -0.46100486208006886, "buyPrice": 0.149072, "sellPrice": 0.1, "batteryLevel": -46.100486208006885, "maxBatteryForMonth": 100, "Temperature": 25.1, "ratioPc": "noData"}