{"bought": 150.85, "sold": 73.89, "Time_string": "Last update at 17:53 - 15/01/2024", "produce": 0.048, "consumption": 0.313, "ratioPC": -0.265, "maxBatteryPerDay": 8.75, "maxAtThisDay": 100, "batteryLevelPercentage": -1.0128334764409144, "buyPrice": 0.149072, "sellPrice": 0.1, "batteryLevel": -101.28334764409144, "maxBatteryForMonth": 100, "Temperature": 18.1, "ratioPc": "noData"}