{"bought": 106.23, "sold": 127.24, "Time_string": "Last update at 01:54 - 11/06/2024", "produce": 0.0, "consumption": 0.122, "ratioPC": -0.221, "maxBatteryPerDay": 8.75, "maxAtThisDay": 96.25, "batteryLevelPercentage": -0.21688594372247919, "buyPrice": 0.149072, "sellPrice": 0.1, "batteryLevel": -20.87527208328862, "maxBatteryForMonth": 100, "Temperature": 18.0, "ratioPc": "noData"}