{"bought": 68.87, "sold": 199.84, "Time_string": "Last update at 11:51 - 13/10/2023", "produce": 2.17, "consumption": 0.862, "ratioPC": 1.3079999999999998, "maxBatteryPerDay": 8.75, "maxAtThisDay": 10, "batteryLevelPercentage": 6.518602661801009, "buyPrice": 0.149072, "sellPrice": 0.1, "batteryLevel": 65.18602661801009, "maxBatteryForMonth": 10, "Temperature": 24.7, "ratioPc": "noData"}