{"bought": 81.27, "sold": 137.69, "Time_string": "Last update at 15:24 - 10/07/2023", "produce": 4.382, "consumption": 3.676, "buyPrice": 0.149072, "sellPrice": 0.1, "batteryLevel": 11.094763335837712, "maxBatteryPerDay": 8.75, "batteryLevelPercentage": 1.1094763335837712, "maxAtThisDay": 10, "ratioPC": 0.7059999999999995, "maxBatteryForMonth": 10, "ratioPc": "noData"}