{"bought": 122.58, "sold": 80.14, "Time_string": "Last update at 11:51 - 11/08/2023", "produce": 3.117, "consumption": 2.219, "ratioPC": 0.8980000000000001, "maxBatteryPerDay": 8.75, "maxAtThisDay": 10, "batteryLevelPercentage": -6.882074272834603, "buyPrice": 0.149072, "sellPrice": 0.1, "batteryLevel": -68.82074272834603, "maxBatteryForMonth": 10, "Temperature": 34.7, "ratioPc": "noData"}