{"bought": 125.56, "sold": 287.41, "Time_string": "Last update at 16:47 - 17/06/2024", "produce": 3.844, "consumption": 1.899, "ratioPC": 2.091, "maxBatteryPerDay": 8.75, "maxAtThisDay": 100, "batteryLevelPercentage": 0.672394526135022, "buyPrice": 0.149072, "sellPrice": 0.1, "batteryLevel": 67.23945261350221, "maxBatteryForMonth": 100, "Temperature": 33.0, "ratioPc": "noData"}