{"bought": 73.29, "sold": 131.0, "Time_string": "Last update at 18:41 - 09/07/2023", "produce": 0.0, "consumption": 0.0, "buyPrice": 0.149072, "sellPrice": 0.1, "batteryLevel": 14.586999034023819, "maxBatteryPerDay": 8.75, "batteryLevelPercentage": 1.458699903402382, "maxAtThisDay": 10, "ratioPC": -0.6800000000000002, "maxBatteryForMonth": 10, "ratioPc": "noData"}