{"bought": 291.79, "sold": 336.32, "Time_string": "Last update at 10:41 - 28/07/2023", "produce": 1.959, "consumption": 0.792, "buyPrice": 0.149072, "sellPrice": 0.1, "batteryLevel": -66.18089835784056, "maxBatteryPerDay": 8.75, "batteryLevelPercentage": -6.6180898357840565, "maxAtThisDay": 10, "ratioPC": 1.167, "maxBatteryForMonth": 10, "ratioPc": "noData"}