{"bought": 187.32, "sold": 413.59, "Time_string": "Last update at 21:31 - 18/05/2024", "produce": 0.014, "consumption": 0.296, "ratioPC": -0.181, "maxBatteryPerDay": 8.75, "maxAtThisDay": 100, "batteryLevelPercentage": 0.9012311473650317, "buyPrice": 0.149072, "sellPrice": 0.1, "batteryLevel": 90.12311473650317, "maxBatteryForMonth": 100, "Temperature": 20.0, "ratioPc": "noData"}