{"bought": 173.52, "sold": 203.96, "Time_string": "Last update at 00:21 - 16/11/2024", "produce": 0.0, "consumption": 0.168, "ratioPC": -0.215, "maxBatteryPerDay": 8.75, "maxAtThisDay": 100, "batteryLevelPercentage": -0.36700208221530545, "buyPrice": 0.149072, "sellPrice": 0.1, "batteryLevel": -36.700208221530545, "maxBatteryForMonth": 100, "Temperature": 14.3, "ratioPc": "noData"}