{"bought": 164.71, "sold": 342.65, "Time_string": "Last update at 10:49 - 16/05/2024", "produce": 2.855, "consumption": 0.124, "ratioPC": 2.0029999999999997, "maxBatteryPerDay": 8.75, "maxAtThisDay": 100, "batteryLevelPercentage": 0.6514537190082643, "buyPrice": 0.149072, "sellPrice": 0.1, "batteryLevel": 65.14537190082643, "maxBatteryForMonth": 100, "Temperature": 17.6, "ratioPc": "noData"}