{"bought": 235.25, "sold": 258.36, "Time_string": "Last update at 19:19 - 22/07/2023", "produce": 1.951, "consumption": 4.05, "buyPrice": 0.149072, "sellPrice": 0.1, "batteryLevel": -61.93777503488246, "maxBatteryPerDay": 8.75, "batteryLevelPercentage": -6.1937775034882465, "maxAtThisDay": 10, "ratioPC": -2.0989999999999998, "maxBatteryForMonth": 10, "ratioPc": "noData"}