{"bought": 46.44, "sold": 20.03, "Time_string": "Last update at 20:49 - 03/06/2024", "produce": 0.144, "consumption": 0.28, "ratioPC": -0.057999999999999996, "maxBatteryPerDay": 8.75, "maxAtThisDay": 26.25, "batteryLevelPercentage": -1.2572777053721562, "buyPrice": 0.149072, "sellPrice": 0.1, "batteryLevel": -33.0035397660191, "maxBatteryForMonth": 100, "Temperature": 27.4, "ratioPc": "noData"}