{"bought": 100.58, "sold": 262.22, "Time_string": "Last update at 14:57 - 17/06/2023", "produce": 4.703, "consumption": 2.013, "ratioPc": null, "buyPrice": 0.149072, "sellPrice": 0.1, "batteryLevel": 75.32157776108191, "maxBatteryPerDay": 8.75, "batteryLevelPercentage": 0.5063635479736599, "maxAtThisDay": 148.75, "ratioPC": 2.6900000000000004}