{"bought": 406.48, "sold": 65.14, "Time_string": "Last update at 16:42 - 19/08/2024", "produce": 4.347, "consumption": 4.195, "ratioPC": 0.2990000000000004, "maxBatteryPerDay": 8.75, "maxAtThisDay": 100, "batteryLevelPercentage": -3.6278299452613503, "buyPrice": 0.149072, "sellPrice": 0.1, "batteryLevel": -362.78299452613504, "maxBatteryForMonth": 100, "Temperature": 37.0, "ratioPc": "noData"}