{"bought": 75.3, "sold": 219.4, "Time_string": "Last update at 10:33 - 11/05/2024", "produce": 1.967, "consumption": 0.185, "ratioPC": 1.5710000000000002, "maxBatteryPerDay": 8.75, "maxAtThisDay": 96.25, "batteryLevelPercentage": 0.7467761346735265, "buyPrice": 0.149072, "sellPrice": 0.1, "batteryLevel": 71.87720296232693, "maxBatteryForMonth": 100, "Temperature": 22.1, "ratioPc": "noData"}