{"bought": 122.49, "sold": 151.46, "Time_string": "Last update at 20:35 - 11/11/2024", "produce": 0.0, "consumption": 0.393, "ratioPC": -0.428, "maxBatteryPerDay": 8.75, "maxAtThisDay": 96.25, "batteryLevelPercentage": -0.21701911183160516, "buyPrice": 0.149072, "sellPrice": 0.1, "batteryLevel": -20.888089513791996, "maxBatteryForMonth": 100, "Temperature": 17.4, "ratioPc": "noData"}