{"bought": 107.14, "sold": 147.77, "Time_string": "Last update at 07:33 - 12/07/2023", "produce": 0.036, "consumption": 0.336, "buyPrice": 0.149072, "sellPrice": 0.1, "batteryLevel": -8.013403456048081, "maxBatteryPerDay": 8.75, "batteryLevelPercentage": -0.8013403456048082, "maxAtThisDay": 10, "ratioPC": -0.30000000000000004, "maxBatteryForMonth": 10, "ratioPc": "noData"}