{"bought": 72.72, "sold": 116.34, "Time_string": "Last update at 04:43 - 09/11/2024", "produce": 0.0, "consumption": 0.209, "ratioPC": -0.205, "maxBatteryPerDay": 8.75, "maxAtThisDay": 78.75, "batteryLevelPercentage": 0.06759142785589059, "buyPrice": 0.149072, "sellPrice": 0.1, "batteryLevel": 5.3228249436513835, "maxBatteryForMonth": 100, "Temperature": 17.0, "ratioPc": "noData"}