{"bought": 264.5, "sold": 345.62, "Time_string": "Last update at 10:30 - 25/09/2024", "produce": 0.217, "consumption": 1.334, "ratioPC": -1.177, "maxBatteryPerDay": 8.75, "maxAtThisDay": 100, "batteryLevelPercentage": -0.32652302243211323, "buyPrice": 0.149072, "sellPrice": 0.1, "batteryLevel": -32.652302243211324, "maxBatteryForMonth": 100, "Temperature": 21.5, "ratioPc": "noData"}