{"bought": 138.2, "sold": 185.8, "Time_string": "Last update at 13:43 - 14/11/2024", "produce": 1.958, "consumption": 3.216, "ratioPC": -0.9529999999999998, "maxBatteryPerDay": 8.75, "maxAtThisDay": 100, "batteryLevelPercentage": -0.13562241064720382, "buyPrice": 0.149072, "sellPrice": 0.1, "batteryLevel": -13.562241064720382, "maxBatteryForMonth": 100, "Temperature": 16.0, "ratioPc": "noData"}