{"bought": 250.81, "sold": 362.32, "Time_string": "Last update at 10:37 - 22/06/2024", "produce": 1.928, "consumption": 0.989, "ratioPC": 0.6150000000000001, "maxBatteryPerDay": 8.75, "maxAtThisDay": 100, "batteryLevelPercentage": -0.07759661908339609, "buyPrice": 0.149072, "sellPrice": 0.1, "batteryLevel": -7.759661908339609, "maxBatteryForMonth": 100, "Temperature": 25.9, "ratioPc": "noData"}