{"bought": 257.19, "sold": 282.06, "Time_string": "Last update at 09:50 - 24/07/2023", "produce": 0.559, "consumption": 0.331, "buyPrice": 0.149072, "sellPrice": 0.1, "batteryLevel": -67.97941719437586, "maxBatteryPerDay": 8.75, "batteryLevelPercentage": -6.797941719437586, "maxAtThisDay": 10, "ratioPC": 0.22800000000000004, "maxBatteryForMonth": 10, "ratioPc": "noData"}