{"bought": 123.56, "sold": 574.64, "Time_string": "Last update at 17:55 - 30/09/2023", "produce": 2.985, "consumption": 2.847, "ratioPC": 0.1379999999999999, "maxBatteryPerDay": 8.75, "maxAtThisDay": 10, "batteryLevelPercentage": 26.191815820543088, "buyPrice": 0.149072, "sellPrice": 0.1, "batteryLevel": 261.91815820543087, "maxBatteryForMonth": 10, "Temperature": 35.2, "ratioPc": "noData"}