{"bought": 249.18, "sold": 398.45, "Time_string": "Last update at 07:46 - 30/06/2023", "produce": 0.116, "consumption": 0.328, "buyPrice": 0.149072, "sellPrice": 0.1, "batteryLevel": 18.106948588601426, "maxBatteryPerDay": 8.75, "batteryLevelPercentage": 0.18106948588601426, "maxAtThisDay": 100, "ratioPC": -0.21200000000000002, "maxBatteryForMonth": 100, "ratioPc": "noData"}