{"bought": 362.04, "sold": 248.71, "Time_string": "Last update at 18:23 - 28/08/2023", "produce": 2.917, "consumption": 1.778, "ratioPC": 1.1389999999999998, "maxBatteryPerDay": 8.75, "maxAtThisDay": 10, "batteryLevelPercentage": -19.52011570247934, "buyPrice": 0.149072, "sellPrice": 0.1, "batteryLevel": -195.20115702479342, "maxBatteryForMonth": 10, "Temperature": 33.0, "ratioPc": "noData"}