{"bought": 98.81, "sold": 492.0, "Time_string": "Last update at 19:02 - 25/09/2023", "produce": 1.313, "consumption": 0.937, "ratioPC": 0.3759999999999999, "maxBatteryPerDay": 8.75, "maxAtThisDay": 10, "batteryLevelPercentage": 23.123185896747877, "buyPrice": 0.149072, "sellPrice": 0.1, "batteryLevel": 231.2318589674788, "maxBatteryForMonth": 10, "Temperature": 29.9, "ratioPc": "noData"}