{"bought": 108.75, "sold": 76.14, "Time_string": "Last update at 11:19 - 10/08/2023", "produce": 2.343, "consumption": 2.269, "ratioPC": 0.07399999999999984, "maxBatteryPerDay": 8.75, "maxAtThisDay": 10, "batteryLevelPercentage": -5.76740098744231, "buyPrice": 0.149072, "sellPrice": 0.1, "batteryLevel": -57.6740098744231, "maxBatteryForMonth": 10, "Temperature": 32.6, "ratioPc": "noData"}