{"bought": 313.12, "sold": 413.33, "Time_string": "Last update at 16:46 - 28/09/2024", "produce": 3.94, "consumption": 0.126, "ratioPC": 4.3069999999999995, "maxBatteryPerDay": 8.75, "maxAtThisDay": 100, "batteryLevelPercentage": -0.3585129762799187, "buyPrice": 0.149072, "sellPrice": 0.1, "batteryLevel": -35.85129762799187, "maxBatteryForMonth": 100, "Temperature": 29.0, "ratioPc": "noData"}