{"bought": 151.66, "sold": 238.08, "Time_string": "Last update at 09:11 - 16/09/2024", "produce": 0.233, "consumption": 0.101, "ratioPC": 0.10899999999999999, "maxBatteryPerDay": 8.75, "maxAtThisDay": 100, "batteryLevelPercentage": 0.08048060534506817, "buyPrice": 0.149072, "sellPrice": 0.1, "batteryLevel": 8.048060534506817, "maxBatteryForMonth": 100, "Temperature": 22.4, "ratioPc": "noData"}