{"bought": 296.38, "sold": 699.82, "Time_string": "Last update at 16:17 - 31/05/2024", "produce": 4.516, "consumption": 3.044, "ratioPC": 1.5980000000000003, "maxBatteryPerDay": 8.75, "maxAtThisDay": 100, "batteryLevelPercentage": 1.7307100354191272, "buyPrice": 0.149072, "sellPrice": 0.1, "batteryLevel": 173.07100354191272, "maxBatteryForMonth": 100, "Temperature": 35.7, "ratioPc": "noData"}