{"bought": 122.99, "sold": 269.4, "Time_string": "Last update at 20:06 - 16/06/2024", "produce": 0.571, "consumption": 0.245, "ratioPC": 0.22299999999999998, "maxBatteryPerDay": 8.75, "maxAtThisDay": 100, "batteryLevelPercentage": 0.5772804228829022, "buyPrice": 0.149072, "sellPrice": 0.1, "batteryLevel": 57.72804228829021, "maxBatteryForMonth": 100, "Temperature": 28.8, "ratioPc": "noData"}