{"bought": 34.77, "sold": 113.86, "Time_string": "Last update at 08:40 - 09/11/2023", "produce": 0.057, "consumption": 0.233, "ratioPC": -0.17600000000000002, "maxBatteryPerDay": 8.75, "maxAtThisDay": 10, "batteryLevelPercentage": 4.160919931308362, "buyPrice": 0.149072, "sellPrice": 0.1, "batteryLevel": 41.609199313083614, "maxBatteryForMonth": 10, "Temperature": 14.0, "ratioPc": "noData"}