{"bought": 229.96, "sold": 196.23, "Time_string": "Last update at 12:14 - 21/08/2023", "produce": 3.43, "consumption": 4.139, "ratioPC": -0.7090000000000001, "maxBatteryPerDay": 8.75, "maxAtThisDay": 10, "batteryLevelPercentage": -9.832562198132447, "buyPrice": 0.149072, "sellPrice": 0.1, "batteryLevel": -98.32562198132447, "maxBatteryForMonth": 10, "Temperature": 34.5, "ratioPc": "noData"}