{"bought": 277.49, "sold": 368.19, "Time_string": "Last update at 19:37 - 23/06/2024", "produce": 1.434, "consumption": 5.331, "ratioPC": -2.6910000000000003, "maxBatteryPerDay": 8.75, "maxAtThisDay": 100, "batteryLevelPercentage": -0.3050196737147152, "buyPrice": 0.149072, "sellPrice": 0.1, "batteryLevel": -30.501967371471522, "maxBatteryForMonth": 100, "Temperature": 36.0, "ratioPc": "noData"}