{"bought": 85.81, "sold": 392.91, "Time_string": "Last update at 17:11 - 21/09/2023", "produce": 0.639, "consumption": 2.232, "ratioPC": -1.5930000000000002, "maxBatteryPerDay": 8.75, "maxAtThisDay": 10, "batteryLevelPercentage": 17.776062359128474, "buyPrice": 0.149072, "sellPrice": 0.1, "batteryLevel": 177.76062359128474, "maxBatteryForMonth": 10, "Temperature": 23.8, "ratioPc": "noData"}