{"bought": 334.04, "sold": 438.26, "Time_string": "Last update at 10:51 - 30/09/2024", "produce": 2.054, "consumption": 0.199, "ratioPC": 0.16799999999999993, "maxBatteryPerDay": 8.75, "maxAtThisDay": 100, "batteryLevelPercentage": -0.4004783514006658, "buyPrice": 0.149072, "sellPrice": 0.1, "batteryLevel": -40.04783514006658, "maxBatteryForMonth": 100, "Temperature": 22.7, "ratioPc": "noData"}