{"bought": 83.62, "sold": 246.4, "Time_string": "Last update at 12:25 - 16/10/2023", "produce": 1.573, "consumption": 2.768, "ratioPC": -1.1949999999999998, "maxBatteryPerDay": 8.75, "maxAtThisDay": 10, "batteryLevelPercentage": 8.166925619834709, "buyPrice": 0.149072, "sellPrice": 0.1, "batteryLevel": 81.66925619834709, "maxBatteryForMonth": 10, "Temperature": 22.4, "ratioPc": "noData"}