{"bought": 295.82, "sold": 695.99, "Time_string": "Last update at 12:30 - 31/05/2024", "produce": 3.774, "consumption": 3.222, "ratioPC": 0.5670000000000002, "maxBatteryPerDay": 8.75, "maxAtThisDay": 100, "batteryLevelPercentage": 1.7106177524954387, "buyPrice": 0.149072, "sellPrice": 0.1, "batteryLevel": 171.06177524954387, "maxBatteryForMonth": 100, "Temperature": 32.5, "ratioPc": "noData"}