{"bought": 172.58, "sold": 168.04, "Time_string": "Last update at 12:20 - 24/12/2023", "produce": 3.848, "consumption": 3.498, "ratioPC": 1.1789999999999998, "maxBatteryPerDay": 8.75, "maxAtThisDay": 100, "batteryLevelPercentage": -0.5985594719330259, "buyPrice": 0.149072, "sellPrice": 0.1, "batteryLevel": -59.8559471933026, "maxBatteryForMonth": 100, "Temperature": 12.0, "ratioPc": "noData"}