{"bought": 117.75, "sold": 307.61, "Time_string": "Last update at 13:06 - 21/10/2023", "produce": 4.434, "consumption": 0.145, "ratioPC": 4.289000000000001, "maxBatteryPerDay": 8.75, "maxAtThisDay": 10, "batteryLevelPercentage": 8.859995170119138, "buyPrice": 0.149072, "sellPrice": 0.1, "batteryLevel": 88.59995170119137, "maxBatteryForMonth": 10, "Temperature": 18.1, "ratioPc": "noData"}