{"bought": 163.83, "sold": 184.21, "Time_string": "Last update at 19:37 - 16/07/2023", "produce": 1.428, "consumption": 4.114, "buyPrice": 0.149072, "sellPrice": 0.1, "batteryLevel": -40.25883975528603, "maxBatteryPerDay": 8.75, "batteryLevelPercentage": -4.025883975528603, "maxAtThisDay": 10, "ratioPC": -2.686, "maxBatteryForMonth": 10, "ratioPc": "noData"}