{"bought": 266.6, "sold": 365.15, "Time_string": "Last update at 10:26 - 23/06/2024", "produce": 1.505, "consumption": 0.975, "ratioPC": 0.43700000000000006, "maxBatteryPerDay": 8.75, "maxAtThisDay": 100, "batteryLevelPercentage": -0.21651250402490121, "buyPrice": 0.149072, "sellPrice": 0.1, "batteryLevel": -21.65125040249012, "maxBatteryForMonth": 100, "Temperature": 26.4, "ratioPc": "noData"}