{"bought": 214.74, "sold": 580.62, "Time_string": "Last update at 22:09 - 24/05/2024", "produce": 0.0, "consumption": 0.357, "ratioPC": -0.322, "maxBatteryPerDay": 8.75, "maxAtThisDay": 100, "batteryLevelPercentage": 1.7474964258881613, "buyPrice": 0.149072, "sellPrice": 0.1, "batteryLevel": 174.74964258881613, "maxBatteryForMonth": 100, "Temperature": 23.5, "ratioPc": "noData"}