{"bought": 126.44, "sold": 228.7, "Time_string": "Last update at 20:26 - 14/09/2024", "produce": 0.038, "consumption": 0.196, "ratioPC": -1.514, "maxBatteryPerDay": 8.75, "maxAtThisDay": 100, "batteryLevelPercentage": 0.2697579907695609, "buyPrice": 0.149072, "sellPrice": 0.1, "batteryLevel": 26.975799076956093, "maxBatteryForMonth": 100, "Temperature": 29.7, "ratioPc": "noData"}