{"bought": 19.31, "sold": 44.17, "Time_string": "Last update at 08:26 - 03/10/2024", "produce": 0.012, "consumption": 0.135, "ratioPC": -0.129, "maxBatteryPerDay": 8.75, "maxAtThisDay": 26.25, "batteryLevelPercentage": 0.39314199849737047, "buyPrice": 0.149072, "sellPrice": 0.1, "batteryLevel": 10.319977460555975, "maxBatteryForMonth": 100, "Temperature": 19.4, "ratioPc": "noData"}