{"bought": 206.48, "sold": 192.18, "Time_string": "Last update at 15:28 - 20/08/2023", "produce": 4.551, "consumption": 1.973, "ratioPC": 2.5780000000000003, "maxBatteryPerDay": 8.75, "maxAtThisDay": 10, "batteryLevelPercentage": -7.756242996672745, "buyPrice": 0.149072, "sellPrice": 0.1, "batteryLevel": -77.56242996672745, "maxBatteryForMonth": 10, "Temperature": 40.5, "ratioPc": "noData"}