{"bought": 46.46, "sold": 20.03, "Time_string": "Last update at 20:55 - 03/06/2024", "produce": 0.131, "consumption": 1.176, "ratioPC": -0.13600000000000004, "maxBatteryPerDay": 8.75, "maxAtThisDay": 26.25, "batteryLevelPercentage": -1.2580396101340612, "buyPrice": 0.149072, "sellPrice": 0.1, "batteryLevel": -33.023539766019105, "maxBatteryForMonth": 100, "Temperature": 27.2, "ratioPc": "noData"}