{"bought": 76.04, "sold": 117.39, "Time_string": "Last update at 11:43 - 09/11/2024", "produce": 1.042, "consumption": 4.094, "ratioPC": -2.435, "maxBatteryPerDay": 8.75, "maxAtThisDay": 78.75, "batteryLevelPercentage": 0.03437692151741726, "buyPrice": 0.149072, "sellPrice": 0.1, "batteryLevel": 2.7071825694966094, "maxBatteryForMonth": 100, "Temperature": 19.7, "ratioPc": "noData"}