{"bought": 218.11, "sold": 291.82, "Time_string": "Last update at 16:11 - 20/09/2024", "produce": 1.216, "consumption": 0.922, "ratioPC": -0.488, "maxBatteryPerDay": 8.75, "maxAtThisDay": 100, "batteryLevelPercentage": -0.2235224535794785, "buyPrice": 0.149072, "sellPrice": 0.1, "batteryLevel": -22.35224535794785, "maxBatteryForMonth": 100, "Temperature": 28.6, "ratioPc": "noData"}