{"bought": 46.98, "sold": 107.38, "Time_string": "Last update at 18:30 - 07/09/2024", "produce": 0.563, "consumption": 0.211, "ratioPC": 0.42400000000000004, "maxBatteryPerDay": 8.75, "maxAtThisDay": 61.25, "batteryLevelPercentage": 0.4090172495745103, "buyPrice": 0.149072, "sellPrice": 0.1, "batteryLevel": 25.052306536438756, "maxBatteryForMonth": 100, "Temperature": 28.0, "ratioPc": "noData"}