{"bought": 165.96, "sold": 165.13, "Time_string": "Last update at 15:29 - 23/12/2023", "produce": 3.003, "consumption": 4.071, "ratioPC": 3.093, "maxBatteryPerDay": 8.75, "maxAtThisDay": 100, "batteryLevelPercentage": -0.5518802404207364, "buyPrice": 0.149072, "sellPrice": 0.1, "batteryLevel": -55.188024042073636, "maxBatteryForMonth": 100, "Temperature": 16.5, "ratioPc": "noData"}