{"bought": 34.21, "sold": 99.3, "Time_string": "Last update at 17:03 - 06/10/2023", "produce": 3.57, "consumption": 3.389, "ratioPC": 0.18100000000000005, "maxBatteryPerDay": 8.75, "maxAtThisDay": 10, "batteryLevelPercentage": 3.2402106901363092, "buyPrice": 0.149072, "sellPrice": 0.1, "batteryLevel": 32.40210690136309, "maxBatteryForMonth": 10, "Temperature": 34.9, "ratioPc": "noData"}