{"bought": 85.78, "sold": 128.5, "Time_string": "Last update at 03:52 - 09/10/2024", "produce": 0.0, "consumption": 0.089, "ratioPC": -0.091, "maxBatteryPerDay": 8.75, "maxAtThisDay": 78.75, "batteryLevelPercentage": 0.005332788161595704, "buyPrice": 0.149072, "sellPrice": 0.1, "batteryLevel": 0.41995706772566166, "maxBatteryForMonth": 100, "Temperature": 18.0, "ratioPc": "noData"}