{"bought": 325.88, "sold": 359.03, "Time_string": "Last update at 13:40 - 28/10/2024", "produce": 1.683, "consumption": 0.222, "ratioPC": 0.4189999999999998, "maxBatteryPerDay": 8.75, "maxAtThisDay": 100, "batteryLevelPercentage": -0.85036649135988, "buyPrice": 0.149072, "sellPrice": 0.1, "batteryLevel": -85.036649135988, "maxBatteryForMonth": 100, "Temperature": 18.7, "ratioPc": "noData"}