{"bought": 188.06, "sold": 172.1, "Time_string": "Last update at 19:00 - 18/08/2023", "produce": 2.557, "consumption": 1.977, "ratioPC": 0.5799999999999998, "maxBatteryPerDay": 8.75, "maxAtThisDay": 10, "batteryLevelPercentage": -7.2612431040034355, "buyPrice": 0.149072, "sellPrice": 0.1, "batteryLevel": -72.61243104003435, "maxBatteryForMonth": 10, "Temperature": 34.0, "ratioPc": "noData"}