{"bought": 206.48, "sold": 195.12, "Time_string": "Last update at 16:46 - 20/08/2023", "produce": 3.66, "consumption": 1.954, "ratioPC": 1.7060000000000002, "maxBatteryPerDay": 8.75, "maxAtThisDay": 10, "batteryLevelPercentage": -7.559022861436086, "buyPrice": 0.149072, "sellPrice": 0.1, "batteryLevel": -75.59022861436085, "maxBatteryForMonth": 10, "Temperature": 41.8, "ratioPc": "noData"}