{"bought": 11.25, "sold": 16.81, "Time_string": "Last update at 17:19 - 02/08/2023", "produce": 3.906, "consumption": 1.215, "ratioPC": 2.691, "maxBatteryPerDay": 8.75, "maxAtThisDay": 10, "batteryLevelPercentage": 0.0026430181388858998, "buyPrice": 0.149072, "sellPrice": 0.1, "batteryLevel": 0.026430181388858998, "maxBatteryForMonth": 10, "Temperature": 38.7, "ratioPc": "noData"}