{"bought": 86.9, "sold": 132.92, "Time_string": "Last update at 19:27 - 09/10/2024", "produce": 0.087, "consumption": 0.196, "ratioPC": -0.07500000000000001, "maxBatteryPerDay": 8.75, "maxAtThisDay": 78.75, "batteryLevelPercentage": 0.028761489068454698, "buyPrice": 0.149072, "sellPrice": 0.1, "batteryLevel": 2.2649672641408074, "maxBatteryForMonth": 100, "Temperature": 21.6, "ratioPc": "noData"}