{"bought": 99.69, "sold": 74.81, "Time_string": "Last update at 17:20 - 09/08/2023", "produce": 2.557, "consumption": 3.104, "ratioPC": -0.5470000000000002, "maxBatteryPerDay": 8.75, "maxAtThisDay": 10, "batteryLevelPercentage": -4.9506196200493715, "buyPrice": 0.149072, "sellPrice": 0.1, "batteryLevel": -49.50619620049372, "maxBatteryForMonth": 10, "Temperature": 38.0, "ratioPc": "noData"}