{"bought": 109.98, "sold": 176.88, "Time_string": "Last update at 17:54 - 12/06/2024", "produce": 3.594, "consumption": 1.539, "ratioPC": 2.924, "maxBatteryPerDay": 8.75, "maxAtThisDay": 100, "batteryLevelPercentage": 0.08674073199527726, "buyPrice": 0.149072, "sellPrice": 0.1, "batteryLevel": 8.674073199527726, "maxBatteryForMonth": 100, "Temperature": 29.1, "ratioPc": "noData"}