{"bought": 185.23, "sold": 107.58, "Time_string": "Last update at 11:47 - 20/01/2024", "produce": 3.616, "consumption": 3.863, "ratioPC": -2.335, "maxBatteryPerDay": 8.75, "maxAtThisDay": 100, "batteryLevelPercentage": -1.1306353010625738, "buyPrice": 0.149072, "sellPrice": 0.1, "batteryLevel": -113.06353010625737, "maxBatteryForMonth": 100, "Temperature": 9.6, "ratioPc": "noData"}