{"bought": 151.27, "sold": 143.42, "Time_string": "Last update at 16:26 - 21/12/2023", "produce": 2.057, "consumption": 3.037, "ratioPC": -2.394, "maxBatteryPerDay": 8.75, "maxAtThisDay": 100, "batteryLevelPercentage": -0.5506145647740692, "buyPrice": 0.149072, "sellPrice": 0.1, "batteryLevel": -55.06145647740692, "maxBatteryForMonth": 100, "Temperature": 15.1, "ratioPc": "noData"}