{"bought": 57.33, "sold": 241.27, "Time_string": "Last update at 11:31 - 14/09/2023", "produce": 2.907, "consumption": 3.603, "ratioPC": -0.6960000000000002, "maxBatteryPerDay": 8.75, "maxAtThisDay": 10, "batteryLevelPercentage": 10.451796608350328, "buyPrice": 0.149072, "sellPrice": 0.1, "batteryLevel": 104.51796608350328, "maxBatteryForMonth": 10, "Temperature": 28.5, "ratioPc": "noData"}