{"bought": 165.73, "sold": 149.17, "Time_string": "Last update at 09:43 - 23/12/2023", "produce": 0.742, "consumption": 0.254, "ratioPC": 0.33999999999999997, "maxBatteryPerDay": 8.75, "maxAtThisDay": 100, "batteryLevelPercentage": -0.6566425995492111, "buyPrice": 0.149072, "sellPrice": 0.1, "batteryLevel": -65.6642599549211, "maxBatteryForMonth": 100, "Temperature": 6.7, "ratioPc": "noData"}