{"bought": 98.08, "sold": 147.77, "Time_string": "Last update at 19:59 - 11/07/2023", "produce": 0.979, "consumption": 2.508, "buyPrice": 0.149072, "sellPrice": 0.1, "batteryLevel": 1.046596543951921, "maxBatteryPerDay": 8.75, "batteryLevelPercentage": 0.10465965439519209, "maxAtThisDay": 10, "ratioPC": -1.529, "maxBatteryForMonth": 10, "ratioPc": "noData"}