{"bought": 184.51, "sold": 358.97, "Time_string": "Last update at 12:53 - 17/05/2024", "produce": 5.539, "consumption": 0.299, "ratioPC": 2.134, "maxBatteryPerDay": 8.75, "maxAtThisDay": 100, "batteryLevelPercentage": 0.5629310185682089, "buyPrice": 0.149072, "sellPrice": 0.1, "batteryLevel": 56.2931018568209, "maxBatteryForMonth": 100, "Temperature": 20.9, "ratioPc": "noData"}