{"bought": 124.23, "sold": 156.67, "Time_string": "Last update at 18:07 - 13/07/2023", "produce": 3.223, "consumption": 3.444, "buyPrice": 0.149072, "sellPrice": 0.1, "batteryLevel": -19.133134056026634, "maxBatteryPerDay": 8.75, "batteryLevelPercentage": -1.9133134056026635, "maxAtThisDay": 10, "ratioPC": -0.22100000000000009, "maxBatteryForMonth": 10, "ratioPc": "noData"}