{"bought": 217.06, "sold": 236.42, "Time_string": "Last update at 12:24 - 21/07/2023", "produce": 3.836, "consumption": 0.825, "buyPrice": 0.149072, "sellPrice": 0.1, "batteryLevel": -58.46549533111519, "maxBatteryPerDay": 8.75, "batteryLevelPercentage": -5.846549533111519, "maxAtThisDay": 10, "ratioPC": 3.011, "maxBatteryForMonth": 10, "ratioPc": "noData"}