{"bought": 102.02, "sold": 101.17, "Time_string": "Last update at 16:27 - 09/06/2024", "produce": 0.937, "consumption": 0.278, "ratioPC": 0.8440000000000001, "maxBatteryPerDay": 8.75, "maxAtThisDay": 78.75, "batteryLevelPercentage": -0.4336948026393126, "buyPrice": 0.149072, "sellPrice": 0.1, "batteryLevel": -34.15346570784587, "maxBatteryForMonth": 100, "Temperature": 24.5, "ratioPc": "noData"}