{"bought": 298.33, "sold": 370.29, "Time_string": "Last update at 11:53 - 27/09/2024", "produce": 3.549, "consumption": 0.147, "ratioPC": 1.771, "maxBatteryPerDay": 8.75, "maxAtThisDay": 100, "batteryLevelPercentage": -0.4993325211978103, "buyPrice": 0.149072, "sellPrice": 0.1, "batteryLevel": -49.93325211978103, "maxBatteryForMonth": 100, "Temperature": 21.9, "ratioPc": "noData"}