{"bought": 201.75, "sold": 200.34, "Time_string": "Last update at 15:43 - 19/07/2023", "produce": 4.302, "consumption": 3.732, "buyPrice": 0.149072, "sellPrice": 0.1, "batteryLevel": -67.35856498873028, "maxBatteryPerDay": 8.75, "batteryLevelPercentage": -6.735856498873028, "maxAtThisDay": 10, "ratioPC": 0.5699999999999994, "maxBatteryForMonth": 10, "ratioPc": "noData"}