{"bought": 43.98, "sold": 159.71, "Time_string": "Last update at 15:09 - 10/09/2023", "produce": 1.44, "consumption": 1.503, "ratioPC": -0.06299999999999994, "maxBatteryPerDay": 8.75, "maxAtThisDay": 10, "batteryLevelPercentage": 6.315614897499196, "buyPrice": 0.149072, "sellPrice": 0.1, "batteryLevel": 63.15614897499196, "maxBatteryForMonth": 10, "Temperature": 28.1, "ratioPc": "noData"}