{"bought": 122.59, "sold": 250.79, "Time_string": "Last update at 11:46 - 16/06/2024", "produce": 3.398, "consumption": 0.184, "ratioPC": 3.116, "maxBatteryPerDay": 8.75, "maxAtThisDay": 100, "batteryLevelPercentage": 0.4564414189116667, "buyPrice": 0.149072, "sellPrice": 0.1, "batteryLevel": 45.64414189116667, "maxBatteryForMonth": 100, "Temperature": 25.5, "ratioPc": "noData"}