{"bought": 247.65, "sold": 358.7, "Time_string": "Last update at 17:48 - 21/06/2024", "produce": 3.588, "consumption": 2.646, "ratioPC": 1.101, "maxBatteryPerDay": 8.75, "maxAtThisDay": 100, "batteryLevelPercentage": -0.07028018675539385, "buyPrice": 0.149072, "sellPrice": 0.1, "batteryLevel": -7.028018675539386, "maxBatteryForMonth": 100, "Temperature": 31.0, "ratioPc": "noData"}