{"bought": 188.56, "sold": 107.62, "Time_string": "Last update at 15:56 - 20/01/2024", "produce": 3.941, "consumption": 5.357, "ratioPC": -1.4530000000000003, "maxBatteryPerDay": 8.75, "maxAtThisDay": 100, "batteryLevelPercentage": -1.163666974347966, "buyPrice": 0.149072, "sellPrice": 0.1, "batteryLevel": -116.3666974347966, "maxBatteryForMonth": 100, "Temperature": 13.0, "ratioPc": "noData"}