{"bought": 199.17, "sold": 252.08, "Time_string": "Last update at 13:04 - 17/09/2024", "produce": 1.278, "consumption": 2.541, "ratioPC": -0.5489999999999999, "maxBatteryPerDay": 8.75, "maxAtThisDay": 100, "batteryLevelPercentage": -0.3007050445422345, "buyPrice": 0.149072, "sellPrice": 0.1, "batteryLevel": -30.070504454223453, "maxBatteryForMonth": 100, "Temperature": 28.1, "ratioPc": "noData"}