{"bought": 224.87, "sold": 267.67, "Time_string": "Last update at 23:18 - 21/10/2024", "produce": 0.0, "consumption": 0.198, "ratioPC": -0.202, "maxBatteryPerDay": 8.75, "maxAtThisDay": 100, "batteryLevelPercentage": -0.45312470752388095, "buyPrice": 0.149072, "sellPrice": 0.1, "batteryLevel": -45.312470752388094, "maxBatteryForMonth": 100, "Temperature": 17.7, "ratioPc": "noData"}