{"bought": 11.06, "sold": 19.67, "Time_string": "Last update at 14:30 - 02/07/2023", "produce": 4.533, "consumption": 1.949, "buyPrice": 0.149072, "sellPrice": 0.1, "batteryLevel": 2.1349661908339606, "maxBatteryPerDay": 8.75, "batteryLevelPercentage": 0.21349661908339607, "maxAtThisDay": 10, "ratioPC": 2.5840000000000005, "maxBatteryForMonth": 10, "ratioPc": "noData"}