{"bought": 247.65, "sold": 359.04, "Time_string": "Last update at 18:13 - 21/06/2024", "produce": 3.289, "consumption": 2.6, "ratioPC": 0.7989999999999999, "maxBatteryPerDay": 8.75, "maxAtThisDay": 100, "batteryLevelPercentage": -0.06799940968122797, "buyPrice": 0.149072, "sellPrice": 0.1, "batteryLevel": -6.799940968122797, "maxBatteryForMonth": 100, "Temperature": 31.0, "ratioPc": "noData"}