{"bought": 455.08, "sold": 68.43, "Time_string": "Last update at 21:10 - 20/08/2024", "produce": 0.013, "consumption": 0.408, "ratioPC": -0.22300000000000003, "maxBatteryPerDay": 8.75, "maxAtThisDay": 100, "batteryLevelPercentage": -4.091760072984866, "buyPrice": 0.149072, "sellPrice": 0.1, "batteryLevel": -409.17600729848664, "maxBatteryForMonth": 100, "Temperature": 31.5, "ratioPc": "noData"}