{"bought": 69.23, "sold": 47.13, "Time_string": "Last update at 09:25 - 06/06/2024", "produce": 0.817, "consumption": 0.17, "ratioPC": 0.7070000000000001, "maxBatteryPerDay": 8.75, "maxAtThisDay": 52.5, "batteryLevelPercentage": -0.7164648543113715, "buyPrice": 0.149072, "sellPrice": 0.1, "batteryLevel": -37.614404851347004, "maxBatteryForMonth": 100, "Temperature": 25.2, "ratioPc": "noData"}