{"bought": 1.38, "sold": 0.09, "Time_string": "Last update at 09:16 - 01/11/2024", "produce": 0.558, "consumption": 0.239, "ratioPC": 0.11300000000000002, "maxBatteryPerDay": 8.75, "maxAtThisDay": 8.75, "batteryLevelPercentage": -0.15081445591008752, "buyPrice": 0.149072, "sellPrice": 0.1, "batteryLevel": -1.3196264892132659, "maxBatteryForMonth": 100, "Temperature": 15.3, "ratioPc": "noData"}