{"bought": 231.09, "sold": 379.0, "Time_string": "Last update at 06:28 - 28/06/2023", "produce": 0.0, "consumption": 0.208, "buyPrice": 0.149072, "sellPrice": 0.1, "batteryLevel": 23.149562090801737, "maxBatteryPerDay": 8.75, "batteryLevelPercentage": 0.23149562090801737, "maxAtThisDay": 100, "ratioPC": -0.208, "maxBatteryForMonth": 100, "ratioPc": "noData"}