{"bought": 50.68, "sold": 210.83, "Time_string": "Last update at 16:26 - 12/09/2023", "produce": 4.717, "consumption": 1.019, "ratioPC": 3.6979999999999995, "maxBatteryPerDay": 8.75, "maxAtThisDay": 10, "batteryLevelPercentage": 9.07483031018568, "buyPrice": 0.149072, "sellPrice": 0.1, "batteryLevel": 90.7483031018568, "maxBatteryForMonth": 10, "Temperature": 30.0, "ratioPc": "noData"}