{"bought": 510.37, "sold": 83.55, "Time_string": "Last update at 17:04 - 23/08/2024", "produce": 4.042, "consumption": 3.097, "ratioPC": 1.0300000000000002, "maxBatteryPerDay": 8.75, "maxAtThisDay": 100, "batteryLevelPercentage": -4.543232574863153, "buyPrice": 0.149072, "sellPrice": 0.1, "batteryLevel": -454.32325748631536, "maxBatteryForMonth": 100, "Temperature": 35.9, "ratioPc": "noData"}