{"bought": 256.78, "sold": 319.5, "Time_string": "Last update at 14:53 - 23/09/2024", "produce": 3.208, "consumption": 0.955, "ratioPC": 2.7039999999999997, "maxBatteryPerDay": 8.75, "maxAtThisDay": 100, "batteryLevelPercentage": -0.42454036707094533, "buyPrice": 0.149072, "sellPrice": 0.1, "batteryLevel": -42.45403670709453, "maxBatteryForMonth": 100, "Temperature": 27.0, "ratioPc": "noData"}