{"bought": 332.54, "sold": 366.12, "Time_string": "Last update at 15:21 - 29/10/2024", "produce": 0.023, "consumption": 0.282, "ratioPC": -3.104, "maxBatteryPerDay": 8.75, "maxAtThisDay": 100, "batteryLevelPercentage": -0.8694055811956641, "buyPrice": 0.149072, "sellPrice": 0.1, "batteryLevel": -86.94055811956642, "maxBatteryForMonth": 100, "Temperature": 18.0, "ratioPc": "noData"}