{"bought": 44.32, "sold": 92.96, "Time_string": "Last update at 00:03 - 07/09/2024", "produce": 0.0, "consumption": 0.194, "ratioPC": -0.136, "maxBatteryPerDay": 8.75, "maxAtThisDay": 61.25, "batteryLevelPercentage": 0.29451638326254603, "buyPrice": 0.149072, "sellPrice": 0.1, "batteryLevel": 18.039128474830946, "maxBatteryForMonth": 100, "Temperature": 20.9, "ratioPc": "noData"}