{"bought": 235.51, "sold": 650.86, "Time_string": "Last update at 08:29 - 28/05/2024", "produce": 0.197, "consumption": 0.126, "ratioPC": 0.04999999999999999, "maxBatteryPerDay": 8.75, "maxAtThisDay": 100, "batteryLevelPercentage": 2.0109781367392934, "buyPrice": 0.149072, "sellPrice": 0.1, "batteryLevel": 201.09781367392935, "maxBatteryForMonth": 100, "Temperature": 16.4, "ratioPc": "noData"}