{"bought": 15.62, "sold": 34.85, "Time_string": "Last update at 15:38 - 03/11/2024", "produce": 1.346, "consumption": 5.098, "ratioPC": -3.323, "maxBatteryPerDay": 8.75, "maxAtThisDay": 26.25, "batteryLevelPercentage": 0.2955415241979587, "buyPrice": 0.149072, "sellPrice": 0.1, "batteryLevel": 7.757965010196417, "maxBatteryForMonth": 100, "Temperature": 23.0, "ratioPc": "noData"}