{"bought": 127.18, "sold": 138.42, "Time_string": "Last update at 01:55 - 11/10/2024", "produce": 0.0, "consumption": 0.091, "ratioPC": -0.128, "maxBatteryPerDay": 8.75, "maxAtThisDay": 96.25, "batteryLevelPercentage": -0.35662899127276093, "buyPrice": 0.149072, "sellPrice": 0.1, "batteryLevel": -34.32554041000324, "maxBatteryForMonth": 100, "Temperature": 16.0, "ratioPc": "noData"}