{"bought": 122.91, "sold": 566.23, "Time_string": "Last update at 10:04 - 30/09/2023", "produce": 0.905, "consumption": 1.264, "ratioPC": -0.359, "maxBatteryPerDay": 8.75, "maxAtThisDay": 10, "batteryLevelPercentage": 25.692658903080392, "buyPrice": 0.149072, "sellPrice": 0.1, "batteryLevel": 256.92658903080394, "maxBatteryForMonth": 10, "Temperature": 25.1, "ratioPc": "noData"}