{"bought": 169.04, "sold": 186.37, "Time_string": "Last update at 20:30 - 14/11/2024", "produce": 0.0, "consumption": 4.848, "ratioPC": -4.816, "maxBatteryPerDay": 8.75, "maxAtThisDay": 100, "batteryLevelPercentage": -0.44019875496404426, "buyPrice": 0.149072, "sellPrice": 0.1, "batteryLevel": -44.019875496404424, "maxBatteryForMonth": 100, "Temperature": 15.5, "ratioPc": "noData"}