{"bought": 128.43, "sold": 228.7, "Time_string": "Last update at 22:48 - 14/09/2024", "produce": 0.0, "consumption": 1.295, "ratioPC": -1.298, "maxBatteryPerDay": 8.75, "maxAtThisDay": 100, "batteryLevelPercentage": 0.24985799076956083, "buyPrice": 0.149072, "sellPrice": 0.1, "batteryLevel": 24.985799076956084, "maxBatteryForMonth": 100, "Temperature": 24.4, "ratioPc": "noData"}