{"bought": 59.65, "sold": 214.04, "Time_string": "Last update at 16:15 - 13/06/2023", "produce": 5.242, "consumption": 1.538, "ratioPc": null, "buyPrice": 0.149072, "sellPrice": 0.1, "batteryLevel": 83.93162498658364, "maxBatteryPerDay": 8.75, "batteryLevelPercentage": 0.7378604394424936, "maxAtThisDay": 113.75, "ratioPC": 3.7039999999999997}