{"bought": 174.92, "sold": 134.89, "Time_string": "Last update at 17:17 - 16/08/2023", "produce": 4.001, "consumption": 1.971, "ratioPC": 2.0300000000000002, "maxBatteryPerDay": 8.75, "maxAtThisDay": 10, "batteryLevelPercentage": -8.443352366641623, "buyPrice": 0.149072, "sellPrice": 0.1, "batteryLevel": -84.43352366641624, "maxBatteryForMonth": 10, "Temperature": 35.7, "ratioPc": "noData"}