{"bought": 23.71, "sold": 76.84, "Time_string": "Last update at 14:40 - 06/11/2023", "produce": 0.601, "consumption": 0.326, "ratioPC": 0.27499999999999997, "maxBatteryPerDay": 8.75, "maxAtThisDay": 10, "batteryLevelPercentage": 2.783556187614039, "buyPrice": 0.149072, "sellPrice": 0.1, "batteryLevel": 27.83556187614039, "maxBatteryForMonth": 10, "Temperature": 18.0, "ratioPc": "noData"}