{"bought": 122.79, "sold": 82.33, "Time_string": "Last update at 15:08 - 11/08/2023", "produce": 4.64, "consumption": 4.368, "ratioPC": 0.27199999999999935, "maxBatteryPerDay": 8.75, "maxAtThisDay": 10, "batteryLevelPercentage": -6.756165396586885, "buyPrice": 0.149072, "sellPrice": 0.1, "batteryLevel": -67.56165396586886, "maxBatteryForMonth": 10, "Temperature": 41.1, "ratioPc": "noData"}