{"bought": 183.54, "sold": 415.19, "Time_string": "Last update at 14:22 - 25/11/2023", "produce": 4.465, "consumption": 5.244, "ratioPC": -0.7789999999999999, "maxBatteryPerDay": 8.75, "maxAtThisDay": 100, "batteryLevelPercentage": 0.9497642159493401, "buyPrice": 0.149072, "sellPrice": 0.1, "batteryLevel": 94.97642159493401, "maxBatteryForMonth": 100, "Temperature": 18.4, "ratioPc": "noData"}