{"bought": 81.19, "sold": 253.75, "Time_string": "Last update at 22:39 - 15/06/2023", "produce": 0.0, "consumption": 2.823, "ratioPc": null, "buyPrice": 0.149072, "sellPrice": 0.1, "batteryLevel": 89.0297595792637, "maxBatteryPerDay": 8.75, "batteryLevelPercentage": 0.678321977746771, "maxAtThisDay": 131.25, "ratioPC": -2.823}