{"bought": 86.57, "sold": 130.25, "Time_string": "Last update at 12:39 - 09/10/2024", "produce": 0.85, "consumption": 0.225, "ratioPC": 0.697, "maxBatteryPerDay": 8.75, "maxAtThisDay": 78.75, "batteryLevelPercentage": 0.01020808183027781, "buyPrice": 0.149072, "sellPrice": 0.1, "batteryLevel": 0.8038864441343776, "maxBatteryForMonth": 100, "Temperature": 22.0, "ratioPc": "noData"}