{"bought": 374.25, "sold": 264.79, "Time_string": "Last update at 09:26 - 30/08/2023", "produce": 0.279, "consumption": 0.381, "ratioPC": -0.10199999999999998, "maxBatteryPerDay": 8.75, "maxAtThisDay": 10, "batteryLevelPercentage": -19.662442309756358, "buyPrice": 0.149072, "sellPrice": 0.1, "batteryLevel": -196.62442309756358, "maxBatteryForMonth": 10, "Temperature": 24.9, "ratioPc": "noData"}