{"bought": 140.42, "sold": 366.21, "Time_string": "Last update at 17:43 - 25/10/2023", "produce": 0.847, "consumption": 0.313, "ratioPC": 0.534, "maxBatteryPerDay": 8.75, "maxAtThisDay": 10, "batteryLevelPercentage": 10.523981539122037, "buyPrice": 0.149072, "sellPrice": 0.1, "batteryLevel": 105.23981539122036, "maxBatteryForMonth": 10, "Temperature": 22.3, "ratioPc": "noData"}