{"bought": 86.57, "sold": 131.0, "Time_string": "Last update at 13:52 - 09/10/2024", "produce": 0.748, "consumption": 0.198, "ratioPC": 0.522, "maxBatteryPerDay": 8.75, "maxAtThisDay": 78.75, "batteryLevelPercentage": 0.01659681313046136, "buyPrice": 0.149072, "sellPrice": 0.1, "batteryLevel": 1.306999034023832, "maxBatteryForMonth": 100, "Temperature": 22.0, "ratioPc": "noData"}