{"bought": 137.29, "sold": 83.56, "Time_string": "Last update at 08:18 - 12/08/2023", "produce": 0.137, "consumption": 0.193, "ratioPC": -0.055999999999999994, "maxBatteryPerDay": 8.75, "maxAtThisDay": 10, "batteryLevelPercentage": -8.123654931845014, "buyPrice": 0.149072, "sellPrice": 0.1, "batteryLevel": -81.23654931845014, "maxBatteryForMonth": 10, "Temperature": 23.3, "ratioPc": "noData"}