{"bought": 164.71, "sold": 342.48, "Time_string": "Last update at 10:42 - 16/05/2024", "produce": 2.171, "consumption": 0.168, "ratioPC": 1.691, "maxBatteryPerDay": 8.75, "maxAtThisDay": 100, "batteryLevelPercentage": 0.6503133304711818, "buyPrice": 0.149072, "sellPrice": 0.1, "batteryLevel": 65.03133304711818, "maxBatteryForMonth": 100, "Temperature": 17.4, "ratioPc": "noData"}