{"bought": 117.46, "sold": 285.35, "Time_string": "Last update at 23:22 - 18/06/2023", "produce": 0.0, "consumption": 0.377, "ratioPc": "noData", "buyPrice": 0.149072, "sellPrice": 0.1, "batteryLevel": 73.95757003327252, "maxBatteryPerDay": 8.75, "batteryLevelPercentage": 0.4695718732271271, "maxAtThisDay": 157.5, "ratioPC": -0.377}