{"bought": 175.91, "sold": 104.75, "Time_string": "Last update at 14:51 - 19/01/2024", "produce": 3.584, "consumption": 0.148, "ratioPC": 4.89, "maxBatteryPerDay": 8.75, "maxAtThisDay": 100, "batteryLevelPercentage": -1.056419416121069, "buyPrice": 0.149072, "sellPrice": 0.1, "batteryLevel": -105.64194161210689, "maxBatteryForMonth": 100, "Temperature": 14.2, "ratioPc": "noData"}