{"bought": 208.01, "sold": 559.69, "Time_string": "Last update at 10:49 - 24/05/2024", "produce": 2.26, "consumption": 0.178, "ratioPC": 1.8929999999999998, "maxBatteryPerDay": 8.75, "maxAtThisDay": 100, "batteryLevelPercentage": 1.6743944724696798, "buyPrice": 0.149072, "sellPrice": 0.1, "batteryLevel": 167.43944724696797, "maxBatteryForMonth": 100, "Temperature": 23.5, "ratioPc": "noData"}