{"bought": 135.77, "sold": 185.47, "Time_string": "Last update at 01:48 - 14/11/2024", "produce": 0.0, "consumption": 0.124, "ratioPC": -0.122, "maxBatteryPerDay": 8.75, "maxAtThisDay": 100, "batteryLevelPercentage": -0.11353610604271779, "buyPrice": 0.149072, "sellPrice": 0.1, "batteryLevel": -11.353610604271779, "maxBatteryForMonth": 100, "Temperature": 10.8, "ratioPc": "noData"}