{"bought": 73.65, "sold": 218.52, "Time_string": "Last update at 20:23 - 11/05/2024", "produce": 0.172, "consumption": 6.187, "ratioPC": -6.050000000000001, "maxBatteryPerDay": 8.75, "maxAtThisDay": 96.25, "batteryLevelPercentage": 0.7577858097682078, "buyPrice": 0.149072, "sellPrice": 0.1, "batteryLevel": 72.93688419019, "maxBatteryForMonth": 100, "Temperature": 27.8, "ratioPc": "noData"}