{"bought": 180.4, "sold": 218.42, "Time_string": "Last update at 14:58 - 17/11/2024", "produce": 3.257, "consumption": 0.245, "ratioPC": 2.856, "maxBatteryPerDay": 8.75, "maxAtThisDay": 100, "batteryLevelPercentage": -0.3388019748846199, "buyPrice": 0.149072, "sellPrice": 0.1, "batteryLevel": -33.88019748846199, "maxBatteryForMonth": 100, "Temperature": 21.0, "ratioPc": "noData"}