{"bought": 247.65, "sold": 354.62, "Time_string": "Last update at 16:22 - 21/06/2024", "produce": 4.644, "consumption": 0.204, "ratioPC": 4.671, "maxBatteryPerDay": 8.75, "maxAtThisDay": 100, "batteryLevelPercentage": -0.09764951164537933, "buyPrice": 0.149072, "sellPrice": 0.1, "batteryLevel": -9.764951164537933, "maxBatteryForMonth": 100, "Temperature": 30.4, "ratioPc": "noData"}