{"bought": 85.97, "sold": 128.5, "Time_string": "Last update at 05:13 - 09/10/2024", "produce": 0.0, "consumption": 0.133, "ratioPC": -0.133, "maxBatteryPerDay": 8.75, "maxAtThisDay": 78.75, "batteryLevelPercentage": 0.00292008974889732, "buyPrice": 0.149072, "sellPrice": 0.1, "batteryLevel": 0.22995706772566393, "maxBatteryForMonth": 100, "Temperature": 18.0, "ratioPc": "noData"}