{"bought": 98.06, "sold": 70.6, "Time_string": "Last update at 10:49 - 09/08/2023", "produce": 1.789, "consumption": 0.91, "ratioPC": 0.8789999999999999, "maxBatteryPerDay": 8.75, "maxAtThisDay": 10, "batteryLevelPercentage": -5.070033487173984, "buyPrice": 0.149072, "sellPrice": 0.1, "batteryLevel": -50.70033487173984, "maxBatteryForMonth": 10, "Temperature": 29.4, "ratioPc": "noData"}