{"bought": 102.35, "sold": 215.75, "Time_string": "Last update at 16:34 - 13/09/2024", "produce": 4.283, "consumption": 6.413, "ratioPC": -2.5829999999999993, "maxBatteryPerDay": 8.75, "maxAtThisDay": 100, "batteryLevelPercentage": 0.4237872169153164, "buyPrice": 0.149072, "sellPrice": 0.1, "batteryLevel": 42.37872169153164, "maxBatteryForMonth": 100, "Temperature": 34.6, "ratioPc": "noData"}