{"bought": 353.62, "sold": 220.7, "Time_string": "Last update at 12:38 - 27/08/2023", "produce": 0.0, "consumption": 0.0, "ratioPC": 1.9139999999999997, "maxBatteryPerDay": 8.75, "maxAtThisDay": 10, "batteryLevelPercentage": -20.557073521519804, "buyPrice": 0.149072, "sellPrice": 0.1, "batteryLevel": -205.57073521519803, "maxBatteryForMonth": 10, "Temperature": 26.3, "ratioPc": "noData"}