{"bought": 99.67, "sold": 74.79, "Time_string": "Last update at 16:48 - 09/08/2023", "produce": 2.98, "consumption": 3.097, "ratioPC": -0.11699999999999999, "maxBatteryPerDay": 8.75, "maxAtThisDay": 10, "batteryLevelPercentage": -4.94996125362241, "buyPrice": 0.149072, "sellPrice": 0.1, "batteryLevel": -49.499612536224106, "maxBatteryForMonth": 10, "Temperature": 37.8, "ratioPc": "noData"}