{"bought": 199.95, "sold": 260.17, "Time_string": "Last update at 18:01 - 17/09/2024", "produce": 2.615, "consumption": 1.341, "ratioPC": 1.52, "maxBatteryPerDay": 8.75, "maxAtThisDay": 100, "batteryLevelPercentage": -0.25423596651282593, "buyPrice": 0.149072, "sellPrice": 0.1, "batteryLevel": -25.423596651282594, "maxBatteryForMonth": 100, "Temperature": 28.0, "ratioPc": "noData"}