{"bought": 132.32, "sold": 185.34, "Time_string": "Last update at 16:42 - 13/11/2024", "produce": 0.743, "consumption": 0.239, "ratioPC": 0.299, "maxBatteryPerDay": 8.75, "maxAtThisDay": 100, "batteryLevelPercentage": -0.07990816786519246, "buyPrice": 0.149072, "sellPrice": 0.1, "batteryLevel": -7.990816786519247, "maxBatteryForMonth": 100, "Temperature": 15.3, "ratioPc": "noData"}