{"bought": 261.83, "sold": 434.31, "Time_string": "Last update at 13:58 - 29/11/2023", "produce": 1.112, "consumption": 0.187, "ratioPC": 0.925, "maxBatteryPerDay": 8.75, "maxAtThisDay": 100, "batteryLevelPercentage": 0.2951243855318239, "buyPrice": 0.149072, "sellPrice": 0.1, "batteryLevel": 29.512438553182392, "maxBatteryForMonth": 100, "Temperature": 20.0, "ratioPc": "noData"}