{"bought": 164.73, "sold": 362.97, "Time_string": "Last update at 07:45 - 24/06/2023", "produce": 0.111, "consumption": 0.138, "ratioPc": "noData", "buyPrice": 0.149072, "sellPrice": 0.1, "batteryLevel": 78.75636900289794, "maxBatteryPerDay": 8.75, "batteryLevelPercentage": 0.3750303285852283, "maxAtThisDay": 210.0, "ratioPC": -0.02700000000000001}