{"bought": 109.98, "sold": 177.77, "Time_string": "Last update at 18:19 - 12/06/2024", "produce": 3.217, "consumption": 1.452, "ratioPC": 1.8510000000000002, "maxBatteryPerDay": 8.75, "maxAtThisDay": 100, "batteryLevelPercentage": 0.09271100139529892, "buyPrice": 0.149072, "sellPrice": 0.1, "batteryLevel": 9.271100139529892, "maxBatteryForMonth": 100, "Temperature": 28.7, "ratioPc": "noData"}