{"bought": 76.69, "sold": 117.57, "Time_string": "Last update at 12:24 - 09/11/2024", "produce": 1.786, "consumption": 1.855, "ratioPC": 2.4269999999999996, "maxBatteryPerDay": 8.75, "maxAtThisDay": 78.75, "batteryLevelPercentage": 0.027656248775493112, "buyPrice": 0.149072, "sellPrice": 0.1, "batteryLevel": 2.1779295910700824, "maxBatteryForMonth": 100, "Temperature": 20.4, "ratioPc": "noData"}