{"bought": 82.27, "sold": 68.87, "Time_string": "Last update at 15:13 - 08/08/2023", "produce": 4.397, "consumption": 6.68, "ratioPC": -2.2829999999999995, "maxBatteryPerDay": 8.75, "maxAtThisDay": 10, "batteryLevelPercentage": -3.607084791241816, "buyPrice": 0.149072, "sellPrice": 0.1, "batteryLevel": -36.07084791241816, "maxBatteryForMonth": 10, "Temperature": 39.2, "ratioPc": "noData"}