{"bought": 98.75, "sold": 474.56, "Time_string": "Last update at 12:26 - 25/09/2023", "produce": 4.009, "consumption": 0.871, "ratioPC": 3.1380000000000003, "maxBatteryPerDay": 8.75, "maxAtThisDay": 10, "batteryLevelPercentage": 21.95928142105828, "buyPrice": 0.149072, "sellPrice": 0.1, "batteryLevel": 219.5928142105828, "maxBatteryForMonth": 10, "Temperature": 26.9, "ratioPc": "noData"}