{"bought": 364.89, "sold": 259.62, "Time_string": "Last update at 14:48 - 29/08/2023", "produce": 4.769, "consumption": 2.508, "ratioPC": 2.261, "maxBatteryPerDay": 8.75, "maxAtThisDay": 10, "batteryLevelPercentage": -19.073254588386817, "buyPrice": 0.149072, "sellPrice": 0.1, "batteryLevel": -190.73254588386817, "maxBatteryForMonth": 10, "Temperature": 33.8, "ratioPc": "noData"}