{"bought": 259.76, "sold": 33.66, "Time_string": "Last update at 17:12 - 12/08/2024", "produce": 4.088, "consumption": 4.017, "ratioPC": -0.2940000000000005, "maxBatteryPerDay": 8.75, "maxAtThisDay": 100, "batteryLevelPercentage": -2.371803069657615, "buyPrice": 0.149072, "sellPrice": 0.1, "batteryLevel": -237.1803069657615, "maxBatteryForMonth": 100, "Temperature": 35.8, "ratioPc": "noData"}