{"bought": 194.33, "sold": 208.12, "Time_string": "Last update at 15:27 - 18/10/2024", "produce": 0.85, "consumption": 0.209, "ratioPC": 0.48500000000000004, "maxBatteryPerDay": 8.75, "maxAtThisDay": 100, "batteryLevelPercentage": -0.5471961038961041, "buyPrice": 0.149072, "sellPrice": 0.1, "batteryLevel": -54.71961038961041, "maxBatteryForMonth": 100, "Temperature": 20.5, "ratioPc": "noData"}