{"bought": 231.14, "sold": 197.91, "Time_string": "Last update at 15:58 - 21/08/2023", "produce": 4.367, "consumption": 3.856, "ratioPC": 0.5110000000000001, "maxBatteryPerDay": 8.75, "maxAtThisDay": 10, "batteryLevelPercentage": -9.837864977997208, "buyPrice": 0.149072, "sellPrice": 0.1, "batteryLevel": -98.37864977997208, "maxBatteryForMonth": 10, "Temperature": 41.0, "ratioPc": "noData"}