{"bought": 1.2, "sold": 22.24, "Time_string": "Last update at 18:46 - 01/10/2024", "produce": 1.47, "consumption": 0.16, "ratioPC": 1.4460000000000002, "maxBatteryPerDay": 8.75, "maxAtThisDay": 8.75, "batteryLevelPercentage": 1.567881752250111, "buyPrice": 0.149072, "sellPrice": 0.1, "batteryLevel": 13.718965332188471, "maxBatteryForMonth": 100, "Temperature": 30.2, "ratioPc": "noData"}