{"bought": 101.11, "sold": 232.7, "Time_string": "Last update at 12:14 - 12/05/2024", "produce": 3.774, "consumption": 7.974, "ratioPC": -4.356999999999999, "maxBatteryPerDay": 8.75, "maxAtThisDay": 100, "batteryLevelPercentage": 0.5498906622303317, "buyPrice": 0.149072, "sellPrice": 0.1, "batteryLevel": 54.98906622303316, "maxBatteryForMonth": 100, "Temperature": 24.5, "ratioPc": "noData"}