{"bought": 114.75, "sold": 121.44, "Time_string": "Last update at 16:51 - 17/12/2023", "produce": 1.482, "consumption": 2.353, "ratioPC": 1.162, "maxBatteryPerDay": 8.75, "maxAtThisDay": 100, "batteryLevelPercentage": -0.3328600944510036, "buyPrice": 0.149072, "sellPrice": 0.1, "batteryLevel": -33.28600944510036, "maxBatteryForMonth": 100, "Temperature": 15.3, "ratioPc": "noData"}