{"bought": 184.46, "sold": 351.72, "Time_string": "Last update at 07:26 - 17/05/2024", "produce": 0.014, "consumption": 0.157, "ratioPC": -0.148, "maxBatteryPerDay": 8.75, "maxAtThisDay": 100, "batteryLevelPercentage": 0.5147968015455617, "buyPrice": 0.149072, "sellPrice": 0.1, "batteryLevel": 51.47968015455618, "maxBatteryForMonth": 100, "Temperature": 13.0, "ratioPc": "noData"}