{"bought": 108.58, "sold": 149.38, "Time_string": "Last update at 12:37 - 12/07/2023", "produce": 3.85, "consumption": 3.335, "buyPrice": 0.149072, "sellPrice": 0.1, "batteryLevel": -8.373388429752069, "maxBatteryPerDay": 8.75, "batteryLevelPercentage": -0.8373388429752069, "maxAtThisDay": 10, "ratioPC": 0.5150000000000001, "maxBatteryForMonth": 10, "ratioPc": "noData"}