{"bought": 89.1, "sold": 132.92, "Time_string": "Last update at 07:12 - 10/10/2024", "produce": 0.0, "consumption": 0.181, "ratioPC": -0.149, "maxBatteryPerDay": 8.75, "maxAtThisDay": 87.5, "batteryLevelPercentage": 0.0007424830187522145, "buyPrice": 0.149072, "sellPrice": 0.1, "batteryLevel": 0.06496726414081877, "maxBatteryForMonth": 100, "Temperature": 13.8, "ratioPc": "noData"}