{"bought": 121.43, "sold": 58.12, "Time_string": "Last update at 09:36 - 12/01/2024", "produce": 0.527, "consumption": 0.146, "ratioPC": 0.05299999999999999, "maxBatteryPerDay": 8.75, "maxAtThisDay": 100, "batteryLevelPercentage": -0.8244212836750028, "buyPrice": 0.149072, "sellPrice": 0.1, "batteryLevel": -82.44212836750027, "maxBatteryForMonth": 100, "Temperature": 7.6, "ratioPc": "noData"}