{"bought": 523.49, "sold": 88.07, "Time_string": "Last update at 18:51 - 24/08/2024", "produce": 2.196, "consumption": 4.243, "ratioPC": -1.9529999999999998, "maxBatteryPerDay": 8.75, "maxAtThisDay": 100, "batteryLevelPercentage": -4.644111656112483, "buyPrice": 0.149072, "sellPrice": 0.1, "batteryLevel": -464.4111656112483, "maxBatteryForMonth": 100, "Temperature": 35.1, "ratioPc": "noData"}