{"bought": 20.25, "sold": 34.85, "Time_string": "Last update at 16:44 - 03/11/2024", "produce": 0.845, "consumption": 4.979, "ratioPC": -4.196, "maxBatteryPerDay": 8.75, "maxAtThisDay": 26.25, "batteryLevelPercentage": 0.11916057181700632, "buyPrice": 0.149072, "sellPrice": 0.1, "batteryLevel": 3.127965010196416, "maxBatteryForMonth": 100, "Temperature": 22.3, "ratioPc": "noData"}