{"bought": 251.75, "sold": 309.13, "Time_string": "Last update at 18:13 - 22/09/2024", "produce": 2.053, "consumption": 5.517, "ratioPC": -3.328, "maxBatteryPerDay": 8.75, "maxAtThisDay": 100, "batteryLevelPercentage": -0.4438040678329935, "buyPrice": 0.149072, "sellPrice": 0.1, "batteryLevel": -44.38040678329935, "maxBatteryForMonth": 100, "Temperature": 25.8, "ratioPc": "noData"}