{"bought": 522.21, "sold": 88.05, "Time_string": "Last update at 18:02 - 24/08/2024", "produce": 3.108, "consumption": 3.066, "ratioPC": 0.08800000000000008, "maxBatteryPerDay": 8.75, "maxAtThisDay": 100, "batteryLevelPercentage": -4.6314458194697865, "buyPrice": 0.149072, "sellPrice": 0.1, "batteryLevel": -463.1445819469787, "maxBatteryForMonth": 100, "Temperature": 36.0, "ratioPc": "noData"}