{"bought": 14.25, "sold": 0.79, "Time_string": "Last update at 17:01 - 01/01/2024", "produce": 1.273, "consumption": 0.381, "ratioPC": 1.1300000000000001, "maxBatteryPerDay": 8.75, "maxAtThisDay": 8.75, "batteryLevelPercentage": -1.5680062558456893, "buyPrice": 0.149072, "sellPrice": 0.1, "batteryLevel": -13.72005473864978, "maxBatteryForMonth": 100, "Temperature": 15.0, "ratioPc": "noData"}