{"bought": 325.81, "sold": 387.86, "Time_string": "Last update at 19:50 - 31/07/2023", "produce": 1.275, "consumption": 1.978, "ratioPC": -0.7030000000000001, "maxBatteryPerDay": 8.75, "maxAtThisDay": 10, "batteryLevelPercentage": -6.562700118063754, "buyPrice": 0.149072, "sellPrice": 0.1, "batteryLevel": -65.62700118063754, "maxBatteryForMonth": 10, "Temperature": "35.5"}