{"bought": 110.6, "sold": 279.75, "Time_string": "Last update at 17:08 - 19/10/2023", "produce": 0.183, "consumption": 1.045, "ratioPC": -0.8619999999999999, "maxBatteryPerDay": 8.75, "maxAtThisDay": 10, "batteryLevelPercentage": 7.7060996028764635, "buyPrice": 0.149072, "sellPrice": 0.1, "batteryLevel": 77.06099602876463, "maxBatteryForMonth": 10, "Temperature": 21.0, "ratioPc": "noData"}