{"bought": 212.42, "sold": 374.79, "Time_string": "Last update at 23:33 - 26/06/2023", "produce": 0.0, "consumption": 2.088, "buyPrice": 0.149072, "sellPrice": 0.1, "batteryLevel": 38.99542341955569, "maxBatteryPerDay": 8.75, "batteryLevelPercentage": 0.3899542341955569, "maxAtThisDay": 100, "ratioPC": -2.088, "maxBatteryForMonth": 100, "ratioPc": "noData"}