{"bought": 214.5, "sold": 374.85, "Time_string": "Last update at 09:00 - 27/06/2023", "produce": 0.258, "consumption": 0.148, "buyPrice": 0.149072, "sellPrice": 0.1, "batteryLevel": 36.955672426746844, "maxBatteryPerDay": 8.75, "batteryLevelPercentage": 0.36955672426746844, "maxAtThisDay": 100, "ratioPC": 0.11000000000000001, "maxBatteryForMonth": 100, "ratioPc": "noData"}