{"bought": 44.67, "sold": 65.96, "Time_string": "Last update at 20:22 - 05/07/2023", "produce": 0.373, "consumption": 1.766, "buyPrice": 0.149072, "sellPrice": 0.1, "batteryLevel": -0.42292476118922906, "maxBatteryPerDay": 8.75, "batteryLevelPercentage": -0.04229247611892291, "maxAtThisDay": 10, "ratioPC": -1.393, "maxBatteryForMonth": 10, "ratioPc": "noData"}