{"bought": 317.18, "sold": 417.36, "Time_string": "Last update at 09:01 - 29/09/2024", "produce": 0.123, "consumption": 0.201, "ratioPC": -0.02700000000000001, "maxBatteryPerDay": 8.75, "maxAtThisDay": 100, "batteryLevelPercentage": -0.37207905978319217, "buyPrice": 0.149072, "sellPrice": 0.1, "batteryLevel": -37.20790597831922, "maxBatteryForMonth": 100, "Temperature": 18.1, "ratioPc": "noData"}