{"bought": 579.46, "sold": 90.63, "Time_string": "Last update at 20:57 - 26/08/2024", "produce": 0.032, "consumption": 2.226, "ratioPC": -2.1990000000000003, "maxBatteryPerDay": 8.75, "maxAtThisDay": 100, "batteryLevelPercentage": -5.18663874637759, "buyPrice": 0.149072, "sellPrice": 0.1, "batteryLevel": -518.663874637759, "maxBatteryForMonth": 100, "Temperature": 30.1, "ratioPc": "noData"}