{"bought": 321.15, "sold": 338.87, "Time_string": "Last update at 11:23 - 27/10/2024", "produce": 4.452, "consumption": 0.134, "ratioPC": 3.8970000000000002, "maxBatteryPerDay": 8.75, "maxAtThisDay": 100, "batteryLevelPercentage": -0.9383031555221638, "buyPrice": 0.149072, "sellPrice": 0.1, "batteryLevel": -93.83031555221638, "maxBatteryForMonth": 100, "Temperature": 14.8, "ratioPc": "noData"}