{"bought": 62.44, "sold": 60.39, "Time_string": "Last update at 10:30 - 07/08/2023", "produce": 1.568, "consumption": 1.738, "ratioPC": -0.16999999999999993, "maxBatteryPerDay": 8.75, "maxAtThisDay": 10, "batteryLevelPercentage": -2.192937426210153, "buyPrice": 0.149072, "sellPrice": 0.1, "batteryLevel": -21.929374262101533, "maxBatteryForMonth": 10, "Temperature": 30.5, "ratioPc": "noData"}