{"bought": 118.31, "sold": 227.12, "Time_string": "Last update at 04:33 - 15/06/2024", "produce": 0.0, "consumption": 0.158, "ratioPC": -0.12, "maxBatteryPerDay": 8.75, "maxAtThisDay": 100, "batteryLevelPercentage": 0.34045908554255677, "buyPrice": 0.149072, "sellPrice": 0.1, "batteryLevel": 34.045908554255675, "maxBatteryForMonth": 100, "Temperature": 20.4, "ratioPc": "noData"}