{"bought": 205.52, "sold": 555.03, "Time_string": "Last update at 17:48 - 23/05/2024", "produce": 3.66, "consumption": 0.205, "ratioPC": 3.6039999999999996, "maxBatteryPerDay": 8.75, "maxAtThisDay": 100, "batteryLevelPercentage": 1.6680344102178808, "buyPrice": 0.149072, "sellPrice": 0.1, "batteryLevel": 166.80344102178807, "maxBatteryForMonth": 100, "Temperature": 29.2, "ratioPc": "noData"}