{"bought": 70.44, "sold": 156.76, "Time_string": "Last update at 16:01 - 10/09/2024", "produce": 4.002, "consumption": 0.952, "ratioPC": 3.6510000000000007, "maxBatteryPerDay": 8.75, "maxAtThisDay": 87.5, "batteryLevelPercentage": 0.3967684509115442, "buyPrice": 0.149072, "sellPrice": 0.1, "batteryLevel": 34.71723945476012, "maxBatteryForMonth": 100, "Temperature": 30.0, "ratioPc": "noData"}