{"bought": 17.21, "sold": 34.83, "Time_string": "Last update at 20:32 - 03/09/2023", "produce": 0.187, "consumption": 0.292, "ratioPC": -0.10499999999999998, "maxBatteryPerDay": 8.75, "maxAtThisDay": 10, "batteryLevelPercentage": 0.6154548674466028, "buyPrice": 0.149072, "sellPrice": 0.1, "batteryLevel": 6.154548674466028, "maxBatteryForMonth": 10, "Temperature": 20.5, "ratioPc": "noData"}