{"bought": 104.81, "sold": 106.95, "Time_string": "Last update at 12:06 - 10/06/2024", "produce": 1.437, "consumption": 0.136, "ratioPC": 1.25, "maxBatteryPerDay": 8.75, "maxAtThisDay": 87.5, "batteryLevelPercentage": -0.37789879636302315, "buyPrice": 0.149072, "sellPrice": 0.1, "batteryLevel": -33.06614468176453, "maxBatteryForMonth": 100, "Temperature": 24.1, "ratioPc": "noData"}