{"bought": 220.35, "sold": 31.74, "Time_string": "Last update at 20:17 - 10/08/2024", "produce": 0.278, "consumption": 4.094, "ratioPC": -3.7889999999999997, "maxBatteryPerDay": 8.75, "maxAtThisDay": 87.5, "batteryLevelPercentage": -2.274951716524326, "buyPrice": 0.149072, "sellPrice": 0.1, "batteryLevel": -199.0582751958785, "maxBatteryForMonth": 100, "Temperature": 34.4, "ratioPc": "noData"}