{"bought": 375.6, "sold": 287.62, "Time_string": "Last update at 18:41 - 30/08/2023", "produce": 2.378, "consumption": 4.034, "ratioPC": -1.6559999999999997, "maxBatteryPerDay": 8.75, "maxAtThisDay": 10, "batteryLevelPercentage": -18.26596758613288, "buyPrice": 0.149072, "sellPrice": 0.1, "batteryLevel": -182.6596758613288, "maxBatteryForMonth": 10, "Temperature": 32.6, "ratioPc": "noData"}