{"bought": 83.88, "sold": 126.21, "Time_string": "Last update at 17:20 - 08/10/2024", "produce": 2.8, "consumption": 0.079, "ratioPC": 2.742, "maxBatteryPerDay": 8.75, "maxAtThisDay": 70.0, "batteryLevelPercentage": 0.011196951808522166, "buyPrice": 0.149072, "sellPrice": 0.1, "batteryLevel": 0.7837866265965516, "maxBatteryForMonth": 100, "Temperature": 23.7, "ratioPc": "noData"}