{"bought": 142.02, "sold": 159.98, "Time_string": "Last update at 13:56 - 14/07/2023", "produce": 0, "consumption": 0, "buyPrice": 0.149072, "sellPrice": 0.1, "batteryLevel": -34.70273049264787, "maxBatteryPerDay": 8.75, "batteryLevelPercentage": -3.4702730492647875, "maxAtThisDay": 10, "ratioPC": 0.03399999999999981, "maxBatteryForMonth": 10, "ratioPc": "noData"}