{"bought": 459.05, "sold": 69.59, "Time_string": "Last update at 11:27 - 21/08/2024", "produce": 2.747, "consumption": 4.584, "ratioPC": 2.0410000000000004, "maxBatteryPerDay": 8.75, "maxAtThisDay": 100, "batteryLevelPercentage": -4.123678598261243, "buyPrice": 0.149072, "sellPrice": 0.1, "batteryLevel": -412.3678598261243, "maxBatteryForMonth": 100, "Temperature": 28.9, "ratioPc": "noData"}