{"bought": 184.67, "sold": 379.74, "Time_string": "Last update at 19:10 - 17/05/2024", "produce": 1.439, "consumption": 0.143, "ratioPC": 0.32600000000000007, "maxBatteryPerDay": 8.75, "maxAtThisDay": 100, "batteryLevelPercentage": 0.7006596651282604, "buyPrice": 0.149072, "sellPrice": 0.1, "batteryLevel": 70.06596651282604, "maxBatteryForMonth": 100, "Temperature": 23.7, "ratioPc": "noData"}