{"bought": 585.15, "sold": 92.83, "Time_string": "Last update at 14:35 - 27/08/2024", "produce": 4.665, "consumption": 4.212, "ratioPC": 0.4660000000000002, "maxBatteryPerDay": 8.75, "maxAtThisDay": 100, "batteryLevelPercentage": -5.228780777074165, "buyPrice": 0.149072, "sellPrice": 0.1, "batteryLevel": -522.8780777074165, "maxBatteryForMonth": 100, "Temperature": 34.6, "ratioPc": "noData"}