{"bought": 695.92, "sold": 108.45, "Time_string": "Last update at 15:38 - 31/08/2024", "produce": 3.914, "consumption": 4.347, "ratioPC": -1.3770000000000002, "maxBatteryPerDay": 8.75, "maxAtThisDay": 100, "batteryLevelPercentage": -6.231699195019855, "buyPrice": 0.149072, "sellPrice": 0.1, "batteryLevel": -623.1699195019855, "maxBatteryForMonth": 100, "Temperature": 33.6, "ratioPc": "noData"}