{"bought": 294.38, "sold": 693.31, "Time_string": "Last update at 02:39 - 31/05/2024", "produce": 0.0, "consumption": 0.162, "ratioPC": -0.201, "maxBatteryPerDay": 8.75, "maxAtThisDay": 100, "batteryLevelPercentage": 1.7070398626167218, "buyPrice": 0.149072, "sellPrice": 0.1, "batteryLevel": 170.70398626167218, "maxBatteryForMonth": 100, "Temperature": 20.7, "ratioPc": "noData"}