{"bought": 38.75, "sold": 144.68, "Time_string": "Last update at 17:13 - 09/09/2023", "produce": 4.028, "consumption": 0.907, "ratioPC": 3.1209999999999996, "maxBatteryPerDay": 8.75, "maxAtThisDay": 10, "batteryLevelPercentage": 5.830377267360738, "buyPrice": 0.149072, "sellPrice": 0.1, "batteryLevel": 58.303772673607384, "maxBatteryForMonth": 10, "Temperature": 28.8, "ratioPc": "noData"}