{"bought": 205.63, "sold": 274.41, "Time_string": "Last update at 18:12 - 18/09/2024", "produce": 2.407, "consumption": 1.203, "ratioPC": 1.3090000000000002, "maxBatteryPerDay": 8.75, "maxAtThisDay": 100, "batteryLevelPercentage": -0.21551165611248252, "buyPrice": 0.149072, "sellPrice": 0.1, "batteryLevel": -21.55116561124825, "maxBatteryForMonth": 100, "Temperature": 26.8, "ratioPc": "noData"}