{"bought": 189.63, "sold": 441.49, "Time_string": "Last update at 20:45 - 19/05/2024", "produce": 0.121, "consumption": 0.227, "ratioPC": -0.036000000000000004, "maxBatteryPerDay": 8.75, "maxAtThisDay": 100, "batteryLevelPercentage": 1.0652890308039065, "buyPrice": 0.149072, "sellPrice": 0.1, "batteryLevel": 106.52890308039065, "maxBatteryForMonth": 100, "Temperature": 19.5, "ratioPc": "noData"}