{"bought": 205.47, "sold": 270.03, "Time_string": "Last update at 15:42 - 18/09/2024", "produce": 1.476, "consumption": 2.081, "ratioPC": 0.8440000000000001, "maxBatteryPerDay": 8.75, "maxAtThisDay": 100, "batteryLevelPercentage": -0.24329343136202652, "buyPrice": 0.149072, "sellPrice": 0.1, "batteryLevel": -24.329343136202652, "maxBatteryForMonth": 100, "Temperature": 29.1, "ratioPc": "noData"}