{"bought": 236.14, "sold": 309.12, "Time_string": "Last update at 12:30 - 22/09/2024", "produce": 3.97, "consumption": 5.602, "ratioPC": -3.5210000000000004, "maxBatteryPerDay": 8.75, "maxAtThisDay": 100, "batteryLevelPercentage": -0.28777114951164523, "buyPrice": 0.149072, "sellPrice": 0.1, "batteryLevel": -28.77711495116452, "maxBatteryForMonth": 100, "Temperature": 24.0, "ratioPc": "noData"}