{"bought": 191.14, "sold": 202.13, "Time_string": "Last update at 18:59 - 17/10/2024", "produce": 0.383, "consumption": 0.094, "ratioPC": 0.3969999999999999, "maxBatteryPerDay": 8.75, "maxAtThisDay": 100, "batteryLevelPercentage": -0.5554780294086078, "buyPrice": 0.149072, "sellPrice": 0.1, "batteryLevel": -55.54780294086078, "maxBatteryForMonth": 100, "Temperature": 19.0, "ratioPc": "noData"}