{"bought": 159.71, "sold": 145.73, "Time_string": "Last update at 14:49 - 22/12/2023", "produce": 4.291, "consumption": 4.364, "ratioPC": 0.041999999999999815, "maxBatteryPerDay": 8.75, "maxAtThisDay": 100, "batteryLevelPercentage": -0.619518697005474, "buyPrice": 0.149072, "sellPrice": 0.1, "batteryLevel": -61.951869700547405, "maxBatteryForMonth": 100, "Temperature": 16.8, "ratioPc": "noData"}