{"bought": 278.31, "sold": 317.29, "Time_string": "Last update at 18:04 - 26/07/2023", "produce": 3.402, "consumption": 3.37, "buyPrice": 0.149072, "sellPrice": 0.1, "batteryLevel": -65.46654180530214, "maxBatteryPerDay": 8.75, "batteryLevelPercentage": -6.546654180530214, "maxAtThisDay": 10, "ratioPC": 0.03200000000000003, "maxBatteryForMonth": 10, "ratioPc": "noData"}