{"bought": 137.94, "sold": 139.13, "Time_string": "Last update at 14:24 - 20/12/2023", "produce": 0.843, "consumption": 0.297, "ratioPC": 0.577, "maxBatteryPerDay": 8.75, "maxAtThisDay": 100, "batteryLevelPercentage": -0.4460926049157454, "buyPrice": 0.149072, "sellPrice": 0.1, "batteryLevel": -44.609260491574545, "maxBatteryForMonth": 100, "Temperature": 11.4, "ratioPc": "noData"}