{"bought": 278.89, "sold": 323.28, "Time_string": "Last update at 10:49 - 25/10/2024", "produce": 0.37, "consumption": 0.167, "ratioPC": 0.12599999999999997, "maxBatteryPerDay": 8.75, "maxAtThisDay": 100, "batteryLevelPercentage": -0.6202834925405176, "buyPrice": 0.149072, "sellPrice": 0.1, "batteryLevel": -62.02834925405176, "maxBatteryForMonth": 100, "Temperature": 19.0, "ratioPc": "noData"}