{"bought": 21.08, "sold": 57.39, "Time_string": "Last update at 20:49 - 04/09/2023", "produce": 0.017, "consumption": 0.288, "ratioPC": -0.27099999999999996, "maxBatteryPerDay": 8.75, "maxAtThisDay": 10, "batteryLevelPercentage": 1.741817537834067, "buyPrice": 0.149072, "sellPrice": 0.1, "batteryLevel": 17.41817537834067, "maxBatteryForMonth": 10, "Temperature": 22.2, "ratioPc": "noData"}