{"bought": 332.57, "sold": 366.12, "Time_string": "Last update at 15:29 - 29/10/2024", "produce": 0.014, "consumption": 0.279, "ratioPC": -0.25899999999999995, "maxBatteryPerDay": 8.75, "maxAtThisDay": 100, "batteryLevelPercentage": -0.8697055811956639, "buyPrice": 0.149072, "sellPrice": 0.1, "batteryLevel": -86.97055811956639, "maxBatteryForMonth": 100, "Temperature": 18.0, "ratioPc": "noData"}