{"bought": 171.38, "sold": 187.54, "Time_string": "Last update at 10:16 - 15/11/2024", "produce": 1.999, "consumption": 0.181, "ratioPC": 1.751, "maxBatteryPerDay": 8.75, "maxAtThisDay": 100, "batteryLevelPercentage": -0.4557501985617688, "buyPrice": 0.149072, "sellPrice": 0.1, "batteryLevel": -45.57501985617688, "maxBatteryForMonth": 100, "Temperature": 15.3, "ratioPc": "noData"}