{"bought": 70.0, "sold": 54.12, "Time_string": "Last update at 17:06 - 06/06/2024", "produce": 1.89, "consumption": 3.53, "ratioPC": -0.15600000000000014, "maxBatteryPerDay": 8.75, "maxAtThisDay": 52.5, "batteryLevelPercentage": -0.641817057401473, "buyPrice": 0.149072, "sellPrice": 0.1, "batteryLevel": -33.69539551357733, "maxBatteryForMonth": 100, "Temperature": 34.9, "ratioPc": "noData"}