{"bought": 39.69, "sold": 107.73, "Time_string": "Last update at 13:57 - 07/10/2023", "produce": 4.175, "consumption": 5.966, "ratioPC": -1.7910000000000004, "maxBatteryPerDay": 8.75, "maxAtThisDay": 10, "batteryLevelPercentage": 3.2577092411720514, "buyPrice": 0.149072, "sellPrice": 0.1, "batteryLevel": 32.577092411720514, "maxBatteryForMonth": 10, "Temperature": 33.9, "ratioPc": "noData"}