{"bought": 117.6, "sold": 285.35, "Time_string": "Last update at 23:52 - 18/06/2023", "produce": 0.0, "consumption": 0.307, "ratioPc": "noData", "buyPrice": 0.149072, "sellPrice": 0.1, "batteryLevel": 73.81757003327252, "maxBatteryPerDay": 8.75, "batteryLevelPercentage": 0.4686829843382382, "maxAtThisDay": 157.5, "ratioPC": -0.307}