{"bought": 34.79, "sold": 123.04, "Time_string": "Last update at 15:06 - 08/09/2023", "produce": 4.856, "consumption": 1.144, "ratioPC": 3.7119999999999997, "maxBatteryPerDay": 8.75, "maxAtThisDay": 10, "batteryLevelPercentage": 4.774729741333048, "buyPrice": 0.149072, "sellPrice": 0.1, "batteryLevel": 47.74729741333048, "maxBatteryForMonth": 10, "Temperature": 29.1, "ratioPc": "noData"}