{"bought": 280.17, "sold": 690.04, "Time_string": "Last update at 04:49 - 30/05/2024", "produce": 0.0, "consumption": 0.124, "ratioPC": -0.155, "maxBatteryPerDay": 8.75, "maxAtThisDay": 100, "batteryLevelPercentage": 1.8272041536975423, "buyPrice": 0.149072, "sellPrice": 0.1, "batteryLevel": 182.72041536975422, "maxBatteryForMonth": 100, "Temperature": 18.2, "ratioPc": "noData"}