{"bought": 106.39, "sold": 127.24, "Time_string": "Last update at 02:58 - 11/06/2024", "produce": 0.0, "consumption": 0.123, "ratioPC": -0.162, "maxBatteryPerDay": 8.75, "maxAtThisDay": 96.25, "batteryLevelPercentage": -0.2185482813848168, "buyPrice": 0.149072, "sellPrice": 0.1, "batteryLevel": -21.035272083288618, "maxBatteryForMonth": 100, "Temperature": 17.0, "ratioPc": "noData"}