{"bought": 180.4, "sold": 219.49, "Time_string": "Last update at 15:22 - 17/11/2024", "produce": 2.814, "consumption": 0.371, "ratioPC": 2.245, "maxBatteryPerDay": 8.75, "maxAtThisDay": 100, "batteryLevelPercentage": -0.3316242352688633, "buyPrice": 0.149072, "sellPrice": 0.1, "batteryLevel": -33.16242352688633, "maxBatteryForMonth": 100, "Temperature": 20.6, "ratioPc": "noData"}