{"bought": 222.45, "sold": 133.04, "Time_string": "Last update at 14:32 - 22/01/2024", "produce": 4.048, "consumption": 0.414, "ratioPC": 2.2850000000000006, "maxBatteryPerDay": 8.75, "maxAtThisDay": 100, "batteryLevelPercentage": -1.3320453472147689, "buyPrice": 0.149072, "sellPrice": 0.1, "batteryLevel": -133.20453472147688, "maxBatteryForMonth": 100, "Temperature": 16.6, "ratioPc": "noData"}