{"bought": 89.64, "sold": 414.35, "Time_string": "Last update at 17:35 - 22/09/2023", "produce": 2.715, "consumption": 0.104, "ratioPC": 2.6109999999999998, "maxBatteryPerDay": 8.75, "maxAtThisDay": 10, "batteryLevelPercentage": 18.831293549425784, "buyPrice": 0.149072, "sellPrice": 0.1, "batteryLevel": 188.31293549425783, "maxBatteryForMonth": 10, "Temperature": 25.4, "ratioPc": "noData"}