{"bought": 302.81, "sold": 352.61, "Time_string": "Last update at 07:33 - 29/07/2023", "produce": 0.016, "consumption": 0.114, "buyPrice": 0.149072, "sellPrice": 0.1, "batteryLevel": -66.27329290544168, "maxBatteryPerDay": 8.75, "batteryLevelPercentage": -6.627329290544168, "maxAtThisDay": 10, "ratioPC": -0.098, "maxBatteryForMonth": 10, "ratioPc": "noData"}