{"bought": 66.84, "sold": 138.63, "Time_string": "Last update at 20:48 - 09/09/2024", "produce": 0.007, "consumption": 0.21, "ratioPC": -0.192, "maxBatteryPerDay": 8.75, "maxAtThisDay": 78.75, "batteryLevelPercentage": 0.33213118876401027, "buyPrice": 0.149072, "sellPrice": 0.1, "batteryLevel": 26.155331115165808, "maxBatteryForMonth": 100, "Temperature": 23.2, "ratioPc": "noData"}