{"bought": 218.66, "sold": 378.04, "Time_string": "Last update at 16:01 - 27/06/2023", "produce": 4.453, "consumption": 3.343, "buyPrice": 0.149072, "sellPrice": 0.1, "batteryLevel": 34.93557797574326, "maxBatteryPerDay": 8.75, "batteryLevelPercentage": 0.3493557797574326, "maxAtThisDay": 100, "ratioPC": 1.1100000000000003, "maxBatteryForMonth": 100, "ratioPc": "noData"}