{"bought": 295.8, "sold": 695.9, "Time_string": "Last update at 12:15 - 31/05/2024", "produce": 3.559, "consumption": 3.16, "ratioPC": 0.4379999999999997, "maxBatteryPerDay": 8.75, "maxAtThisDay": 100, "batteryLevelPercentage": 1.710214017387571, "buyPrice": 0.149072, "sellPrice": 0.1, "batteryLevel": 171.0214017387571, "maxBatteryForMonth": 100, "Temperature": 31.8, "ratioPc": "noData"}