{"bought": 85.83, "sold": 392.94, "Time_string": "Last update at 17:21 - 21/09/2023", "produce": 0.469, "consumption": 0.376, "ratioPC": 0.09299999999999997, "maxBatteryPerDay": 8.75, "maxAtThisDay": 10, "batteryLevelPercentage": 17.776074809488033, "buyPrice": 0.149072, "sellPrice": 0.1, "batteryLevel": 177.76074809488034, "maxBatteryForMonth": 10, "Temperature": 23.6, "ratioPc": "noData"}