{"bought": 290.59, "sold": 692.84, "Time_string": "Last update at 18:12 - 30/05/2024", "produce": 2.991, "consumption": 4.884, "ratioPC": -1.1369999999999996, "maxBatteryPerDay": 8.75, "maxAtThisDay": 100, "batteryLevelPercentage": 1.741787023720082, "buyPrice": 0.149072, "sellPrice": 0.1, "batteryLevel": 174.17870237200822, "maxBatteryForMonth": 100, "Temperature": 34.8, "ratioPc": "noData"}