{"bought": 207.44, "sold": 558.29, "Time_string": "Last update at 04:28 - 24/05/2024", "produce": 0.0, "consumption": 0.184, "ratioPC": -0.161, "maxBatteryPerDay": 8.75, "maxAtThisDay": 100, "batteryLevelPercentage": 1.6707030374584093, "buyPrice": 0.149072, "sellPrice": 0.1, "batteryLevel": 167.07030374584093, "maxBatteryForMonth": 100, "Temperature": 15.5, "ratioPc": "noData"}