{"bought": 340.01, "sold": 55.47, "Time_string": "Last update at 12:58 - 17/08/2024", "produce": 4.132, "consumption": 4.364, "ratioPC": -0.12400000000000055, "maxBatteryPerDay": 8.75, "maxAtThisDay": 100, "batteryLevelPercentage": -3.027997928517763, "buyPrice": 0.149072, "sellPrice": 0.1, "batteryLevel": -302.7997928517763, "maxBatteryForMonth": 100, "Temperature": 33.9, "ratioPc": "noData"}