{"bought": 263.06, "sold": 207.81, "Time_string": "Last update at 14:44 - 23/08/2023", "produce": 4.54, "consumption": 3.606, "ratioPC": 0.9340000000000002, "maxBatteryPerDay": 8.75, "maxAtThisDay": 10, "batteryLevelPercentage": -12.365756359343134, "buyPrice": 0.149072, "sellPrice": 0.1, "batteryLevel": -123.65756359343135, "maxBatteryForMonth": 10, "Temperature": 39.7, "ratioPc": "noData"}