{"bought": 127.13, "sold": 173.03, "Time_string": "Last update at 20:11 - 12/11/2024", "produce": 0.0, "consumption": 0.317, "ratioPC": -1.677, "maxBatteryPerDay": 8.75, "maxAtThisDay": 100, "batteryLevelPercentage": -0.11058571428571426, "buyPrice": 0.149072, "sellPrice": 0.1, "batteryLevel": -11.058571428571426, "maxBatteryForMonth": 100, "Temperature": 16.8, "ratioPc": "noData"}