{"bought": 208.98, "sold": 578.88, "Time_string": "Last update at 16:33 - 24/05/2024", "produce": 4.268, "consumption": 5.793, "ratioPC": -3.1830000000000007, "maxBatteryPerDay": 8.75, "maxAtThisDay": 100, "batteryLevelPercentage": 1.793424213802726, "buyPrice": 0.149072, "sellPrice": 0.1, "batteryLevel": 179.3424213802726, "maxBatteryForMonth": 100, "Temperature": 30.5, "ratioPc": "noData"}