{"bought": 20.17, "sold": 25.75, "Time_string": "Last update at 09:16 - 03/07/2023", "produce": 0.35, "consumption": 0.13, "buyPrice": 0.149072, "sellPrice": 0.1, "batteryLevel": -2.8964677471289058, "maxBatteryPerDay": 8.75, "batteryLevelPercentage": -0.2896467747128906, "maxAtThisDay": 10, "ratioPC": 0.21999999999999997, "maxBatteryForMonth": 10, "ratioPc": "noData"}