{"bought": 43.0, "sold": 64.71, "Time_string": "Last update at 17:31 - 05/07/2023", "produce": 3.811, "consumption": 2.08, "buyPrice": 0.149072, "sellPrice": 0.1, "batteryLevel": 0.40855425566169146, "maxBatteryPerDay": 8.75, "batteryLevelPercentage": 0.04085542556616915, "maxAtThisDay": 10, "ratioPC": 1.7309999999999999, "maxBatteryForMonth": 10, "ratioPc": "noData"}