{"bought": 115.94, "sold": 152.5, "Time_string": "Last update at 21:17 - 12/07/2023", "produce": 0.06, "consumption": 1.329, "buyPrice": 0.149072, "sellPrice": 0.1, "batteryLevel": -13.640440055811965, "maxBatteryPerDay": 8.75, "batteryLevelPercentage": -1.3640440055811964, "maxAtThisDay": 10, "ratioPC": -1.269, "maxBatteryForMonth": 10, "ratioPc": "noData"}