{"bought": 138.97, "sold": 338.89, "Time_string": "Last update at 12:41 - 22/06/2023", "produce": 4.03, "consumption": 0.952, "ratioPc": "noData", "buyPrice": 0.149072, "sellPrice": 0.1, "batteryLevel": 88.363100783514, "maxBatteryPerDay": 8.75, "batteryLevelPercentage": 0.4590290949792935, "maxAtThisDay": 192.5, "ratioPC": 3.0780000000000003}