{"bought": 102.09, "sold": 102.92, "Time_string": "Last update at 19:20 - 09/06/2024", "produce": 0.794, "consumption": 0.184, "ratioPC": 1.0030000000000001, "maxBatteryPerDay": 8.75, "maxAtThisDay": 78.75, "batteryLevelPercentage": -0.41967665182777336, "buyPrice": 0.149072, "sellPrice": 0.1, "batteryLevel": -33.04953633143715, "maxBatteryForMonth": 100, "Temperature": 23.0, "ratioPc": "noData"}