{"bought": 81.43, "sold": 355.56, "Time_string": "Last update at 08:51 - 20/09/2023", "produce": 0.13, "consumption": 0.106, "ratioPC": 0.024000000000000007, "maxBatteryPerDay": 8.75, "maxAtThisDay": 10, "batteryLevelPercentage": 15.708561661479019, "buyPrice": 0.149072, "sellPrice": 0.1, "batteryLevel": 157.08561661479018, "maxBatteryForMonth": 10, "Temperature": 16.0, "ratioPc": "noData"}