{"bought": 39.52, "sold": 149.1, "Time_string": "Last update at 19:55 - 09/09/2023", "produce": 0.106, "consumption": 1.464, "ratioPC": -1.3579999999999999, "maxBatteryPerDay": 8.75, "maxAtThisDay": 10, "batteryLevelPercentage": 6.049878287002253, "buyPrice": 0.149072, "sellPrice": 0.1, "batteryLevel": 60.49878287002253, "maxBatteryForMonth": 10, "Temperature": 26.1, "ratioPc": "noData"}