{"bought": 138.23, "sold": 139.19, "Time_string": "Last update at 14:50 - 20/12/2023", "produce": 0.76, "consumption": 2.553, "ratioPC": -1.5959999999999999, "maxBatteryPerDay": 8.75, "maxAtThisDay": 100, "batteryLevelPercentage": -0.4485901148438337, "buyPrice": 0.149072, "sellPrice": 0.1, "batteryLevel": -44.85901148438337, "maxBatteryForMonth": 100, "Temperature": 11.8, "ratioPc": "noData"}