{"bought": 63.33, "sold": 46.56, "Time_string": "Last update at 18:41 - 05/06/2024", "produce": 2.468, "consumption": 2.962, "ratioPC": -0.524, "maxBatteryPerDay": 8.75, "maxAtThisDay": 43.75, "batteryLevelPercentage": -0.7336404667351537, "buyPrice": 0.149072, "sellPrice": 0.1, "batteryLevel": -32.096770419662974, "maxBatteryForMonth": 100, "Temperature": 33.3, "ratioPc": "noData"}