{"bought": 222.09, "sold": 379.0, "Time_string": "Last update at 02:43 - 28/06/2023", "produce": 0.0, "consumption": 0.087, "buyPrice": 0.149072, "sellPrice": 0.1, "batteryLevel": 32.14956209080174, "maxBatteryPerDay": 8.75, "batteryLevelPercentage": 0.32149562090801737, "maxAtThisDay": 100, "ratioPC": -0.087, "maxBatteryForMonth": 100, "ratioPc": "noData"}