{"bought": 70.44, "sold": 154.92, "Time_string": "Last update at 15:33 - 10/09/2024", "produce": 4.756, "consumption": 1.241, "ratioPC": 3.7639999999999993, "maxBatteryPerDay": 8.75, "maxAtThisDay": 87.5, "batteryLevelPercentage": 0.38266213220073886, "buyPrice": 0.149072, "sellPrice": 0.1, "batteryLevel": 33.48293656756465, "maxBatteryForMonth": 100, "Temperature": 29.6, "ratioPc": "noData"}