{"bought": 281.58, "sold": 212.83, "Time_string": "Last update at 16:48 - 24/08/2023", "produce": 3.664, "consumption": 3.629, "ratioPC": 0.03500000000000014, "maxBatteryPerDay": 8.75, "maxAtThisDay": 10, "batteryLevelPercentage": -13.881006332510463, "buyPrice": 0.149072, "sellPrice": 0.1, "batteryLevel": -138.81006332510464, "maxBatteryForMonth": 10, "Temperature": 41.8, "ratioPc": "noData"}