{"bought": 208.01, "sold": 562.53, "Time_string": "Last update at 11:50 - 24/05/2024", "produce": 3.456, "consumption": 0.214, "ratioPC": 3.1390000000000002, "maxBatteryPerDay": 8.75, "maxAtThisDay": 100, "batteryLevelPercentage": 1.693445669206826, "buyPrice": 0.149072, "sellPrice": 0.1, "batteryLevel": 169.3445669206826, "maxBatteryForMonth": 100, "Temperature": 24.9, "ratioPc": "noData"}