{"bought": 137.9, "sold": 335.12, "Time_string": "Last update at 23:23 - 21/06/2023", "produce": 0.0, "consumption": 0.092, "ratioPc": "noData", "buyPrice": 0.149072, "sellPrice": 0.1, "batteryLevel": 86.90412149833637, "maxBatteryPerDay": 8.75, "batteryLevelPercentage": 0.4729475999909462, "maxAtThisDay": 183.75, "ratioPC": -0.092}