{"bought": 280.23, "sold": 690.04, "Time_string": "Last update at 05:07 - 30/05/2024", "produce": 0.0, "consumption": 0.156, "ratioPC": -0.116, "maxBatteryPerDay": 8.75, "maxAtThisDay": 100, "batteryLevelPercentage": 1.8266041536975421, "buyPrice": 0.149072, "sellPrice": 0.1, "batteryLevel": 182.66041536975422, "maxBatteryForMonth": 100, "Temperature": 18.1, "ratioPc": "noData"}