{"bought": 178.21, "sold": 106.39, "Time_string": "Last update at 18:37 - 19/01/2024", "produce": 0.013, "consumption": 0.469, "ratioPC": -0.376, "maxBatteryPerDay": 8.75, "maxAtThisDay": 100, "batteryLevelPercentage": -1.0684180208221532, "buyPrice": 0.149072, "sellPrice": 0.1, "batteryLevel": -106.84180208221531, "maxBatteryForMonth": 100, "Temperature": 13.4, "ratioPc": "noData"}