{"bought": 510.37, "sold": 80.29, "Time_string": "Last update at 14:30 - 23/08/2024", "produce": 4.743, "consumption": 3.241, "ratioPC": -1.2930000000000001, "maxBatteryPerDay": 8.75, "maxAtThisDay": 100, "batteryLevelPercentage": -4.565101202103682, "buyPrice": 0.149072, "sellPrice": 0.1, "batteryLevel": -456.51012021036814, "maxBatteryForMonth": 100, "Temperature": 33.5, "ratioPc": "noData"}