{"bought": 187.05, "sold": 412.8, "Time_string": "Last update at 19:10 - 18/05/2024", "produce": 2.109, "consumption": 0.261, "ratioPC": 1.9680000000000002, "maxBatteryPerDay": 8.75, "maxAtThisDay": 100, "batteryLevelPercentage": 0.8986316947515292, "buyPrice": 0.149072, "sellPrice": 0.1, "batteryLevel": 89.86316947515292, "maxBatteryForMonth": 100, "Temperature": 23.6, "ratioPc": "noData"}