{"bought": 177.44, "sold": 367.31, "Time_string": "Last update at 08:57 - 25/06/2023", "produce": 0.312, "consumption": 0.154, "ratioPc": "noData", "buyPrice": 0.149072, "sellPrice": 0.1, "batteryLevel": 68.95771385639154, "maxBatteryPerDay": 8.75, "batteryLevelPercentage": 0.31523526334350416, "maxAtThisDay": 218.75, "ratioPC": 0.158}