{"bought": 145.17, "sold": 228.7, "Time_string": "Last update at 12:49 - 15/09/2024", "produce": 3.994, "consumption": 5.537, "ratioPC": -1.5199999999999996, "maxBatteryPerDay": 8.75, "maxAtThisDay": 100, "batteryLevelPercentage": 0.08245799076956103, "buyPrice": 0.149072, "sellPrice": 0.1, "batteryLevel": 8.245799076956104, "maxBatteryForMonth": 100, "Temperature": 28.6, "ratioPc": "noData"}