{"bought": 21.31, "sold": 44.17, "Time_string": "Last update at 09:03 - 03/10/2024", "produce": 0.106, "consumption": 4.583, "ratioPC": -4.471, "maxBatteryPerDay": 8.75, "maxAtThisDay": 26.25, "batteryLevelPercentage": 0.3169515223068943, "buyPrice": 0.149072, "sellPrice": 0.1, "batteryLevel": 8.319977460555975, "maxBatteryForMonth": 100, "Temperature": 20.1, "ratioPc": "noData"}