{"bought": 59.73, "sold": 218.2, "Time_string": "Last update at 18:02 - 13/06/2023", "produce": 4.044, "consumption": 2.001, "ratioPc": null, "buyPrice": 0.149072, "sellPrice": 0.1, "batteryLevel": 86.64222281850383, "maxBatteryPerDay": 8.75, "batteryLevelPercentage": 0.7616898709319018, "maxAtThisDay": 113.75, "ratioPC": 2.0429999999999997}