{"bought": 226.8, "sold": 320.14, "Time_string": "Last update at 08:08 - 20/06/2024", "produce": 0.212, "consumption": 0.169, "ratioPC": -0.01200000000000001, "maxBatteryPerDay": 8.75, "maxAtThisDay": 100, "batteryLevelPercentage": -0.12044713963722245, "buyPrice": 0.149072, "sellPrice": 0.1, "batteryLevel": -12.044713963722245, "maxBatteryForMonth": 100, "Temperature": 14.3, "ratioPc": "noData"}