{"bought": 183.31, "sold": 106.85, "Time_string": "Last update at 10:14 - 20/01/2024", "produce": 1.505, "consumption": 0.363, "ratioPC": 1.0530000000000002, "maxBatteryPerDay": 8.75, "maxAtThisDay": 100, "batteryLevelPercentage": -1.1163322636041644, "buyPrice": 0.149072, "sellPrice": 0.1, "batteryLevel": -111.63322636041644, "maxBatteryForMonth": 100, "Temperature": 7.2, "ratioPc": "noData"}