{"bought": 74.21, "sold": 55.96, "Time_string": "Last update at 15:10 - 10/12/2023", "produce": 3.559, "consumption": 0.389, "ratioPC": 3.7629999999999995, "maxBatteryPerDay": 8.75, "maxAtThisDay": 87.5, "batteryLevelPercentage": -0.4190982014443643, "buyPrice": 0.149072, "sellPrice": 0.1, "batteryLevel": -36.67109262638188, "maxBatteryForMonth": 100, "Temperature": 19.0, "ratioPc": "noData"}