{"bought": 63.29, "sold": 64.48, "Time_string": "Last update at 14:19 - 07/08/2023", "produce": 4.454, "consumption": 3.315, "ratioPC": 1.1389999999999998, "maxBatteryPerDay": 8.75, "maxAtThisDay": 10, "batteryLevelPercentage": -2.0035733605237738, "buyPrice": 0.149072, "sellPrice": 0.1, "batteryLevel": -20.035733605237738, "maxBatteryForMonth": 10, "Temperature": 39.3, "ratioPc": "noData"}