{"bought": 100.28, "sold": 203.25, "Time_string": "Last update at 11:20 - 13/09/2024", "produce": 2.65, "consumption": 0.174, "ratioPC": 2.443, "maxBatteryPerDay": 8.75, "maxAtThisDay": 100, "batteryLevelPercentage": 0.3606351186004079, "buyPrice": 0.149072, "sellPrice": 0.1, "batteryLevel": 36.06351186004079, "maxBatteryForMonth": 100, "Temperature": 27.7, "ratioPc": "noData"}