{"bought": 173.44, "sold": 170.5, "Time_string": "Last update at 13:57 - 24/12/2023", "produce": 4.276, "consumption": 4.775, "ratioPC": -0.48499999999999943, "maxBatteryPerDay": 8.75, "maxAtThisDay": 100, "batteryLevelPercentage": -0.5906573789846518, "buyPrice": 0.149072, "sellPrice": 0.1, "batteryLevel": -59.06573789846517, "maxBatteryForMonth": 100, "Temperature": 15.0, "ratioPc": "noData"}