{"bought": 132.33, "sold": 185.43, "Time_string": "Last update at 16:54 - 13/11/2024", "produce": 0.825, "consumption": 1.238, "ratioPC": 0.504, "maxBatteryPerDay": 8.75, "maxAtThisDay": 100, "batteryLevelPercentage": -0.07940443275732534, "buyPrice": 0.149072, "sellPrice": 0.1, "batteryLevel": -7.940443275732534, "maxBatteryForMonth": 100, "Temperature": 15.1, "ratioPc": "noData"}