{"bought": 80.6, "sold": 131.25, "Time_string": "Last update at 07:44 - 10/07/2023", "produce": 0.075, "consumption": 0.139, "buyPrice": 0.149072, "sellPrice": 0.1, "batteryLevel": 7.444703230653644, "maxBatteryPerDay": 8.75, "batteryLevelPercentage": 0.7444703230653644, "maxAtThisDay": 10, "ratioPC": -0.06400000000000002, "maxBatteryForMonth": 10, "ratioPc": "noData"}