{"bought": 298.33, "sold": 371.54, "Time_string": "Last update at 12:14 - 27/09/2024", "produce": 3.83, "consumption": 0.116, "ratioPC": 3.511, "maxBatteryPerDay": 8.75, "maxAtThisDay": 100, "batteryLevelPercentage": -0.49094731136631936, "buyPrice": 0.149072, "sellPrice": 0.1, "batteryLevel": -49.094731136631935, "maxBatteryForMonth": 100, "Temperature": 22.2, "ratioPc": "noData"}