{"bought": 210.9, "sold": 222.71, "Time_string": "Last update at 18:36 - 19/10/2024", "produce": 0.566, "consumption": 0.143, "ratioPC": 0.43999999999999995, "maxBatteryPerDay": 8.75, "maxAtThisDay": 100, "batteryLevelPercentage": -0.615023934742943, "buyPrice": 0.149072, "sellPrice": 0.1, "batteryLevel": -61.50239347429431, "maxBatteryForMonth": 100, "Temperature": 21.4, "ratioPc": "noData"}