{"bought": 313.12, "sold": 400.3, "Time_string": "Last update at 13:58 - 28/09/2024", "produce": 5.049, "consumption": 0.246, "ratioPC": 4.324999999999999, "maxBatteryPerDay": 8.75, "maxAtThisDay": 100, "batteryLevelPercentage": -0.4459204035633792, "buyPrice": 0.149072, "sellPrice": 0.1, "batteryLevel": -44.59204035633792, "maxBatteryForMonth": 100, "Temperature": 26.9, "ratioPc": "noData"}