{"bought": 201.75, "sold": 200.23, "Time_string": "Last update at 15:26 - 19/07/2023", "produce": 4.258, "consumption": 3.773, "buyPrice": 0.149072, "sellPrice": 0.1, "batteryLevel": -67.4323548352474, "maxBatteryPerDay": 8.75, "batteryLevelPercentage": -6.74323548352474, "maxAtThisDay": 10, "ratioPC": 0.4849999999999999, "maxBatteryForMonth": 10, "ratioPc": "noData"}