{"bought": 75.46, "sold": 24.43, "Time_string": "Last update at 12:45 - 07/01/2024", "produce": 4.344, "consumption": 4.258, "ratioPC": -0.4089999999999998, "maxBatteryPerDay": 8.75, "maxAtThisDay": 61.25, "batteryLevelPercentage": -0.9644399331483157, "buyPrice": 0.149072, "sellPrice": 0.1, "batteryLevel": -59.07194590533433, "maxBatteryForMonth": 100, "Temperature": 11.5, "ratioPc": "noData"}