{"bought": 125.45, "sold": 269.46, "Time_string": "Last update at 07:33 - 17/06/2024", "produce": 0.058, "consumption": 0.164, "ratioPC": -0.112, "maxBatteryPerDay": 8.75, "maxAtThisDay": 100, "batteryLevelPercentage": 0.5530829129548134, "buyPrice": 0.149072, "sellPrice": 0.1, "batteryLevel": 55.30829129548134, "maxBatteryForMonth": 100, "Temperature": 18.1, "ratioPc": "noData"}