{"bought": 235.57, "sold": 651.39, "Time_string": "Last update at 10:23 - 28/05/2024", "produce": 1.631, "consumption": 0.38, "ratioPC": 0.9279999999999999, "maxBatteryPerDay": 8.75, "maxAtThisDay": 100, "batteryLevelPercentage": 2.0139334657078454, "buyPrice": 0.149072, "sellPrice": 0.1, "batteryLevel": 201.39334657078456, "maxBatteryForMonth": 100, "Temperature": 22.5, "ratioPc": "noData"}