{"bought": 77.06, "sold": 131.25, "Time_string": "Last update at 21:36 - 09/07/2023", "produce": 0.038, "consumption": 1.326, "buyPrice": 0.149072, "sellPrice": 0.1, "batteryLevel": 10.984703230653636, "maxBatteryPerDay": 8.75, "batteryLevelPercentage": 1.0984703230653636, "maxAtThisDay": 10, "ratioPC": -1.288, "maxBatteryForMonth": 10, "ratioPc": "noData"}