{"bought": 20.67, "sold": 26.2, "Time_string": "Last update at 13:59 - 03/08/2023", "produce": 4.655, "consumption": 4.077, "ratioPC": 0.5780000000000003, "maxBatteryPerDay": 8.75, "maxAtThisDay": 10, "batteryLevelPercentage": -0.3094600193195237, "buyPrice": 0.149072, "sellPrice": 0.1, "batteryLevel": -3.0946001931952374, "maxBatteryForMonth": 10, "Temperature": 33.0, "ratioPc": "noData"}