{"bought": 189.26, "sold": 441.49, "Time_string": "Last update at 19:58 - 19/05/2024", "produce": 0.5, "consumption": 1.24, "ratioPC": 0.8039999999999999, "maxBatteryPerDay": 8.75, "maxAtThisDay": 100, "batteryLevelPercentage": 1.0689890308039065, "buyPrice": 0.149072, "sellPrice": 0.1, "batteryLevel": 106.89890308039065, "maxBatteryForMonth": 100, "Temperature": 21.0, "ratioPc": "noData"}