{"bought": 298.33, "sold": 389.84, "Time_string": "Last update at 16:51 - 27/09/2024", "produce": 4.201, "consumption": 0.096, "ratioPC": 4.2989999999999995, "maxBatteryPerDay": 8.75, "maxAtThisDay": 100, "batteryLevelPercentage": -0.3681878394332938, "buyPrice": 0.149072, "sellPrice": 0.1, "batteryLevel": -36.81878394332938, "maxBatteryForMonth": 100, "Temperature": 26.0, "ratioPc": "noData"}