{"bought": 186.02, "sold": 173.38, "Time_string": "Last update at 15:46 - 25/12/2023", "produce": 2.372, "consumption": 5.299, "ratioPC": -2.8649999999999998, "maxBatteryPerDay": 8.75, "maxAtThisDay": 100, "batteryLevelPercentage": -0.697137855532897, "buyPrice": 0.149072, "sellPrice": 0.1, "batteryLevel": -69.7137855532897, "maxBatteryForMonth": 100, "Temperature": 14.5, "ratioPc": "noData"}