{"bought": 218.32, "sold": 375.77, "Time_string": "Last update at 13:29 - 27/06/2023", "produce": 4.298, "consumption": 5.396, "buyPrice": 0.149072, "sellPrice": 0.1, "batteryLevel": 33.752823870344514, "maxBatteryPerDay": 8.75, "batteryLevelPercentage": 0.3375282387034451, "maxAtThisDay": 100, "ratioPC": -1.0979999999999999, "maxBatteryForMonth": 100, "ratioPc": "noData"}