{"bought": 216.86, "sold": 595.88, "Time_string": "Last update at 15:19 - 25/05/2024", "produce": 4.736, "consumption": 2.537, "ratioPC": 2.246, "maxBatteryPerDay": 8.75, "maxAtThisDay": 100, "batteryLevelPercentage": 1.8286630675110012, "buyPrice": 0.149072, "sellPrice": 0.1, "batteryLevel": 182.86630675110013, "maxBatteryForMonth": 100, "Temperature": 31.3, "ratioPc": "noData"}