{"bought": 154.31, "sold": 293.28, "Time_string": "Last update at 13:32 - 18/06/2024", "produce": 0.957, "consumption": 0.943, "ratioPC": 0.912, "maxBatteryPerDay": 8.75, "maxAtThisDay": 100, "batteryLevelPercentage": 0.42427147150370276, "buyPrice": 0.149072, "sellPrice": 0.1, "batteryLevel": 42.427147150370274, "maxBatteryForMonth": 100, "Temperature": 24.5, "ratioPc": "noData"}