{"bought": 221.73, "sold": 252.06, "Time_string": "Last update at 19:45 - 21/07/2023", "produce": 1.308, "consumption": 3.63, "buyPrice": 0.149072, "sellPrice": 0.1, "batteryLevel": -52.643920789953825, "maxBatteryPerDay": 8.75, "batteryLevelPercentage": -5.264392078995383, "maxAtThisDay": 10, "ratioPC": -2.322, "maxBatteryForMonth": 10, "ratioPc": "noData"}