{"bought": 121.38, "sold": 151.46, "Time_string": "Last update at 18:20 - 11/11/2024", "produce": 0.025, "consumption": 0.311, "ratioPC": -0.269, "maxBatteryPerDay": 8.75, "maxAtThisDay": 96.25, "batteryLevelPercentage": -0.20548664429913763, "buyPrice": 0.149072, "sellPrice": 0.1, "batteryLevel": -19.778089513791997, "maxBatteryForMonth": 100, "Temperature": 18.7, "ratioPc": "noData"}