{"bought": 215.5, "sold": 207.84, "Time_string": "Last update at 13:29 - 20/07/2023", "produce": 4.469, "consumption": 0.124, "buyPrice": 0.149072, "sellPrice": 0.1, "batteryLevel": -76.07743908983576, "maxBatteryPerDay": 8.75, "batteryLevelPercentage": -7.6077439089835766, "maxAtThisDay": 10, "ratioPC": 4.345000000000001, "maxBatteryForMonth": 10, "ratioPc": "noData"}