{"bought": 169.85, "sold": 299.35, "Time_string": "Last update at 21:34 - 18/06/2024", "produce": 0.046, "consumption": 0.369, "ratioPC": -6.291, "maxBatteryPerDay": 8.75, "maxAtThisDay": 100, "batteryLevelPercentage": 0.30959005044542237, "buyPrice": 0.149072, "sellPrice": 0.1, "batteryLevel": 30.959005044542238, "maxBatteryForMonth": 100, "Temperature": 20.4, "ratioPc": "noData"}