{"bought": 243.05, "sold": 309.13, "Time_string": "Last update at 15:30 - 22/09/2024", "produce": 1.743, "consumption": 6.152, "ratioPC": -3.0519999999999996, "maxBatteryPerDay": 8.75, "maxAtThisDay": 100, "batteryLevelPercentage": -0.3568040678329936, "buyPrice": 0.149072, "sellPrice": 0.1, "batteryLevel": -35.68040678329936, "maxBatteryForMonth": 100, "Temperature": 26.5, "ratioPc": "noData"}