{"bought": 132.73, "sold": 323.79, "Time_string": "Last update at 14:25 - 21/06/2023", "produce": 4.817, "consumption": 1.218, "ratioPc": "noData", "buyPrice": 0.149072, "sellPrice": 0.1, "batteryLevel": 84.47376730707313, "maxBatteryPerDay": 8.75, "batteryLevelPercentage": 0.45972118262352724, "maxAtThisDay": 183.75, "ratioPC": 3.599}