{"bought": 329.06, "sold": 387.86, "Time_string": "Last update at 21:40 - 31/07/2023", "produce": 0.008, "consumption": 1.282, "ratioPC": -1.274, "maxBatteryPerDay": 8.75, "maxAtThisDay": 10, "batteryLevelPercentage": -6.887700118063753, "buyPrice": 0.149072, "sellPrice": 0.1, "batteryLevel": -68.87700118063754, "maxBatteryForMonth": 10, "Temperature": "32.0"}