{"bought": 314.42, "sold": 370.44, "Time_string": "Last update at 15:51 - 30/07/2023", "produce": 4.775, "consumption": 4.785, "buyPrice": 0.149072, "sellPrice": 0.1, "batteryLevel": -65.92262960180315, "maxBatteryPerDay": 8.75, "batteryLevelPercentage": -6.5922629601803155, "maxAtThisDay": 10, "ratioPC": -0.009999999999999787, "maxBatteryForMonth": 10, "ratioPc": "noData"}