{"bought": 327.52, "sold": 51.91, "Time_string": "Last update at 15:06 - 16/08/2024", "produce": 4.935, "consumption": 3.222, "ratioPC": 1.5120000000000005, "maxBatteryPerDay": 8.75, "maxAtThisDay": 100, "batteryLevelPercentage": -2.926979006117849, "buyPrice": 0.149072, "sellPrice": 0.1, "batteryLevel": -292.6979006117849, "maxBatteryForMonth": 100, "Temperature": 36.1, "ratioPc": "noData"}