{"bought": 131.34, "sold": 144.33, "Time_string": "Last update at 04:17 - 12/10/2024", "produce": 0.0, "consumption": 0.131, "ratioPC": -0.092, "maxBatteryPerDay": 8.75, "maxAtThisDay": 100, "batteryLevelPercentage": -0.34521013201674366, "buyPrice": 0.149072, "sellPrice": 0.1, "batteryLevel": -34.521013201674364, "maxBatteryForMonth": 100, "Temperature": 20.0, "ratioPc": "noData"}