{"bought": 476.94, "sold": 74.18, "Time_string": "Last update at 15:48 - 22/08/2024", "produce": 4.69, "consumption": 3.609, "ratioPC": 1.1509999999999994, "maxBatteryPerDay": 8.75, "maxAtThisDay": 100, "batteryLevelPercentage": -4.271788107760008, "buyPrice": 0.149072, "sellPrice": 0.1, "batteryLevel": -427.17881077600083, "maxBatteryForMonth": 100, "Temperature": 33.8, "ratioPc": "noData"}