{"bought": 215.5, "sold": 203.59, "Time_string": "Last update at 12:22 - 20/07/2023", "produce": 3.7, "consumption": 0.808, "buyPrice": 0.149072, "sellPrice": 0.1, "batteryLevel": -78.92841043254265, "maxBatteryPerDay": 8.75, "batteryLevelPercentage": -7.892841043254265, "maxAtThisDay": 10, "ratioPC": 2.8920000000000003, "maxBatteryForMonth": 10, "ratioPc": "noData"}