{"bought": 181.67, "sold": 172.36, "Time_string": "Last update at 09:51 - 25/12/2023", "produce": 0.755, "consumption": 0.187, "ratioPC": 0.43900000000000006, "maxBatteryPerDay": 8.75, "maxAtThisDay": 100, "batteryLevelPercentage": -0.6604801867553932, "buyPrice": 0.149072, "sellPrice": 0.1, "batteryLevel": -66.04801867553932, "maxBatteryForMonth": 100, "Temperature": 5.8, "ratioPc": "noData"}