{"bought": 47.18, "sold": 51.72, "Time_string": "Last update at 18:19 - 03/10/2024", "produce": 1.332, "consumption": 0.143, "ratioPC": 1.8299999999999998, "maxBatteryPerDay": 8.75, "maxAtThisDay": 26.25, "batteryLevelPercentage": -0.4756326019513741, "buyPrice": 0.149072, "sellPrice": 0.1, "batteryLevel": -12.48535580122357, "maxBatteryForMonth": 100, "Temperature": 29.7, "ratioPc": "noData"}