{"bought": 126.62, "sold": 173.03, "Time_string": "Last update at 19:07 - 12/11/2024", "produce": 0.0, "consumption": 0.524, "ratioPC": -0.306, "maxBatteryPerDay": 8.75, "maxAtThisDay": 100, "batteryLevelPercentage": -0.10548571428571435, "buyPrice": 0.149072, "sellPrice": 0.1, "batteryLevel": -10.548571428571435, "maxBatteryForMonth": 100, "Temperature": 17.1, "ratioPc": "noData"}