{"bought": 230.02, "sold": 290.86, "Time_string": "Last update at 06:50 - 23/10/2024", "produce": 0.0, "consumption": 0.145, "ratioPC": -0.087, "maxBatteryPerDay": 8.75, "maxAtThisDay": 100, "batteryLevelPercentage": -0.34906229473006334, "buyPrice": 0.149072, "sellPrice": 0.1, "batteryLevel": -34.906229473006334, "maxBatteryForMonth": 100, "Temperature": 17.0, "ratioPc": "noData"}