{"bought": 112.58, "sold": 179.28, "Time_string": "Last update at 08:02 - 13/06/2024", "produce": 0.144, "consumption": 0.169, "ratioPC": -0.06300000000000001, "maxBatteryPerDay": 8.75, "maxAtThisDay": 100, "batteryLevelPercentage": 0.07684033487173977, "buyPrice": 0.149072, "sellPrice": 0.1, "batteryLevel": 7.684033487173977, "maxBatteryForMonth": 100, "Temperature": 16.1, "ratioPc": "noData"}