{"bought": 60.92, "sold": 107.79, "Time_string": "Last update at 16:07 - 08/09/2024", "produce": 4.54, "consumption": 8.037, "ratioPC": -1.6830000000000007, "maxBatteryPerDay": 8.75, "maxAtThisDay": 70.0, "batteryLevelPercentage": 0.16267630598445249, "buyPrice": 0.149072, "sellPrice": 0.1, "batteryLevel": 11.387341418911674, "maxBatteryForMonth": 100, "Temperature": 29.1, "ratioPc": "noData"}