{"bought": 353.58, "sold": 216.87, "Time_string": "Last update at 09:28 - 27/08/2023", "produce": 0.337, "consumption": 0.818, "ratioPC": -0.4809999999999999, "maxBatteryPerDay": 8.75, "maxAtThisDay": 10, "batteryLevelPercentage": -20.80999635075668, "buyPrice": 0.149072, "sellPrice": 0.1, "batteryLevel": -208.0999635075668, "maxBatteryForMonth": 10, "Temperature": 20.9, "ratioPc": "noData"}