{"bought": 27.98, "sold": 82.21, "Time_string": "Last update at 14:50 - 05/10/2023", "produce": 4.796, "consumption": 4.299, "ratioPC": 0.4969999999999999, "maxBatteryPerDay": 8.75, "maxAtThisDay": 10, "batteryLevelPercentage": 2.7167848019748844, "buyPrice": 0.149072, "sellPrice": 0.1, "batteryLevel": 27.167848019748842, "maxBatteryForMonth": 10, "Temperature": 32.8, "ratioPc": "noData"}