{"bought": 86.89, "sold": 131.53, "Time_string": "Last update at 16:28 - 09/10/2024", "produce": 0.255, "consumption": 0.157, "ratioPC": 0.10600000000000001, "maxBatteryPerDay": 8.75, "maxAtThisDay": 78.75, "batteryLevelPercentage": 0.01704802451909884, "buyPrice": 0.149072, "sellPrice": 0.1, "batteryLevel": 1.3425319308790336, "maxBatteryForMonth": 100, "Temperature": 21.0, "ratioPc": "noData"}