{"bought": 187.75, "sold": 161.16, "Time_string": "Last update at 12:30 - 18/08/2023", "produce": 3.502, "consumption": 1.69, "ratioPC": 1.8119999999999998, "maxBatteryPerDay": 8.75, "maxAtThisDay": 10, "batteryLevelPercentage": -7.964116668455513, "buyPrice": 0.149072, "sellPrice": 0.1, "batteryLevel": -79.64116668455513, "maxBatteryForMonth": 10, "Temperature": 30.0, "ratioPc": "noData"}