{"bought": 11.06, "sold": 16.41, "Time_string": "Last update at 16:50 - 02/08/2023", "produce": 3.887, "consumption": 4.613, "ratioPC": -0.7260000000000004, "maxBatteryPerDay": 8.75, "maxAtThisDay": 10, "batteryLevelPercentage": -0.00518965332188479, "buyPrice": 0.149072, "sellPrice": 0.1, "batteryLevel": -0.05189653321884791, "maxBatteryForMonth": 10, "Temperature": 38.7, "ratioPc": "noData"}