{"bought": 171.78, "sold": 350.7, "Time_string": "Last update at 16:44 - 16/05/2024", "produce": 5.413, "consumption": 8.051, "ratioPC": -2.332, "maxBatteryPerDay": 8.75, "maxAtThisDay": 100, "batteryLevelPercentage": 0.6347544703230653, "buyPrice": 0.149072, "sellPrice": 0.1, "batteryLevel": 63.47544703230653, "maxBatteryForMonth": 100, "Temperature": 21.0, "ratioPc": "noData"}