{"bought": 143.98, "sold": 292.48, "Time_string": "Last update at 13:56 - 14/05/2024", "produce": 5.266, "consumption": 0.343, "ratioPC": 4.55, "maxBatteryPerDay": 8.75, "maxAtThisDay": 100, "batteryLevelPercentage": 0.5222049372115489, "buyPrice": 0.149072, "sellPrice": 0.1, "batteryLevel": 52.220493721154895, "maxBatteryForMonth": 100, "Temperature": 22.9, "ratioPc": "noData"}