{"bought": 228.73, "sold": 290.86, "Time_string": "Last update at 22:18 - 22/10/2024", "produce": 0.0, "consumption": 2.385, "ratioPC": -2.411, "maxBatteryPerDay": 8.75, "maxAtThisDay": 100, "batteryLevelPercentage": -0.33616229473006315, "buyPrice": 0.149072, "sellPrice": 0.1, "batteryLevel": -33.616229473006314, "maxBatteryForMonth": 100, "Temperature": 18.7, "ratioPc": "noData"}