{"bought": 234.01, "sold": 650.84, "Time_string": "Last update at 22:16 - 27/05/2024", "produce": 0.0, "consumption": 0.274, "ratioPC": -0.177, "maxBatteryPerDay": 8.75, "maxAtThisDay": 100, "batteryLevelPercentage": 2.0258439733819897, "buyPrice": 0.149072, "sellPrice": 0.1, "batteryLevel": 202.58439733819898, "maxBatteryForMonth": 100, "Temperature": 23.5, "ratioPc": "noData"}