{"bought": 142.02, "sold": 159.96, "Time_string": "Last update at 13:44 - 14/07/2023", "produce": 4.477, "consumption": 4.659, "buyPrice": 0.149072, "sellPrice": 0.1, "batteryLevel": -34.71614682837824, "maxBatteryPerDay": 8.75, "batteryLevelPercentage": -3.4716146828378243, "maxAtThisDay": 10, "ratioPC": -0.1819999999999995, "maxBatteryForMonth": 10, "ratioPc": "noData"}