{"bought": 122.14, "sold": 78.7, "Time_string": "Last update at 08:38 - 11/08/2023", "produce": 0.133, "consumption": 0.3, "ratioPC": -0.16699999999999998, "maxBatteryPerDay": 8.75, "maxAtThisDay": 10, "batteryLevelPercentage": -6.934671890093378, "buyPrice": 0.149072, "sellPrice": 0.1, "batteryLevel": -69.34671890093378, "maxBatteryForMonth": 10, "Temperature": 25.9, "ratioPc": "noData"}