{"bought": 20.79, "sold": 30.73, "Time_string": "Last update at 14:09 - 03/07/2023", "produce": 4.526, "consumption": 3.545, "buyPrice": 0.149072, "sellPrice": 0.1, "batteryLevel": -0.17580015026295825, "maxBatteryPerDay": 8.75, "batteryLevelPercentage": -0.017580015026295824, "maxAtThisDay": 10, "ratioPC": 0.9809999999999999, "maxBatteryForMonth": 10, "ratioPc": "noData"}