{"bought": 1.38, "sold": 0.45, "Time_string": "Last update at 10:21 - 01/11/2024", "produce": 0.327, "consumption": 0.286, "ratioPC": 0.42800000000000005, "maxBatteryPerDay": 8.75, "maxAtThisDay": 8.75, "batteryLevelPercentage": -0.12321513669329488, "buyPrice": 0.149072, "sellPrice": 0.1, "batteryLevel": -1.0781324460663302, "maxBatteryForMonth": 100, "Temperature": 16.4, "ratioPc": "noData"}