{"bought": 64.87, "sold": 110.48, "Time_string": "Last update at 11:55 - 08/07/2023", "produce": 3.279, "consumption": 1.077, "buyPrice": 0.149072, "sellPrice": 0.1, "batteryLevel": 9.241838574648497, "maxBatteryPerDay": 8.75, "batteryLevelPercentage": 0.9241838574648498, "maxAtThisDay": 10, "ratioPC": 2.202, "maxBatteryForMonth": 10, "ratioPc": "noData"}