{"bought": 306.83, "sold": 215.68, "Time_string": "Last update at 19:11 - 25/08/2023", "produce": 1.074, "consumption": 4.427, "ratioPC": -3.3529999999999998, "maxBatteryPerDay": 8.75, "maxAtThisDay": 10, "batteryLevelPercentage": -16.214823548352474, "buyPrice": 0.149072, "sellPrice": 0.1, "batteryLevel": -162.14823548352473, "maxBatteryForMonth": 10, "Temperature": 42.8, "ratioPc": "noData"}