{"bought": 222.43, "sold": 296.53, "Time_string": "Last update at 11:36 - 21/09/2024", "produce": 2.88, "consumption": 0.108, "ratioPC": 2.654, "maxBatteryPerDay": 8.75, "maxAtThisDay": 100, "batteryLevelPercentage": -0.23512698293442127, "buyPrice": 0.149072, "sellPrice": 0.1, "batteryLevel": -23.512698293442128, "maxBatteryForMonth": 100, "Temperature": 22.6, "ratioPc": "noData"}