{"bought": 119.54, "sold": 246.94, "Time_string": "Last update at 19:49 - 15/06/2024", "produce": 1.282, "consumption": 2.213, "ratioPC": -1.754, "maxBatteryPerDay": 8.75, "maxAtThisDay": 100, "batteryLevelPercentage": 0.4611149726306751, "buyPrice": 0.149072, "sellPrice": 0.1, "batteryLevel": 46.111497263067506, "maxBatteryForMonth": 100, "Temperature": 30.0, "ratioPc": "noData"}