{"bought": 131.08, "sold": 134.0, "Time_string": "Last update at 15:43 - 19/12/2023", "produce": 2.557, "consumption": 1.012, "ratioPC": 1.712, "maxBatteryPerDay": 8.75, "maxAtThisDay": 100, "batteryLevelPercentage": -0.41190550606418397, "buyPrice": 0.149072, "sellPrice": 0.1, "batteryLevel": -41.1905506064184, "maxBatteryForMonth": 100, "Temperature": 15.0, "ratioPc": "noData"}