{"bought": 107.64, "sold": 252.54, "Time_string": "Last update at 09:07 - 13/05/2024", "produce": 0.418, "consumption": 0.139, "ratioPC": 0.187, "maxBatteryPerDay": 8.75, "maxAtThisDay": 100, "batteryLevelPercentage": 0.617680712675754, "buyPrice": 0.149072, "sellPrice": 0.1, "batteryLevel": 61.768071267575394, "maxBatteryForMonth": 100, "Temperature": 18.4, "ratioPc": "noData"}