{"bought": 2.14, "sold": 12.12, "Time_string": "Last update at 16:21 - 01/09/2023", "produce": 4.455, "consumption": 1.648, "ratioPC": 2.8070000000000004, "maxBatteryPerDay": 8.75, "maxAtThisDay": 8.75, "batteryLevelPercentage": 0.6846056517272572, "buyPrice": 0.149072, "sellPrice": 0.1, "batteryLevel": 5.990299452613501, "maxBatteryForMonth": 10, "Temperature": 33.6, "ratioPc": "noData"}