{"bought": 324.87, "sold": 215.98, "Time_string": "Last update at 10:28 - 26/08/2023", "produce": 1.311, "consumption": 1.734, "ratioPC": -0.42300000000000004, "maxBatteryPerDay": 8.75, "maxAtThisDay": 10, "batteryLevelPercentage": -17.998699044756897, "buyPrice": 0.149072, "sellPrice": 0.1, "batteryLevel": -179.98699044756899, "maxBatteryForMonth": 10, "Temperature": 32.0, "ratioPc": "noData"}