{"bought": 250.79, "sold": 406.68, "Time_string": "Last update at 19:20 - 30/06/2023", "produce": 1.797, "consumption": 3.098, "buyPrice": 0.149072, "sellPrice": 0.1, "batteryLevel": 22.017770741655085, "maxBatteryPerDay": 8.75, "batteryLevelPercentage": 0.22017770741655085, "maxAtThisDay": 100, "ratioPC": -1.301, "maxBatteryForMonth": 100, "ratioPc": "noData"}