{"bought": 129.64, "sold": 66.68, "Time_string": "Last update at 13:44 - 13/01/2024", "produce": 0.885, "consumption": 0.338, "ratioPC": 0.7270000000000001, "maxBatteryPerDay": 8.75, "maxAtThisDay": 100, "batteryLevelPercentage": -0.8490993667489534, "buyPrice": 0.149072, "sellPrice": 0.1, "batteryLevel": -84.90993667489533, "maxBatteryForMonth": 100, "Temperature": 14.7, "ratioPc": "noData"}