{"bought": 277.58, "sold": 313.29, "Time_string": "Last update at 12:59 - 26/07/2023", "produce": 4.171, "consumption": 1.195, "buyPrice": 0.149072, "sellPrice": 0.1, "batteryLevel": -67.41980895137917, "maxBatteryPerDay": 8.75, "batteryLevelPercentage": -6.7419808951379165, "maxAtThisDay": 10, "ratioPC": 2.976, "maxBatteryForMonth": 10, "ratioPc": "noData"}