{"bought": 171.77, "sold": 120.43, "Time_string": "Last update at 19:38 - 15/08/2023", "produce": 1.146, "consumption": 0.173, "ratioPC": 0.9729999999999999, "maxBatteryPerDay": 8.75, "maxAtThisDay": 10, "batteryLevelPercentage": -9.098353439948482, "buyPrice": 0.149072, "sellPrice": 0.1, "batteryLevel": -90.98353439948482, "maxBatteryForMonth": 10, "Temperature": 33.3, "ratioPc": "noData"}