{"bought": 20.82, "sold": 31.96, "Time_string": "Last update at 18:38 - 03/09/2024", "produce": 2.34, "consumption": 1.396, "ratioPC": 1.122, "maxBatteryPerDay": 8.75, "maxAtThisDay": 26.25, "batteryLevelPercentage": 0.023592552272599425, "buyPrice": 0.149072, "sellPrice": 0.1, "batteryLevel": 0.6193044971557349, "maxBatteryForMonth": 100, "Temperature": 28.4, "ratioPc": "noData"}