{"bought": 325.72, "sold": 48.7, "Time_string": "Last update at 08:42 - 16/08/2024", "produce": 0.125, "consumption": 0.196, "ratioPC": -0.08600000000000001, "maxBatteryPerDay": 8.75, "maxAtThisDay": 100, "batteryLevelPercentage": -2.930512224965118, "buyPrice": 0.149072, "sellPrice": 0.1, "batteryLevel": -293.0512224965118, "maxBatteryForMonth": 100, "Temperature": 22.1, "ratioPc": "noData"}