{"bought": 205.52, "sold": 547.96, "Time_string": "Last update at 16:02 - 23/05/2024", "produce": 4.309, "consumption": 0.235, "ratioPC": 4.643, "maxBatteryPerDay": 8.75, "maxAtThisDay": 100, "batteryLevelPercentage": 1.6206076634109692, "buyPrice": 0.149072, "sellPrice": 0.1, "batteryLevel": 162.06076634109692, "maxBatteryForMonth": 100, "Temperature": 29.0, "ratioPc": "noData"}