{"bought": 125.56, "sold": 279.44, "Time_string": "Last update at 13:52 - 17/06/2024", "produce": 4.699, "consumption": 0.323, "ratioPC": 4.265000000000001, "maxBatteryPerDay": 8.75, "maxAtThisDay": 100, "batteryLevelPercentage": 0.6189304282494364, "buyPrice": 0.149072, "sellPrice": 0.1, "batteryLevel": 61.89304282494365, "maxBatteryForMonth": 100, "Temperature": 30.7, "ratioPc": "noData"}