{"bought": 182.17, "sold": 370.89, "Time_string": "Last update at 17:35 - 25/06/2023", "produce": 3.459, "consumption": 3.486, "ratioPc": "noData", "buyPrice": 0.149072, "sellPrice": 0.1, "batteryLevel": 66.6292379521305, "maxBatteryPerDay": 8.75, "batteryLevelPercentage": 0.30459080206688227, "maxAtThisDay": 218.75, "ratioPC": -0.027000000000000135}