{"bought": 103.23, "sold": 232.7, "Time_string": "Last update at 12:51 - 12/05/2024", "produce": 4.229, "consumption": 7.867, "ratioPC": -3.724, "maxBatteryPerDay": 8.75, "maxAtThisDay": 100, "batteryLevelPercentage": 0.5286906622303316, "buyPrice": 0.149072, "sellPrice": 0.1, "batteryLevel": 52.86906622303316, "maxBatteryForMonth": 100, "Temperature": 25.7, "ratioPc": "noData"}