{"bought": 249.88, "sold": 404.18, "Time_string": "Last update at 15:02 - 30/06/2023", "produce": 4.769, "consumption": 3.448, "buyPrice": 0.149072, "sellPrice": 0.1, "batteryLevel": 21.25072877535689, "maxBatteryPerDay": 8.75, "batteryLevelPercentage": 0.2125072877535689, "maxAtThisDay": 100, "ratioPC": 1.3210000000000002, "maxBatteryForMonth": 100, "ratioPc": "noData"}