{"bought": 109.76, "sold": 155.33, "Time_string": "Last update at 08:05 - 12/06/2024", "produce": 0.129, "consumption": 0.129, "ratioPC": 0.004999999999999977, "maxBatteryPerDay": 8.75, "maxAtThisDay": 100, "batteryLevelPercentage": -0.05562028549962435, "buyPrice": 0.149072, "sellPrice": 0.1, "batteryLevel": -5.5620285499624345, "maxBatteryForMonth": 100, "Temperature": 18.2, "ratioPc": "noData"}