{"bought": 191.14, "sold": 194.82, "Time_string": "Last update at 15:26 - 17/10/2024", "produce": 2.581, "consumption": 0.242, "ratioPC": 2.17, "maxBatteryPerDay": 8.75, "maxAtThisDay": 100, "batteryLevelPercentage": -0.6045147365031661, "buyPrice": 0.149072, "sellPrice": 0.1, "batteryLevel": -60.451473650316615, "maxBatteryForMonth": 100, "Temperature": 21.0, "ratioPc": "noData"}