{"bought": 34.33, "sold": 47.13, "Time_string": "Last update at 16:05 - 04/07/2023", "produce": 4.597, "consumption": 4.059, "buyPrice": 0.149072, "sellPrice": 0.1, "batteryLevel": -2.7144048513469983, "maxBatteryPerDay": 8.75, "batteryLevelPercentage": -0.2714404851346998, "maxAtThisDay": 10, "ratioPC": 0.5380000000000003, "maxBatteryForMonth": 10, "ratioPc": "noData"}