{"bought": 43.29, "sold": 149.12, "Time_string": "Last update at 09:08 - 10/09/2023", "produce": 0.289, "consumption": 0.266, "ratioPC": 0.022999999999999965, "maxBatteryPerDay": 8.75, "maxAtThisDay": 10, "batteryLevelPercentage": 5.6742199205752915, "buyPrice": 0.149072, "sellPrice": 0.1, "batteryLevel": 56.74219920575292, "maxBatteryForMonth": 10, "Temperature": 19.4, "ratioPc": "noData"}