{"bought": 127.98, "sold": 138.42, "Time_string": "Last update at 08:08 - 11/10/2024", "produce": 0.0, "consumption": 0.094, "ratioPC": -0.153, "maxBatteryPerDay": 8.75, "maxAtThisDay": 96.25, "batteryLevelPercentage": -0.36494067958444926, "buyPrice": 0.149072, "sellPrice": 0.1, "batteryLevel": -35.12554041000324, "maxBatteryForMonth": 100, "Temperature": 17.0, "ratioPc": "noData"}