{"bought": 142.06, "sold": 160.5, "Time_string": "Last update at 16:13 - 14/07/2023", "produce": 4.588, "consumption": 4.429, "buyPrice": 0.149072, "sellPrice": 0.1, "batteryLevel": -34.39390576365784, "maxBatteryPerDay": 8.75, "batteryLevelPercentage": -3.439390576365784, "maxAtThisDay": 10, "ratioPC": 0.1589999999999998, "maxBatteryForMonth": 10, "ratioPc": "noData"}