{"bought": 20.82, "sold": 32.17, "Time_string": "Last update at 18:52 - 03/09/2024", "produce": 2.203, "consumption": 1.671, "ratioPC": 0.73, "maxBatteryPerDay": 8.75, "maxAtThisDay": 26.25, "batteryLevelPercentage": 0.028959086564753718, "buyPrice": 0.149072, "sellPrice": 0.1, "batteryLevel": 0.7601760223247851, "maxBatteryForMonth": 100, "Temperature": 28.1, "ratioPc": "noData"}