{"bought": 132.84, "sold": 144.41, "Time_string": "Last update at 11:57 - 12/10/2024", "produce": 0.364, "consumption": 0.112, "ratioPC": -0.060000000000000026, "maxBatteryPerDay": 8.75, "maxAtThisDay": 100, "batteryLevelPercentage": -0.3596734785875282, "buyPrice": 0.149072, "sellPrice": 0.1, "batteryLevel": -35.96734785875282, "maxBatteryForMonth": 100, "Temperature": 19.0, "ratioPc": "noData"}