{"bought": 16.33, "sold": 34.81, "Time_string": "Last update at 19:25 - 03/09/2023", "produce": 1.391, "consumption": 3.356, "ratioPC": -1.9649999999999999, "maxBatteryPerDay": 8.75, "maxAtThisDay": 10, "batteryLevelPercentage": 0.7021132338735647, "buyPrice": 0.149072, "sellPrice": 0.1, "batteryLevel": 7.021132338735647, "maxBatteryForMonth": 10, "Temperature": 21.6, "ratioPc": "noData"}