{"bought": 150.21, "sold": 238.05, "Time_string": "Last update at 22:38 - 15/09/2024", "produce": 0.0, "consumption": 1.398, "ratioPC": -1.266, "maxBatteryPerDay": 8.75, "maxAtThisDay": 100, "batteryLevelPercentage": 0.09477936030911252, "buyPrice": 0.149072, "sellPrice": 0.1, "batteryLevel": 9.477936030911252, "maxBatteryForMonth": 100, "Temperature": 25.7, "ratioPc": "noData"}