{"bought": 9.39, "sold": 10.37, "Time_string": "Last update at 07:49 - 02/08/2023", "produce": 0.044, "consumption": 0.101, "ratioPC": -0.05700000000000001, "maxBatteryPerDay": 8.75, "maxAtThisDay": 10, "batteryLevelPercentage": -0.24336299237952144, "buyPrice": 0.149072, "sellPrice": 0.1, "batteryLevel": -2.4336299237952144, "maxBatteryForMonth": 10, "Temperature": 25.3, "ratioPc": "noData"}