{"bought": 109.17, "sold": 150.96, "Time_string": "Last update at 14:57 - 12/07/2023", "produce": 4.701, "consumption": 3.813, "buyPrice": 0.149072, "sellPrice": 0.1, "batteryLevel": -7.903497907051616, "maxBatteryPerDay": 8.75, "batteryLevelPercentage": -0.7903497907051615, "maxAtThisDay": 10, "ratioPC": 0.8879999999999995, "maxBatteryForMonth": 10, "ratioPc": "noData"}