{"bought": 331.37, "sold": 366.12, "Time_string": "Last update at 13:53 - 29/10/2024", "produce": 0.02, "consumption": 0.13, "ratioPC": -0.027999999999999997, "maxBatteryPerDay": 8.75, "maxAtThisDay": 100, "batteryLevelPercentage": -0.857705581195664, "buyPrice": 0.149072, "sellPrice": 0.1, "batteryLevel": -85.7705581195664, "maxBatteryForMonth": 100, "Temperature": 18.0, "ratioPc": "noData"}