{"bought": 248.55, "sold": 362.02, "Time_string": "Last update at 23:57 - 21/06/2024", "produce": 0.0, "consumption": 1.234, "ratioPC": -1.316, "maxBatteryPerDay": 8.75, "maxAtThisDay": 100, "batteryLevelPercentage": -0.05700906944295411, "buyPrice": 0.149072, "sellPrice": 0.1, "batteryLevel": -5.7009069442954114, "maxBatteryForMonth": 100, "Temperature": 22.0, "ratioPc": "noData"}