{"bought": 320.66, "sold": 417.89, "Time_string": "Last update at 11:08 - 29/09/2024", "produce": 2.563, "consumption": 7.723, "ratioPC": -5.336, "maxBatteryPerDay": 8.75, "maxAtThisDay": 100, "batteryLevelPercentage": -0.4033237308146403, "buyPrice": 0.149072, "sellPrice": 0.1, "batteryLevel": -40.33237308146403, "maxBatteryForMonth": 100, "Temperature": 22.3, "ratioPc": "noData"}