{"bought": 115.62, "sold": 204.46, "Time_string": "Last update at 05:14 - 14/06/2024", "produce": 0.0, "consumption": 0.232, "ratioPC": -0.167, "maxBatteryPerDay": 8.75, "maxAtThisDay": 100, "batteryLevelPercentage": 0.21535200171729088, "buyPrice": 0.149072, "sellPrice": 0.1, "batteryLevel": 21.535200171729088, "maxBatteryForMonth": 100, "Temperature": 18.0, "ratioPc": "noData"}