{"bought": 88.73, "sold": 132.92, "Time_string": "Last update at 05:02 - 10/10/2024", "produce": 0.0, "consumption": 0.089, "ratioPC": -0.091, "maxBatteryPerDay": 8.75, "maxAtThisDay": 87.5, "batteryLevelPercentage": 0.004971054447323532, "buyPrice": 0.149072, "sellPrice": 0.1, "batteryLevel": 0.4349672641408091, "maxBatteryForMonth": 100, "Temperature": 14.9, "ratioPc": "noData"}