{"bought": 174.13, "sold": 408.69, "Time_string": "Last update at 17:29 - 24/11/2023", "produce": 0.121, "consumption": 0.121, "ratioPC": 0.0, "maxBatteryPerDay": 8.75, "maxAtThisDay": 100, "batteryLevelPercentage": 1.0002611248255875, "buyPrice": 0.149072, "sellPrice": 0.1, "batteryLevel": 100.02611248255874, "maxBatteryForMonth": 100, "Temperature": 16.0, "ratioPc": "noData"}