{"bought": 184.51, "sold": 352.05, "Time_string": "Last update at 09:37 - 17/05/2024", "produce": 0.565, "consumption": 0.164, "ratioPC": 0.364, "maxBatteryPerDay": 8.75, "maxAtThisDay": 100, "batteryLevelPercentage": 0.5165104969410756, "buyPrice": 0.149072, "sellPrice": 0.1, "batteryLevel": 51.65104969410757, "maxBatteryForMonth": 100, "Temperature": 16.2, "ratioPc": "noData"}