{"bought": 205.18, "sold": 260.76, "Time_string": "Last update at 10:47 - 18/09/2024", "produce": 1.656, "consumption": 1.356, "ratioPC": 0.252, "maxBatteryPerDay": 8.75, "maxAtThisDay": 100, "batteryLevelPercentage": -0.3025781474723624, "buyPrice": 0.149072, "sellPrice": 0.1, "batteryLevel": -30.25781474723624, "maxBatteryForMonth": 100, "Temperature": 23.6, "ratioPc": "noData"}