{"bought": 341.04, "sold": 56.08, "Time_string": "Last update at 15:37 - 17/08/2024", "produce": 4.676, "consumption": 3.53, "ratioPC": 0.18100000000000005, "maxBatteryPerDay": 8.75, "maxAtThisDay": 100, "batteryLevelPercentage": -3.034205946119996, "buyPrice": 0.149072, "sellPrice": 0.1, "batteryLevel": -303.4205946119996, "maxBatteryForMonth": 100, "Temperature": 37.6, "ratioPc": "noData"}