{"bought": 247.08, "sold": 202.34, "Time_string": "Last update at 12:44 - 30/12/2023", "produce": 3.894, "consumption": 3.218, "ratioPC": -0.2799999999999998, "maxBatteryPerDay": 8.75, "maxAtThisDay": 100, "batteryLevelPercentage": -1.1134693141569176, "buyPrice": 0.149072, "sellPrice": 0.1, "batteryLevel": -111.34693141569176, "maxBatteryForMonth": 100, "Temperature": 13.5, "ratioPc": "noData"}