{"bought": 278.1, "sold": 315.96, "Time_string": "Last update at 15:51 - 26/07/2023", "produce": 4.794, "consumption": 3.633, "buyPrice": 0.149072, "sellPrice": 0.1, "batteryLevel": -66.14872813137279, "maxBatteryPerDay": 8.75, "batteryLevelPercentage": -6.614872813137279, "maxAtThisDay": 10, "ratioPC": 1.1609999999999996, "maxBatteryForMonth": 10, "ratioPc": "noData"}