{"bought": 384.29, "sold": 304.02, "Time_string": "Last update at 19:11 - 31/08/2023", "produce": 0.0, "consumption": 0.0, "ratioPC": 0.038000000000000034, "maxBatteryPerDay": 8.75, "maxAtThisDay": 10, "batteryLevelPercentage": -18.03482805624128, "buyPrice": 0.149072, "sellPrice": 0.1, "batteryLevel": -180.3482805624128, "maxBatteryForMonth": 10, "Temperature": 31.8, "ratioPc": "noData"}