{"bought": 230.82, "sold": 344.94, "Time_string": "Last update at 21:22 - 20/06/2024", "produce": 0.078, "consumption": 0.186, "ratioPC": -0.113, "maxBatteryPerDay": 8.75, "maxAtThisDay": 100, "batteryLevelPercentage": 0.005715423419555634, "buyPrice": 0.149072, "sellPrice": 0.1, "batteryLevel": 0.5715423419555634, "maxBatteryForMonth": 100, "Temperature": 21.3, "ratioPc": "noData"}