{"bought": 194.37, "sold": 175.58, "Time_string": "Last update at 10:50 - 26/12/2023", "produce": 2.348, "consumption": 0.307, "ratioPC": -0.19100000000000028, "maxBatteryPerDay": 8.75, "maxAtThisDay": 100, "batteryLevelPercentage": -0.7658798862294729, "buyPrice": 0.149072, "sellPrice": 0.1, "batteryLevel": -76.5879886229473, "maxBatteryForMonth": 100, "Temperature": 5.7, "ratioPc": "noData"}