{"bought": 205.63, "sold": 272.71, "Time_string": "Last update at 17:12 - 18/09/2024", "produce": 3.499, "consumption": 1.248, "ratioPC": 2.503, "maxBatteryPerDay": 8.75, "maxAtThisDay": 100, "batteryLevelPercentage": -0.22691554148331022, "buyPrice": 0.149072, "sellPrice": 0.1, "batteryLevel": -22.691554148331022, "maxBatteryForMonth": 100, "Temperature": 28.6, "ratioPc": "noData"}