{"bought": 66.15, "sold": 90.67, "Time_string": "Last update at 10:07 - 07/11/2024", "produce": 1.63, "consumption": 0.132, "ratioPC": 1.4979999999999998, "maxBatteryPerDay": 8.75, "maxAtThisDay": 61.25, "batteryLevelPercentage": -0.08697211373548042, "buyPrice": 0.149072, "sellPrice": 0.1, "batteryLevel": -5.327041966298175, "maxBatteryForMonth": 100, "Temperature": 18.1, "ratioPc": "noData"}