{"bought": 297.91, "sold": 380.93, "Time_string": "Last update at 16:30 - 25/06/2024", "produce": 4.708, "consumption": 8.063, "ratioPC": -4.037, "maxBatteryPerDay": 8.75, "maxAtThisDay": 100, "batteryLevelPercentage": -0.4237576151121607, "buyPrice": 0.149072, "sellPrice": 0.1, "batteryLevel": -42.37576151121607, "maxBatteryForMonth": 100, "Temperature": 34.5, "ratioPc": "noData"}