{"bought": 6.51, "sold": 23.67, "Time_string": "Last update at 15:33 - 02/11/2024", "produce": 4.089, "consumption": 0.264, "ratioPC": 3.8020000000000005, "maxBatteryPerDay": 8.75, "maxAtThisDay": 17.5, "batteryLevelPercentage": 0.5353276192520586, "buyPrice": 0.149072, "sellPrice": 0.1, "batteryLevel": 9.368233336911025, "maxBatteryForMonth": 100, "Temperature": 22.0, "ratioPc": "noData"}