{"bought": 243.83, "sold": 392.25, "Time_string": "Last update at 16:17 - 29/06/2023", "produce": 4.438, "consumption": 4.434, "buyPrice": 0.149072, "sellPrice": 0.1, "batteryLevel": 19.297884512182037, "maxBatteryPerDay": 8.75, "batteryLevelPercentage": 0.19297884512182037, "maxAtThisDay": 100, "ratioPC": 0.0039999999999995595, "maxBatteryForMonth": 100, "ratioPc": "noData"}