{"bought": 27.12, "sold": 38.07, "Time_string": "Last update at 20:21 - 03/07/2023", "produce": 0.439, "consumption": 1.932, "buyPrice": 0.149072, "sellPrice": 0.1, "batteryLevel": -1.5820049372115506, "maxBatteryPerDay": 8.75, "batteryLevelPercentage": -0.15820049372115505, "maxAtThisDay": 10, "ratioPC": -1.4929999999999999, "maxBatteryForMonth": 10, "ratioPc": "noData"}