{"bought": 194.37, "sold": 177.81, "Time_string": "Last update at 13:09 - 19/08/2023", "produce": 4.201, "consumption": 0.46, "ratioPC": 3.7409999999999997, "maxBatteryPerDay": 8.75, "maxAtThisDay": 10, "batteryLevelPercentage": -7.509206718900934, "buyPrice": 0.149072, "sellPrice": 0.1, "batteryLevel": -75.09206718900934, "maxBatteryForMonth": 10, "Temperature": 34.3, "ratioPc": "noData"}