{"bought": 207.19, "sold": 274.84, "Time_string": "Last update at 21:50 - 18/09/2024", "produce": 0.0, "consumption": 1.373, "ratioPC": -1.406, "maxBatteryPerDay": 8.75, "maxAtThisDay": 100, "batteryLevelPercentage": -0.22822714393045004, "buyPrice": 0.149072, "sellPrice": 0.1, "batteryLevel": -22.822714393045004, "maxBatteryForMonth": 100, "Temperature": 23.2, "ratioPc": "noData"}