{"bought": 68.46, "sold": 198.69, "Time_string": "Last update at 09:12 - 13/10/2023", "produce": 0.266, "consumption": 0.15, "ratioPC": 0.11600000000000002, "maxBatteryPerDay": 8.75, "maxAtThisDay": 10, "batteryLevelPercentage": 6.482458731351294, "buyPrice": 0.149072, "sellPrice": 0.1, "batteryLevel": 64.82458731351294, "maxBatteryForMonth": 10, "Temperature": 18.6, "ratioPc": "noData"}