{"bought": 165.62, "sold": 424.38, "Time_string": "Last update at 09:09 - 30/10/2023", "produce": 0.808, "consumption": 0.212, "ratioPC": 0.5960000000000001, "maxBatteryPerDay": 8.75, "maxAtThisDay": 10, "batteryLevelPercentage": 11.906122786304604, "buyPrice": 0.149072, "sellPrice": 0.1, "batteryLevel": 119.06122786304604, "maxBatteryForMonth": 10, "Temperature": 17.1, "ratioPc": "noData"}