{"bought": 57.62, "sold": 107.48, "Time_string": "Last update at 18:20 - 07/07/2023", "produce": 3.22, "consumption": 1.644, "buyPrice": 0.149072, "sellPrice": 0.1, "batteryLevel": 14.479388215090701, "maxBatteryPerDay": 8.75, "batteryLevelPercentage": 1.44793882150907, "maxAtThisDay": 10, "ratioPC": 1.5760000000000003, "maxBatteryForMonth": 10, "ratioPc": "noData"}