{"bought": 40.29, "sold": 109.09, "Time_string": "Last update at 16:34 - 07/10/2023", "produce": 3.94, "consumption": 3.326, "ratioPC": 0.6139999999999999, "maxBatteryPerDay": 8.75, "maxAtThisDay": 10, "batteryLevelPercentage": 3.2889403241386708, "buyPrice": 0.149072, "sellPrice": 0.1, "batteryLevel": 32.88940324138671, "maxBatteryForMonth": 10, "Temperature": 36.0, "ratioPc": "noData"}