{"bought": 70.08, "sold": 138.63, "Time_string": "Last update at 07:53 - 10/09/2024", "produce": 0.0, "consumption": 0.158, "ratioPC": -0.164, "maxBatteryPerDay": 8.75, "maxAtThisDay": 87.5, "batteryLevelPercentage": 0.26188949845903786, "buyPrice": 0.149072, "sellPrice": 0.1, "batteryLevel": 22.915331115165813, "maxBatteryForMonth": 100, "Temperature": 15.1, "ratioPc": "noData"}