{"bought": 15.85, "sold": 18.71, "Time_string": "Last update at 20:58 - 02/08/2023", "produce": 0.088, "consumption": 1.074, "ratioPC": -0.9860000000000001, "maxBatteryPerDay": 8.75, "maxAtThisDay": 10, "batteryLevelPercentage": -0.32990179242245343, "buyPrice": 0.149072, "sellPrice": 0.1, "batteryLevel": -3.2990179242245343, "maxBatteryForMonth": 10, "Temperature": 35.1, "ratioPc": "noData"}