{"bought": 175.26, "sold": 211.1, "Time_string": "Last update at 13:29 - 16/11/2024", "produce": 4.482, "consumption": 0.282, "ratioPC": 3.8089999999999997, "maxBatteryPerDay": 8.75, "maxAtThisDay": 100, "batteryLevelPercentage": -0.3365057636578297, "buyPrice": 0.149072, "sellPrice": 0.1, "batteryLevel": -33.65057636578297, "maxBatteryForMonth": 100, "Temperature": 22.5, "ratioPc": "noData"}