{"bought": 58.71, "sold": 107.94, "Time_string": "Last update at 19:44 - 07/07/2023", "produce": 1.485, "consumption": 3.534, "buyPrice": 0.149072, "sellPrice": 0.1, "batteryLevel": 13.697963936889558, "maxBatteryPerDay": 8.75, "batteryLevelPercentage": 1.3697963936889557, "maxAtThisDay": 10, "ratioPC": -2.0489999999999995, "maxBatteryForMonth": 10, "ratioPc": "noData"}