{"bought": 178.74, "sold": 215.46, "Time_string": "Last update at 07:12 - 17/11/2024", "produce": 0.0, "consumption": 0.183, "ratioPC": -0.184, "maxBatteryPerDay": 8.75, "maxAtThisDay": 100, "batteryLevelPercentage": -0.34205815176558985, "buyPrice": 0.149072, "sellPrice": 0.1, "batteryLevel": -34.205815176558986, "maxBatteryForMonth": 100, "Temperature": 16.0, "ratioPc": "noData"}