{"bought": 66.42, "sold": 32.42, "Time_string": "Last update at 16:39 - 08/12/2023", "produce": 0.677, "consumption": 0.259, "ratioPC": 0.41800000000000004, "maxBatteryPerDay": 8.75, "maxAtThisDay": 70.0, "batteryLevelPercentage": -0.63817313972922, "buyPrice": 0.149072, "sellPrice": 0.1, "batteryLevel": -44.672119781045396, "maxBatteryForMonth": 100, "Temperature": 15.3, "ratioPc": "noData"}