{"bought": 230.72, "sold": 344.2, "Time_string": "Last update at 19:27 - 20/06/2024", "produce": 2.031, "consumption": 0.173, "ratioPC": 2.061, "maxBatteryPerDay": 8.75, "maxAtThisDay": 100, "batteryLevelPercentage": 0.0017513791993130211, "buyPrice": 0.149072, "sellPrice": 0.1, "batteryLevel": 0.17513791993130212, "maxBatteryForMonth": 100, "Temperature": 23.6, "ratioPc": "noData"}