{"bought": 121.56, "sold": 123.31, "Time_string": "Last update at 11:55 - 18/12/2023", "produce": 3.744, "consumption": 3.223, "ratioPC": 0.41500000000000004, "maxBatteryPerDay": 8.75, "maxAtThisDay": 100, "batteryLevelPercentage": -0.38841582054309326, "buyPrice": 0.149072, "sellPrice": 0.1, "batteryLevel": -38.84158205430933, "maxBatteryForMonth": 100, "Temperature": 11.8, "ratioPc": "noData"}