{"bought": 104.61, "sold": 252.46, "Time_string": "Last update at 20:06 - 12/05/2024", "produce": 0.442, "consumption": 1.372, "ratioPC": -1.3439999999999999, "maxBatteryPerDay": 8.75, "maxAtThisDay": 100, "batteryLevelPercentage": 0.6474440592465386, "buyPrice": 0.149072, "sellPrice": 0.1, "batteryLevel": 64.74440592465386, "maxBatteryForMonth": 100, "Temperature": 26.8, "ratioPc": "noData"}