{"bought": 121.56, "sold": 123.27, "Time_string": "Last update at 11:50 - 18/12/2023", "produce": 3.665, "consumption": 3.25, "ratioPC": 0.3500000000000001, "maxBatteryPerDay": 8.75, "maxAtThisDay": 100, "batteryLevelPercentage": -0.38868414725770106, "buyPrice": 0.149072, "sellPrice": 0.1, "batteryLevel": -38.86841472577011, "maxBatteryForMonth": 100, "Temperature": 11.5, "ratioPc": "noData"}