{"bought": 184.55, "sold": 362.54, "Time_string": "Last update at 13:53 - 17/05/2024", "produce": 5.172, "consumption": 0.364, "ratioPC": 2.4460000000000006, "maxBatteryPerDay": 8.75, "maxAtThisDay": 100, "batteryLevelPercentage": 0.5864791778469464, "buyPrice": 0.149072, "sellPrice": 0.1, "batteryLevel": 58.64791778469464, "maxBatteryForMonth": 100, "Temperature": 22.8, "ratioPc": "noData"}