{"bought": 204.69, "sold": 260.55, "Time_string": "Last update at 09:18 - 18/09/2024", "produce": 0.319, "consumption": 0.141, "ratioPC": 0.113, "maxBatteryPerDay": 8.75, "maxAtThisDay": 100, "batteryLevelPercentage": -0.29908686272405277, "buyPrice": 0.149072, "sellPrice": 0.1, "batteryLevel": -29.908686272405276, "maxBatteryForMonth": 100, "Temperature": 19.6, "ratioPc": "noData"}