{"bought": 206.37, "sold": 184.89, "Time_string": "Last update at 11:48 - 20/08/2023", "produce": 3.09, "consumption": 2.845, "ratioPC": 0.24499999999999966, "maxBatteryPerDay": 8.75, "maxAtThisDay": 10, "batteryLevelPercentage": -8.234268434045294, "buyPrice": 0.149072, "sellPrice": 0.1, "batteryLevel": -82.34268434045295, "maxBatteryForMonth": 10, "Temperature": 35.6, "ratioPc": "noData"}