{"bought": 109.76, "sold": 155.36, "Time_string": "Last update at 08:35 - 12/06/2024", "produce": 0.293, "consumption": 0.168, "ratioPC": 0.06, "maxBatteryPerDay": 8.75, "maxAtThisDay": 100, "batteryLevelPercentage": -0.05541904046366852, "buyPrice": 0.149072, "sellPrice": 0.1, "batteryLevel": -5.541904046366852, "maxBatteryForMonth": 100, "Temperature": 19.2, "ratioPc": "noData"}