{"bought": 202.82, "sold": 212.08, "Time_string": "Last update at 12:22 - 19/10/2024", "produce": 3.814, "consumption": 7.791, "ratioPC": -3.9560000000000004, "maxBatteryPerDay": 8.75, "maxAtThisDay": 100, "batteryLevelPercentage": -0.6055317591499408, "buyPrice": 0.149072, "sellPrice": 0.1, "batteryLevel": -60.553175914994085, "maxBatteryForMonth": 100, "Temperature": 20.4, "ratioPc": "noData"}