{"bought": 314.91, "sold": 417.36, "Time_string": "Last update at 22:46 - 28/09/2024", "produce": 0.0, "consumption": 0.169, "ratioPC": -0.172, "maxBatteryPerDay": 8.75, "maxAtThisDay": 100, "batteryLevelPercentage": -0.34937905978319234, "buyPrice": 0.149072, "sellPrice": 0.1, "batteryLevel": -34.937905978319236, "maxBatteryForMonth": 100, "Temperature": 21.5, "ratioPc": "noData"}