{"bought": 35.16, "sold": 65.2, "Time_string": "Last update at 18:07 - 05/09/2024", "produce": 3.134, "consumption": 1.426, "ratioPC": 3.055, "maxBatteryPerDay": 8.75, "maxAtThisDay": 43.75, "batteryLevelPercentage": 0.19605153099556885, "buyPrice": 0.149072, "sellPrice": 0.1, "batteryLevel": 8.577254481056137, "maxBatteryForMonth": 100, "Temperature": 30.9, "ratioPc": "noData"}