{"bought": 184.51, "sold": 355.44, "Time_string": "Last update at 11:44 - 17/05/2024", "produce": 1.997, "consumption": 0.151, "ratioPC": 1.306, "maxBatteryPerDay": 8.75, "maxAtThisDay": 100, "batteryLevelPercentage": 0.5392511860040787, "buyPrice": 0.149072, "sellPrice": 0.1, "batteryLevel": 53.92511860040787, "maxBatteryForMonth": 100, "Temperature": 19.5, "ratioPc": "noData"}