{"bought": 100.59, "sold": 267.58, "Time_string": "Last update at 17:16 - 17/06/2023", "produce": 3.851, "consumption": 2.059, "ratioPc": null, "buyPrice": 0.149072, "sellPrice": 0.1, "batteryLevel": 78.90715573682513, "maxBatteryPerDay": 8.75, "batteryLevelPercentage": 0.5304682738610093, "maxAtThisDay": 148.75, "ratioPC": 1.7919999999999998}