{"bought": 137.31, "sold": 83.62, "Time_string": "Last update at 09:27 - 12/08/2023", "produce": 0.402, "consumption": 0.182, "ratioPC": 0.22000000000000003, "maxBatteryPerDay": 8.75, "maxAtThisDay": 10, "batteryLevelPercentage": -8.1216300311259, "buyPrice": 0.149072, "sellPrice": 0.1, "batteryLevel": -81.216300311259, "maxBatteryForMonth": 10, "Temperature": 27.4, "ratioPc": "noData"}