{"bought": 9.82, "sold": 13.92, "Time_string": "Last update at 04:44 - 02/07/2023", "produce": 0.0, "consumption": 0.124, "buyPrice": 0.149072, "sellPrice": 0.1, "batteryLevel": -0.48223033165182017, "maxBatteryPerDay": 8.75, "batteryLevelPercentage": -0.02755601895153258, "maxAtThisDay": 17.5, "ratioPC": -0.124, "maxBatteryForMonth": 100, "ratioPc": "noData"}