{"bought": 232.85, "sold": 253.27, "Time_string": "Last update at 11:18 - 22/07/2023", "produce": 2.667, "consumption": 0.941, "buyPrice": 0.149072, "sellPrice": 0.1, "batteryLevel": -62.95223247826553, "maxBatteryPerDay": 8.75, "batteryLevelPercentage": -6.295223247826553, "maxAtThisDay": 10, "ratioPC": 1.726, "maxBatteryForMonth": 10, "ratioPc": "noData"}