{"bought": 187.03, "sold": 394.92, "Time_string": "Last update at 14:19 - 18/05/2024", "produce": 5.074, "consumption": 0.249, "ratioPC": 3.372, "maxBatteryPerDay": 8.75, "maxAtThisDay": 100, "batteryLevelPercentage": 0.7788896533218846, "buyPrice": 0.149072, "sellPrice": 0.1, "batteryLevel": 77.88896533218846, "maxBatteryForMonth": 100, "Temperature": 24.3, "ratioPc": "noData"}