{"bought": 34.58, "sold": 50.75, "Time_string": "Last update at 18:34 - 04/07/2023", "produce": 2.861, "consumption": 1.11, "buyPrice": 0.149072, "sellPrice": 0.1, "batteryLevel": -0.5360480841472537, "maxBatteryPerDay": 8.75, "batteryLevelPercentage": -0.05360480841472537, "maxAtThisDay": 10, "ratioPC": 1.7510000000000001, "maxBatteryForMonth": 10, "ratioPc": "noData"}