{"bought": 142.89, "sold": 160.52, "Time_string": "Last update at 16:53 - 14/07/2023", "produce": 4.186, "consumption": 4.253, "buyPrice": 0.149072, "sellPrice": 0.1, "batteryLevel": -35.21048942792741, "maxBatteryPerDay": 8.75, "batteryLevelPercentage": -3.521048942792741, "maxAtThisDay": 10, "ratioPC": -0.06700000000000017, "maxBatteryForMonth": 10, "ratioPc": "noData"}