{"bought": 127.56, "sold": 138.42, "Time_string": "Last update at 04:49 - 11/10/2024", "produce": 0.0, "consumption": 0.094, "ratioPC": -0.132, "maxBatteryPerDay": 8.75, "maxAtThisDay": 96.25, "batteryLevelPercentage": -0.36057704322081285, "buyPrice": 0.149072, "sellPrice": 0.1, "batteryLevel": -34.70554041000324, "maxBatteryForMonth": 100, "Temperature": 15.0, "ratioPc": "noData"}