{"bought": 132.75, "sold": 331.85, "Time_string": "Last update at 17:19 - 21/06/2023", "produce": 4.105, "consumption": 0.252, "ratioPc": "noData", "buyPrice": 0.149072, "sellPrice": 0.1, "batteryLevel": 89.86055060641837, "maxBatteryPerDay": 8.75, "batteryLevelPercentage": 0.48903701010295714, "maxAtThisDay": 183.75, "ratioPC": 3.8530000000000006}