{"bought": 362.04, "sold": 246.12, "Time_string": "Last update at 16:21 - 28/08/2023", "produce": 4.607, "consumption": 4.229, "ratioPC": 0.3780000000000001, "maxBatteryPerDay": 8.75, "maxAtThisDay": 10, "batteryLevelPercentage": -19.69385725018783, "buyPrice": 0.149072, "sellPrice": 0.1, "batteryLevel": -196.9385725018783, "maxBatteryForMonth": 10, "Temperature": 33.3, "ratioPc": "noData"}