{"bought": 96.67, "sold": 142.4, "Time_string": "Last update at 14:36 - 11/07/2023", "produce": 4.505, "consumption": 4.379, "buyPrice": 0.149072, "sellPrice": 0.1, "batteryLevel": -1.145689599656535, "maxBatteryPerDay": 8.75, "batteryLevelPercentage": -0.1145689599656535, "maxAtThisDay": 10, "ratioPC": 0.12600000000000033, "maxBatteryForMonth": 10, "ratioPc": "noData"}