{"bought": 138.98, "sold": 353.97, "Time_string": "Last update at 18:36 - 22/06/2023", "produce": 2.621, "consumption": 2.59, "ratioPc": "noData", "buyPrice": 0.149072, "sellPrice": 0.1, "batteryLevel": 98.46901792422457, "maxBatteryPerDay": 8.75, "batteryLevelPercentage": 0.5115273658401277, "maxAtThisDay": 192.5, "ratioPC": 0.03100000000000014}