{"bought": 455.17, "sold": 68.43, "Time_string": "Last update at 21:25 - 20/08/2024", "produce": 0.0, "consumption": 0.402, "ratioPC": -0.40199999999999997, "maxBatteryPerDay": 8.75, "maxAtThisDay": 100, "batteryLevelPercentage": -4.092660072984867, "buyPrice": 0.149072, "sellPrice": 0.1, "batteryLevel": -409.26600729848667, "maxBatteryForMonth": 100, "Temperature": 30.7, "ratioPc": "noData"}