{"bought": 23.23, "sold": 1.52, "Time_string": "Last update at 12:48 - 02/01/2024", "produce": 4.317, "consumption": 7.822, "ratioPC": -3.8009999999999997, "maxBatteryPerDay": 8.75, "maxAtThisDay": 17.5, "batteryLevelPercentage": -1.269163341970898, "buyPrice": 0.149072, "sellPrice": 0.1, "batteryLevel": -22.210358484490715, "maxBatteryForMonth": 100, "Temperature": 15.4, "ratioPc": "noData"}