{"bought": 96.23, "sold": 187.47, "Time_string": "Last update at 13:38 - 12/09/2024", "produce": 4.332, "consumption": 0.221, "ratioPC": 4.216, "maxBatteryPerDay": 8.75, "maxAtThisDay": 100, "batteryLevelPercentage": 0.29528022968766765, "buyPrice": 0.149072, "sellPrice": 0.1, "batteryLevel": 29.528022968766763, "maxBatteryForMonth": 100, "Temperature": 28.3, "ratioPc": "noData"}