{"bought": 119.87, "sold": 132.5, "Time_string": "Last update at 04:36 - 11/11/2024", "produce": 0.0, "consumption": 0.229, "ratioPC": -0.237, "maxBatteryPerDay": 8.75, "maxAtThisDay": 96.25, "batteryLevelPercentage": -0.32194052764880293, "buyPrice": 0.149072, "sellPrice": 0.1, "batteryLevel": -30.986775786197285, "maxBatteryForMonth": 100, "Temperature": 14.0, "ratioPc": "noData"}