{"bought": 314.12, "sold": 417.36, "Time_string": "Last update at 20:05 - 28/09/2024", "produce": 0.058, "consumption": 1.965, "ratioPC": -1.8159999999999998, "maxBatteryPerDay": 8.75, "maxAtThisDay": 100, "batteryLevelPercentage": -0.34147905978319215, "buyPrice": 0.149072, "sellPrice": 0.1, "batteryLevel": -34.147905978319216, "maxBatteryForMonth": 100, "Temperature": 25.9, "ratioPc": "noData"}