{"bought": 211.27, "sold": 277.83, "Time_string": "Last update at 14:21 - 19/09/2024", "produce": 5.62, "consumption": 1.601, "ratioPC": 1.8570000000000002, "maxBatteryPerDay": 8.75, "maxAtThisDay": 100, "batteryLevelPercentage": -0.24896972201352383, "buyPrice": 0.149072, "sellPrice": 0.1, "batteryLevel": -24.896972201352384, "maxBatteryForMonth": 100, "Temperature": 27.4, "ratioPc": "noData"}