{"bought": 66.37, "sold": 134.29, "Time_string": "Last update at 17:23 - 09/09/2024", "produce": 3.795, "consumption": 2.546, "ratioPC": 3.017, "maxBatteryPerDay": 8.75, "maxAtThisDay": 78.75, "batteryLevelPercentage": 0.3011299842752026, "buyPrice": 0.149072, "sellPrice": 0.1, "batteryLevel": 23.713986261672204, "maxBatteryForMonth": 100, "Temperature": 29.2, "ratioPc": "noData"}