{"bought": 189.87, "sold": 370.91, "Time_string": "Last update at 21:10 - 25/06/2023", "produce": 0.141, "consumption": 3.585, "ratioPc": "noData", "buyPrice": 0.149072, "sellPrice": 0.1, "batteryLevel": 58.942654287860876, "maxBatteryPerDay": 8.75, "batteryLevelPercentage": 0.269452133887364, "maxAtThisDay": 218.75, "ratioPC": -3.444}