{"bought": 282.04, "sold": 212.89, "Time_string": "Last update at 18:09 - 24/08/2023", "produce": 2.767, "consumption": 3.62, "ratioPC": -0.8530000000000002, "maxBatteryPerDay": 8.75, "maxAtThisDay": 10, "batteryLevelPercentage": -13.922981431791351, "buyPrice": 0.149072, "sellPrice": 0.1, "batteryLevel": -139.2298143179135, "maxBatteryForMonth": 10, "Temperature": 40.9, "ratioPc": "noData"}