{"bought": 395.72, "sold": 369.96, "Time_string": "Last update at 12:23 - 31/10/2024", "produce": 0.728, "consumption": 0.138, "ratioPC": 1.6589999999999998, "maxBatteryPerDay": 8.75, "maxAtThisDay": 100, "batteryLevelPercentage": -1.4754462165933242, "buyPrice": 0.149072, "sellPrice": 0.1, "batteryLevel": -147.54462165933242, "maxBatteryForMonth": 100, "Temperature": 18.0, "ratioPc": "noData"}