{"bought": 60.71, "sold": 107.94, "Time_string": "Last update at 21:06 - 07/07/2023", "produce": 0.103, "consumption": 1.024, "buyPrice": 0.149072, "sellPrice": 0.1, "batteryLevel": 11.697963936889558, "maxBatteryPerDay": 8.75, "batteryLevelPercentage": 1.1697963936889557, "maxAtThisDay": 10, "ratioPC": -0.921, "maxBatteryForMonth": 10, "ratioPc": "noData"}