{"bought": 313.98, "sold": 366.59, "Time_string": "Last update at 11:15 - 30/07/2023", "produce": 2.527, "consumption": 2.51, "buyPrice": 0.149072, "sellPrice": 0.1, "batteryLevel": -68.06527422990237, "maxBatteryPerDay": 8.75, "batteryLevelPercentage": -6.8065274229902375, "maxAtThisDay": 10, "ratioPC": 0.017000000000000348, "maxBatteryForMonth": 10, "ratioPc": "noData"}