{"bought": 103.71, "sold": 244.63, "Time_string": "Last update at 15:47 - 12/05/2024", "produce": 4.895, "consumption": 0.195, "ratioPC": 4.644, "maxBatteryPerDay": 8.75, "maxAtThisDay": 100, "batteryLevelPercentage": 0.60391910486208, "buyPrice": 0.149072, "sellPrice": 0.1, "batteryLevel": 60.391910486208005, "maxBatteryForMonth": 100, "Temperature": 29.8, "ratioPc": "noData"}