{"bought": 218.12, "sold": 291.84, "Time_string": "Last update at 16:25 - 20/09/2024", "produce": 1.882, "consumption": 0.984, "ratioPC": 0.29399999999999993, "maxBatteryPerDay": 8.75, "maxAtThisDay": 100, "batteryLevelPercentage": -0.22348829022217473, "buyPrice": 0.149072, "sellPrice": 0.1, "batteryLevel": -22.348829022217473, "maxBatteryForMonth": 100, "Temperature": 28.2, "ratioPc": "noData"}