{"bought": 45.71, "sold": 65.96, "Time_string": "Last update at 20:53 - 05/07/2023", "produce": 0.134, "consumption": 2.711, "buyPrice": 0.149072, "sellPrice": 0.1, "batteryLevel": -1.4629247611892282, "maxBatteryPerDay": 8.75, "batteryLevelPercentage": -0.14629247611892282, "maxAtThisDay": 10, "ratioPC": -2.577, "maxBatteryForMonth": 10, "ratioPc": "noData"}