{"bought": 2.19, "sold": 7.96, "Time_string": "Last update at 14:04 - 01/08/2023", "produce": 4.72, "consumption": 6.451, "ratioPC": -1.7309999999999999, "maxBatteryPerDay": 8.75, "maxAtThisDay": 8.75, "batteryLevelPercentage": 0.3599658995078121, "buyPrice": 0.149072, "sellPrice": 0.1, "batteryLevel": 3.149701620693356, "maxBatteryForMonth": 10, "Temperature": "34", "ratioPc": "noData"}