{"bought": 143.83, "sold": 371.36, "Time_string": "Last update at 15:02 - 26/10/2023", "produce": 0.338, "consumption": 2.593, "ratioPC": -2.255, "maxBatteryPerDay": 8.75, "maxAtThisDay": 10, "batteryLevelPercentage": 10.528452184179457, "buyPrice": 0.149072, "sellPrice": 0.1, "batteryLevel": 105.28452184179457, "maxBatteryForMonth": 10, "Temperature": 22.0, "ratioPc": "noData"}