{"bought": 146.03, "sold": 232.96, "Time_string": "Last update at 15:07 - 15/09/2024", "produce": 4.349, "consumption": 2.916, "ratioPC": 1.6740000000000004, "maxBatteryPerDay": 8.75, "maxAtThisDay": 100, "batteryLevelPercentage": 0.10243478587528188, "buyPrice": 0.149072, "sellPrice": 0.1, "batteryLevel": 10.243478587528188, "maxBatteryForMonth": 100, "Temperature": 32.1, "ratioPc": "noData"}