{"bought": 34.9, "sold": 53.57, "Time_string": "Last update at 13:03 - 05/09/2024", "produce": 4.202, "consumption": 5.813, "ratioPC": -0.5309999999999997, "maxBatteryPerDay": 8.75, "maxAtThisDay": 43.75, "batteryLevelPercentage": 0.023672120087704474, "buyPrice": 0.149072, "sellPrice": 0.1, "batteryLevel": 1.0356552538370707, "maxBatteryForMonth": 100, "Temperature": 29.1, "ratioPc": "noData"}