{"bought": 205.98, "sold": 374.79, "Time_string": "Last update at 20:55 - 26/06/2023", "produce": 0.182, "consumption": 2.768, "buyPrice": 0.149072, "sellPrice": 0.1, "batteryLevel": 45.43542341955569, "maxBatteryPerDay": 8.75, "batteryLevelPercentage": 0.45435423419555687, "maxAtThisDay": 100, "ratioPC": -2.586, "maxBatteryForMonth": 100, "ratioPc": "noData"}