{"bought": 258.69, "sold": 289.38, "Time_string": "Last update at 16:40 - 24/07/2023", "produce": 4.238, "consumption": 3.442, "buyPrice": 0.149072, "sellPrice": 0.1, "batteryLevel": -64.56903831705483, "maxBatteryPerDay": 8.75, "batteryLevelPercentage": -6.456903831705484, "maxAtThisDay": 10, "ratioPC": 0.7960000000000003, "maxBatteryForMonth": 10, "ratioPc": "noData"}