{"bought": 179.66, "sold": 216.78, "Time_string": "Last update at 12:52 - 17/11/2024", "produce": 0.405, "consumption": 0.245, "ratioPC": 0.089, "maxBatteryPerDay": 8.75, "maxAtThisDay": 100, "batteryLevelPercentage": -0.34240337018353556, "buyPrice": 0.149072, "sellPrice": 0.1, "batteryLevel": -34.24033701835356, "maxBatteryForMonth": 100, "Temperature": 20.9, "ratioPc": "noData"}