{"bought": 191.14, "sold": 198.7, "Time_string": "Last update at 17:08 - 17/10/2024", "produce": 3.789, "consumption": 0.184, "ratioPC": 3.6470000000000002, "maxBatteryPerDay": 8.75, "maxAtThisDay": 100, "batteryLevelPercentage": -0.5784870451862187, "buyPrice": 0.149072, "sellPrice": 0.1, "batteryLevel": -57.84870451862187, "maxBatteryForMonth": 100, "Temperature": 20.9, "ratioPc": "noData"}