{"bought": 174.05, "sold": 315.32, "Time_string": "Last update at 16:18 - 19/06/2024", "produce": 2.793, "consumption": 0.169, "ratioPC": 2.322, "maxBatteryPerDay": 8.75, "maxAtThisDay": 100, "batteryLevelPercentage": 0.37471949125254894, "buyPrice": 0.149072, "sellPrice": 0.1, "batteryLevel": 37.471949125254895, "maxBatteryForMonth": 100, "Temperature": 21.7, "ratioPc": "noData"}