{"bought": 155.98, "sold": 77.77, "Time_string": "Last update at 14:28 - 16/01/2024", "produce": 1.564, "consumption": 3.259, "ratioPC": -1.3940000000000001, "maxBatteryPerDay": 8.75, "maxAtThisDay": 100, "batteryLevelPercentage": -1.0381057851239668, "buyPrice": 0.149072, "sellPrice": 0.1, "batteryLevel": -103.81057851239669, "maxBatteryForMonth": 100, "Temperature": 19.5, "ratioPc": "noData"}