{"bought": 57.73, "sold": 259.12, "Time_string": "Last update at 19:21 - 14/09/2023", "produce": 0.921, "consumption": 1.009, "ratioPC": -0.08799999999999986, "maxBatteryPerDay": 8.75, "maxAtThisDay": 10, "batteryLevelPercentage": 11.609204572287217, "buyPrice": 0.149072, "sellPrice": 0.1, "batteryLevel": 116.09204572287217, "maxBatteryForMonth": 10, "Temperature": 30.7, "ratioPc": "noData"}