{"bought": 133.72, "sold": 145.38, "Time_string": "Last update at 14:46 - 12/10/2024", "produce": 1.625, "consumption": 0.906, "ratioPC": -0.252, "maxBatteryPerDay": 8.75, "maxAtThisDay": 100, "batteryLevelPercentage": -0.3619665557582913, "buyPrice": 0.149072, "sellPrice": 0.1, "batteryLevel": -36.196655575829126, "maxBatteryForMonth": 100, "Temperature": 20.0, "ratioPc": "noData"}