{"bought": 23.67, "sold": 73.46, "Time_string": "Last update at 13:42 - 06/11/2023", "produce": 4.82, "consumption": 0.613, "ratioPC": 4.207000000000001, "maxBatteryPerDay": 8.75, "maxAtThisDay": 10, "batteryLevelPercentage": 2.5608201137705264, "buyPrice": 0.149072, "sellPrice": 0.1, "batteryLevel": 25.608201137705265, "maxBatteryForMonth": 10, "Temperature": 18.0, "ratioPc": "noData"}