{"bought": 132.75, "sold": 326.49, "Time_string": "Last update at 15:29 - 21/06/2023", "produce": 5.354, "consumption": 0.831, "ratioPc": "noData", "buyPrice": 0.149072, "sellPrice": 0.1, "batteryLevel": 86.26497263067509, "maxBatteryPerDay": 8.75, "batteryLevelPercentage": 0.469469238806395, "maxAtThisDay": 183.75, "ratioPC": 4.523}