{"bought": 334.04, "sold": 446.51, "Time_string": "Last update at 13:34 - 30/09/2024", "produce": 4.584, "consumption": 0.172, "ratioPC": 4.315, "maxBatteryPerDay": 8.75, "maxAtThisDay": 100, "batteryLevelPercentage": -0.34513596651282624, "buyPrice": 0.149072, "sellPrice": 0.1, "batteryLevel": -34.513596651282626, "maxBatteryForMonth": 100, "Temperature": 28.1, "ratioPc": "noData"}