{"bought": 175.64, "sold": 215.46, "Time_string": "Last update at 18:55 - 16/11/2024", "produce": 0.0, "consumption": 0.121, "ratioPC": -0.159, "maxBatteryPerDay": 8.75, "maxAtThisDay": 100, "batteryLevelPercentage": -0.31105815176558965, "buyPrice": 0.149072, "sellPrice": 0.1, "batteryLevel": -31.105815176558963, "maxBatteryForMonth": 100, "Temperature": 20.1, "ratioPc": "noData"}