{"bought": 219.48, "sold": 609.46, "Time_string": "Last update at 10:38 - 26/05/2024", "produce": 1.964, "consumption": 1.028, "ratioPC": -0.3699999999999999, "maxBatteryPerDay": 8.75, "maxAtThisDay": 100, "batteryLevelPercentage": 1.8935599871203177, "buyPrice": 0.149072, "sellPrice": 0.1, "batteryLevel": 189.35599871203178, "maxBatteryForMonth": 100, "Temperature": 24.9, "ratioPc": "noData"}