{"bought": 268.84, "sold": 346.37, "Time_string": "Last update at 14:02 - 25/09/2024", "produce": 1.388, "consumption": 8.453, "ratioPC": -2.070999999999999, "maxBatteryPerDay": 8.75, "maxAtThisDay": 100, "batteryLevelPercentage": -0.3648918965332186, "buyPrice": 0.149072, "sellPrice": 0.1, "batteryLevel": -36.48918965332186, "maxBatteryForMonth": 100, "Temperature": 23.0, "ratioPc": "noData"}