{"bought": 75.79, "sold": 31.06, "Time_string": "Last update at 17:29 - 07/01/2024", "produce": 0.529, "consumption": 0.288, "ratioPC": 0.15100000000000002, "maxBatteryPerDay": 8.75, "maxAtThisDay": 61.25, "batteryLevelPercentage": -0.8972151936442712, "buyPrice": 0.149072, "sellPrice": 0.1, "batteryLevel": -54.95443061071161, "maxBatteryForMonth": 100, "Temperature": 12.5, "ratioPc": "noData"}