{"bought": 301.29, "sold": 396.21, "Time_string": "Last update at 10:06 - 28/09/2024", "produce": 1.142, "consumption": 0.109, "ratioPC": 0.289, "maxBatteryPerDay": 8.75, "maxAtThisDay": 100, "batteryLevelPercentage": -0.35505681013201695, "buyPrice": 0.149072, "sellPrice": 0.1, "batteryLevel": -35.505681013201695, "maxBatteryForMonth": 100, "Temperature": 18.3, "ratioPc": "noData"}