{"bought": 220.02, "sold": 294.18, "Time_string": "Last update at 22:10 - 20/09/2024", "produce": 0.0, "consumption": 1.391, "ratioPC": -1.487, "maxBatteryPerDay": 8.75, "maxAtThisDay": 100, "batteryLevelPercentage": -0.22679117741762383, "buyPrice": 0.149072, "sellPrice": 0.1, "batteryLevel": -22.679117741762383, "maxBatteryForMonth": 100, "Temperature": 21.8, "ratioPc": "noData"}