{"bought": 174.92, "sold": 134.18, "Time_string": "Last update at 16:52 - 16/08/2023", "produce": 3.845, "consumption": 2.151, "ratioPC": 1.6940000000000004, "maxBatteryPerDay": 8.75, "maxAtThisDay": 10, "batteryLevelPercentage": -8.490980358484489, "buyPrice": 0.149072, "sellPrice": 0.1, "batteryLevel": -84.9098035848449, "maxBatteryForMonth": 10, "Temperature": 35.9, "ratioPc": "noData"}