{"bought": 6.56, "sold": 3.58, "Time_string": "Last update at 17:01 - 01/09/2024", "produce": 3.917, "consumption": 2.239, "ratioPC": 0.7389999999999999, "maxBatteryPerDay": 8.75, "maxAtThisDay": 8.75, "batteryLevelPercentage": -0.47525438905840317, "buyPrice": 0.149072, "sellPrice": 0.1, "batteryLevel": -4.158475904261028, "maxBatteryForMonth": 100, "Temperature": 34.0, "ratioPc": "noData"}