{"bought": 56.27, "sold": 21.56, "Time_string": "Last update at 10:45 - 06/01/2024", "produce": 1.014, "consumption": 0.181, "ratioPC": 0.7729999999999999, "maxBatteryPerDay": 8.75, "maxAtThisDay": 52.5, "batteryLevelPercentage": -0.796327430145612, "buyPrice": 0.149072, "sellPrice": 0.1, "batteryLevel": -41.80719008264463, "maxBatteryForMonth": 100, "Temperature": 8.5, "ratioPc": "noData"}