{"bought": 181.86, "sold": 350.7, "Time_string": "Last update at 18:37 - 16/05/2024", "produce": 0.529, "consumption": 0.986, "ratioPC": -6.465999999999999, "maxBatteryPerDay": 8.75, "maxAtThisDay": 100, "batteryLevelPercentage": 0.5339544703230652, "buyPrice": 0.149072, "sellPrice": 0.1, "batteryLevel": 53.39544703230652, "maxBatteryForMonth": 100, "Temperature": 21.0, "ratioPc": "noData"}