{"bought": 138.62, "sold": 335.12, "Time_string": "Last update at 04:57 - 22/06/2023", "produce": 0.0, "consumption": 0.118, "ratioPc": "noData", "buyPrice": 0.149072, "sellPrice": 0.1, "batteryLevel": 86.18412149833637, "maxBatteryPerDay": 8.75, "batteryLevelPercentage": 0.44770972206927984, "maxAtThisDay": 192.5, "ratioPC": -0.118}