{"bought": 365.41, "sold": 264.79, "Time_string": "Last update at 19:40 - 29/08/2023", "produce": 1.011, "consumption": 1.352, "ratioPC": -0.3410000000000002, "maxBatteryPerDay": 8.75, "maxAtThisDay": 10, "batteryLevelPercentage": -18.77844230975636, "buyPrice": 0.149072, "sellPrice": 0.1, "batteryLevel": -187.7844230975636, "maxBatteryForMonth": 10, "Temperature": 35.3, "ratioPc": "noData"}