{"bought": 168.24, "sold": 363.41, "Time_string": "Last update at 11:45 - 24/06/2023", "produce": 3.111, "consumption": 4.133, "ratioPc": "noData", "buyPrice": 0.149072, "sellPrice": 0.1, "batteryLevel": 75.54152838896638, "maxBatteryPerDay": 8.75, "batteryLevelPercentage": 0.3597215637569828, "maxAtThisDay": 210.0, "ratioPC": -1.0219999999999998}