{"bought": 191.46, "sold": 441.54, "Time_string": "Last update at 09:05 - 20/05/2024", "produce": 0.253, "consumption": 0.128, "ratioPC": 0.1, "maxBatteryPerDay": 8.75, "maxAtThisDay": 100, "batteryLevelPercentage": 1.0473244391971663, "buyPrice": 0.149072, "sellPrice": 0.1, "batteryLevel": 104.73244391971664, "maxBatteryForMonth": 100, "Temperature": 14.2, "ratioPc": "noData"}