{"bought": 406.84, "sold": 65.16, "Time_string": "Last update at 18:06 - 19/08/2024", "produce": 3.316, "consumption": 7.81, "ratioPC": -0.6549999999999998, "maxBatteryPerDay": 8.75, "maxAtThisDay": 100, "batteryLevelPercentage": -3.631295781904046, "buyPrice": 0.149072, "sellPrice": 0.1, "batteryLevel": -363.12957819040463, "maxBatteryForMonth": 100, "Temperature": 35.8, "ratioPc": "noData"}