{"bought": 87.53, "sold": 132.92, "Time_string": "Last update at 21:06 - 09/10/2024", "produce": 0.0, "consumption": 0.24, "ratioPC": -0.239, "maxBatteryPerDay": 8.75, "maxAtThisDay": 78.75, "batteryLevelPercentage": 0.020761489068454753, "buyPrice": 0.149072, "sellPrice": 0.1, "batteryLevel": 1.634967264140812, "maxBatteryForMonth": 100, "Temperature": 19.9, "ratioPc": "noData"}