{"bought": 206.37, "sold": 184.87, "Time_string": "Last update at 11:40 - 20/08/2023", "produce": 2.529, "consumption": 2.629, "ratioPC": -0.10000000000000009, "maxBatteryPerDay": 8.75, "maxAtThisDay": 10, "batteryLevelPercentage": -8.235610067618332, "buyPrice": 0.149072, "sellPrice": 0.1, "batteryLevel": -82.35610067618332, "maxBatteryForMonth": 10, "Temperature": 35.3, "ratioPc": "noData"}