{"bought": 235.57, "sold": 660.5, "Time_string": "Last update at 13:32 - 28/05/2024", "produce": 4.542, "consumption": 0.16, "ratioPC": 4.348, "maxBatteryPerDay": 8.75, "maxAtThisDay": 100, "batteryLevelPercentage": 2.0750448749597505, "buyPrice": 0.149072, "sellPrice": 0.1, "batteryLevel": 207.50448749597507, "maxBatteryForMonth": 100, "Temperature": 29.1, "ratioPc": "noData"}