{"bought": 165.92, "sold": 155.21, "Time_string": "Last update at 12:41 - 23/12/2023", "produce": 4.215, "consumption": 1.434, "ratioPC": 2.7969999999999997, "maxBatteryPerDay": 8.75, "maxAtThisDay": 100, "batteryLevelPercentage": -0.6180252656434473, "buyPrice": 0.149072, "sellPrice": 0.1, "batteryLevel": -61.80252656434473, "maxBatteryForMonth": 100, "Temperature": 13.4, "ratioPc": "noData"}