{"bought": 166.4, "sold": 165.13, "Time_string": "Last update at 15:47 - 23/12/2023", "produce": 2.507, "consumption": 4.005, "ratioPC": -1.1360000000000001, "maxBatteryPerDay": 8.75, "maxAtThisDay": 100, "batteryLevelPercentage": -0.5562802404207363, "buyPrice": 0.149072, "sellPrice": 0.1, "batteryLevel": -55.62802404207363, "maxBatteryForMonth": 100, "Temperature": 16.8, "ratioPc": "noData"}