{"bought": 157.6, "sold": 170.32, "Time_string": "Last update at 21:30 - 15/07/2023", "produce": 0.044, "consumption": 0.723, "buyPrice": 0.149072, "sellPrice": 0.1, "batteryLevel": -43.346484920038634, "maxBatteryPerDay": 8.75, "batteryLevelPercentage": -4.334648492003863, "maxAtThisDay": 10, "ratioPC": -0.6789999999999999, "maxBatteryForMonth": 10, "ratioPc": "noData"}