{"bought": 144.08, "sold": 372.57, "Time_string": "Last update at 15:54 - 26/10/2023", "produce": 2.84, "consumption": 0.168, "ratioPC": 2.6719999999999997, "maxBatteryPerDay": 8.75, "maxAtThisDay": 10, "batteryLevelPercentage": 10.584621015348285, "buyPrice": 0.149072, "sellPrice": 0.1, "batteryLevel": 105.84621015348284, "maxBatteryForMonth": 10, "Temperature": 22.9, "ratioPc": "noData"}