{"bought": 28.68, "sold": 53.14, "Time_string": "Last update at 05:12 - 05/09/2024", "produce": 0.0, "consumption": 0.129, "ratioPC": -0.155, "maxBatteryPerDay": 8.75, "maxAtThisDay": 43.75, "batteryLevelPercentage": 0.15925037795734365, "buyPrice": 0.149072, "sellPrice": 0.1, "batteryLevel": 6.9672040356337845, "maxBatteryForMonth": 100, "Temperature": 18.8, "ratioPc": "noData"}