{"bought": 196.73, "sold": 532.61, "Time_string": "Last update at 19:58 - 22/05/2024", "produce": 0.796, "consumption": 1.126, "ratioPC": -0.028000000000000025, "maxBatteryPerDay": 8.75, "maxAtThisDay": 100, "batteryLevelPercentage": 1.605537286680262, "buyPrice": 0.149072, "sellPrice": 0.1, "batteryLevel": 160.5537286680262, "maxBatteryForMonth": 100, "Temperature": 26.0, "ratioPc": "noData"}