{"bought": 303.44, "sold": 361.94, "Time_string": "Last update at 14:54 - 29/07/2023", "produce": 4.778, "consumption": 1.853, "buyPrice": 0.149072, "sellPrice": 0.1, "batteryLevel": -60.6445722872169, "maxBatteryPerDay": 8.75, "batteryLevelPercentage": -6.0644572287216905, "maxAtThisDay": 10, "ratioPC": 2.925, "maxBatteryForMonth": 10, "ratioPc": "noData"}