{"bought": 206.26, "sold": 558.28, "Time_string": "Last update at 21:49 - 23/05/2024", "produce": 0.0, "consumption": 0.362, "ratioPC": -0.361, "maxBatteryPerDay": 8.75, "maxAtThisDay": 100, "batteryLevelPercentage": 1.6824359557797572, "buyPrice": 0.149072, "sellPrice": 0.1, "batteryLevel": 168.24359557797573, "maxBatteryForMonth": 100, "Temperature": 24.4, "ratioPc": "noData"}