{"bought": 169.42, "sold": 366.43, "Time_string": "Last update at 16:34 - 24/06/2023", "produce": 4.1, "consumption": 2.804, "ratioPc": "noData", "buyPrice": 0.149072, "sellPrice": 0.1, "batteryLevel": 76.38739508425459, "maxBatteryPerDay": 8.75, "batteryLevelPercentage": 0.36374950040121234, "maxAtThisDay": 210.0, "ratioPC": 1.2959999999999998}