{"bought": 175.69, "sold": 170.5, "Time_string": "Last update at 15:24 - 24/12/2023", "produce": 3.224, "consumption": 4.774, "ratioPC": -1.1959999999999997, "maxBatteryPerDay": 8.75, "maxAtThisDay": 100, "batteryLevelPercentage": -0.6131573789846517, "buyPrice": 0.149072, "sellPrice": 0.1, "batteryLevel": -61.31573789846517, "maxBatteryForMonth": 100, "Temperature": 16.4, "ratioPc": "noData"}