{"bought": 334.04, "sold": 450.39, "Time_string": "Last update at 14:27 - 30/09/2024", "produce": 4.842, "consumption": 0.85, "ratioPC": 3.876, "maxBatteryPerDay": 8.75, "maxAtThisDay": 100, "batteryLevelPercentage": -0.3191082751958788, "buyPrice": 0.149072, "sellPrice": 0.1, "batteryLevel": -31.910827519587883, "maxBatteryForMonth": 100, "Temperature": 29.5, "ratioPc": "noData"}