{"bought": 67.55, "sold": 240.56, "Time_string": "Last update at 21:28 - 14/06/2023", "produce": 0.056, "consumption": 1.52, "ratioPc": null, "buyPrice": 0.149072, "sellPrice": 0.1, "batteryLevel": 93.82168616507458, "maxBatteryPerDay": 8.75, "batteryLevelPercentage": 0.7658913156332618, "maxAtThisDay": 122.5, "ratioPC": -1.464}