{"bought": 131.25, "sold": 316.89, "Time_string": "Last update at 03:50 - 21/06/2023", "produce": 0.0, "consumption": 0.094, "ratioPc": "noData", "buyPrice": 0.149072, "sellPrice": 0.1, "batteryLevel": 81.32513148009014, "maxBatteryPerDay": 8.75, "batteryLevelPercentage": 0.4425857495515109, "maxAtThisDay": 183.75, "ratioPC": -0.094}