{"bought": 176.54, "sold": 171.31, "Time_string": "Last update at 16:31 - 24/12/2023", "produce": 1.943, "consumption": 1.021, "ratioPC": 0.9559999999999997, "maxBatteryPerDay": 8.75, "maxAtThisDay": 100, "batteryLevelPercentage": -0.6162237630138456, "buyPrice": 0.149072, "sellPrice": 0.1, "batteryLevel": -61.62237630138456, "maxBatteryForMonth": 100, "Temperature": 16.5, "ratioPc": "noData"}