{"bought": 303.83, "sold": 214.77, "Time_string": "Last update at 14:26 - 25/08/2023", "produce": 4.467, "consumption": 3.42, "ratioPC": 1.0469999999999997, "maxBatteryPerDay": 8.75, "maxAtThisDay": 10, "batteryLevelPercentage": -15.975867875925724, "buyPrice": 0.149072, "sellPrice": 0.1, "batteryLevel": -159.75867875925724, "maxBatteryForMonth": 10, "Temperature": 40.4, "ratioPc": "noData"}