{"bought": 213.4, "sold": 281.75, "Time_string": "Last update at 19:26 - 19/09/2024", "produce": 0.503, "consumption": 0.193, "ratioPC": 0.502, "maxBatteryPerDay": 8.75, "maxAtThisDay": 100, "batteryLevelPercentage": -0.2439737039819687, "buyPrice": 0.149072, "sellPrice": 0.1, "batteryLevel": -24.39737039819687, "maxBatteryForMonth": 100, "Temperature": 23.6, "ratioPc": "noData"}