{"bought": 22.75, "sold": 62.34, "Time_string": "Last update at 15:34 - 04/10/2023", "produce": 4.577, "consumption": 3.305, "ratioPC": 1.2719999999999998, "maxBatteryPerDay": 8.75, "maxAtThisDay": 10, "batteryLevelPercentage": 1.9068718471611035, "buyPrice": 0.149072, "sellPrice": 0.1, "batteryLevel": 19.068718471611035, "maxBatteryForMonth": 10, "Temperature": 32.6, "ratioPc": "noData"}