{"bought": 210.9, "sold": 277.38, "Time_string": "Last update at 13:15 - 19/09/2024", "produce": 4.556, "consumption": 1.643, "ratioPC": 1.4139999999999997, "maxBatteryPerDay": 8.75, "maxAtThisDay": 100, "batteryLevelPercentage": -0.24828839755286056, "buyPrice": 0.149072, "sellPrice": 0.1, "batteryLevel": -24.828839755286054, "maxBatteryForMonth": 100, "Temperature": 26.2, "ratioPc": "noData"}