{"bought": 187.05, "sold": 410.94, "Time_string": "Last update at 18:07 - 18/05/2024", "produce": 3.414, "consumption": 0.964, "ratioPC": 3.3379999999999996, "maxBatteryPerDay": 8.75, "maxAtThisDay": 100, "batteryLevelPercentage": 0.886154502522271, "buyPrice": 0.149072, "sellPrice": 0.1, "batteryLevel": 88.6154502522271, "maxBatteryForMonth": 100, "Temperature": 24.9, "ratioPc": "noData"}