{"bought": 232.42, "sold": 627.04, "Time_string": "Last update at 05:42 - 27/05/2024", "produce": 0.0, "consumption": 0.216, "ratioPC": -0.215, "maxBatteryPerDay": 8.75, "maxAtThisDay": 100, "batteryLevelPercentage": 1.8820895781904048, "buyPrice": 0.149072, "sellPrice": 0.1, "batteryLevel": 188.20895781904048, "maxBatteryForMonth": 100, "Temperature": 18.3, "ratioPc": "noData"}