{"bought": 93.62, "sold": 277.86, "Time_string": "Last update at 16:07 - 18/10/2023", "produce": 1.13, "consumption": 0.368, "ratioPC": 0.7619999999999999, "maxBatteryPerDay": 8.75, "maxAtThisDay": 10, "batteryLevelPercentage": 9.277315230224321, "buyPrice": 0.149072, "sellPrice": 0.1, "batteryLevel": 92.7731523022432, "maxBatteryForMonth": 10, "Temperature": 24.0, "ratioPc": "noData"}