{"bought": 155.17, "sold": 166.29, "Time_string": "Last update at 16:40 - 15/07/2023", "produce": 4.165, "consumption": 4.55, "buyPrice": 0.149072, "sellPrice": 0.1, "batteryLevel": -43.619876569711266, "maxBatteryPerDay": 8.75, "batteryLevelPercentage": -4.3619876569711264, "maxAtThisDay": 10, "ratioPC": -0.3849999999999998, "maxBatteryForMonth": 10, "ratioPc": "noData"}