{"bought": 81.46, "sold": 357.41, "Time_string": "Last update at 11:26 - 20/09/2023", "produce": 3.006, "consumption": 0.85, "ratioPC": 2.1559999999999997, "maxBatteryPerDay": 8.75, "maxAtThisDay": 10, "batteryLevelPercentage": 15.829662766985086, "buyPrice": 0.149072, "sellPrice": 0.1, "batteryLevel": 158.29662766985086, "maxBatteryForMonth": 10, "Temperature": 22.9, "ratioPc": "noData"}