{"bought": 80.22, "sold": 109.26, "Time_string": "Last update at 19:13 - 07/10/2024", "produce": 0.08, "consumption": 0.167, "ratioPC": -2.2809999999999997, "maxBatteryPerDay": 8.75, "maxAtThisDay": 61.25, "batteryLevelPercentage": -0.1130866596719183, "buyPrice": 0.149072, "sellPrice": 0.1, "batteryLevel": -6.926557904904996, "maxBatteryForMonth": 100, "Temperature": 19.0, "ratioPc": "noData"}