{"bought": 169.94, "sold": 299.35, "Time_string": "Last update at 21:51 - 18/06/2024", "produce": 0.015, "consumption": 0.285, "ratioPC": -0.183, "maxBatteryPerDay": 8.75, "maxAtThisDay": 100, "batteryLevelPercentage": 0.30869005044542236, "buyPrice": 0.149072, "sellPrice": 0.1, "batteryLevel": 30.869005044542234, "maxBatteryForMonth": 100, "Temperature": 20.1, "ratioPc": "noData"}