{"bought": 14.25, "sold": 0.35, "Time_string": "Last update at 16:36 - 01/01/2024", "produce": 1.845, "consumption": 0.344, "ratioPC": -3.3720000000000003, "maxBatteryPerDay": 8.75, "maxAtThisDay": 8.75, "batteryLevelPercentage": -1.601738757110658, "buyPrice": 0.149072, "sellPrice": 0.1, "batteryLevel": -14.015214124718257, "maxBatteryForMonth": 100, "Temperature": 15.8, "ratioPc": "noData"}