{"bought": 233.09, "sold": 344.96, "Time_string": "Last update at 03:47 - 21/06/2024", "produce": 0.0, "consumption": 0.162, "ratioPC": -0.161, "maxBatteryPerDay": 8.75, "maxAtThisDay": 100, "batteryLevelPercentage": -0.016850413223140494, "buyPrice": 0.149072, "sellPrice": 0.1, "batteryLevel": -1.6850413223140492, "maxBatteryForMonth": 100, "Temperature": 15.2, "ratioPc": "noData"}