{"bought": 305.05, "sold": 332.2, "Time_string": "Last update at 13:21 - 26/10/2024", "produce": 2.063, "consumption": 6.162, "ratioPC": -3.7410000000000005, "maxBatteryPerDay": 8.75, "maxAtThisDay": 100, "batteryLevelPercentage": -0.8220466351829993, "buyPrice": 0.149072, "sellPrice": 0.1, "batteryLevel": -82.20466351829992, "maxBatteryForMonth": 100, "Temperature": 16.4, "ratioPc": "noData"}