{"bought": 44.48, "sold": 19.95, "Time_string": "Last update at 18:03 - 03/06/2024", "produce": 3.243, "consumption": 3.385, "ratioPC": -0.06800000000000006, "maxBatteryPerDay": 8.75, "maxAtThisDay": 26.25, "batteryLevelPercentage": -1.1846554327215482, "buyPrice": 0.149072, "sellPrice": 0.1, "batteryLevel": -31.097205108940642, "maxBatteryForMonth": 100, "Temperature": 31.9, "ratioPc": "noData"}