{"bought": 119.19, "sold": 285.7, "Time_string": "Last update at 09:08 - 19/06/2023", "produce": 0.734, "consumption": 0.311, "ratioPc": "noData", "buyPrice": 0.149072, "sellPrice": 0.1, "batteryLevel": 72.46235590855426, "maxBatteryPerDay": 8.75, "batteryLevelPercentage": 0.4358637949386722, "maxAtThisDay": 166.25, "ratioPC": 0.423}