{"bought": 223.65, "sold": 304.36, "Time_string": "Last update at 15:20 - 21/09/2024", "produce": 0.641, "consumption": 1.022, "ratioPC": -0.4009999999999999, "maxBatteryPerDay": 8.75, "maxAtThisDay": 100, "batteryLevelPercentage": -0.19480202854996237, "buyPrice": 0.149072, "sellPrice": 0.1, "batteryLevel": -19.480202854996236, "maxBatteryForMonth": 100, "Temperature": 25.0, "ratioPc": "noData"}