{"bought": 132.32, "sold": 183.38, "Time_string": "Last update at 15:38 - 13/11/2024", "produce": 0.765, "consumption": 0.419, "ratioPC": 0.193, "maxBatteryPerDay": 8.75, "maxAtThisDay": 100, "batteryLevelPercentage": -0.09305617688097016, "buyPrice": 0.149072, "sellPrice": 0.1, "batteryLevel": -9.305617688097016, "maxBatteryForMonth": 100, "Temperature": 15.6, "ratioPc": "noData"}