{"bought": 100.39, "sold": 75.33, "Time_string": "Last update at 19:05 - 09/08/2023", "produce": 1.297, "consumption": 2.671, "ratioPC": -1.3739999999999999, "maxBatteryPerDay": 8.75, "maxAtThisDay": 10, "batteryLevelPercentage": -4.98573714715037, "buyPrice": 0.149072, "sellPrice": 0.1, "batteryLevel": -49.857371471503704, "maxBatteryForMonth": 10, "Temperature": 37.0, "ratioPc": "noData"}