{"bought": 105.43, "sold": 531.08, "Time_string": "Last update at 16:40 - 27/09/2023", "produce": 4.269, "consumption": 1.338, "ratioPC": 2.931, "maxBatteryPerDay": 8.75, "maxAtThisDay": 10, "batteryLevelPercentage": 25.082737898465172, "buyPrice": 0.149072, "sellPrice": 0.1, "batteryLevel": 250.82737898465172, "maxBatteryForMonth": 10, "Temperature": 32.7, "ratioPc": "noData"}