{"bought": 80.0, "sold": 67.56, "Time_string": "Last update at 12:08 - 08/08/2023", "produce": 3.589, "consumption": 3.075, "ratioPC": 0.5139999999999998, "maxBatteryPerDay": 8.75, "maxAtThisDay": 10, "batteryLevelPercentage": -3.46796179027584, "buyPrice": 0.149072, "sellPrice": 0.1, "batteryLevel": -34.6796179027584, "maxBatteryForMonth": 10, "Temperature": 33.3, "ratioPc": "noData"}