{"bought": 176.42, "sold": 447.69, "Time_string": "Last update at 15:51 - 31/10/2023", "produce": 0.572, "consumption": 0.366, "ratioPC": 0.20599999999999996, "maxBatteryPerDay": 8.75, "maxAtThisDay": 10, "batteryLevelPercentage": 12.389796715681015, "buyPrice": 0.149072, "sellPrice": 0.1, "batteryLevel": 123.89796715681015, "maxBatteryForMonth": 10, "Temperature": 16.0, "ratioPc": "noData"}