{"bought": 1.71, "sold": 0.11, "Time_string": "Last update at 09:19 - 01/06/2024", "produce": 0.383, "consumption": 0.126, "ratioPC": 0.12199999999999997, "maxBatteryPerDay": 8.75, "maxAtThisDay": 8.75, "batteryLevelPercentage": -0.18699544611232924, "buyPrice": 0.149072, "sellPrice": 0.1, "batteryLevel": -1.6362101534828808, "maxBatteryForMonth": 100, "Temperature": 21.6, "ratioPc": "noData"}