{"bought": 138.79, "sold": 335.12, "Time_string": "Last update at 06:21 - 22/06/2023", "produce": 0.0, "consumption": 0.088, "ratioPc": "noData", "buyPrice": 0.149072, "sellPrice": 0.1, "batteryLevel": 86.01412149833638, "maxBatteryPerDay": 8.75, "batteryLevelPercentage": 0.446826605186163, "maxAtThisDay": 192.5, "ratioPC": -0.088}