{"bought": 162.89, "sold": 102.77, "Time_string": "Last update at 15:12 - 14/08/2023", "produce": 4.86, "consumption": 3.513, "ratioPC": 1.3470000000000004, "maxBatteryPerDay": 8.75, "maxAtThisDay": 10, "batteryLevelPercentage": -9.395015884941504, "buyPrice": 0.149072, "sellPrice": 0.1, "batteryLevel": -93.95015884941503, "maxBatteryForMonth": 10, "Temperature": 34.2, "ratioPc": "noData"}