{"bought": 122.21, "sold": 123.81, "Time_string": "Last update at 13:48 - 18/12/2023", "produce": 4.497, "consumption": 5.341, "ratioPC": -0.9800000000000004, "maxBatteryPerDay": 8.75, "maxAtThisDay": 100, "batteryLevelPercentage": -0.3915617366104969, "buyPrice": 0.149072, "sellPrice": 0.1, "batteryLevel": -39.15617366104969, "maxBatteryForMonth": 100, "Temperature": 14.0, "ratioPc": "noData"}