{"bought": 289.68, "sold": 378.96, "Time_string": "Last update at 11:10 - 25/06/2024", "produce": 2.511, "consumption": 1.016, "ratioPC": 1.3479999999999999, "maxBatteryPerDay": 8.75, "maxAtThisDay": 100, "batteryLevelPercentage": -0.3546727058065903, "buyPrice": 0.149072, "sellPrice": 0.1, "batteryLevel": -35.46727058065903, "maxBatteryForMonth": 100, "Temperature": 28.2, "ratioPc": "noData"}