{"bought": 476.94, "sold": 72.21, "Time_string": "Last update at 14:05 - 22/08/2024", "produce": 4.627, "consumption": 3.483, "ratioPC": 0.8909999999999996, "maxBatteryPerDay": 8.75, "maxAtThisDay": 100, "batteryLevelPercentage": -4.285003198454438, "buyPrice": 0.149072, "sellPrice": 0.1, "batteryLevel": -428.5003198454438, "maxBatteryForMonth": 100, "Temperature": 32.1, "ratioPc": "noData"}