{"bought": 107.66, "sold": 253.59, "Time_string": "Last update at 10:37 - 13/05/2024", "produce": 2.059, "consumption": 0.244, "ratioPC": 1.7329999999999999, "maxBatteryPerDay": 8.75, "maxAtThisDay": 100, "batteryLevelPercentage": 0.6245242889342063, "buyPrice": 0.149072, "sellPrice": 0.1, "batteryLevel": 62.45242889342063, "maxBatteryForMonth": 100, "Temperature": 22.9, "ratioPc": "noData"}