{"bought": 107.45, "sold": 155.32, "Time_string": "Last update at 21:40 - 11/06/2024", "produce": 0.03, "consumption": 0.273, "ratioPC": -0.22400000000000003, "maxBatteryPerDay": 8.75, "maxAtThisDay": 96.25, "batteryLevelPercentage": -0.03385700486054682, "buyPrice": 0.149072, "sellPrice": 0.1, "batteryLevel": -3.258736717827631, "maxBatteryForMonth": 100, "Temperature": 22.3, "ratioPc": "noData"}