{"bought": 71.15, "sold": 240.87, "Time_string": "Last update at 11:11 - 15/06/2023", "produce": 2.714, "consumption": 2.934, "ratioPc": null, "buyPrice": 0.149072, "sellPrice": 0.1, "batteryLevel": 90.42963936889558, "maxBatteryPerDay": 8.75, "batteryLevelPercentage": 0.6889877285249187, "maxAtThisDay": 131.25, "ratioPC": -0.2200000000000002}