{"bought": 247.08, "sold": 202.42, "Time_string": "Last update at 12:50 - 30/12/2023", "produce": 3.914, "consumption": 2.881, "ratioPC": 0.6760000000000002, "maxBatteryPerDay": 8.75, "maxAtThisDay": 100, "batteryLevelPercentage": -1.1129326607277021, "buyPrice": 0.149072, "sellPrice": 0.1, "batteryLevel": -111.29326607277022, "maxBatteryForMonth": 100, "Temperature": 13.7, "ratioPc": "noData"}