{"bought": 86.49, "sold": 256.16, "Time_string": "Last update at 14:34 - 16/06/2023", "produce": 4.71, "consumption": 5.641, "ratioPc": null, "buyPrice": 0.149072, "sellPrice": 0.1, "batteryLevel": 85.34642803477514, "maxBatteryPerDay": 8.75, "batteryLevelPercentage": 0.6096173431055367, "maxAtThisDay": 140.0, "ratioPC": -0.931}