{"bought": 169.42, "sold": 367.18, "Time_string": "Last update at 17:43 - 24/06/2023", "produce": 3.436, "consumption": 3.32, "ratioPc": "noData", "buyPrice": 0.149072, "sellPrice": 0.1, "batteryLevel": 76.89050767414406, "maxBatteryPerDay": 8.75, "batteryLevelPercentage": 0.3661452746387812, "maxAtThisDay": 210.0, "ratioPC": 0.1160000000000001}