{"bought": 68.92, "sold": 110.26, "Time_string": "Last update at 10:30 - 08/11/2024", "produce": 0.422, "consumption": 0.171, "ratioPC": 0.276, "maxBatteryPerDay": 8.75, "maxAtThisDay": 70.0, "batteryLevelPercentage": 0.07206084116591792, "buyPrice": 0.149072, "sellPrice": 0.1, "batteryLevel": 5.044258881614255, "maxBatteryForMonth": 100, "Temperature": 17.5, "ratioPc": "noData"}