{"bought": 194.37, "sold": 176.09, "Time_string": "Last update at 11:04 - 26/12/2023", "produce": 2.786, "consumption": 0.338, "ratioPC": 0.137, "maxBatteryPerDay": 8.75, "maxAtThisDay": 100, "batteryLevelPercentage": -0.7624587206182248, "buyPrice": 0.149072, "sellPrice": 0.1, "batteryLevel": -76.24587206182248, "maxBatteryForMonth": 100, "Temperature": 6.1, "ratioPc": "noData"}