{"bought": 170.1, "sold": 189.17, "Time_string": "Last update at 18:13 - 17/07/2023", "produce": 2.804, "consumption": 2.745, "buyPrice": 0.149072, "sellPrice": 0.1, "batteryLevel": -43.2015884941505, "maxBatteryPerDay": 8.75, "batteryLevelPercentage": -4.32015884941505, "maxAtThisDay": 10, "ratioPC": 0.05899999999999972, "maxBatteryForMonth": 10, "ratioPc": "noData"}