{"bought": 132.75, "sold": 329.95, "Time_string": "Last update at 16:26 - 21/06/2023", "produce": 4.488, "consumption": 1.172, "ratioPc": "noData", "buyPrice": 0.149072, "sellPrice": 0.1, "batteryLevel": 88.58599871203174, "maxBatteryPerDay": 8.75, "batteryLevelPercentage": 0.48210067326275774, "maxAtThisDay": 183.75, "ratioPC": 3.3160000000000007}