{"bought": 67.14, "sold": 109.67, "Time_string": "Last update at 22:38 - 07/11/2024", "produce": 0.0, "consumption": 0.168, "ratioPC": -0.216, "maxBatteryPerDay": 8.75, "maxAtThisDay": 61.25, "batteryLevelPercentage": 0.1049547261643736, "buyPrice": 0.149072, "sellPrice": 0.1, "batteryLevel": 6.4284769775678825, "maxBatteryForMonth": 100, "Temperature": 16.4, "ratioPc": "noData"}