{"bought": 205.52, "sold": 556.66, "Time_string": "Last update at 18:32 - 23/05/2024", "produce": 1.999, "consumption": 0.984, "ratioPC": 1.453, "maxBatteryPerDay": 8.75, "maxAtThisDay": 100, "batteryLevelPercentage": 1.678968723838145, "buyPrice": 0.149072, "sellPrice": 0.1, "batteryLevel": 167.8968723838145, "maxBatteryForMonth": 100, "Temperature": 29.0, "ratioPc": "noData"}