{"bought": 94.54, "sold": 178.88, "Time_string": "Last update at 23:08 - 11/09/2024", "produce": 0.0, "consumption": 0.133, "ratioPC": -0.202, "maxBatteryPerDay": 8.75, "maxAtThisDay": 96.25, "batteryLevelPercentage": 0.26447487555913013, "buyPrice": 0.149072, "sellPrice": 0.1, "batteryLevel": 25.455706772566273, "maxBatteryForMonth": 100, "Temperature": 19.9, "ratioPc": "noData"}