{"bought": 61.96, "sold": 21.68, "Time_string": "Last update at 14:38 - 06/01/2024", "produce": 2.661, "consumption": 2.815, "ratioPC": -0.06700000000000017, "maxBatteryPerDay": 8.75, "maxAtThisDay": 52.5, "batteryLevelPercentage": -0.9031750870145204, "buyPrice": 0.149072, "sellPrice": 0.1, "batteryLevel": -47.41669206826232, "maxBatteryForMonth": 100, "Temperature": 13.6, "ratioPc": "noData"}