{"bought": 86.41, "sold": 128.5, "Time_string": "Last update at 09:21 - 09/10/2024", "produce": 0.145, "consumption": 0.14, "ratioPC": 0.060000000000000005, "maxBatteryPerDay": 8.75, "maxAtThisDay": 78.75, "batteryLevelPercentage": -0.0026672118384042385, "buyPrice": 0.149072, "sellPrice": 0.1, "batteryLevel": -0.2100429322743338, "maxBatteryForMonth": 100, "Temperature": 19.4, "ratioPc": "noData"}