{"bought": 350.95, "sold": 57.53, "Time_string": "Last update at 09:22 - 18/08/2024", "produce": 0.29, "consumption": 0.174, "ratioPC": 0.04300000000000001, "maxBatteryPerDay": 8.75, "maxAtThisDay": 100, "batteryLevelPercentage": -3.1235791027154662, "buyPrice": 0.149072, "sellPrice": 0.1, "batteryLevel": -312.35791027154664, "maxBatteryForMonth": 100, "Temperature": 26.1, "ratioPc": "noData"}