{"bought": 123.25, "sold": 571.23, "Time_string": "Last update at 14:03 - 30/09/2023", "produce": 4.767, "consumption": 3.265, "ratioPC": 1.5020000000000002, "maxBatteryPerDay": 8.75, "maxAtThisDay": 10, "batteryLevelPercentage": 25.994067296340024, "buyPrice": 0.149072, "sellPrice": 0.1, "batteryLevel": 259.94067296340023, "maxBatteryForMonth": 10, "Temperature": 34.1, "ratioPc": "noData"}