{"bought": 247.64, "sold": 203.88, "Time_string": "Last update at 13:54 - 30/12/2023", "produce": 4.067, "consumption": 0.376, "ratioPC": 3.6519999999999997, "maxBatteryPerDay": 8.75, "maxAtThisDay": 100, "batteryLevelPercentage": -1.1087387356445206, "buyPrice": 0.149072, "sellPrice": 0.1, "batteryLevel": -110.87387356445205, "maxBatteryForMonth": 100, "Temperature": 14.9, "ratioPc": "noData"}