{"bought": 138.37, "sold": 156.67, "Time_string": "Last update at 22:46 - 13/07/2023", "produce": 0.0, "consumption": 1.781, "buyPrice": 0.149072, "sellPrice": 0.1, "batteryLevel": -33.273134056026635, "maxBatteryPerDay": 8.75, "batteryLevelPercentage": -3.3273134056026636, "maxAtThisDay": 10, "ratioPC": -1.781, "maxBatteryForMonth": 10, "ratioPc": "noData"}