{"bought": 107.18, "sold": 140.46, "Time_string": "Last update at 14:30 - 11/06/2024", "produce": 5.623, "consumption": 0.407, "ratioPC": -0.7589999999999999, "maxBatteryPerDay": 8.75, "maxAtThisDay": 96.25, "batteryLevelPercentage": -0.13461895236887195, "buyPrice": 0.149072, "sellPrice": 0.1, "batteryLevel": -12.957074165503926, "maxBatteryForMonth": 100, "Temperature": 28.5, "ratioPc": "noData"}