{"bought": 27.02, "sold": 102.42, "Time_string": "Last update at 17:44 - 07/11/2023", "produce": 0.362, "consumption": 0.265, "ratioPC": 0.09699999999999998, "maxBatteryPerDay": 8.75, "maxAtThisDay": 10, "batteryLevelPercentage": 4.168505527530321, "buyPrice": 0.149072, "sellPrice": 0.1, "batteryLevel": 41.68505527530321, "maxBatteryForMonth": 10, "Temperature": 15.5, "ratioPc": "noData"}