{"bought": 362.04, "sold": 246.91, "Time_string": "Last update at 17:24 - 28/08/2023", "produce": 3.842, "consumption": 4.033, "ratioPC": -0.19100000000000028, "maxBatteryPerDay": 8.75, "maxAtThisDay": 10, "batteryLevelPercentage": -19.64086272405281, "buyPrice": 0.149072, "sellPrice": 0.1, "batteryLevel": -196.4086272405281, "maxBatteryForMonth": 10, "Temperature": 33.6, "ratioPc": "noData"}