{"bought": 110.06, "sold": 42.72, "Time_string": "Last update at 15:22 - 10/01/2024", "produce": 4.83, "consumption": 4.616, "ratioPC": -0.9499999999999997, "maxBatteryPerDay": 8.75, "maxAtThisDay": 87.5, "batteryLevelPercentage": -0.9303166500559653, "buyPrice": 0.149072, "sellPrice": 0.1, "batteryLevel": -81.40270687989697, "maxBatteryForMonth": 100, "Temperature": 14.0, "ratioPc": "noData"}