{"bought": 81.86, "sold": 126.68, "Time_string": "Last update at 09:32 - 10/11/2024", "produce": 1.128, "consumption": 0.318, "ratioPC": 0.42600000000000005, "maxBatteryPerDay": 8.75, "maxAtThisDay": 87.5, "batteryLevelPercentage": 0.0356465201858355, "buyPrice": 0.149072, "sellPrice": 0.1, "batteryLevel": 3.1190705162606065, "maxBatteryForMonth": 100, "Temperature": 16.1, "ratioPc": "noData"}