{"bought": 165.65, "sold": 442.86, "Time_string": "Last update at 15:16 - 30/10/2023", "produce": 2.669, "consumption": 1.026, "ratioPC": 1.643, "maxBatteryPerDay": 8.75, "maxAtThisDay": 10, "batteryLevelPercentage": 13.142792207792203, "buyPrice": 0.149072, "sellPrice": 0.1, "batteryLevel": 131.42792207792203, "maxBatteryForMonth": 10, "Temperature": 20.3, "ratioPc": "noData"}