{"bought": 110.36, "sold": 269.93, "Time_string": "Last update at 11:37 - 18/06/2023", "produce": 3.141, "consumption": 3.863, "ratioPc": null, "buyPrice": 0.149072, "sellPrice": 0.1, "batteryLevel": 70.71357518514544, "maxBatteryPerDay": 8.75, "batteryLevelPercentage": 0.448975080540606, "maxAtThisDay": 157.5, "ratioPC": -0.722}