{"bought": 81.27, "sold": 137.29, "Time_string": "Last update at 14:54 - 10/07/2023", "produce": 4.402, "consumption": 3.563, "buyPrice": 0.149072, "sellPrice": 0.1, "batteryLevel": 10.826436621230002, "maxBatteryPerDay": 8.75, "batteryLevelPercentage": 1.0826436621230002, "maxAtThisDay": 10, "ratioPC": 0.839, "maxBatteryForMonth": 10, "ratioPc": "noData"}