{"bought": 66.37, "sold": 136.12, "Time_string": "Last update at 18:06 - 09/09/2024", "produce": 3.12, "consumption": 0.956, "ratioPC": 2.253, "maxBatteryPerDay": 8.75, "maxAtThisDay": 78.75, "batteryLevelPercentage": 0.31671848864765045, "buyPrice": 0.149072, "sellPrice": 0.1, "batteryLevel": 24.941580981002474, "maxBatteryForMonth": 100, "Temperature": 27.8, "ratioPc": "noData"}