{"bought": 303.85, "sold": 214.95, "Time_string": "Last update at 14:45 - 25/08/2023", "produce": 3.997, "consumption": 4.768, "ratioPC": -0.7709999999999999, "maxBatteryPerDay": 8.75, "maxAtThisDay": 10, "batteryLevelPercentage": -15.965793173768384, "buyPrice": 0.149072, "sellPrice": 0.1, "batteryLevel": -159.65793173768384, "maxBatteryForMonth": 10, "Temperature": 40.8, "ratioPc": "noData"}