{"bought": 10.35, "sold": 13.92, "Time_string": "Last update at 07:58 - 02/07/2023", "produce": 0.141, "consumption": 0.269, "buyPrice": 0.149072, "sellPrice": 0.1, "batteryLevel": -1.0122303316518195, "maxBatteryPerDay": 8.75, "batteryLevelPercentage": -0.05784173323724683, "maxAtThisDay": 17.5, "ratioPC": -0.12800000000000003, "maxBatteryForMonth": 100, "ratioPc": "noData"}