{"bought": 63.06, "sold": 30.19, "Time_string": "Last update at 09:10 - 05/06/2024", "produce": 0.299, "consumption": 0.131, "ratioPC": 0.15199999999999997, "maxBatteryPerDay": 8.75, "maxAtThisDay": 43.75, "batteryLevelPercentage": -0.978469513485334, "buyPrice": 0.149072, "sellPrice": 0.1, "batteryLevel": -42.80804121498336, "maxBatteryForMonth": 100, "Temperature": 20.5, "ratioPc": "noData"}