{"bought": 174.05, "sold": 301.57, "Time_string": "Last update at 12:24 - 19/06/2024", "produce": 4.843, "consumption": 0.135, "ratioPC": 1.3900000000000001, "maxBatteryPerDay": 8.75, "maxAtThisDay": 100, "batteryLevelPercentage": 0.28248218310614986, "buyPrice": 0.149072, "sellPrice": 0.1, "batteryLevel": 28.248218310614988, "maxBatteryForMonth": 100, "Temperature": 19.4, "ratioPc": "noData"}