{"bought": 422.56, "sold": 65.16, "Time_string": "Last update at 20:26 - 19/08/2024", "produce": 0.113, "consumption": 7.515, "ratioPC": -7.817, "maxBatteryPerDay": 8.75, "maxAtThisDay": 100, "batteryLevelPercentage": -3.7884957819040466, "buyPrice": 0.149072, "sellPrice": 0.1, "batteryLevel": -378.84957819040466, "maxBatteryForMonth": 100, "Temperature": 32.1, "ratioPc": "noData"}