{"bought": 263.93, "sold": 364.67, "Time_string": "Last update at 20:16 - 22/06/2024", "produce": 0.499, "consumption": 0.258, "ratioPC": 0.48900000000000005, "maxBatteryPerDay": 8.75, "maxAtThisDay": 100, "batteryLevelPercentage": -0.19303242460019304, "buyPrice": 0.149072, "sellPrice": 0.1, "batteryLevel": -19.303242460019305, "maxBatteryForMonth": 100, "Temperature": 34.2, "ratioPc": "noData"}