{"bought": 147.83, "sold": 357.87, "Time_string": "Last update at 14:31 - 23/06/2023", "produce": 4.641, "consumption": 2.504, "ratioPc": "noData", "buyPrice": 0.149072, "sellPrice": 0.1, "batteryLevel": 92.23520339164963, "maxBatteryPerDay": 8.75, "batteryLevelPercentage": 0.4583115696479485, "maxAtThisDay": 201.25, "ratioPC": 2.137}