{"bought": 215.41, "sold": 281.82, "Time_string": "Last update at 22:28 - 19/09/2024", "produce": 0.0, "consumption": 1.251, "ratioPC": -1.373, "maxBatteryPerDay": 8.75, "maxAtThisDay": 100, "batteryLevelPercentage": -0.26360413223140483, "buyPrice": 0.149072, "sellPrice": 0.1, "batteryLevel": -26.360413223140483, "maxBatteryForMonth": 100, "Temperature": 21.0, "ratioPc": "noData"}