{"bought": 132.75, "sold": 329.35, "Time_string": "Last update at 16:19 - 21/06/2023", "produce": 4.678, "consumption": 1.592, "ratioPc": "noData", "buyPrice": 0.149072, "sellPrice": 0.1, "batteryLevel": 88.18350864012021, "maxBatteryPerDay": 8.75, "batteryLevelPercentage": 0.47991025110269503, "maxAtThisDay": 183.75, "ratioPC": 3.086}