{"bought": 73.73, "sold": 229.42, "Time_string": "Last update at 18:52 - 14/10/2023", "produce": 0.817, "consumption": 0.812, "ratioPC": 0.004999999999999893, "maxBatteryPerDay": 8.75, "maxAtThisDay": 10, "batteryLevelPercentage": 8.016878716324998, "buyPrice": 0.149072, "sellPrice": 0.1, "batteryLevel": 80.16878716324997, "maxBatteryForMonth": 10, "Temperature": 25.1, "ratioPc": "noData"}