{"bought": 280.75, "sold": 368.75, "Time_string": "Last update at 10:25 - 24/06/2024", "produce": 1.365, "consumption": 0.991, "ratioPC": -0.776, "maxBatteryPerDay": 8.75, "maxAtThisDay": 100, "batteryLevelPercentage": -0.3338630997102072, "buyPrice": 0.149072, "sellPrice": 0.1, "batteryLevel": -33.38630997102072, "maxBatteryForMonth": 100, "Temperature": 26.2, "ratioPc": "noData"}