{"bought": 63.39, "sold": 65.45, "Time_string": "Last update at 15:21 - 07/08/2023", "produce": 4.558, "consumption": 3.484, "ratioPC": 1.0739999999999998, "maxBatteryPerDay": 8.75, "maxAtThisDay": 10, "batteryLevelPercentage": -1.9485041322314047, "buyPrice": 0.149072, "sellPrice": 0.1, "batteryLevel": -19.485041322314046, "maxBatteryForMonth": 10, "Temperature": 40.4, "ratioPc": "noData"}