{"bought": 182.51, "sold": 351.7, "Time_string": "Last update at 20:44 - 16/05/2024", "produce": 0.191, "consumption": 0.248, "ratioPC": -0.44400000000000006, "maxBatteryPerDay": 8.75, "maxAtThisDay": 100, "batteryLevelPercentage": 0.5341626381882579, "buyPrice": 0.149072, "sellPrice": 0.1, "batteryLevel": 53.4162638188258, "maxBatteryForMonth": 100, "Temperature": 19.5, "ratioPc": "noData"}