{"bought": 81.23, "sold": 132.88, "Time_string": "Last update at 12:18 - 10/07/2023", "produce": 3.37, "consumption": 1.986, "buyPrice": 0.149072, "sellPrice": 0.1, "batteryLevel": 7.908134592680042, "maxBatteryPerDay": 8.75, "batteryLevelPercentage": 0.7908134592680043, "maxAtThisDay": 10, "ratioPC": 1.3840000000000001, "maxBatteryForMonth": 10, "ratioPc": "noData"}