{"bought": 244.75, "sold": 281.98, "Time_string": "Last update at 18:41 - 23/07/2023", "produce": 2.585, "consumption": 3.849, "buyPrice": 0.149072, "sellPrice": 0.1, "batteryLevel": -55.59308253729739, "maxBatteryPerDay": 8.75, "batteryLevelPercentage": -5.559308253729739, "maxAtThisDay": 10, "ratioPC": -1.2640000000000002, "maxBatteryForMonth": 10, "ratioPc": "noData"}