{"bought": 83.02, "sold": 138.04, "Time_string": "Last update at 18:05 - 10/07/2023", "produce": 2.907, "consumption": 3.646, "buyPrice": 0.149072, "sellPrice": 0.1, "batteryLevel": 9.579549211119456, "maxBatteryPerDay": 8.75, "batteryLevelPercentage": 0.9579549211119456, "maxAtThisDay": 10, "ratioPC": -0.7389999999999999, "maxBatteryForMonth": 10, "ratioPc": "noData"}