{"bought": 138.21, "sold": 72.54, "Time_string": "Last update at 16:36 - 14/01/2024", "produce": 1.091, "consumption": 0.996, "ratioPC": 0.42199999999999993, "maxBatteryPerDay": 8.75, "maxAtThisDay": 100, "batteryLevelPercentage": -0.8954895030589245, "buyPrice": 0.149072, "sellPrice": 0.1, "batteryLevel": -89.54895030589245, "maxBatteryForMonth": 100, "Temperature": 19.8, "ratioPc": "noData"}