{"bought": 87.94, "sold": 313.73, "Time_string": "Last update at 20:33 - 19/11/2023", "produce": 2.0, "consumption": 3.2, "ratioPc": null, "buyPrice": 0.149072, "sellPrice": 0.1, "batteryLevel": 122.51535043468931, "maxBatteryPerDay": 8.75, "batteryLevelPercentage": 0.736934438704898, "maxAtThisDay": 166.25, "ratioPC": -1.2000000000000002}