{"bought": 135.74, "sold": 241.65, "Time_string": "Last update at 00:00 - 15/09/2024", "produce": 0.0, "consumption": 0.207, "ratioPC": -0.131, "maxBatteryPerDay": 8.75, "maxAtThisDay": 100, "batteryLevelPercentage": 0.26362876462380597, "buyPrice": 0.149072, "sellPrice": 0.1, "batteryLevel": 26.362876462380598, "maxBatteryForMonth": 100, "Temperature": 23.0, "ratioPc": "noData"}