{"bought": 281.21, "sold": 690.37, "Time_string": "Last update at 09:57 - 30/05/2024", "produce": 0.953, "consumption": 0.237, "ratioPC": -0.9680000000000001, "maxBatteryPerDay": 8.75, "maxAtThisDay": 100, "batteryLevelPercentage": 1.819017849093056, "buyPrice": 0.149072, "sellPrice": 0.1, "batteryLevel": 181.9017849093056, "maxBatteryForMonth": 100, "Temperature": 24.8, "ratioPc": "noData"}