{"bought": 260.62, "sold": 345.29, "Time_string": "Last update at 18:46 - 24/09/2024", "produce": 0.887, "consumption": 0.168, "ratioPC": 0.667, "maxBatteryPerDay": 8.75, "maxAtThisDay": 100, "batteryLevelPercentage": -0.28993671782762676, "buyPrice": 0.149072, "sellPrice": 0.1, "batteryLevel": -28.993671782762675, "maxBatteryForMonth": 100, "Temperature": 24.2, "ratioPc": "noData"}