{"bought": 86.89, "sold": 132.88, "Time_string": "Last update at 18:47 - 09/10/2024", "produce": 0.225, "consumption": 0.139, "ratioPC": 0.448, "maxBatteryPerDay": 8.75, "maxAtThisDay": 78.75, "batteryLevelPercentage": 0.02854774085942915, "buyPrice": 0.149072, "sellPrice": 0.1, "batteryLevel": 2.248134592680046, "maxBatteryForMonth": 100, "Temperature": 21.8, "ratioPc": "noData"}