{"bought": 318.19, "sold": 374.82, "Time_string": "Last update at 21:03 - 30/07/2023", "produce": 0.073, "consumption": 1.826, "buyPrice": 0.149072, "sellPrice": 0.1, "batteryLevel": -66.75445207684879, "maxBatteryPerDay": 8.75, "batteryLevelPercentage": -6.675445207684879, "maxAtThisDay": 10, "ratioPC": -1.7530000000000001, "maxBatteryForMonth": 10, "ratioPc": "noData"}