{"bought": 138.21, "sold": 71.68, "Time_string": "Last update at 15:19 - 14/01/2024", "produce": 2.702, "consumption": 0.442, "ratioPC": 2.7379999999999995, "maxBatteryPerDay": 8.75, "maxAtThisDay": 100, "batteryLevelPercentage": -0.9012585274229903, "buyPrice": 0.149072, "sellPrice": 0.1, "batteryLevel": -90.12585274229903, "maxBatteryForMonth": 100, "Temperature": 21.0, "ratioPc": "noData"}