{"bought": 275.52, "sold": 315.41, "Time_string": "Last update at 13:59 - 24/10/2024", "produce": 3.286, "consumption": 0.228, "ratioPC": 1.1199999999999999, "maxBatteryPerDay": 8.75, "maxAtThisDay": 100, "batteryLevelPercentage": -0.6393767736395833, "buyPrice": 0.149072, "sellPrice": 0.1, "batteryLevel": -63.93767736395833, "maxBatteryForMonth": 100, "Temperature": 24.0, "ratioPc": "noData"}