{"bought": 226.4, "sold": 196.59, "Time_string": "Last update at 13:12 - 28/12/2023", "produce": 3.629, "consumption": 5.607, "ratioPC": -0.40600000000000014, "maxBatteryPerDay": 8.75, "maxAtThisDay": 100, "batteryLevelPercentage": -0.9452412793817752, "buyPrice": 0.149072, "sellPrice": 0.1, "batteryLevel": -94.52412793817751, "maxBatteryForMonth": 100, "Temperature": 14.2, "ratioPc": "noData"}