{"bought": 276.4, "sold": 679.97, "Time_string": "Last update at 12:16 - 29/05/2024", "produce": 3.676, "consumption": 0.283, "ratioPC": 3.216, "maxBatteryPerDay": 8.75, "maxAtThisDay": 100, "batteryLevelPercentage": 1.7973529032950517, "buyPrice": 0.149072, "sellPrice": 0.1, "batteryLevel": 179.73529032950518, "maxBatteryForMonth": 100, "Temperature": 28.5, "ratioPc": "noData"}