{"bought": 268.33, "sold": 209.34, "Time_string": "Last update at 17:55 - 31/12/2023", "produce": 0.127, "consumption": 0.466, "ratioPC": -0.175, "maxBatteryPerDay": 8.75, "maxAtThisDay": 100, "batteryLevelPercentage": -1.2790121391005687, "buyPrice": 0.149072, "sellPrice": 0.1, "batteryLevel": -127.90121391005687, "maxBatteryForMonth": 100, "Temperature": 12.2, "ratioPc": "noData"}