{"bought": 138.92, "sold": 89.48, "Time_string": "Last update at 16:47 - 12/08/2023", "produce": 3.961, "consumption": 3.745, "ratioPC": 0.21599999999999975, "maxBatteryPerDay": 8.75, "maxAtThisDay": 10, "batteryLevelPercentage": -7.8895313942256085, "buyPrice": 0.149072, "sellPrice": 0.1, "batteryLevel": -78.89531394225608, "maxBatteryForMonth": 10, "Temperature": 41.8, "ratioPc": "noData"}