{"bought": 107.06, "sold": 132.63, "Time_string": "Last update at 12:12 - 11/06/2024", "produce": 3.673, "consumption": 0.161, "ratioPC": 3.43, "maxBatteryPerDay": 8.75, "maxAtThisDay": 96.25, "batteryLevelPercentage": -0.18794358030077696, "buyPrice": 0.149072, "sellPrice": 0.1, "batteryLevel": -18.089569603949784, "maxBatteryForMonth": 100, "Temperature": 25.2, "ratioPc": "noData"}