{"bought": 175.26, "sold": 212.41, "Time_string": "Last update at 14:19 - 16/11/2024", "produce": 2.225, "consumption": 0.244, "ratioPC": 2.052, "maxBatteryPerDay": 8.75, "maxAtThisDay": 100, "batteryLevelPercentage": -0.32771806375442736, "buyPrice": 0.149072, "sellPrice": 0.1, "batteryLevel": -32.771806375442736, "maxBatteryForMonth": 100, "Temperature": 23.0, "ratioPc": "noData"}