{"bought": 336.65, "sold": 366.12, "Time_string": "Last update at 09:02 - 30/10/2024", "produce": 0.054, "consumption": 0.168, "ratioPC": -0.07100000000000001, "maxBatteryPerDay": 8.75, "maxAtThisDay": 100, "batteryLevelPercentage": -0.9105055811956637, "buyPrice": 0.149072, "sellPrice": 0.1, "batteryLevel": -91.05055811956638, "maxBatteryForMonth": 100, "Temperature": 13.0, "ratioPc": "noData"}