{"bought": 185.42, "sold": 190.92, "Time_string": "Last update at 11:15 - 18/07/2023", "produce": 2.038, "consumption": 1.479, "buyPrice": 0.149072, "sellPrice": 0.1, "batteryLevel": -57.347659117741756, "maxBatteryPerDay": 8.75, "batteryLevelPercentage": -5.734765911774176, "maxAtThisDay": 10, "ratioPC": 0.5589999999999997, "maxBatteryForMonth": 10, "ratioPc": "noData"}