{"bought": 145.92, "sold": 373.25, "Time_string": "Last update at 19:27 - 26/10/2023", "produce": 0.013, "consumption": 0.308, "ratioPC": -0.295, "maxBatteryPerDay": 8.75, "maxAtThisDay": 10, "batteryLevelPercentage": 10.446236556831598, "buyPrice": 0.149072, "sellPrice": 0.1, "batteryLevel": 104.46236556831599, "maxBatteryForMonth": 10, "Temperature": 21.0, "ratioPc": "noData"}