{"bought": 191.67, "sold": 470.76, "Time_string": "Last update at 19:40 - 20/05/2024", "produce": 1.344, "consumption": 3.393, "ratioPC": 1.2750000000000001, "maxBatteryPerDay": 8.75, "maxAtThisDay": 100, "batteryLevelPercentage": 1.2412371042180959, "buyPrice": 0.149072, "sellPrice": 0.1, "batteryLevel": 124.12371042180959, "maxBatteryForMonth": 100, "Temperature": 21.3, "ratioPc": "noData"}