{"bought": 88.43, "sold": 132.92, "Time_string": "Last update at 02:29 - 10/10/2024", "produce": 0.0, "consumption": 0.124, "ratioPC": -0.128, "maxBatteryPerDay": 8.75, "maxAtThisDay": 87.5, "batteryLevelPercentage": 0.008399625875894929, "buyPrice": 0.149072, "sellPrice": 0.1, "batteryLevel": 0.7349672641408063, "maxBatteryForMonth": 100, "Temperature": 16.5, "ratioPc": "noData"}