{"bought": 117.12, "sold": 53.35, "Time_string": "Last update at 15:09 - 11/01/2024", "produce": 4.337, "consumption": 0.251, "ratioPC": 1.9460000000000006, "maxBatteryPerDay": 8.75, "maxAtThisDay": 96.25, "batteryLevelPercentage": -0.84500700716049, "buyPrice": 0.149072, "sellPrice": 0.1, "batteryLevel": -81.33192443919717, "maxBatteryForMonth": 100, "Temperature": 13.1, "ratioPc": "noData"}