{"bought": 79.42, "sold": 126.41, "Time_string": "Last update at 22:43 - 09/11/2024", "produce": 0.0, "consumption": 0.345, "ratioPC": -0.342, "maxBatteryPerDay": 8.75, "maxAtThisDay": 78.75, "batteryLevelPercentage": 0.06829142836698912, "buyPrice": 0.149072, "sellPrice": 0.1, "batteryLevel": 5.377949983900393, "maxBatteryForMonth": 100, "Temperature": 16.0, "ratioPc": "noData"}