{"bought": 276.48, "sold": 687.04, "Time_string": "Last update at 14:12 - 29/05/2024", "produce": 4.629, "consumption": 2.965, "ratioPC": 0.8500000000000005, "maxBatteryPerDay": 8.75, "maxAtThisDay": 100, "batteryLevelPercentage": 1.8439796501019634, "buyPrice": 0.149072, "sellPrice": 0.1, "batteryLevel": 184.39796501019634, "maxBatteryForMonth": 100, "Temperature": 32.2, "ratioPc": "noData"}