{"bought": 487.37, "sold": 75.76, "Time_string": "Last update at 20:46 - 22/08/2024", "produce": 0.072, "consumption": 6.28, "ratioPC": -6.0969999999999995, "maxBatteryPerDay": 8.75, "maxAtThisDay": 100, "batteryLevelPercentage": -4.365489202533004, "buyPrice": 0.149072, "sellPrice": 0.1, "batteryLevel": -436.5489202533004, "maxBatteryForMonth": 100, "Temperature": 29.5, "ratioPc": "noData"}