{"bought": 210.81, "sold": 374.79, "Time_string": "Last update at 22:44 - 26/06/2023", "produce": 0.0, "consumption": 2.138, "buyPrice": 0.149072, "sellPrice": 0.1, "batteryLevel": 40.60542341955568, "maxBatteryPerDay": 8.75, "batteryLevelPercentage": 0.40605423419555675, "maxAtThisDay": 100, "ratioPC": -2.138, "maxBatteryForMonth": 100, "ratioPc": "noData"}