{"bought": 277.85, "sold": 368.19, "Time_string": "Last update at 19:43 - 23/06/2024", "produce": 1.388, "consumption": 5.343, "ratioPC": -3.8970000000000002, "maxBatteryPerDay": 8.75, "maxAtThisDay": 100, "batteryLevelPercentage": -0.3086196737147154, "buyPrice": 0.149072, "sellPrice": 0.1, "batteryLevel": -30.861967371471536, "maxBatteryForMonth": 100, "Temperature": 36.0, "ratioPc": "noData"}