{"bought": 65.23, "sold": 265.31, "Time_string": "Last update at 15:11 - 15/09/2023", "produce": 2.127, "consumption": 0.909, "ratioPC": 1.2179999999999997, "maxBatteryPerDay": 8.75, "maxAtThisDay": 10, "batteryLevelPercentage": 11.274440163142641, "buyPrice": 0.149072, "sellPrice": 0.1, "batteryLevel": 112.74440163142641, "maxBatteryForMonth": 10, "Temperature": 27.2, "ratioPc": "noData"}