{"bought": 290.33, "sold": 380.03, "Time_string": "Last update at 13:29 - 25/06/2024", "produce": 4.377, "consumption": 3.915, "ratioPC": 0.577, "maxBatteryPerDay": 8.75, "maxAtThisDay": 100, "batteryLevelPercentage": -0.3539949661908341, "buyPrice": 0.149072, "sellPrice": 0.1, "batteryLevel": -35.39949661908341, "maxBatteryForMonth": 100, "Temperature": 31.5, "ratioPc": "noData"}