{"bought": 202.55, "sold": 31.74, "Time_string": "Last update at 15:56 - 10/08/2024", "produce": 4.697, "consumption": 4.766, "ratioPC": -0.6370000000000005, "maxBatteryPerDay": 8.75, "maxAtThisDay": 87.5, "batteryLevelPercentage": -2.0715231450957545, "buyPrice": 0.149072, "sellPrice": 0.1, "batteryLevel": -181.25827519587853, "maxBatteryForMonth": 100, "Temperature": 37.9, "ratioPc": "noData"}