{"bought": 197.79, "sold": 247.99, "Time_string": "Last update at 04:30 - 17/09/2024", "produce": 0.0, "consumption": 0.089, "ratioPC": -0.092, "maxBatteryPerDay": 8.75, "maxAtThisDay": 100, "batteryLevelPercentage": -0.31434145111087247, "buyPrice": 0.149072, "sellPrice": 0.1, "batteryLevel": -31.434145111087247, "maxBatteryForMonth": 100, "Temperature": 20.5, "ratioPc": "noData"}