{"bought": 215.78, "sold": 580.63, "Time_string": "Last update at 03:32 - 25/05/2024", "produce": 0.0, "consumption": 0.159, "ratioPC": -0.161, "maxBatteryPerDay": 8.75, "maxAtThisDay": 100, "batteryLevelPercentage": 1.7371635075668135, "buyPrice": 0.149072, "sellPrice": 0.1, "batteryLevel": 173.71635075668135, "maxBatteryForMonth": 100, "Temperature": 16.5, "ratioPc": "noData"}