{"bought": 151.65, "sold": 362.97, "Time_string": "Last update at 19:47 - 23/06/2023", "produce": 1.148, "consumption": 5.259, "ratioPc": "noData", "buyPrice": 0.149072, "sellPrice": 0.1, "batteryLevel": 91.83636900289792, "maxBatteryPerDay": 8.75, "batteryLevelPercentage": 0.4563297838653313, "maxAtThisDay": 201.25, "ratioPC": -4.111000000000001}