{"bought": 569.06, "sold": 88.99, "Time_string": "Last update at 08:26 - 26/08/2024", "produce": 0.113, "consumption": 0.159, "ratioPC": -0.15899999999999997, "maxBatteryPerDay": 8.75, "maxAtThisDay": 100, "batteryLevelPercentage": -5.093640141676505, "buyPrice": 0.149072, "sellPrice": 0.1, "batteryLevel": -509.3640141676505, "maxBatteryForMonth": 100, "Temperature": 22.3, "ratioPc": "noData"}