{"bought": 31.02, "sold": 53.57, "Time_string": "Last update at 10:57 - 05/09/2024", "produce": 2.125, "consumption": 3.837, "ratioPC": -2.151, "maxBatteryPerDay": 8.75, "maxAtThisDay": 43.75, "batteryLevelPercentage": 0.11235783437341873, "buyPrice": 0.149072, "sellPrice": 0.1, "batteryLevel": 4.91565525383707, "maxBatteryForMonth": 100, "Temperature": 24.9, "ratioPc": "noData"}