{"bought": 160.19, "sold": 149.06, "Time_string": "Last update at 18:11 - 22/12/2023", "produce": 0.021, "consumption": 0.172, "ratioPC": -0.255, "maxBatteryPerDay": 8.75, "maxAtThisDay": 100, "batteryLevelPercentage": -0.6019804980143824, "buyPrice": 0.149072, "sellPrice": 0.1, "batteryLevel": -60.19804980143823, "maxBatteryForMonth": 100, "Temperature": 13.6, "ratioPc": "noData"}