{"bought": 142.06, "sold": 160.46, "Time_string": "Last update at 15:44 - 14/07/2023", "produce": 4.707, "consumption": 4.483, "buyPrice": 0.149072, "sellPrice": 0.1, "batteryLevel": -34.420738435118594, "maxBatteryPerDay": 8.75, "batteryLevelPercentage": -3.442073843511859, "maxAtThisDay": 10, "ratioPC": 0.2240000000000002, "maxBatteryForMonth": 10, "ratioPc": "noData"}