{"bought": 235.57, "sold": 653.82, "Time_string": "Last update at 11:50 - 28/05/2024", "produce": 3.39, "consumption": 0.147, "ratioPC": 0.8450000000000002, "maxBatteryPerDay": 8.75, "maxAtThisDay": 100, "batteryLevelPercentage": 2.030234313620264, "buyPrice": 0.149072, "sellPrice": 0.1, "batteryLevel": 203.02343136202643, "maxBatteryForMonth": 100, "Temperature": 25.8, "ratioPc": "noData"}