{"bought": 34.77, "sold": 50.9, "Time_string": "Last update at 19:31 - 04/07/2023", "produce": 1.733, "consumption": 2.49, "buyPrice": 0.149072, "sellPrice": 0.1, "batteryLevel": -0.6254255661693762, "maxBatteryPerDay": 8.75, "batteryLevelPercentage": -0.06254255661693761, "maxAtThisDay": 10, "ratioPC": -0.7570000000000001, "maxBatteryForMonth": 10, "ratioPc": "noData"}