{"bought": 243.02, "sold": 198.27, "Time_string": "Last update at 09:04 - 22/08/2023", "produce": 0.201, "consumption": 0.173, "ratioPC": 0.028000000000000025, "maxBatteryPerDay": 8.75, "maxAtThisDay": 10, "batteryLevelPercentage": -11.001715573682517, "buyPrice": 0.149072, "sellPrice": 0.1, "batteryLevel": -110.01715573682517, "maxBatteryForMonth": 10, "Temperature": 27.2, "ratioPc": "noData"}