{"bought": 171.61, "sold": 203.5, "Time_string": "Last update at 16:18 - 15/11/2024", "produce": 0.541, "consumption": 0.137, "ratioPC": 0.946, "maxBatteryPerDay": 8.75, "maxAtThisDay": 100, "batteryLevelPercentage": -0.3509878394332941, "buyPrice": 0.149072, "sellPrice": 0.1, "batteryLevel": -35.09878394332941, "maxBatteryForMonth": 100, "Temperature": 20.7, "ratioPc": "noData"}