{"bought": 69.88, "sold": 54.06, "Time_string": "Last update at 16:52 - 06/06/2024", "produce": 3.197, "consumption": 2.797, "ratioPC": -0.10000000000000009, "maxBatteryPerDay": 8.75, "maxAtThisDay": 52.5, "batteryLevelPercentage": -0.6402979908717806, "buyPrice": 0.149072, "sellPrice": 0.1, "batteryLevel": -33.615644520768484, "maxBatteryForMonth": 100, "Temperature": 35.1, "ratioPc": "noData"}