{"bought": 127.21, "sold": 138.42, "Time_string": "Last update at 02:11 - 11/10/2024", "produce": 0.0, "consumption": 0.088, "ratioPC": -0.092, "maxBatteryPerDay": 8.75, "maxAtThisDay": 96.25, "batteryLevelPercentage": -0.35694067958444914, "buyPrice": 0.149072, "sellPrice": 0.1, "batteryLevel": -34.35554041000323, "maxBatteryForMonth": 100, "Temperature": 16.0, "ratioPc": "noData"}