{"bought": 82.77, "sold": 69.6, "Time_string": "Last update at 17:05 - 08/08/2023", "produce": 2.305, "consumption": 3.554, "ratioPC": -1.2489999999999997, "maxBatteryPerDay": 8.75, "maxAtThisDay": 10, "batteryLevelPercentage": -3.6081151658259096, "buyPrice": 0.149072, "sellPrice": 0.1, "batteryLevel": -36.081151658259095, "maxBatteryForMonth": 10, "Temperature": 41.8, "ratioPc": "noData"}