{"bought": 275.45, "sold": 308.46, "Time_string": "Last update at 11:12 - 24/10/2024", "produce": 1.369, "consumption": 0.29, "ratioPC": 0.923, "maxBatteryPerDay": 8.75, "maxAtThisDay": 100, "batteryLevelPercentage": -0.6852985403026725, "buyPrice": 0.149072, "sellPrice": 0.1, "batteryLevel": -68.52985403026724, "maxBatteryForMonth": 100, "Temperature": 20.4, "ratioPc": "noData"}