{"bought": 41.18, "sold": 91.54, "Time_string": "Last update at 18:47 - 06/09/2024", "produce": 2.482, "consumption": 0.152, "ratioPC": 2.9059999999999997, "maxBatteryPerDay": 8.75, "maxAtThisDay": 52.5, "batteryLevelPercentage": 0.38526797405664015, "buyPrice": 0.149072, "sellPrice": 0.1, "batteryLevel": 20.226568637973607, "maxBatteryForMonth": 100, "Temperature": 29.2, "ratioPc": "noData"}