{"bought": 444.7, "sold": 65.55, "Time_string": "Last update at 09:59 - 20/08/2024", "produce": 0.634, "consumption": 0.149, "ratioPC": 0.488, "maxBatteryPerDay": 8.75, "maxAtThisDay": 100, "batteryLevelPercentage": -4.0072795964366215, "buyPrice": 0.149072, "sellPrice": 0.1, "batteryLevel": -400.72795964366213, "maxBatteryForMonth": 100, "Temperature": 25.0, "ratioPc": "noData"}