{"bought": 260.61, "sold": 344.42, "Time_string": "Last update at 17:53 - 24/09/2024", "produce": 1.499, "consumption": 0.105, "ratioPC": 3.851, "maxBatteryPerDay": 8.75, "maxAtThisDay": 100, "batteryLevelPercentage": -0.2956728238703448, "buyPrice": 0.149072, "sellPrice": 0.1, "batteryLevel": -29.56728238703448, "maxBatteryForMonth": 100, "Temperature": 25.2, "ratioPc": "noData"}