{"bought": 71.79, "sold": 130.23, "Time_string": "Last update at 15:22 - 09/07/2023", "produce": 4.558, "consumption": 4.752, "buyPrice": 0.149072, "sellPrice": 0.1, "batteryLevel": 15.570470108403981, "maxBatteryPerDay": 8.75, "batteryLevelPercentage": 1.5570470108403982, "maxAtThisDay": 10, "ratioPC": -0.19399999999999995, "maxBatteryForMonth": 10, "ratioPc": "noData"}