{"bought": 102.43, "sold": 511.43, "Time_string": "Last update at 17:26 - 26/09/2023", "produce": 3.616, "consumption": 0.833, "ratioPC": 2.7830000000000004, "maxBatteryPerDay": 8.75, "maxAtThisDay": 10, "batteryLevelPercentage": 24.064582912954812, "buyPrice": 0.149072, "sellPrice": 0.1, "batteryLevel": 240.64582912954813, "maxBatteryForMonth": 10, "Temperature": 31.6, "ratioPc": "noData"}