{"bought": 65.98, "sold": 111.92, "Time_string": "Last update at 09:34 - 09/09/2024", "produce": 0.336, "consumption": 0.138, "ratioPC": 0.14600000000000002, "maxBatteryPerDay": 8.75, "maxAtThisDay": 78.75, "batteryLevelPercentage": 0.11552780631411083, "buyPrice": 0.149072, "sellPrice": 0.1, "batteryLevel": 9.097814747236228, "maxBatteryForMonth": 100, "Temperature": 17.3, "ratioPc": "noData"}