{"bought": 51.51, "sold": 54.43, "Time_string": "Last update at 11:21 - 04/10/2024", "produce": 2.828, "consumption": 1.363, "ratioPC": 2.4509999999999996, "maxBatteryPerDay": 8.75, "maxAtThisDay": 35.0, "batteryLevelPercentage": -0.42849835170732453, "buyPrice": 0.149072, "sellPrice": 0.1, "batteryLevel": -14.997442309756359, "maxBatteryForMonth": 100, "Temperature": 23.4, "ratioPc": "noData"}