{"bought": 208.01, "sold": 571.21, "Time_string": "Last update at 14:07 - 24/05/2024", "produce": 4.746, "consumption": 0.331, "ratioPC": 4.574000000000001, "maxBatteryPerDay": 8.75, "maxAtThisDay": 100, "batteryLevelPercentage": 1.7516725662766988, "buyPrice": 0.149072, "sellPrice": 0.1, "batteryLevel": 175.16725662766987, "maxBatteryForMonth": 100, "Temperature": 29.1, "ratioPc": "noData"}