{"bought": 114.61, "sold": 215.75, "Time_string": "Last update at 19:34 - 13/09/2024", "produce": 0.419, "consumption": 6.525, "ratioPC": -6.3, "maxBatteryPerDay": 8.75, "maxAtThisDay": 100, "batteryLevelPercentage": 0.3011872169153163, "buyPrice": 0.149072, "sellPrice": 0.1, "batteryLevel": 30.118721691531633, "maxBatteryForMonth": 100, "Temperature": 30.4, "ratioPc": "noData"}