{"bought": 194.33, "sold": 208.78, "Time_string": "Last update at 16:17 - 18/10/2024", "produce": 0.967, "consumption": 0.143, "ratioPC": 0.6799999999999999, "maxBatteryPerDay": 8.75, "maxAtThisDay": 100, "batteryLevelPercentage": -0.5427687131050769, "buyPrice": 0.149072, "sellPrice": 0.1, "batteryLevel": -54.27687131050769, "maxBatteryForMonth": 100, "Temperature": 21.0, "ratioPc": "noData"}