{"bought": 138.98, "sold": 349.7, "Time_string": "Last update at 16:19 - 22/06/2023", "produce": 4.455, "consumption": 1.808, "ratioPc": "noData", "buyPrice": 0.149072, "sellPrice": 0.1, "batteryLevel": 95.60463024578726, "maxBatteryPerDay": 8.75, "batteryLevelPercentage": 0.4966474298482455, "maxAtThisDay": 192.5, "ratioPC": 2.6470000000000002}