{"bought": 48.7, "sold": 20.12, "Time_string": "Last update at 09:15 - 04/06/2024", "produce": 0.336, "consumption": 0.562, "ratioPC": 0.16599999999999998, "maxBatteryPerDay": 8.75, "maxAtThisDay": 35.0, "batteryLevelPercentage": -1.0058047501494964, "buyPrice": 0.149072, "sellPrice": 0.1, "batteryLevel": -35.203166255232375, "maxBatteryForMonth": 100, "Temperature": 21.5, "ratioPc": "noData"}