{"bought": 273.95, "sold": 210.1, "Time_string": "Last update at 18:29 - 25/01/2024", "produce": 0.075, "consumption": 0.131, "ratioPC": 0.0050000000000000044, "maxBatteryPerDay": 8.75, "maxAtThisDay": 100, "batteryLevelPercentage": -1.3301139315230222, "buyPrice": 0.149072, "sellPrice": 0.1, "batteryLevel": -133.01139315230222, "maxBatteryForMonth": 100, "Temperature": 19.0, "ratioPc": "noData"}