{"bought": 509.84, "sold": 79.25, "Time_string": "Last update at 12:32 - 23/08/2024", "produce": 3.803, "consumption": 3.754, "ratioPC": 0.017999999999999794, "maxBatteryPerDay": 8.75, "maxAtThisDay": 100, "batteryLevelPercentage": -4.566777696683482, "buyPrice": 0.149072, "sellPrice": 0.1, "batteryLevel": -456.67776966834816, "maxBatteryForMonth": 100, "Temperature": 29.6, "ratioPc": "noData"}