{"bought": 404.18, "sold": 63.8, "Time_string": "Last update at 10:53 - 19/08/2024", "produce": 2.095, "consumption": 3.029, "ratioPC": -0.47199999999999975, "maxBatteryPerDay": 8.75, "maxAtThisDay": 100, "batteryLevelPercentage": -3.6138188902007085, "buyPrice": 0.149072, "sellPrice": 0.1, "batteryLevel": -361.38188902007084, "maxBatteryForMonth": 100, "Temperature": 32.6, "ratioPc": "noData"}