{"bought": 109.28, "sold": 155.33, "Time_string": "Last update at 04:25 - 12/06/2024", "produce": 0.0, "consumption": 0.121, "ratioPC": -0.118, "maxBatteryPerDay": 8.75, "maxAtThisDay": 100, "batteryLevelPercentage": -0.05082028549962431, "buyPrice": 0.149072, "sellPrice": 0.1, "batteryLevel": -5.0820285499624305, "maxBatteryForMonth": 100, "Temperature": 17.6, "ratioPc": "noData"}