{"bought": 96.23, "sold": 183.45, "Time_string": "Last update at 12:34 - 12/09/2024", "produce": 3.684, "consumption": 0.749, "ratioPC": 2.344, "maxBatteryPerDay": 8.75, "maxAtThisDay": 100, "batteryLevelPercentage": 0.2683133948695931, "buyPrice": 0.149072, "sellPrice": 0.1, "batteryLevel": 26.83133948695931, "maxBatteryForMonth": 100, "Temperature": 26.1, "ratioPc": "noData"}