{"bought": 123.31, "sold": 154.02, "Time_string": "Last update at 12:49 - 13/07/2023", "produce": 3.961, "consumption": 3.961, "buyPrice": 0.149072, "sellPrice": 0.1, "batteryLevel": -19.990798540302677, "maxBatteryPerDay": 8.75, "batteryLevelPercentage": -1.9990798540302677, "maxAtThisDay": 10, "ratioPC": 0.0, "maxBatteryForMonth": 10, "ratioPc": "noData"}