{"bought": 395.76, "sold": 371.5, "Time_string": "Last update at 14:15 - 31/10/2024", "produce": 0.292, "consumption": 0.228, "ratioPC": 0.08900000000000002, "maxBatteryPerDay": 8.75, "maxAtThisDay": 100, "batteryLevelPercentage": -1.4655156380809273, "buyPrice": 0.149072, "sellPrice": 0.1, "batteryLevel": -146.55156380809274, "maxBatteryForMonth": 100, "Temperature": 17.8, "ratioPc": "noData"}