{"bought": 147.44, "sold": 311.25, "Time_string": "Last update at 09:36 - 15/05/2024", "produce": 0.543, "consumption": 0.163, "ratioPC": 0.269, "maxBatteryPerDay": 8.75, "maxAtThisDay": 100, "batteryLevelPercentage": 0.6135172480412149, "buyPrice": 0.149072, "sellPrice": 0.1, "batteryLevel": 61.35172480412149, "maxBatteryForMonth": 100, "Temperature": 15.2, "ratioPc": "noData"}