{"bought": 107.66, "sold": 263.83, "Time_string": "Last update at 13:53 - 13/05/2024", "produce": 4.635, "consumption": 0.15, "ratioPC": 4.159, "maxBatteryPerDay": 8.75, "maxAtThisDay": 100, "batteryLevelPercentage": 0.6932159278737791, "buyPrice": 0.149072, "sellPrice": 0.1, "batteryLevel": 69.32159278737791, "maxBatteryForMonth": 100, "Temperature": 28.8, "ratioPc": "noData"}