{"bought": 186.88, "sold": 380.53, "Time_string": "Last update at 09:00 - 18/05/2024", "produce": 0.234, "consumption": 1.346, "ratioPC": 0.04099999999999998, "maxBatteryPerDay": 8.75, "maxAtThisDay": 100, "batteryLevelPercentage": 0.6838591177417621, "buyPrice": 0.149072, "sellPrice": 0.1, "batteryLevel": 68.38591177417621, "maxBatteryForMonth": 100, "Temperature": 15.0, "ratioPc": "noData"}