{"bought": 306.58, "sold": 48.51, "Time_string": "Last update at 12:49 - 15/08/2024", "produce": 4.012, "consumption": 5.883, "ratioPC": -3.7840000000000003, "maxBatteryPerDay": 8.75, "maxAtThisDay": 100, "batteryLevelPercentage": -2.740386776859504, "buyPrice": 0.149072, "sellPrice": 0.1, "batteryLevel": -274.0386776859504, "maxBatteryForMonth": 100, "Temperature": 31.6, "ratioPc": "noData"}