{"bought": 55.83, "sold": 235.21, "Time_string": "Last update at 14:43 - 15/11/2023", "produce": 4.345, "consumption": 2.394, "ratioPC": 1.9509999999999996, "maxBatteryPerDay": 8.75, "maxAtThisDay": 10, "batteryLevelPercentage": 10.19528163571965, "buyPrice": 0.149072, "sellPrice": 0.1, "batteryLevel": 101.95281635719651, "maxBatteryForMonth": 10, "Temperature": 24.0, "ratioPc": "noData"}