{"bought": 85.04, "sold": 128.5, "Time_string": "Last update at 22:16 - 08/10/2024", "produce": 0.0, "consumption": 0.201, "ratioPC": -0.179, "maxBatteryPerDay": 8.75, "maxAtThisDay": 70.0, "batteryLevelPercentage": 0.016570815253223663, "buyPrice": 0.149072, "sellPrice": 0.1, "batteryLevel": 1.1599570677256565, "maxBatteryForMonth": 100, "Temperature": 19.0, "ratioPc": "noData"}