{"bought": 257.21, "sold": 283.02, "Time_string": "Last update at 11:09 - 24/07/2023", "produce": 2.559, "consumption": 1.166, "buyPrice": 0.149072, "sellPrice": 0.1, "batteryLevel": -67.35543307931738, "maxBatteryPerDay": 8.75, "batteryLevelPercentage": -6.735543307931738, "maxAtThisDay": 10, "ratioPC": 1.3930000000000002, "maxBatteryForMonth": 10, "ratioPc": "noData"}