{"bought": 294.47, "sold": 354.25, "Time_string": "Last update at 13:58 - 26/09/2024", "produce": 5.569, "consumption": 0.0, "ratioPC": 5.513999999999999, "maxBatteryPerDay": 8.75, "maxAtThisDay": 100, "batteryLevelPercentage": -0.5683315337555009, "buyPrice": 0.149072, "sellPrice": 0.1, "batteryLevel": -56.8331533755501, "maxBatteryForMonth": 100, "Temperature": 26.9, "ratioPc": "noData"}