{"bought": 287.06, "sold": 377.71, "Time_string": "Last update at 20:14 - 24/06/2024", "produce": 0.515, "consumption": 0.237, "ratioPC": 0.363, "maxBatteryPerDay": 8.75, "maxAtThisDay": 100, "batteryLevelPercentage": -0.33685791563808093, "buyPrice": 0.149072, "sellPrice": 0.1, "batteryLevel": -33.685791563808095, "maxBatteryForMonth": 100, "Temperature": 33.3, "ratioPc": "noData"}