{"bought": 405.77, "sold": 64.13, "Time_string": "Last update at 12:39 - 19/08/2024", "produce": 3.955, "consumption": 4.038, "ratioPC": -0.24199999999999955, "maxBatteryPerDay": 8.75, "maxAtThisDay": 100, "batteryLevelPercentage": -3.627505194805195, "buyPrice": 0.149072, "sellPrice": 0.1, "batteryLevel": -362.7505194805195, "maxBatteryForMonth": 100, "Temperature": 34.6, "ratioPc": "noData"}