{"bought": 42.61, "sold": 92.96, "Time_string": "Last update at 20:51 - 06/09/2024", "produce": 0.009, "consumption": 3.024, "ratioPC": -3.08, "maxBatteryPerDay": 8.75, "maxAtThisDay": 52.5, "batteryLevelPercentage": 0.37617387571106564, "buyPrice": 0.149072, "sellPrice": 0.1, "batteryLevel": 19.749128474830947, "maxBatteryForMonth": 100, "Temperature": 26.3, "ratioPc": "noData"}