{"bought": 9.07, "sold": 13.92, "Time_string": "Last update at 00:40 - 02/07/2023", "produce": 0.0, "consumption": 0.156, "buyPrice": 0.149072, "sellPrice": 0.1, "batteryLevel": 0.26776966834817983, "maxBatteryPerDay": 8.75, "batteryLevelPercentage": 0.015301123905610276, "maxAtThisDay": 17.5, "ratioPC": -0.156, "maxBatteryForMonth": 100, "ratioPc": "noData"}