{"bought": 144.66, "sold": 73.45, "Time_string": "Last update at 12:33 - 15/01/2024", "produce": 1.764, "consumption": 0.372, "ratioPC": 0.787, "maxBatteryPerDay": 8.75, "maxAtThisDay": 100, "batteryLevelPercentage": -0.9538850703015993, "buyPrice": 0.149072, "sellPrice": 0.1, "batteryLevel": -95.38850703015993, "maxBatteryForMonth": 100, "Temperature": 17.1, "ratioPc": "noData"}