{"bought": 50.5, "sold": 83.48, "Time_string": "Last update at 17:17 - 06/07/2023", "produce": 4.024, "consumption": 1.76, "buyPrice": 0.149072, "sellPrice": 0.1, "batteryLevel": 5.499785338628314, "maxBatteryPerDay": 8.75, "batteryLevelPercentage": 0.5499785338628314, "maxAtThisDay": 10, "ratioPC": 2.2640000000000002, "maxBatteryForMonth": 10, "ratioPc": "noData"}