{"bought": 66.96, "sold": 138.63, "Time_string": "Last update at 21:08 - 09/09/2024", "produce": 0.0, "consumption": 0.333, "ratioPC": -0.342, "maxBatteryPerDay": 8.75, "maxAtThisDay": 78.75, "batteryLevelPercentage": 0.33060737924020084, "buyPrice": 0.149072, "sellPrice": 0.1, "batteryLevel": 26.035331115165818, "maxBatteryForMonth": 100, "Temperature": 22.7, "ratioPc": "noData"}