{"bought": 203.19, "sold": 212.08, "Time_string": "Last update at 12:26 - 19/10/2024", "produce": 3.89, "consumption": 8.906, "ratioPC": -3.9770000000000003, "maxBatteryPerDay": 8.75, "maxAtThisDay": 100, "batteryLevelPercentage": -0.6092317591499409, "buyPrice": 0.149072, "sellPrice": 0.1, "batteryLevel": -60.92317591499409, "maxBatteryForMonth": 100, "Temperature": 20.5, "ratioPc": "noData"}