{"bought": 231.31, "sold": 198.0, "Time_string": "Last update at 16:16 - 21/08/2023", "produce": 4.272, "consumption": 5.821, "ratioPC": -1.5489999999999995, "maxBatteryPerDay": 8.75, "maxAtThisDay": 10, "batteryLevelPercentage": -9.848827626918538, "buyPrice": 0.149072, "sellPrice": 0.1, "batteryLevel": -98.48827626918538, "maxBatteryForMonth": 10, "Temperature": 41.3, "ratioPc": "noData"}