{"bought": 70.32, "sold": 240.87, "Time_string": "Last update at 10:16 - 15/06/2023", "produce": 0, "consumption": 0, "ratioPc": null, "buyPrice": 0.149072, "sellPrice": 0.1, "batteryLevel": 91.25963936889559, "maxBatteryPerDay": 8.75, "batteryLevelPercentage": 0.6953115380487284, "maxAtThisDay": 131.25, "ratioPC": 0}