{"bought": 205.52, "sold": 558.15, "Time_string": "Last update at 19:36 - 23/05/2024", "produce": 1.617, "consumption": 0.201, "ratioPC": 1.571, "maxBatteryPerDay": 8.75, "maxAtThisDay": 100, "batteryLevelPercentage": 1.6889638939572817, "buyPrice": 0.149072, "sellPrice": 0.1, "batteryLevel": 168.89638939572816, "maxBatteryForMonth": 100, "Temperature": 28.4, "ratioPc": "noData"}