{"bought": 118.41, "sold": 566.23, "Time_string": "Last update at 19:24 - 29/09/2023", "produce": 0.347, "consumption": 2.158, "ratioPC": -1.811, "maxBatteryPerDay": 8.75, "maxAtThisDay": 10, "batteryLevelPercentage": 26.142658903080395, "buyPrice": 0.149072, "sellPrice": 0.1, "batteryLevel": 261.42658903080394, "maxBatteryForMonth": 10, "Temperature": 33.2, "ratioPc": "noData"}