{"bought": 43.0, "sold": 65.25, "Time_string": "Last update at 17:58 - 05/07/2023", "produce": 3.405, "consumption": 2.068, "buyPrice": 0.149072, "sellPrice": 0.1, "batteryLevel": 0.7707953203820992, "maxBatteryPerDay": 8.75, "batteryLevelPercentage": 0.07707953203820991, "maxAtThisDay": 10, "ratioPC": 1.3369999999999997, "maxBatteryForMonth": 10, "ratioPc": "noData"}