{"bought": 79.0, "sold": 340.21, "Time_string": "Last update at 14:33 - 19/09/2023", "produce": 4.917, "consumption": 0.243, "ratioPC": 4.6739999999999995, "maxBatteryPerDay": 8.75, "maxAtThisDay": 10, "batteryLevelPercentage": 14.921857894171941, "buyPrice": 0.149072, "sellPrice": 0.1, "batteryLevel": 149.21857894171941, "maxBatteryForMonth": 10, "Temperature": 27.0, "ratioPc": "noData"}