{"bought": 266.99, "sold": 346.36, "Time_string": "Last update at 13:34 - 25/09/2024", "produce": 5.065, "consumption": 5.617, "ratioPC": -1.6839999999999997, "maxBatteryPerDay": 8.75, "maxAtThisDay": 100, "batteryLevelPercentage": -0.34645897821187077, "buyPrice": 0.149072, "sellPrice": 0.1, "batteryLevel": -34.64589782118708, "maxBatteryForMonth": 100, "Temperature": 23.0, "ratioPc": "noData"}