{"bought": 20.39, "sold": 52.23, "Time_string": "Last update at 17:14 - 04/09/2023", "produce": 4.379, "consumption": 0.485, "ratioPC": 3.8939999999999997, "maxBatteryPerDay": 8.75, "maxAtThisDay": 10, "batteryLevelPercentage": 1.4646760759901256, "buyPrice": 0.149072, "sellPrice": 0.1, "batteryLevel": 14.646760759901255, "maxBatteryForMonth": 10, "Temperature": 24.0, "ratioPc": "noData"}