{"bought": 187.05, "sold": 410.42, "Time_string": "Last update at 17:59 - 18/05/2024", "produce": 3.526, "consumption": 0.188, "ratioPC": 3.4000000000000004, "maxBatteryPerDay": 8.75, "maxAtThisDay": 100, "batteryLevelPercentage": 0.8826662552323705, "buyPrice": 0.149072, "sellPrice": 0.1, "batteryLevel": 88.26662552323705, "maxBatteryForMonth": 100, "Temperature": 25.0, "ratioPc": "noData"}