{"bought": 57.51, "sold": 107.79, "Time_string": "Last update at 13:57 - 08/09/2024", "produce": 4.67, "consumption": 5.697, "ratioPC": -2.1000000000000005, "maxBatteryPerDay": 8.75, "maxAtThisDay": 70.0, "batteryLevelPercentage": 0.21139059169873825, "buyPrice": 0.149072, "sellPrice": 0.1, "batteryLevel": 14.797341418911678, "maxBatteryForMonth": 100, "Temperature": 27.9, "ratioPc": "noData"}