{"bought": 237.71, "sold": 201.94, "Time_string": "Last update at 17:26 - 29/12/2023", "produce": 0.187, "consumption": 0.573, "ratioPC": -0.368, "maxBatteryPerDay": 8.75, "maxAtThisDay": 100, "batteryLevelPercentage": -1.0224525813029945, "buyPrice": 0.149072, "sellPrice": 0.1, "batteryLevel": -102.24525813029945, "maxBatteryForMonth": 100, "Temperature": 13.1, "ratioPc": "noData"}