{"bought": 100.58, "sold": 259.31, "Time_string": "Last update at 13:47 - 17/06/2023", "produce": 4.461, "consumption": 1.903, "ratioPc": null, "buyPrice": 0.149072, "sellPrice": 0.1, "batteryLevel": 73.36950091231081, "maxBatteryPerDay": 8.75, "batteryLevelPercentage": 0.4932403422676357, "maxAtThisDay": 148.75, "ratioPC": 2.5580000000000003}