{"bought": 66.37, "sold": 116.57, "Time_string": "Last update at 12:26 - 09/09/2024", "produce": 3.86, "consumption": 0.159, "ratioPC": 3.491, "maxBatteryPerDay": 8.75, "maxAtThisDay": 78.75, "batteryLevelPercentage": 0.1501855594228674, "buyPrice": 0.149072, "sellPrice": 0.1, "batteryLevel": 11.827112804550808, "maxBatteryForMonth": 100, "Temperature": 25.4, "ratioPc": "noData"}