{"bought": 235.57, "sold": 666.14, "Time_string": "Last update at 14:58 - 28/05/2024", "produce": 4.78, "consumption": 3.043, "ratioPC": 4.568, "maxBatteryPerDay": 8.75, "maxAtThisDay": 100, "batteryLevelPercentage": 2.112878941719438, "buyPrice": 0.149072, "sellPrice": 0.1, "batteryLevel": 211.28789417194378, "maxBatteryForMonth": 100, "Temperature": 31.0, "ratioPc": "noData"}