{"bought": 5.73, "sold": 1.82, "Time_string": "Last update at 15:05 - 01/09/2024", "produce": 5.054, "consumption": 3.721, "ratioPC": -1.4159999999999995, "maxBatteryPerDay": 8.75, "maxAtThisDay": 8.75, "batteryLevelPercentage": -0.5153272512611355, "buyPrice": 0.149072, "sellPrice": 0.1, "batteryLevel": -4.5091134485349365, "maxBatteryForMonth": 100, "Temperature": 33.2, "ratioPc": "noData"}