{"bought": 251.35, "sold": 406.68, "Time_string": "Last update at 19:42 - 30/06/2023", "produce": 1.323, "consumption": 3.264, "buyPrice": 0.149072, "sellPrice": 0.1, "batteryLevel": 21.457770741655082, "maxBatteryPerDay": 8.75, "batteryLevelPercentage": 0.21457770741655083, "maxAtThisDay": 100, "ratioPC": -1.9409999999999998, "maxBatteryForMonth": 100, "ratioPc": "noData"}