{"bought": 175.19, "sold": 206.29, "Time_string": "Last update at 11:29 - 16/11/2024", "produce": 3.27, "consumption": 1.233, "ratioPC": 1.9320000000000002, "maxBatteryPerDay": 8.75, "maxAtThisDay": 100, "batteryLevelPercentage": -0.3680720510894065, "buyPrice": 0.149072, "sellPrice": 0.1, "batteryLevel": -36.80720510894065, "maxBatteryForMonth": 100, "Temperature": 19.0, "ratioPc": "noData"}