{"bought": 231.48, "sold": 380.95, "Time_string": "Last update at 11:34 - 28/06/2023", "produce": 2.453, "consumption": 1.107, "buyPrice": 0.149072, "sellPrice": 0.1, "batteryLevel": 24.067654824514307, "maxBatteryPerDay": 8.75, "batteryLevelPercentage": 0.24067654824514306, "maxAtThisDay": 100, "ratioPC": 1.3459999999999999, "maxBatteryForMonth": 100, "ratioPc": "noData"}