{"bought": 147.44, "sold": 315.01, "Time_string": "Last update at 11:35 - 15/05/2024", "produce": 3.502, "consumption": 0.149, "ratioPC": 3.2399999999999998, "maxBatteryPerDay": 8.75, "maxAtThisDay": 100, "batteryLevelPercentage": 0.6387399592143393, "buyPrice": 0.149072, "sellPrice": 0.1, "batteryLevel": 63.87399592143393, "maxBatteryForMonth": 100, "Temperature": 18.6, "ratioPc": "noData"}