{"bought": 360.05, "sold": 58.34, "Time_string": "Last update at 12:51 - 18/08/2024", "produce": 4.056, "consumption": 4.243, "ratioPC": -0.23299999999999965, "maxBatteryPerDay": 8.75, "maxAtThisDay": 100, "batteryLevelPercentage": -3.2091454867446605, "buyPrice": 0.149072, "sellPrice": 0.1, "batteryLevel": -320.91454867446606, "maxBatteryForMonth": 100, "Temperature": 35.7, "ratioPc": "noData"}