{"bought": 190.23, "sold": 193.27, "Time_string": "Last update at 16:22 - 18/07/2023", "produce": 1.923, "consumption": 4.058, "buyPrice": 0.149072, "sellPrice": 0.1, "batteryLevel": -60.58123966942148, "maxBatteryPerDay": 8.75, "batteryLevelPercentage": -6.058123966942148, "maxAtThisDay": 10, "ratioPC": -2.135, "maxBatteryForMonth": 10, "ratioPc": "noData"}