{"bought": 256.69, "sold": 313.63, "Time_string": "Last update at 12:28 - 23/09/2024", "produce": 3.503, "consumption": 0.645, "ratioPC": 3.109, "maxBatteryPerDay": 8.75, "maxAtThisDay": 100, "batteryLevelPercentage": -0.4630173124396268, "buyPrice": 0.149072, "sellPrice": 0.1, "batteryLevel": -46.30173124396268, "maxBatteryForMonth": 100, "Temperature": 24.9, "ratioPc": "noData"}