{"bought": 8.2, "sold": 29.33, "Time_string": "Last update at 20:38 - 02/09/2023", "produce": 0.028, "consumption": 0.264, "ratioPC": -0.23600000000000002, "maxBatteryPerDay": 8.75, "maxAtThisDay": 10, "batteryLevelPercentage": 1.1475056348610067, "buyPrice": 0.149072, "sellPrice": 0.1, "batteryLevel": 11.475056348610067, "maxBatteryForMonth": 10, "Temperature": 21.4, "ratioPc": "noData"}