{"bought": 207.94, "sold": 558.33, "Time_string": "Last update at 09:00 - 24/05/2024", "produce": 0.299, "consumption": 0.181, "ratioPC": -0.14600000000000002, "maxBatteryPerDay": 8.75, "maxAtThisDay": 100, "batteryLevelPercentage": 1.6659713641730172, "buyPrice": 0.149072, "sellPrice": 0.1, "batteryLevel": 166.59713641730173, "maxBatteryForMonth": 100, "Temperature": 18.0, "ratioPc": "noData"}