{"bought": 146.03, "sold": 231.51, "Time_string": "Last update at 14:20 - 15/09/2024", "produce": 4.62, "consumption": 2.756, "ratioPC": 1.7900000000000005, "maxBatteryPerDay": 8.75, "maxAtThisDay": 100, "batteryLevelPercentage": 0.0927079424707523, "buyPrice": 0.149072, "sellPrice": 0.1, "batteryLevel": 9.27079424707523, "maxBatteryForMonth": 100, "Temperature": 32.0, "ratioPc": "noData"}