{"bought": 395.6, "sold": 366.86, "Time_string": "Last update at 09:31 - 31/10/2024", "produce": 0.574, "consumption": 0.174, "ratioPC": 0.086, "maxBatteryPerDay": 8.75, "maxAtThisDay": 100, "batteryLevelPercentage": -1.4950415369754217, "buyPrice": 0.149072, "sellPrice": 0.1, "batteryLevel": -149.50415369754216, "maxBatteryForMonth": 100, "Temperature": 16.0, "ratioPc": "noData"}