{"bought": 98.58, "sold": 147.77, "Time_string": "Last update at 20:07 - 11/07/2023", "produce": 0.63, "consumption": 3.092, "buyPrice": 0.149072, "sellPrice": 0.1, "batteryLevel": 0.5465965439519209, "maxBatteryPerDay": 8.75, "batteryLevelPercentage": 0.05465965439519209, "maxAtThisDay": 10, "ratioPC": -2.462, "maxBatteryForMonth": 10, "ratioPc": "noData"}