{"bought": 198.91, "sold": 248.32, "Time_string": "Last update at 10:53 - 17/09/2024", "produce": 2.012, "consumption": 0.165, "ratioPC": 0.32099999999999995, "maxBatteryPerDay": 8.75, "maxAtThisDay": 100, "batteryLevelPercentage": -0.32332775571535904, "buyPrice": 0.149072, "sellPrice": 0.1, "batteryLevel": -32.332775571535905, "maxBatteryForMonth": 100, "Temperature": 24.8, "ratioPc": "noData"}