{"bought": 287.06, "sold": 377.56, "Time_string": "Last update at 19:53 - 24/06/2024", "produce": 1.129, "consumption": 0.247, "ratioPC": -0.242, "maxBatteryPerDay": 8.75, "maxAtThisDay": 100, "batteryLevelPercentage": -0.33786414081786004, "buyPrice": 0.149072, "sellPrice": 0.1, "batteryLevel": -33.786414081786006, "maxBatteryForMonth": 100, "Temperature": 34.2, "ratioPc": "noData"}