{"bought": 109.39, "sold": 151.52, "Time_string": "Last update at 15:43 - 12/07/2023", "produce": 4.695, "consumption": 3.582, "buyPrice": 0.149072, "sellPrice": 0.1, "batteryLevel": -7.747840506600838, "maxBatteryPerDay": 8.75, "batteryLevelPercentage": -0.7747840506600838, "maxAtThisDay": 10, "ratioPC": 1.1130000000000004, "maxBatteryForMonth": 10, "ratioPc": "noData"}