{"bought": 216.82, "sold": 580.95, "Time_string": "Last update at 09:59 - 25/05/2024", "produce": 1.099, "consumption": 0.255, "ratioPC": -0.597, "maxBatteryPerDay": 8.75, "maxAtThisDay": 100, "batteryLevelPercentage": 1.7289101212836748, "buyPrice": 0.149072, "sellPrice": 0.1, "batteryLevel": 172.8910121283675, "maxBatteryForMonth": 100, "Temperature": 20.9, "ratioPc": "noData"}