{"bought": 170.04, "sold": 118.04, "Time_string": "Last update at 16:32 - 15/08/2023", "produce": 4.352, "consumption": 2.165, "ratioPC": 2.1870000000000003, "maxBatteryPerDay": 8.75, "maxAtThisDay": 10, "batteryLevelPercentage": -9.085678651926584, "buyPrice": 0.149072, "sellPrice": 0.1, "batteryLevel": -90.85678651926584, "maxBatteryForMonth": 10, "Temperature": 35.5, "ratioPc": "noData"}