{"bought": 133.25, "sold": 134.84, "Time_string": "Last update at 17:54 - 19/12/2023", "produce": 0.058, "consumption": 0.516, "ratioPC": -0.32899999999999996, "maxBatteryPerDay": 8.75, "maxAtThisDay": 100, "batteryLevelPercentage": -0.42797064505742183, "buyPrice": 0.149072, "sellPrice": 0.1, "batteryLevel": -42.797064505742185, "maxBatteryForMonth": 100, "Temperature": 13.1, "ratioPc": "noData"}