{"bought": 20.08, "sold": 1.47, "Time_string": "Last update at 10:30 - 02/01/2024", "produce": 1.757, "consumption": 3.263, "ratioPC": -1.8319999999999999, "maxBatteryPerDay": 8.75, "maxAtThisDay": 17.5, "batteryLevelPercentage": -1.091079961360953, "buyPrice": 0.149072, "sellPrice": 0.1, "batteryLevel": -19.09389932381668, "maxBatteryForMonth": 100, "Temperature": 10.0, "ratioPc": "noData"}