{"bought": 162.83, "sold": 102.0, "Time_string": "Last update at 14:30 - 14/08/2023", "produce": 4.813, "consumption": 3.277, "ratioPC": 1.5359999999999996, "maxBatteryPerDay": 8.75, "maxAtThisDay": 10, "batteryLevelPercentage": -9.44066877750349, "buyPrice": 0.149072, "sellPrice": 0.1, "batteryLevel": -94.4066877750349, "maxBatteryForMonth": 10, "Temperature": 33.5, "ratioPc": "noData"}