{"bought": 64.1, "sold": 180.55, "Time_string": "Last update at 11:23 - 12/10/2023", "produce": 2.692, "consumption": 0.956, "ratioPC": 1.7360000000000002, "maxBatteryPerDay": 8.75, "maxAtThisDay": 10, "batteryLevelPercentage": 5.701597080605348, "buyPrice": 0.149072, "sellPrice": 0.1, "batteryLevel": 57.015970806053474, "maxBatteryForMonth": 10, "Temperature": 23.8, "ratioPc": "noData"}