{"bought": 262.98, "sold": 202.02, "Time_string": "Last update at 09:30 - 23/08/2023", "produce": 0.365, "consumption": 0.257, "ratioPC": 0.10799999999999998, "maxBatteryPerDay": 8.75, "maxAtThisDay": 10, "batteryLevelPercentage": -12.746159278737792, "buyPrice": 0.149072, "sellPrice": 0.1, "batteryLevel": -127.46159278737792, "maxBatteryForMonth": 10, "Temperature": 28.5, "ratioPc": "noData"}