{"bought": 353.92, "sold": 226.58, "Time_string": "Last update at 14:24 - 27/08/2023", "produce": 4.881, "consumption": 2.51, "ratioPC": 2.3710000000000004, "maxBatteryPerDay": 8.75, "maxAtThisDay": 10, "batteryLevelPercentage": -20.192633251046477, "buyPrice": 0.149072, "sellPrice": 0.1, "batteryLevel": -201.92633251046476, "maxBatteryForMonth": 10, "Temperature": 29.4, "ratioPc": "noData"}