{"bought": 222.25, "sold": 609.69, "Time_string": "Last update at 11:21 - 26/05/2024", "produce": 2.763, "consumption": 7.827, "ratioPC": -5.1370000000000005, "maxBatteryPerDay": 8.75, "maxAtThisDay": 100, "batteryLevelPercentage": 1.867402865729312, "buyPrice": 0.149072, "sellPrice": 0.1, "batteryLevel": 186.7402865729312, "maxBatteryForMonth": 100, "Temperature": 26.7, "ratioPc": "noData"}