{"bought": 224.46, "sold": 193.42, "Time_string": "Last update at 10:14 - 28/12/2023", "produce": 0.604, "consumption": 0.172, "ratioPC": 0.35800000000000004, "maxBatteryPerDay": 8.75, "maxAtThisDay": 100, "batteryLevelPercentage": -0.9471061715144361, "buyPrice": 0.149072, "sellPrice": 0.1, "batteryLevel": -94.71061715144361, "maxBatteryForMonth": 100, "Temperature": 7.5, "ratioPc": "noData"}