{"bought": 169.94, "sold": 106.02, "Time_string": "Last update at 10:34 - 15/08/2023", "produce": 1.658, "consumption": 0.85, "ratioPC": 0.8079999999999999, "maxBatteryPerDay": 8.75, "maxAtThisDay": 10, "batteryLevelPercentage": -9.882000429322742, "buyPrice": 0.149072, "sellPrice": 0.1, "batteryLevel": -98.82000429322743, "maxBatteryForMonth": 10, "Temperature": 25.7, "ratioPc": "noData"}