{"bought": 125.95, "sold": 151.46, "Time_string": "Last update at 07:51 - 12/11/2024", "produce": 0.0, "consumption": 0.241, "ratioPC": -0.203, "maxBatteryPerDay": 8.75, "maxAtThisDay": 100, "batteryLevelPercentage": -0.24348089513792004, "buyPrice": 0.149072, "sellPrice": 0.1, "batteryLevel": -24.348089513792004, "maxBatteryForMonth": 100, "Temperature": 12.8, "ratioPc": "noData"}