{"bought": 291.81, "sold": 352.61, "Time_string": "Last update at 17:55 - 28/07/2023", "produce": 3.426, "consumption": 4.284, "buyPrice": 0.149072, "sellPrice": 0.1, "batteryLevel": -55.27329290544168, "maxBatteryPerDay": 8.75, "batteryLevelPercentage": -5.527329290544168, "maxAtThisDay": 10, "ratioPC": -0.8579999999999997, "maxBatteryForMonth": 10, "ratioPc": "noData"}