{"bought": 96.23, "sold": 179.04, "Time_string": "Last update at 10:55 - 12/09/2024", "produce": 1.886, "consumption": 1.442, "ratioPC": 0.609, "maxBatteryPerDay": 8.75, "maxAtThisDay": 100, "batteryLevelPercentage": 0.23873037458409344, "buyPrice": 0.149072, "sellPrice": 0.1, "batteryLevel": 23.873037458409343, "maxBatteryForMonth": 100, "Temperature": 21.9, "ratioPc": "noData"}