{"bought": 324.87, "sold": 216.04, "Time_string": "Last update at 10:41 - 26/08/2023", "produce": 2.002, "consumption": 2.332, "ratioPC": -0.33000000000000007, "maxBatteryPerDay": 8.75, "maxAtThisDay": 10, "batteryLevelPercentage": -17.99467414403778, "buyPrice": 0.149072, "sellPrice": 0.1, "batteryLevel": -179.94674144037782, "maxBatteryForMonth": 10, "Temperature": 32.4, "ratioPc": "noData"}