{"bought": 296.38, "sold": 700.07, "Time_string": "Last update at 16:32 - 31/05/2024", "produce": 4.279, "consumption": 3.023, "ratioPC": 1.2729999999999997, "maxBatteryPerDay": 8.75, "maxAtThisDay": 100, "batteryLevelPercentage": 1.7323870773854246, "buyPrice": 0.149072, "sellPrice": 0.1, "batteryLevel": 173.23870773854247, "maxBatteryForMonth": 100, "Temperature": 35.5, "ratioPc": "noData"}