{"bought": 209.83, "sold": 274.92, "Time_string": "Last update at 09:19 - 19/09/2024", "produce": 0.35, "consumption": 0.104, "ratioPC": 0.13400000000000004, "maxBatteryPerDay": 8.75, "maxAtThisDay": 100, "batteryLevelPercentage": -0.2540904905012343, "buyPrice": 0.149072, "sellPrice": 0.1, "batteryLevel": -25.40904905012343, "maxBatteryForMonth": 100, "Temperature": 20.6, "ratioPc": "noData"}