{"bought": 383.81, "sold": 298.58, "Time_string": "Last update at 15:40 - 31/08/2023", "produce": 4.616, "consumption": 1.705, "ratioPC": 2.9109999999999996, "maxBatteryPerDay": 8.75, "maxAtThisDay": 10, "batteryLevelPercentage": -18.351752388107762, "buyPrice": 0.149072, "sellPrice": 0.1, "batteryLevel": -183.5175238810776, "maxBatteryForMonth": 10, "Temperature": 33.7, "ratioPc": "noData"}