{"bought": 115.91, "sold": 204.46, "Time_string": "Last update at 07:08 - 14/06/2024", "produce": 0.0, "consumption": 0.156, "ratioPC": -0.153, "maxBatteryPerDay": 8.75, "maxAtThisDay": 100, "batteryLevelPercentage": 0.21245200171729095, "buyPrice": 0.149072, "sellPrice": 0.1, "batteryLevel": 21.245200171729095, "maxBatteryForMonth": 100, "Temperature": 16.3, "ratioPc": "noData"}