{"bought": 477.03, "sold": 75.76, "Time_string": "Last update at 18:09 - 22/08/2024", "produce": 3.204, "consumption": 3.499, "ratioPC": -0.19600000000000017, "maxBatteryPerDay": 8.75, "maxAtThisDay": 100, "batteryLevelPercentage": -4.262089202533004, "buyPrice": 0.149072, "sellPrice": 0.1, "batteryLevel": -426.2089202533004, "maxBatteryForMonth": 100, "Temperature": 32.9, "ratioPc": "noData"}