{"bought": 279.92, "sold": 209.79, "Time_string": "Last update at 11:21 - 24/08/2023", "produce": 2.555, "consumption": 4.005, "ratioPC": -1.4499999999999997, "maxBatteryPerDay": 8.75, "maxAtThisDay": 10, "batteryLevelPercentage": -13.918934635612326, "buyPrice": 0.149072, "sellPrice": 0.1, "batteryLevel": -139.18934635612325, "maxBatteryForMonth": 10, "Temperature": 33.7, "ratioPc": "noData"}