{"bought": 115.08, "sold": 152.5, "Time_string": "Last update at 20:32 - 12/07/2023", "produce": 0.224, "consumption": 1.339, "buyPrice": 0.149072, "sellPrice": 0.1, "batteryLevel": -12.780440055811965, "maxBatteryPerDay": 8.75, "batteryLevelPercentage": -1.2780440055811966, "maxAtThisDay": 10, "ratioPC": -1.115, "maxBatteryForMonth": 10, "ratioPc": "noData"}