{"bought": 374.27, "sold": 265.33, "Time_string": "Last update at 10:55 - 30/08/2023", "produce": 2.148, "consumption": 1.002, "ratioPC": 1.1460000000000001, "maxBatteryPerDay": 8.75, "maxAtThisDay": 10, "batteryLevelPercentage": -19.628218203284316, "buyPrice": 0.149072, "sellPrice": 0.1, "batteryLevel": -196.28218203284317, "maxBatteryForMonth": 10, "Temperature": 27.8, "ratioPc": "noData"}