{"bought": 57.39, "sold": 59.96, "Time_string": "Last update at 21:21 - 06/08/2023", "produce": 0.031, "consumption": 3.457, "ratioPC": -3.4259999999999997, "maxBatteryPerDay": 8.75, "maxAtThisDay": 10, "batteryLevelPercentage": -1.7167825480304821, "buyPrice": 0.149072, "sellPrice": 0.1, "batteryLevel": -17.16782548030482, "maxBatteryForMonth": 10, "Temperature": 36.0, "ratioPc": "noData"}