{"bought": 326.45, "sold": 366.11, "Time_string": "Last update at 18:23 - 28/10/2024", "produce": 0.023, "consumption": 0.318, "ratioPC": -0.181, "maxBatteryPerDay": 8.75, "maxAtThisDay": 100, "batteryLevelPercentage": -0.8085726628743154, "buyPrice": 0.149072, "sellPrice": 0.1, "batteryLevel": -80.85726628743154, "maxBatteryForMonth": 100, "Temperature": 17.6, "ratioPc": "noData"}