{"bought": 34.75, "sold": 113.31, "Time_string": "Last update at 11:16 - 08/09/2023", "produce": 2.64, "consumption": 1.885, "ratioPC": 0.7550000000000001, "maxBatteryPerDay": 8.75, "maxAtThisDay": 10, "batteryLevelPercentage": 4.126025008049801, "buyPrice": 0.149072, "sellPrice": 0.1, "batteryLevel": 41.26025008049801, "maxBatteryForMonth": 10, "Temperature": 25.3, "ratioPc": "noData"}