{"bought": 38.18, "sold": 128.62, "Time_string": "Last update at 08:20 - 09/09/2023", "produce": 0.04, "consumption": 0.238, "ratioPC": -0.19799999999999998, "maxBatteryPerDay": 8.75, "maxAtThisDay": 10, "batteryLevelPercentage": 4.810045508210798, "buyPrice": 0.149072, "sellPrice": 0.1, "batteryLevel": 48.10045508210798, "maxBatteryForMonth": 10, "Temperature": 20.3, "ratioPc": "noData"}