{"bought": 191.14, "sold": 198.04, "Time_string": "Last update at 17:00 - 17/10/2024", "produce": 3.793, "consumption": 0.146, "ratioPC": 3.1820000000000004, "maxBatteryPerDay": 8.75, "maxAtThisDay": 100, "batteryLevelPercentage": -0.5829144359772457, "buyPrice": 0.149072, "sellPrice": 0.1, "batteryLevel": -58.291443597724566, "maxBatteryForMonth": 100, "Temperature": 21.0, "ratioPc": "noData"}