{"bought": 269.68, "sold": 367.25, "Time_string": "Last update at 12:51 - 23/06/2024", "produce": 3.817, "consumption": 6.304, "ratioPC": -2.6310000000000002, "maxBatteryPerDay": 8.75, "maxAtThisDay": 100, "batteryLevelPercentage": -0.2332253515079964, "buyPrice": 0.149072, "sellPrice": 0.1, "batteryLevel": -23.322535150799638, "maxBatteryForMonth": 100, "Temperature": 31.7, "ratioPc": "noData"}