{"bought": 462.69, "sold": 69.59, "Time_string": "Last update at 15:28 - 21/08/2024", "produce": 4.76, "consumption": 5.132, "ratioPC": -0.26199999999999957, "maxBatteryPerDay": 8.75, "maxAtThisDay": 100, "batteryLevelPercentage": -4.160078598261243, "buyPrice": 0.149072, "sellPrice": 0.1, "batteryLevel": -416.0078598261243, "maxBatteryForMonth": 100, "Temperature": 35.5, "ratioPc": "noData"}