{"bought": 29.08, "sold": 43.25, "Time_string": "Last update at 16:32 - 04/08/2023", "produce": 4.548, "consumption": 1.737, "ratioPC": 2.811, "maxBatteryPerDay": 8.75, "maxAtThisDay": 10, "batteryLevelPercentage": -0.006717398304175148, "buyPrice": 0.149072, "sellPrice": 0.1, "batteryLevel": -0.06717398304175148, "maxBatteryForMonth": 10, "Temperature": 36.5, "ratioPc": "noData"}