{"bought": 194.37, "sold": 182.63, "Time_string": "Last update at 13:01 - 26/12/2023", "produce": 4.353, "consumption": 0.317, "ratioPC": 3.859, "maxBatteryPerDay": 8.75, "maxAtThisDay": 100, "batteryLevelPercentage": -0.7185873027798648, "buyPrice": 0.149072, "sellPrice": 0.1, "batteryLevel": -71.85873027798648, "maxBatteryForMonth": 100, "Temperature": 10.1, "ratioPc": "noData"}