{"bought": 585.87, "sold": 92.89, "Time_string": "Last update at 16:18 - 27/08/2024", "produce": 4.561, "consumption": 5.179, "ratioPC": -0.6539999999999999, "maxBatteryPerDay": 8.75, "maxAtThisDay": 100, "batteryLevelPercentage": -5.235578287002254, "buyPrice": 0.149072, "sellPrice": 0.1, "batteryLevel": -523.5578287002254, "maxBatteryForMonth": 100, "Temperature": 36.0, "ratioPc": "noData"}