{"bought": 35.16, "sold": 63.71, "Time_string": "Last update at 17:34 - 05/09/2024", "produce": 3.933, "consumption": 0.118, "ratioPC": 3.2550000000000003, "maxBatteryPerDay": 8.75, "maxAtThisDay": 43.75, "batteryLevelPercentage": 0.1732054278661128, "buyPrice": 0.149072, "sellPrice": 0.1, "batteryLevel": 7.577737469142434, "maxBatteryForMonth": 100, "Temperature": 31.4, "ratioPc": "noData"}