{"bought": 215.52, "sold": 190.08, "Time_string": "Last update at 14:40 - 27/12/2023", "produce": 4.25, "consumption": 0.216, "ratioPC": 4.019, "maxBatteryPerDay": 8.75, "maxAtThisDay": 100, "batteryLevelPercentage": -0.8801114521841795, "buyPrice": 0.149072, "sellPrice": 0.1, "batteryLevel": -88.01114521841795, "maxBatteryForMonth": 100, "Temperature": 14.3, "ratioPc": "noData"}