{"bought": 140.94, "sold": 156.71, "Time_string": "Last update at 09:13 - 14/07/2023", "produce": 0.253, "consumption": 0.205, "buyPrice": 0.149072, "sellPrice": 0.1, "batteryLevel": -35.81630138456585, "maxBatteryPerDay": 8.75, "batteryLevelPercentage": -3.5816301384565845, "maxAtThisDay": 10, "ratioPC": 0.048000000000000015, "maxBatteryForMonth": 10, "ratioPc": "noData"}