{"bought": 26.88, "sold": 79.4, "Time_string": "Last update at 08:33 - 07/11/2023", "produce": 0.161, "consumption": 0.14, "ratioPC": 0.02099999999999999, "maxBatteryPerDay": 8.75, "maxAtThisDay": 10, "batteryLevelPercentage": 2.6382852849629717, "buyPrice": 0.149072, "sellPrice": 0.1, "batteryLevel": 26.382852849629717, "maxBatteryForMonth": 10, "Temperature": 8.1, "ratioPc": "noData"}