{"bought": 362.04, "sold": 247.23, "Time_string": "Last update at 17:30 - 28/08/2023", "produce": 3.638, "consumption": 1.279, "ratioPC": 2.359, "maxBatteryPerDay": 8.75, "maxAtThisDay": 10, "batteryLevelPercentage": -19.619396586884193, "buyPrice": 0.149072, "sellPrice": 0.1, "batteryLevel": -196.19396586884193, "maxBatteryForMonth": 10, "Temperature": 33.5, "ratioPc": "noData"}