{"bought": 12.27, "sold": 0.18, "Time_string": "Last update at 15:58 - 01/01/2024", "produce": 2.23, "consumption": 7.533, "ratioPC": -3.2820000000000005, "maxBatteryPerDay": 8.75, "maxAtThisDay": 8.75, "batteryLevelPercentage": -1.388486054677318, "buyPrice": 0.149072, "sellPrice": 0.1, "batteryLevel": -12.149252978426532, "maxBatteryForMonth": 100, "Temperature": 17.0, "ratioPc": "noData"}