{"bought": 205.18, "sold": 265.04, "Time_string": "Last update at 12:58 - 18/09/2024", "produce": 3.9, "consumption": 1.205, "ratioPC": 2.527, "maxBatteryPerDay": 8.75, "maxAtThisDay": 100, "batteryLevelPercentage": -0.2738671890093377, "buyPrice": 0.149072, "sellPrice": 0.1, "batteryLevel": -27.386718900933772, "maxBatteryForMonth": 100, "Temperature": 27.0, "ratioPc": "noData"}