{"bought": 330.96, "sold": 366.11, "Time_string": "Last update at 10:51 - 29/10/2024", "produce": 0.113, "consumption": 2.218, "ratioPC": -0.07100000000000001, "maxBatteryPerDay": 8.75, "maxAtThisDay": 100, "batteryLevelPercentage": -0.8536726628743153, "buyPrice": 0.149072, "sellPrice": 0.1, "batteryLevel": -85.36726628743153, "maxBatteryForMonth": 100, "Temperature": 16.9, "ratioPc": "noData"}