{"bought": 245.69, "sold": 202.15, "Time_string": "Last update at 11:02 - 30/12/2023", "produce": 2.414, "consumption": 2.932, "ratioPC": -2.743, "maxBatteryPerDay": 8.75, "maxAtThisDay": 100, "batteryLevelPercentage": -1.1008438660513038, "buyPrice": 0.149072, "sellPrice": 0.1, "batteryLevel": -110.08438660513039, "maxBatteryForMonth": 100, "Temperature": 10.1, "ratioPc": "noData"}