{"bought": 20.56, "sold": 18.79, "Time_string": "Last update at 09:41 - 03/08/2023", "produce": 0.496, "consumption": 0.165, "ratioPC": 0.33099999999999996, "maxBatteryPerDay": 8.75, "maxAtThisDay": 10, "batteryLevelPercentage": -0.7955352581302995, "buyPrice": 0.149072, "sellPrice": 0.1, "batteryLevel": -7.955352581302995, "maxBatteryForMonth": 10, "Temperature": 24.7, "ratioPc": "noData"}