{"bought": 10.92, "sold": 16.21, "Time_string": "Last update at 12:11 - 02/07/2023", "produce": 3.368, "consumption": 3.896, "buyPrice": 0.149072, "sellPrice": 0.1, "batteryLevel": -0.046059890522698765, "maxBatteryPerDay": 8.75, "batteryLevelPercentage": -0.0026319937441542153, "maxAtThisDay": 17.5, "ratioPC": -0.528, "maxBatteryForMonth": 100, "ratioPc": "noData"}