{"bought": 83.86, "sold": 117.76, "Time_string": "Last update at 14:23 - 08/10/2024", "produce": 1.039, "consumption": 0.884, "ratioPC": 2.0500000000000003, "maxBatteryPerDay": 8.75, "maxAtThisDay": 70.0, "batteryLevelPercentage": -0.06949450313558916, "buyPrice": 0.149072, "sellPrice": 0.1, "batteryLevel": -4.864615219491242, "maxBatteryForMonth": 100, "Temperature": 23.4, "ratioPc": "noData"}