{"bought": 34.6, "sold": 50.84, "Time_string": "Last update at 18:48 - 04/07/2023", "produce": 2.642, "consumption": 2.677, "buyPrice": 0.149072, "sellPrice": 0.1, "batteryLevel": -0.49567457336052456, "maxBatteryPerDay": 8.75, "batteryLevelPercentage": -0.04956745733605246, "maxAtThisDay": 10, "ratioPC": -0.03500000000000014, "maxBatteryForMonth": 10, "ratioPc": "noData"}