{"bought": 81.89, "sold": 131.63, "Time_string": "Last update at 11:47 - 10/11/2024", "produce": 3.904, "consumption": 0.382, "ratioPC": 3.6399999999999997, "maxBatteryPerDay": 8.75, "maxAtThisDay": 87.5, "batteryLevelPercentage": 0.07325272696606816, "buyPrice": 0.149072, "sellPrice": 0.1, "batteryLevel": 6.409613609530965, "maxBatteryForMonth": 100, "Temperature": 19.6, "ratioPc": "noData"}