{"bought": 256.96, "sold": 327.49, "Time_string": "Last update at 19:58 - 23/09/2024", "produce": 0.222, "consumption": 1.279, "ratioPC": -0.982, "maxBatteryPerDay": 8.75, "maxAtThisDay": 100, "batteryLevelPercentage": -0.37274210582805606, "buyPrice": 0.149072, "sellPrice": 0.1, "batteryLevel": -37.27421058280561, "maxBatteryForMonth": 100, "Temperature": 24.0, "ratioPc": "noData"}