{"bought": 57.21, "sold": 85.71, "Time_string": "Last update at 05:36 - 07/07/2023", "produce": 0.0, "consumption": 0.124, "buyPrice": 0.149072, "sellPrice": 0.1, "batteryLevel": 0.28570677256627164, "maxBatteryPerDay": 8.75, "batteryLevelPercentage": 0.028570677256627163, "maxAtThisDay": 10, "ratioPC": -0.124, "maxBatteryForMonth": 10, "ratioPc": "noData"}