{"bought": 327.52, "sold": 51.29, "Time_string": "Last update at 14:43 - 16/08/2024", "produce": 4.935, "consumption": 3.222, "ratioPC": 1.5120000000000005, "maxBatteryPerDay": 8.75, "maxAtThisDay": 100, "batteryLevelPercentage": -2.931138070194268, "buyPrice": 0.149072, "sellPrice": 0.1, "batteryLevel": -293.1138070194268, "maxBatteryForMonth": 100, "Temperature": 35.7, "ratioPc": "noData"}