{"bought": 75.79, "sold": 30.16, "Time_string": "Last update at 16:45 - 07/01/2024", "produce": 2.02, "consumption": 0.248, "ratioPC": 1.7930000000000001, "maxBatteryPerDay": 8.75, "maxAtThisDay": 61.25, "batteryLevelPercentage": -0.9070720933645543, "buyPrice": 0.149072, "sellPrice": 0.1, "batteryLevel": -55.55816571857895, "maxBatteryForMonth": 100, "Temperature": 13.2, "ratioPc": "noData"}