{"bought": 146.03, "sold": 236.88, "Time_string": "Last update at 17:27 - 15/09/2024", "produce": 2.383, "consumption": 1.816, "ratioPC": 1.1019999999999999, "maxBatteryPerDay": 8.75, "maxAtThisDay": 100, "batteryLevelPercentage": 0.12873080390683697, "buyPrice": 0.149072, "sellPrice": 0.1, "batteryLevel": 12.873080390683697, "maxBatteryForMonth": 100, "Temperature": 33.6, "ratioPc": "noData"}