{"bought": 121.14, "sold": 133.35, "Time_string": "Last update at 10:24 - 11/11/2024", "produce": 2.397, "consumption": 1.082, "ratioPC": 0.94, "maxBatteryPerDay": 8.75, "maxAtThisDay": 96.25, "batteryLevelPercentage": -0.32921123654707424, "buyPrice": 0.149072, "sellPrice": 0.1, "batteryLevel": -31.686581517655895, "maxBatteryForMonth": 100, "Temperature": 17.4, "ratioPc": "noData"}