{"bought": 226.6, "sold": 196.59, "Time_string": "Last update at 13:22 - 28/12/2023", "produce": 3.761, "consumption": 4.427, "ratioPC": -1.9780000000000002, "maxBatteryPerDay": 8.75, "maxAtThisDay": 100, "batteryLevelPercentage": -0.947241279381775, "buyPrice": 0.149072, "sellPrice": 0.1, "batteryLevel": -94.7241279381775, "maxBatteryForMonth": 100, "Temperature": 14.4, "ratioPc": "noData"}