{"bought": 40.83, "sold": 110.27, "Time_string": "Last update at 19:43 - 07/10/2023", "produce": 0.06, "consumption": 0.131, "ratioPC": -0.07100000000000001, "maxBatteryPerDay": 8.75, "maxAtThisDay": 10, "batteryLevelPercentage": 3.3140967049479455, "buyPrice": 0.149072, "sellPrice": 0.1, "batteryLevel": 33.14096704947946, "maxBatteryForMonth": 10, "Temperature": 31.5, "ratioPc": "noData"}