{"bought": 147.89, "sold": 362.97, "Time_string": "Last update at 18:08 - 23/06/2023", "produce": 3.043, "consumption": 3.142, "ratioPc": "noData", "buyPrice": 0.149072, "sellPrice": 0.1, "batteryLevel": 95.59636900289794, "maxBatteryPerDay": 8.75, "batteryLevelPercentage": 0.475013013678996, "maxAtThisDay": 201.25, "ratioPC": -0.09899999999999975}