{"bought": 211.26, "sold": 578.88, "Time_string": "Last update at 17:35 - 24/05/2024", "produce": 3.676, "consumption": 5.461, "ratioPC": -1.7890000000000001, "maxBatteryPerDay": 8.75, "maxAtThisDay": 100, "batteryLevelPercentage": 1.7706242138027262, "buyPrice": 0.149072, "sellPrice": 0.1, "batteryLevel": 177.0624213802726, "maxBatteryForMonth": 100, "Temperature": 30.4, "ratioPc": "noData"}