{"bought": 259.13, "sold": 406.68, "Time_string": "Last update at 00:21 - 01/07/2023", "produce": 0.0, "consumption": 0.202, "buyPrice": 0.149072, "sellPrice": 0.1, "batteryLevel": 13.677770741655081, "maxBatteryPerDay": 8.75, "batteryLevelPercentage": 1.563173799046295, "maxAtThisDay": 8.75, "ratioPC": -0.202, "maxBatteryForMonth": 100, "ratioPc": "noData"}