{"bought": 193.33, "sold": 109.95, "Time_string": "Last update at 09:19 - 21/01/2024", "produce": 0.303, "consumption": 0.278, "ratioPC": 0.012999999999999984, "maxBatteryPerDay": 8.75, "maxAtThisDay": 100, "batteryLevelPercentage": -1.1957369432220673, "buyPrice": 0.149072, "sellPrice": 0.1, "batteryLevel": -119.57369432220673, "maxBatteryForMonth": 100, "Temperature": 9.3, "ratioPc": "noData"}