{"bought": 119.97, "sold": 246.94, "Time_string": "Last update at 20:12 - 15/06/2024", "produce": 0.51, "consumption": 1.735, "ratioPC": -1.5740000000000003, "maxBatteryPerDay": 8.75, "maxAtThisDay": 100, "batteryLevelPercentage": 0.4568149726306751, "buyPrice": 0.149072, "sellPrice": 0.1, "batteryLevel": 45.68149726306751, "maxBatteryForMonth": 100, "Temperature": 29.6, "ratioPc": "noData"}