{"bought": 73.48, "sold": 163.79, "Time_string": "Last update at 00:36 - 11/09/2024", "produce": 0.0, "consumption": 0.128, "ratioPC": -0.125, "maxBatteryPerDay": 8.75, "maxAtThisDay": 96.25, "batteryLevelPercentage": 0.37810993728821357, "buyPrice": 0.149072, "sellPrice": 0.1, "batteryLevel": 36.393081463990555, "maxBatteryForMonth": 100, "Temperature": 19.4, "ratioPc": "noData"}