{"bought": 83.87, "sold": 120.63, "Time_string": "Last update at 15:25 - 08/10/2024", "produce": 1.63, "consumption": 0.498, "ratioPC": 0.733, "maxBatteryPerDay": 8.75, "maxAtThisDay": 70.0, "batteryLevelPercentage": -0.042133872031156726, "buyPrice": 0.149072, "sellPrice": 0.1, "batteryLevel": -2.949371042180971, "maxBatteryForMonth": 100, "Temperature": 24.4, "ratioPc": "noData"}