{"bought": 181.71, "sold": 136.79, "Time_string": "Last update at 08:56 - 17/08/2023", "produce": 0.342, "consumption": 0.166, "ratioPC": 0.17600000000000002, "maxBatteryPerDay": 8.75, "maxAtThisDay": 10, "batteryLevelPercentage": -8.994897177202963, "buyPrice": 0.149072, "sellPrice": 0.1, "batteryLevel": -89.94897177202964, "maxBatteryForMonth": 10, "Temperature": 20.8, "ratioPc": "noData"}