{"bought": 184.56, "sold": 107.58, "Time_string": "Last update at 11:21 - 20/01/2024", "produce": 3.047, "consumption": 5.854, "ratioPC": -2.937, "maxBatteryPerDay": 8.75, "maxAtThisDay": 100, "batteryLevelPercentage": -1.1239353010625739, "buyPrice": 0.149072, "sellPrice": 0.1, "batteryLevel": -112.39353010625739, "maxBatteryForMonth": 100, "Temperature": 8.7, "ratioPc": "noData"}