{"bought": 222.43, "sold": 297.01, "Time_string": "Last update at 11:48 - 21/09/2024", "produce": 2.759, "consumption": 0.111, "ratioPC": 2.772, "maxBatteryPerDay": 8.75, "maxAtThisDay": 100, "batteryLevelPercentage": -0.2319070623591287, "buyPrice": 0.149072, "sellPrice": 0.1, "batteryLevel": -23.19070623591287, "maxBatteryForMonth": 100, "Temperature": 22.8, "ratioPc": "noData"}