{"bought": 214.11, "sold": 374.79, "Time_string": "Last update at 04:26 - 27/06/2023", "produce": 0.0, "consumption": 0.146, "buyPrice": 0.149072, "sellPrice": 0.1, "batteryLevel": 37.305423419555666, "maxBatteryPerDay": 8.75, "batteryLevelPercentage": 0.37305423419555667, "maxAtThisDay": 100, "ratioPC": -0.146, "maxBatteryForMonth": 100, "ratioPc": "noData"}