{"bought": 175.91, "sold": 103.66, "Time_string": "Last update at 14:33 - 19/01/2024", "produce": 1.423, "consumption": 0.148, "ratioPC": 4.9559999999999995, "maxBatteryPerDay": 8.75, "maxAtThisDay": 100, "batteryLevelPercentage": -1.063731319094129, "buyPrice": 0.149072, "sellPrice": 0.1, "batteryLevel": -106.3731319094129, "maxBatteryForMonth": 100, "Temperature": 14.4, "ratioPc": "noData"}