{"bought": 364.89, "sold": 262.06, "Time_string": "Last update at 16:01 - 29/08/2023", "produce": 4.569, "consumption": 2.434, "ratioPC": 2.135, "maxBatteryPerDay": 8.75, "maxAtThisDay": 10, "batteryLevelPercentage": -18.909575292476116, "buyPrice": 0.149072, "sellPrice": 0.1, "batteryLevel": -189.09575292476117, "maxBatteryForMonth": 10, "Temperature": 35.0, "ratioPc": "noData"}