{"bought": 63.65, "sold": 219.99, "Time_string": "Last update at 10:52 - 14/06/2023", "produce": 2.341, "consumption": 0.874, "ratioPc": null, "buyPrice": 0.149072, "sellPrice": 0.1, "batteryLevel": 83.9229848663733, "maxBatteryPerDay": 8.75, "batteryLevelPercentage": 0.6850855907459045, "maxAtThisDay": 122.5, "ratioPC": 1.467}