{"bought": 181.63, "sold": 320.13, "Time_string": "Last update at 19:50 - 19/06/2024", "produce": 1.323, "consumption": 6.274, "ratioPC": -5.756, "maxBatteryPerDay": 8.75, "maxAtThisDay": 100, "batteryLevelPercentage": 0.3311857786841256, "buyPrice": 0.149072, "sellPrice": 0.1, "batteryLevel": 33.11857786841256, "maxBatteryForMonth": 100, "Temperature": 20.8, "ratioPc": "noData"}