{"bought": 144.04, "sold": 308.56, "Time_string": "Last update at 18:15 - 14/05/2024", "produce": 3.269, "consumption": 0.991, "ratioPC": 3.289, "maxBatteryPerDay": 8.75, "maxAtThisDay": 100, "batteryLevelPercentage": 0.6294722764838468, "buyPrice": 0.149072, "sellPrice": 0.1, "batteryLevel": 62.94722764838468, "maxBatteryForMonth": 100, "Temperature": 24.0, "ratioPc": "noData"}