{"bought": 20.66, "sold": 19.85, "Time_string": "Last update at 11:11 - 03/08/2023", "produce": 2.607, "consumption": 1.428, "ratioPC": 1.1790000000000003, "maxBatteryPerDay": 8.75, "maxAtThisDay": 10, "batteryLevelPercentage": -0.7344286787592571, "buyPrice": 0.149072, "sellPrice": 0.1, "batteryLevel": -7.344286787592571, "maxBatteryForMonth": 10, "Temperature": 27.4, "ratioPc": "noData"}