{"bought": 229.51, "sold": 616.29, "Time_string": "Last update at 14:47 - 26/05/2024", "produce": 4.638, "consumption": 0.253, "ratioPC": 4.416, "maxBatteryPerDay": 8.75, "maxAtThisDay": 100, "batteryLevelPercentage": 1.8390767736395832, "buyPrice": 0.149072, "sellPrice": 0.1, "batteryLevel": 183.90767736395833, "maxBatteryForMonth": 100, "Temperature": 31.8, "ratioPc": "noData"}