{"bought": 272.73, "sold": 187.27, "Time_string": "Last update at 10:40 - 25/01/2024", "produce": 2.116, "consumption": 0.147, "ratioPC": 1.8889999999999998, "maxBatteryPerDay": 8.75, "maxAtThisDay": 100, "batteryLevelPercentage": -1.471061403885371, "buyPrice": 0.149072, "sellPrice": 0.1, "batteryLevel": -147.1061403885371, "maxBatteryForMonth": 100, "Temperature": 15.4, "ratioPc": "noData"}