{"bought": 38.31, "sold": 129.12, "Time_string": "Last update at 10:44 - 09/09/2023", "produce": 0.702, "consumption": 0.787, "ratioPC": -0.08500000000000008, "maxBatteryPerDay": 8.75, "maxAtThisDay": 10, "batteryLevelPercentage": 4.8305863475367605, "buyPrice": 0.149072, "sellPrice": 0.1, "batteryLevel": 48.3058634753676, "maxBatteryForMonth": 10, "Temperature": 24.5, "ratioPc": "noData"}