{"bought": 330.77, "sold": 424.01, "Time_string": "Last update at 15:02 - 29/09/2024", "produce": 4.06, "consumption": 0.183, "ratioPC": 4.274, "maxBatteryPerDay": 8.75, "maxAtThisDay": 100, "batteryLevelPercentage": -0.46336974347966076, "buyPrice": 0.149072, "sellPrice": 0.1, "batteryLevel": -46.33697434796608, "maxBatteryForMonth": 100, "Temperature": 29.0, "ratioPc": "noData"}