{"bought": 130.02, "sold": 144.33, "Time_string": "Last update at 20:51 - 11/10/2024", "produce": 0.0, "consumption": 0.383, "ratioPC": -0.218, "maxBatteryPerDay": 8.75, "maxAtThisDay": 96.25, "batteryLevelPercentage": -0.34494559170570777, "buyPrice": 0.149072, "sellPrice": 0.1, "batteryLevel": -33.20101320167437, "maxBatteryForMonth": 100, "Temperature": 20.0, "ratioPc": "noData"}