{"bought": 205.52, "sold": 549.7, "Time_string": "Last update at 16:29 - 23/05/2024", "produce": 4.598, "consumption": 0.965, "ratioPC": 3.299, "maxBatteryPerDay": 8.75, "maxAtThisDay": 100, "batteryLevelPercentage": 1.6322798754964045, "buyPrice": 0.149072, "sellPrice": 0.1, "batteryLevel": 163.22798754964046, "maxBatteryForMonth": 100, "Temperature": 29.5, "ratioPc": "noData"}