{"bought": 201.87, "sold": 31.71, "Time_string": "Last update at 14:57 - 10/08/2024", "produce": 4.797, "consumption": 6.447, "ratioPC": 0.1800000000000006, "maxBatteryPerDay": 8.75, "maxAtThisDay": 87.5, "batteryLevelPercentage": -2.0639817108511322, "buyPrice": 0.149072, "sellPrice": 0.1, "batteryLevel": -180.59839969947407, "maxBatteryForMonth": 100, "Temperature": 37.0, "ratioPc": "noData"}