{"bought": 123.39, "sold": 572.48, "Time_string": "Last update at 15:10 - 30/09/2023", "produce": 4.815, "consumption": 5.601, "ratioPC": -0.7859999999999996, "maxBatteryPerDay": 8.75, "maxAtThisDay": 10, "batteryLevelPercentage": 26.06391939465493, "buyPrice": 0.149072, "sellPrice": 0.1, "batteryLevel": 260.6391939465493, "maxBatteryForMonth": 10, "Temperature": 35.2, "ratioPc": "noData"}