{"bought": 222.48, "sold": 140.35, "Time_string": "Last update at 18:12 - 22/01/2024", "produce": 0.103, "consumption": 0.219, "ratioPC": -0.108, "maxBatteryPerDay": 8.75, "maxAtThisDay": 100, "batteryLevelPercentage": -1.2833086401202103, "buyPrice": 0.149072, "sellPrice": 0.1, "batteryLevel": -128.33086401202104, "maxBatteryForMonth": 100, "Temperature": 13.6, "ratioPc": "noData"}