{"bought": 71.56, "sold": 243.56, "Time_string": "Last update at 13:22 - 15/06/2023", "produce": 4.454, "consumption": 1.849, "ratioPc": null, "buyPrice": 0.149072, "sellPrice": 0.1, "batteryLevel": 91.8241365246324, "maxBatteryPerDay": 8.75, "batteryLevelPercentage": 0.699612468759104, "maxAtThisDay": 131.25, "ratioPC": 2.6049999999999995}