{"bought": 263.06, "sold": 206.23, "Time_string": "Last update at 12:48 - 23/08/2023", "produce": 3.852, "consumption": 2.879, "ratioPC": 0.9729999999999999, "maxBatteryPerDay": 8.75, "maxAtThisDay": 10, "batteryLevelPercentage": -12.471745411613181, "buyPrice": 0.149072, "sellPrice": 0.1, "batteryLevel": -124.71745411613182, "maxBatteryForMonth": 10, "Temperature": 36.6, "ratioPc": "noData"}