{"bought": 66.29, "sold": 123.71, "Time_string": "Last update at 19:36 - 08/07/2023", "produce": 1.589, "consumption": 2.061, "buyPrice": 0.149072, "sellPrice": 0.1, "batteryLevel": 16.696744660298364, "maxBatteryPerDay": 8.75, "batteryLevelPercentage": 1.6696744660298364, "maxAtThisDay": 10, "ratioPC": -0.472, "maxBatteryForMonth": 10, "ratioPc": "noData"}