{"bought": 107.06, "sold": 128.74, "Time_string": "Last update at 10:43 - 11/06/2024", "produce": 1.377, "consumption": 0.245, "ratioPC": 1.058, "maxBatteryPerDay": 8.75, "maxAtThisDay": 96.25, "batteryLevelPercentage": -0.21505503276373725, "buyPrice": 0.149072, "sellPrice": 0.1, "batteryLevel": -20.69904690350971, "maxBatteryForMonth": 100, "Temperature": 22.4, "ratioPc": "noData"}