{"bought": 72.94, "sold": 131.0, "Time_string": "Last update at 18:08 - 09/07/2023", "produce": 3.069, "consumption": 3.476, "buyPrice": 0.149072, "sellPrice": 0.1, "batteryLevel": 14.936999034023827, "maxBatteryPerDay": 8.75, "batteryLevelPercentage": 1.4936999034023828, "maxAtThisDay": 10, "ratioPC": -0.40700000000000003, "maxBatteryForMonth": 10, "ratioPc": "noData"}