{"bought": 174.08, "sold": 394.23, "Time_string": "Last update at 11:22 - 24/11/2023", "produce": 3.593, "consumption": 0.108, "ratioPC": 3.485, "maxBatteryPerDay": 8.75, "maxAtThisDay": 100, "batteryLevelPercentage": 0.9037610174949018, "buyPrice": 0.149072, "sellPrice": 0.1, "batteryLevel": 90.37610174949018, "maxBatteryForMonth": 100, "Temperature": 12.7, "ratioPc": "noData"}