{"bought": 29.47, "sold": 53.14, "Time_string": "Last update at 08:52 - 05/09/2024", "produce": 0.142, "consumption": 1.458, "ratioPC": -1.261, "maxBatteryPerDay": 8.75, "maxAtThisDay": 43.75, "batteryLevelPercentage": 0.14119323510020082, "buyPrice": 0.149072, "sellPrice": 0.1, "batteryLevel": 6.177204035633785, "maxBatteryForMonth": 100, "Temperature": 19.6, "ratioPc": "noData"}