{"bought": 20.17, "sold": 25.65, "Time_string": "Last update at 08:06 - 03/07/2023", "produce": 0.157, "consumption": 0.166, "buyPrice": 0.149072, "sellPrice": 0.1, "batteryLevel": -2.9635494257808332, "maxBatteryPerDay": 8.75, "batteryLevelPercentage": -0.2963549425780833, "maxAtThisDay": 10, "ratioPC": -0.009000000000000008, "maxBatteryForMonth": 10, "ratioPc": "noData"}