{"bought": 16.89, "sold": 3.65, "Time_string": "Last update at 18:00 - 01/06/2024", "produce": 3.147, "consumption": 3.734, "ratioPC": -0.5259999999999998, "maxBatteryPerDay": 8.75, "maxAtThisDay": 8.75, "batteryLevelPercentage": -1.6504592833376779, "buyPrice": 0.149072, "sellPrice": 0.1, "batteryLevel": -14.441518729204681, "maxBatteryForMonth": 100, "Temperature": 34.0, "ratioPc": "noData"}