{"bought": 164.17, "sold": 299.35, "Time_string": "Last update at 20:30 - 18/06/2024", "produce": 0.204, "consumption": 6.351, "ratioPC": -6.011, "maxBatteryPerDay": 8.75, "maxAtThisDay": 100, "batteryLevelPercentage": 0.36639005044542244, "buyPrice": 0.149072, "sellPrice": 0.1, "batteryLevel": 36.639005044542245, "maxBatteryForMonth": 100, "Temperature": 21.5, "ratioPc": "noData"}