{"bought": 101.86, "sold": 89.03, "Time_string": "Last update at 08:19 - 09/06/2024", "produce": 0.253, "consumption": 0.173, "ratioPC": 0.035999999999999976, "maxBatteryPerDay": 8.75, "maxAtThisDay": 78.75, "batteryLevelPercentage": -0.5350753205865366, "buyPrice": 0.149072, "sellPrice": 0.1, "batteryLevel": -42.13718149618976, "maxBatteryForMonth": 100, "Temperature": 16.6, "ratioPc": "noData"}