{"bought": 116.06, "sold": 223.07, "Time_string": "Last update at 16:15 - 14/06/2024", "produce": 4.498, "consumption": 2.2, "ratioPC": 2.3110000000000004, "maxBatteryPerDay": 8.75, "maxAtThisDay": 100, "batteryLevelPercentage": 0.33579100568852627, "buyPrice": 0.149072, "sellPrice": 0.1, "batteryLevel": 33.579100568852624, "maxBatteryForMonth": 100, "Temperature": 34.0, "ratioPc": "noData"}