{"bought": 156.14, "sold": 143.96, "Time_string": "Last update at 09:35 - 22/12/2023", "produce": 0.578, "consumption": 0.302, "ratioPC": 0.07, "maxBatteryPerDay": 8.75, "maxAtThisDay": 100, "batteryLevelPercentage": -0.5956921541268647, "buyPrice": 0.149072, "sellPrice": 0.1, "batteryLevel": -59.569215412686475, "maxBatteryForMonth": 100, "Temperature": 7.2, "ratioPc": "noData"}