{"bought": 182.15, "sold": 370.49, "Time_string": "Last update at 16:23 - 25/06/2023", "produce": 4.248, "consumption": 3.499, "ratioPc": "noData", "buyPrice": 0.149072, "sellPrice": 0.1, "batteryLevel": 66.38091123752278, "maxBatteryPerDay": 8.75, "batteryLevelPercentage": 0.3034555942286756, "maxAtThisDay": 218.75, "ratioPC": 0.7490000000000001}