{"bought": 272.75, "sold": 39.47, "Time_string": "Last update at 16:57 - 13/08/2024", "produce": 4.33, "consumption": 2.993, "ratioPC": 0.30200000000000005, "maxBatteryPerDay": 8.75, "maxAtThisDay": 100, "batteryLevelPercentage": -2.462728614360846, "buyPrice": 0.149072, "sellPrice": 0.1, "batteryLevel": -246.27286143608458, "maxBatteryForMonth": 100, "Temperature": 35.0, "ratioPc": "noData"}