{"bought": 244.71, "sold": 278.57, "Time_string": "Last update at 17:01 - 23/07/2023", "produce": 4.108, "consumption": 1.024, "buyPrice": 0.149072, "sellPrice": 0.1, "batteryLevel": -57.840567779328126, "maxBatteryPerDay": 8.75, "batteryLevelPercentage": -5.784056777932813, "maxAtThisDay": 10, "ratioPC": 3.0839999999999996, "maxBatteryForMonth": 10, "ratioPc": "noData"}