{"bought": 247.65, "sold": 360.58, "Time_string": "Last update at 19:02 - 21/06/2024", "produce": 2.349, "consumption": 0.145, "ratioPC": 2.274, "maxBatteryPerDay": 8.75, "maxAtThisDay": 100, "batteryLevelPercentage": -0.0576688311688315, "buyPrice": 0.149072, "sellPrice": 0.1, "batteryLevel": -5.76688311688315, "maxBatteryForMonth": 100, "Temperature": 31.0, "ratioPc": "noData"}