{"bought": 70.46, "sold": 216.93, "Time_string": "Last update at 16:53 - 10/05/2024", "produce": 4.33, "consumption": 3.127, "ratioPC": 1.3569999999999998, "maxBatteryPerDay": 8.75, "maxAtThisDay": 87.5, "batteryLevelPercentage": 0.8578318342814212, "buyPrice": 0.149072, "sellPrice": 0.1, "batteryLevel": 75.06028549962436, "maxBatteryForMonth": 100, "Temperature": 30.9, "ratioPc": "noData"}