{"bought": 210.62, "sold": 275.01, "Time_string": "Last update at 10:49 - 19/09/2024", "produce": 0.895, "consumption": 1.285, "ratioPC": -0.4149999999999999, "maxBatteryPerDay": 8.75, "maxAtThisDay": 100, "batteryLevelPercentage": -0.26138675539336703, "buyPrice": 0.149072, "sellPrice": 0.1, "batteryLevel": -26.138675539336703, "maxBatteryForMonth": 100, "Temperature": 24.5, "ratioPc": "noData"}