{"bought": 193.67, "sold": 194.73, "Time_string": "Last update at 20:45 - 18/07/2023", "produce": 0.39, "consumption": 2.126, "buyPrice": 0.149072, "sellPrice": 0.1, "batteryLevel": -63.04184716110336, "maxBatteryPerDay": 8.75, "batteryLevelPercentage": -6.304184716110337, "maxAtThisDay": 10, "ratioPC": -1.7359999999999998, "maxBatteryForMonth": 10, "ratioPc": "noData"}