{"bought": 95.87, "sold": 138.04, "Time_string": "Last update at 07:07 - 11/07/2023", "produce": 0.0, "consumption": 0.133, "buyPrice": 0.149072, "sellPrice": 0.1, "batteryLevel": -3.2704507888805523, "maxBatteryPerDay": 8.75, "batteryLevelPercentage": -0.32704507888805523, "maxAtThisDay": 10, "ratioPC": -0.133, "maxBatteryForMonth": 10, "ratioPc": "noData"}