{"bought": 164.69, "sold": 341.24, "Time_string": "Last update at 09:31 - 16/05/2024", "produce": 0.672, "consumption": 0.13, "ratioPC": 0.373, "maxBatteryPerDay": 8.75, "maxAtThisDay": 100, "batteryLevelPercentage": 0.6421952023183428, "buyPrice": 0.149072, "sellPrice": 0.1, "batteryLevel": 64.21952023183428, "maxBatteryForMonth": 100, "Temperature": 14.6, "ratioPc": "noData"}