{"bought": 10.25, "sold": 16.41, "Time_string": "Last update at 16:04 - 02/08/2023", "produce": 0, "consumption": 0, "ratioPC": -0.06099999999999994, "maxBatteryPerDay": 8.75, "maxAtThisDay": 10, "batteryLevelPercentage": 0.07581034667811526, "buyPrice": 0.149072, "sellPrice": 0.1, "batteryLevel": 0.7581034667811526, "maxBatteryForMonth": 10, "Temperature": 37.1, "ratioPc": "noData"}