{"bought": 126.13, "sold": 166.2, "Time_string": "Last update at 14:21 - 12/11/2024", "produce": 4.399, "consumption": 0.304, "ratioPC": 4.128, "maxBatteryPerDay": 8.75, "maxAtThisDay": 100, "batteryLevelPercentage": -0.14640250080498007, "buyPrice": 0.149072, "sellPrice": 0.1, "batteryLevel": -14.640250080498006, "maxBatteryForMonth": 100, "Temperature": 21.0, "ratioPc": "noData"}