{"bought": 76.89, "sold": 120.97, "Time_string": "Last update at 14:02 - 09/11/2024", "produce": 5.095, "consumption": 0.433, "ratioPC": 4.6209999999999996, "maxBatteryPerDay": 8.75, "maxAtThisDay": 78.75, "batteryLevelPercentage": 0.05407881479664245, "buyPrice": 0.149072, "sellPrice": 0.1, "batteryLevel": 4.258706665235593, "maxBatteryForMonth": 100, "Temperature": 21.0, "ratioPc": "noData"}