{"bought": 77.26, "sold": 125.22, "Time_string": "Last update at 16:08 - 09/11/2024", "produce": 2.536, "consumption": 0.341, "ratioPC": 1.533, "maxBatteryPerDay": 8.75, "maxAtThisDay": 78.75, "batteryLevelPercentage": 0.08558321279926932, "buyPrice": 0.149072, "sellPrice": 0.1, "batteryLevel": 6.739678007942459, "maxBatteryForMonth": 100, "Temperature": 22.7, "ratioPc": "noData"}