{"bought": 65.27, "sold": 119.57, "Time_string": "Last update at 15:28 - 08/07/2023", "produce": 4.797, "consumption": 4.327, "buyPrice": 0.149072, "sellPrice": 0.1, "batteryLevel": 14.93956316410862, "maxBatteryPerDay": 8.75, "batteryLevelPercentage": 1.493956316410862, "maxAtThisDay": 10, "ratioPC": 0.46999999999999975, "maxBatteryForMonth": 10, "ratioPc": "noData"}