{"bought": 485.11, "sold": 75.76, "Time_string": "Last update at 20:22 - 22/08/2024", "produce": 0.138, "consumption": 6.274, "ratioPC": -7.3740000000000006, "maxBatteryPerDay": 8.75, "maxAtThisDay": 100, "batteryLevelPercentage": -4.342889202533004, "buyPrice": 0.149072, "sellPrice": 0.1, "batteryLevel": -434.28892025330043, "maxBatteryForMonth": 100, "Temperature": 30.3, "ratioPc": "noData"}