{"bought": 223.54, "sold": 267.0, "Time_string": "Last update at 18:07 - 21/10/2024", "produce": 1.566, "consumption": 0.162, "ratioPC": 1.362, "maxBatteryPerDay": 8.75, "maxAtThisDay": 100, "batteryLevelPercentage": -0.4443191799935599, "buyPrice": 0.149072, "sellPrice": 0.1, "batteryLevel": -44.43191799935599, "maxBatteryForMonth": 100, "Temperature": 24.9, "ratioPc": "noData"}