{"bought": 138.1, "sold": 228.7, "Time_string": "Last update at 10:17 - 15/09/2024", "produce": 1.246, "consumption": 6.555, "ratioPC": -5.587000000000001, "maxBatteryPerDay": 8.75, "maxAtThisDay": 100, "batteryLevelPercentage": 0.15315799076956096, "buyPrice": 0.149072, "sellPrice": 0.1, "batteryLevel": 15.315799076956097, "maxBatteryForMonth": 100, "Temperature": 23.6, "ratioPc": "noData"}