{"bought": 4.03, "sold": 36.25, "Time_string": "Last update at 15:01 - 02/10/2024", "produce": 4.543, "consumption": 0.92, "ratioPC": 3.7239999999999998, "maxBatteryPerDay": 8.75, "maxAtThisDay": 17.5, "batteryLevelPercentage": 1.1592633435041935, "buyPrice": 0.149072, "sellPrice": 0.1, "batteryLevel": 20.287108511323385, "maxBatteryForMonth": 100, "Temperature": 30.0, "ratioPc": "noData"}