{"bought": 98.79, "sold": 484.31, "Time_string": "Last update at 15:38 - 25/09/2023", "produce": 4.813, "consumption": 1.062, "ratioPC": 3.7509999999999994, "maxBatteryPerDay": 8.75, "maxAtThisDay": 10, "batteryLevelPercentage": 22.609327787914566, "buyPrice": 0.149072, "sellPrice": 0.1, "batteryLevel": 226.09327787914566, "maxBatteryForMonth": 10, "Temperature": 31.0, "ratioPc": "noData"}