{"bought": 52.18, "sold": 107.75, "Time_string": "Last update at 10:47 - 08/09/2024", "produce": 1.688, "consumption": 2.648, "ratioPC": -0.5429999999999999, "maxBatteryPerDay": 8.75, "maxAtThisDay": 70.0, "batteryLevelPercentage": 0.2871501249635842, "buyPrice": 0.149072, "sellPrice": 0.1, "batteryLevel": 20.100508747450895, "maxBatteryForMonth": 100, "Temperature": 21.6, "ratioPc": "noData"}