{"bought": 104.81, "sold": 113.7, "Time_string": "Last update at 15:02 - 10/06/2024", "produce": 1.304, "consumption": 0.23, "ratioPC": 1.661, "maxBatteryPerDay": 8.75, "maxAtThisDay": 87.5, "batteryLevelPercentage": -0.32615007283153674, "buyPrice": 0.149072, "sellPrice": 0.1, "batteryLevel": -28.538131372759466, "maxBatteryForMonth": 100, "Temperature": 27.0, "ratioPc": "noData"}