{"bought": 93.9, "sold": 257.68, "Time_string": "Last update at 20:18 - 16/06/2023", "produce": 0.407, "consumption": 3.608, "ratioPc": null, "buyPrice": 0.149072, "sellPrice": 0.1, "batteryLevel": 78.95606955028441, "maxBatteryPerDay": 8.75, "batteryLevelPercentage": 0.5639719253591744, "maxAtThisDay": 140.0, "ratioPC": -3.201}