{"bought": 143.42, "sold": 368.71, "Time_string": "Last update at 12:41 - 26/10/2023", "produce": 1.583, "consumption": 0.171, "ratioPC": 1.412, "maxBatteryPerDay": 8.75, "maxAtThisDay": 10, "batteryLevelPercentage": 10.391685735751853, "buyPrice": 0.149072, "sellPrice": 0.1, "batteryLevel": 103.91685735751852, "maxBatteryForMonth": 10, "Temperature": 20.7, "ratioPc": "noData"}