{"bought": 57.31, "sold": 239.12, "Time_string": "Last update at 08:45 - 14/09/2023", "produce": 0.13, "consumption": 0.092, "ratioPC": 0.038000000000000006, "maxBatteryPerDay": 8.75, "maxAtThisDay": 10, "batteryLevelPercentage": 10.309570999248686, "buyPrice": 0.149072, "sellPrice": 0.1, "batteryLevel": 103.09570999248686, "maxBatteryForMonth": 10, "Temperature": 22.2, "ratioPc": "noData"}