{"bought": 125.56, "sold": 284.31, "Time_string": "Last update at 15:32 - 17/06/2024", "produce": 4.828, "consumption": 3.059, "ratioPC": 1.7640000000000002, "maxBatteryPerDay": 8.75, "maxAtThisDay": 100, "batteryLevelPercentage": 0.6515992057529246, "buyPrice": 0.149072, "sellPrice": 0.1, "batteryLevel": 65.15992057529246, "maxBatteryForMonth": 100, "Temperature": 32.5, "ratioPc": "noData"}