{"bought": 291.79, "sold": 352.61, "Time_string": "Last update at 17:46 - 28/07/2023", "produce": 3.622, "consumption": 4.243, "buyPrice": 0.149072, "sellPrice": 0.1, "batteryLevel": -55.2532929054417, "maxBatteryPerDay": 8.75, "batteryLevelPercentage": -5.525329290544169, "maxAtThisDay": 10, "ratioPC": -0.6210000000000004, "maxBatteryForMonth": 10, "ratioPc": "noData"}