{"bought": 276.38, "sold": 674.83, "Time_string": "Last update at 09:32 - 29/05/2024", "produce": 0.509, "consumption": 0.129, "ratioPC": 0.286, "maxBatteryPerDay": 8.75, "maxAtThisDay": 100, "batteryLevelPercentage": 1.7630729204679618, "buyPrice": 0.149072, "sellPrice": 0.1, "batteryLevel": 176.3072920467962, "maxBatteryForMonth": 100, "Temperature": 21.6, "ratioPc": "noData"}