{"bought": 78.77, "sold": 102.21, "Time_string": "Last update at 08:13 - 07/10/2024", "produce": 0.0, "consumption": 0.137, "ratioPC": -0.141, "maxBatteryPerDay": 8.75, "maxAtThisDay": 61.25, "batteryLevelPercentage": -0.16662557142638096, "buyPrice": 0.149072, "sellPrice": 0.1, "batteryLevel": -10.205816249865833, "maxBatteryForMonth": 100, "Temperature": 18.2, "ratioPc": "noData"}