{"bought": 196.69, "sold": 508.79, "Time_string": "Last update at 12:51 - 22/05/2024", "produce": 4.444, "consumption": 0.149, "ratioPC": 4.167999999999999, "maxBatteryPerDay": 8.75, "maxAtThisDay": 100, "batteryLevelPercentage": 1.4461487281313732, "buyPrice": 0.149072, "sellPrice": 0.1, "batteryLevel": 144.6148728131373, "maxBatteryForMonth": 100, "Temperature": 22.9, "ratioPc": "noData"}