{"bought": 216.24, "sold": 281.82, "Time_string": "Last update at 02:06 - 20/09/2024", "produce": 0.0, "consumption": 0.091, "ratioPC": -0.093, "maxBatteryPerDay": 8.75, "maxAtThisDay": 100, "batteryLevelPercentage": -0.27190413223140497, "buyPrice": 0.149072, "sellPrice": 0.1, "batteryLevel": -27.190413223140496, "maxBatteryForMonth": 100, "Temperature": 19.0, "ratioPc": "noData"}