{"bought": 102.09, "sold": 103.01, "Time_string": "Last update at 19:30 - 09/06/2024", "produce": 0.837, "consumption": 0.224, "ratioPC": 0.567, "maxBatteryPerDay": 8.75, "maxAtThisDay": 78.75, "batteryLevelPercentage": -0.4189100040717514, "buyPrice": 0.149072, "sellPrice": 0.1, "batteryLevel": -32.98916282065042, "maxBatteryForMonth": 100, "Temperature": 23.0, "ratioPc": "noData"}