{"bought": 121.87, "sold": 123.58, "Time_string": "Last update at 13:18 - 18/12/2023", "produce": 4.369, "consumption": 4.773, "ratioPC": -0.32200000000000006, "maxBatteryPerDay": 8.75, "maxAtThisDay": 100, "batteryLevelPercentage": -0.38970461521949135, "buyPrice": 0.149072, "sellPrice": 0.1, "batteryLevel": -38.97046152194913, "maxBatteryForMonth": 100, "Temperature": 14.0, "ratioPc": "noData"}