{"bought": 247.82, "sold": 362.02, "Time_string": "Last update at 21:38 - 21/06/2024", "produce": 0.042, "consumption": 0.225, "ratioPC": -0.168, "maxBatteryPerDay": 8.75, "maxAtThisDay": 100, "batteryLevelPercentage": -0.04970906944295393, "buyPrice": 0.149072, "sellPrice": 0.1, "batteryLevel": -4.970906944295393, "maxBatteryForMonth": 100, "Temperature": 26.7, "ratioPc": "noData"}