{"bought": 164.39, "sold": 362.97, "Time_string": "Last update at 04:45 - 24/06/2023", "produce": 0.0, "consumption": 0.085, "ratioPc": "noData", "buyPrice": 0.149072, "sellPrice": 0.1, "batteryLevel": 79.09636900289794, "maxBatteryPerDay": 8.75, "batteryLevelPercentage": 0.3766493762042759, "maxAtThisDay": 210.0, "ratioPC": -0.085}