{"bought": 98.75, "sold": 478.52, "Time_string": "Last update at 13:50 - 25/09/2023", "produce": 4.789, "consumption": 3.08, "ratioPC": 1.7089999999999996, "maxBatteryPerDay": 8.75, "maxAtThisDay": 10, "batteryLevelPercentage": 22.224924868519913, "buyPrice": 0.149072, "sellPrice": 0.1, "batteryLevel": 222.24924868519912, "maxBatteryForMonth": 10, "Temperature": 29.7, "ratioPc": "noData"}