{"bought": 54.93, "sold": 27.12, "Time_string": "Last update at 14:54 - 04/06/2024", "produce": 4.685, "consumption": 6.888, "ratioPC": -2.1399999999999997, "maxBatteryPerDay": 8.75, "maxAtThisDay": 35.0, "batteryLevelPercentage": -1.049641392845643, "buyPrice": 0.149072, "sellPrice": 0.1, "batteryLevel": -36.737448749597505, "maxBatteryForMonth": 100, "Temperature": 30.9, "ratioPc": "noData"}