{"bought": 46.9, "sold": 102.51, "Time_string": "Last update at 13:37 - 07/09/2024", "produce": 4.588, "consumption": 0.502, "ratioPC": 4.314, "maxBatteryPerDay": 8.75, "maxAtThisDay": 61.25, "batteryLevelPercentage": 0.35698659242595826, "buyPrice": 0.149072, "sellPrice": 0.1, "batteryLevel": 21.865428786089943, "maxBatteryForMonth": 100, "Temperature": 27.2, "ratioPc": "noData"}