{"bought": 38.27, "sold": 128.66, "Time_string": "Last update at 09:21 - 09/09/2023", "produce": 0.401, "consumption": 0.219, "ratioPC": 0.18200000000000002, "maxBatteryPerDay": 8.75, "maxAtThisDay": 10, "batteryLevelPercentage": 4.803728775356874, "buyPrice": 0.149072, "sellPrice": 0.1, "batteryLevel": 48.03728775356874, "maxBatteryForMonth": 10, "Temperature": 21.7, "ratioPc": "noData"}