{"bought": 647.35, "sold": 99.5, "Time_string": "Last update at 15:13 - 29/08/2024", "produce": 4.77, "consumption": 3.292, "ratioPC": -1.0349999999999997, "maxBatteryPerDay": 8.75, "maxAtThisDay": 100, "batteryLevelPercentage": -5.80603729741333, "buyPrice": 0.149072, "sellPrice": 0.1, "batteryLevel": -580.603729741333, "maxBatteryForMonth": 100, "Temperature": 29.2, "ratioPc": "noData"}