{"bought": 298.33, "sold": 368.04, "Time_string": "Last update at 10:46 - 27/09/2024", "produce": 2.053, "consumption": 0.104, "ratioPC": 0.5640000000000001, "maxBatteryPerDay": 8.75, "maxAtThisDay": 100, "batteryLevelPercentage": -0.5144258988944937, "buyPrice": 0.149072, "sellPrice": 0.1, "batteryLevel": -51.44258988944938, "maxBatteryForMonth": 100, "Temperature": 20.5, "ratioPc": "noData"}