{"bought": 289.52, "sold": 377.83, "Time_string": "Last update at 09:13 - 25/06/2024", "produce": 0.316, "consumption": 0.128, "ratioPC": 0.11400000000000002, "maxBatteryPerDay": 8.75, "maxAtThisDay": 100, "batteryLevelPercentage": -0.36065293549425775, "buyPrice": 0.149072, "sellPrice": 0.1, "batteryLevel": -36.065293549425775, "maxBatteryForMonth": 100, "Temperature": 23.6, "ratioPc": "noData"}