{"bought": 226.6, "sold": 268.25, "Time_string": "Last update at 10:39 - 22/10/2024", "produce": 1.626, "consumption": 0.206, "ratioPC": 1.236, "maxBatteryPerDay": 8.75, "maxAtThisDay": 100, "batteryLevelPercentage": -0.4665339701620692, "buyPrice": 0.149072, "sellPrice": 0.1, "batteryLevel": -46.653397016206924, "maxBatteryForMonth": 100, "Temperature": 18.6, "ratioPc": "noData"}