{"bought": 270.6, "sold": 167.29, "Time_string": "Last update at 12:11 - 24/01/2024", "produce": 3.967, "consumption": 0.16, "ratioPC": 3.625, "maxBatteryPerDay": 8.75, "maxAtThisDay": 100, "batteryLevelPercentage": -1.5837905978319204, "buyPrice": 0.149072, "sellPrice": 0.1, "batteryLevel": -158.37905978319205, "maxBatteryForMonth": 100, "Temperature": 17.4, "ratioPc": "noData"}