{"bought": 75.79, "sold": 102.08, "Time_string": "Last update at 18:43 - 06/10/2024", "produce": 0.574, "consumption": 0.206, "ratioPC": 0.901, "maxBatteryPerDay": 8.75, "maxAtThisDay": 52.5, "batteryLevelPercentage": -0.13929566537358776, "buyPrice": 0.149072, "sellPrice": 0.1, "batteryLevel": -7.313022432113357, "maxBatteryForMonth": 100, "Temperature": 28.3, "ratioPc": "noData"}