{"bought": 75.79, "sold": 98.08, "Time_string": "Last update at 16:39 - 06/10/2024", "produce": 2.767, "consumption": 1.537, "ratioPC": 2.0460000000000003, "maxBatteryPerDay": 8.75, "maxAtThisDay": 52.5, "batteryLevelPercentage": -0.1904055157750555, "buyPrice": 0.149072, "sellPrice": 0.1, "batteryLevel": -9.996289578190414, "maxBatteryForMonth": 100, "Temperature": 31.0, "ratioPc": "noData"}