{"bought": 3.42, "sold": 10.04, "Time_string": "Last update at 18:37 - 01/08/2023", "produce": 2.713, "consumption": 3.239, "ratioPC": -0.5259999999999998, "maxBatteryPerDay": 8.75, "maxAtThisDay": 8.75, "batteryLevelPercentage": 0.3788572041889633, "buyPrice": 0.149072, "sellPrice": 0.1, "batteryLevel": 3.3150005366534288, "maxBatteryForMonth": 10, "Temperature": 34.4, "ratioPc": "noData"}