{"bought": 334.04, "sold": 460.83, "Time_string": "Last update at 17:05 - 30/09/2024", "produce": 3.812, "consumption": 0.129, "ratioPC": 3.73, "maxBatteryPerDay": 8.75, "maxAtThisDay": 100, "batteryLevelPercentage": -0.2490750026832677, "buyPrice": 0.149072, "sellPrice": 0.1, "batteryLevel": -24.90750026832677, "maxBatteryForMonth": 100, "Temperature": 31.9, "ratioPc": "noData"}