{"bought": 171.83, "sold": 203.59, "Time_string": "Last update at 16:37 - 15/11/2024", "produce": 0.728, "consumption": 2.318, "ratioPC": -0.46599999999999997, "maxBatteryPerDay": 8.75, "maxAtThisDay": 100, "batteryLevelPercentage": -0.3525841043254266, "buyPrice": 0.149072, "sellPrice": 0.1, "batteryLevel": -35.25841043254266, "maxBatteryForMonth": 100, "Temperature": 20.4, "ratioPc": "noData"}