{"bought": 123.79, "sold": 228.16, "Time_string": "Last update at 17:53 - 14/09/2024", "produce": 3.577, "consumption": 1.879, "ratioPC": -0.9840000000000001, "maxBatteryPerDay": 8.75, "maxAtThisDay": 100, "batteryLevelPercentage": 0.2926355801223569, "buyPrice": 0.149072, "sellPrice": 0.1, "batteryLevel": 29.26355801223569, "maxBatteryForMonth": 100, "Temperature": 33.1, "ratioPc": "noData"}