{"bought": 11.06, "sold": 17.32, "Time_string": "Last update at 13:19 - 02/07/2023", "produce": 4.174, "consumption": 4.282, "buyPrice": 0.149072, "sellPrice": 0.1, "batteryLevel": 0.5585467425136841, "maxBatteryPerDay": 8.75, "batteryLevelPercentage": 0.03191695671506766, "maxAtThisDay": 17.5, "ratioPC": -0.10799999999999965, "maxBatteryForMonth": 100, "ratioPc": "noData"}