{"bought": 330.75, "sold": 55.08, "Time_string": "Last update at 19:48 - 16/08/2024", "produce": 1.087, "consumption": 5.788, "ratioPC": -3.1710000000000003, "maxBatteryPerDay": 8.75, "maxAtThisDay": 100, "batteryLevelPercentage": -2.9380141139851883, "buyPrice": 0.149072, "sellPrice": 0.1, "batteryLevel": -293.80141139851884, "maxBatteryForMonth": 100, "Temperature": 37.0, "ratioPc": "noData"}