{"bought": 22.33, "sold": 3.78, "Time_string": "Last update at 08:05 - 02/06/2024", "produce": 0.168, "consumption": 0.337, "ratioPC": -0.11000000000000001, "maxBatteryPerDay": 8.75, "maxAtThisDay": 17.5, "batteryLevelPercentage": -1.1311035741118385, "buyPrice": 0.149072, "sellPrice": 0.1, "batteryLevel": -19.794312546957173, "maxBatteryForMonth": 100, "Temperature": 18.2, "ratioPc": "noData"}