{"bought": 270.72, "sold": 35.29, "Time_string": "Last update at 11:49 - 13/08/2024", "produce": 3.237, "consumption": 3.4, "ratioPC": -0.6600000000000001, "maxBatteryPerDay": 8.75, "maxAtThisDay": 100, "batteryLevelPercentage": -2.4704687560373513, "buyPrice": 0.149072, "sellPrice": 0.1, "batteryLevel": -247.04687560373515, "maxBatteryForMonth": 100, "Temperature": 28.8, "ratioPc": "noData"}