{"bought": 188.14, "sold": 193.27, "Time_string": "Last update at 15:09 - 18/07/2023", "produce": 2.99, "consumption": 6.324, "buyPrice": 0.149072, "sellPrice": 0.1, "batteryLevel": -58.491239669421475, "maxBatteryPerDay": 8.75, "batteryLevelPercentage": -5.849123966942147, "maxAtThisDay": 10, "ratioPC": -3.3339999999999996, "maxBatteryForMonth": 10, "ratioPc": "noData"}