{"bought": 128.74, "sold": 142.5, "Time_string": "Last update at 15:00 - 11/10/2024", "produce": 4.843, "consumption": 1.094, "ratioPC": 0.42499999999999993, "maxBatteryPerDay": 8.75, "maxAtThisDay": 96.25, "batteryLevelPercentage": -0.3444011212571909, "buyPrice": 0.149072, "sellPrice": 0.1, "batteryLevel": -33.148607921004626, "maxBatteryForMonth": 100, "Temperature": 21.0, "ratioPc": "noData"}