{"bought": 28.54, "sold": 83.65, "Time_string": "Last update at 17:57 - 05/10/2023", "produce": 2.398, "consumption": 3.379, "ratioPC": -0.9809999999999999, "maxBatteryPerDay": 8.75, "maxAtThisDay": 10, "batteryLevelPercentage": 2.7573824192336587, "buyPrice": 0.149072, "sellPrice": 0.1, "batteryLevel": 27.573824192336588, "maxBatteryForMonth": 10, "Temperature": 34.0, "ratioPc": "noData"}