{"bought": 208.01, "sold": 559.5, "Time_string": "Last update at 10:41 - 24/05/2024", "produce": 2.142, "consumption": 0.249, "ratioPC": 1.785, "maxBatteryPerDay": 8.75, "maxAtThisDay": 100, "batteryLevelPercentage": 1.6731199205752927, "buyPrice": 0.149072, "sellPrice": 0.1, "batteryLevel": 167.31199205752927, "maxBatteryForMonth": 100, "Temperature": 23.0, "ratioPc": "noData"}