{"bought": 56.21, "sold": 20.87, "Time_string": "Last update at 08:59 - 06/01/2024", "produce": 0.093, "consumption": 0.137, "ratioPC": -0.07400000000000001, "maxBatteryPerDay": 8.75, "maxAtThisDay": 52.5, "batteryLevelPercentage": -0.8040010221970081, "buyPrice": 0.149072, "sellPrice": 0.1, "batteryLevel": -42.210053665342926, "maxBatteryForMonth": 100, "Temperature": 6.0, "ratioPc": "noData"}