{"bought": 142.12, "sold": 353.97, "Time_string": "Last update at 21:15 - 22/06/2023", "produce": 0.099, "consumption": 1.705, "ratioPc": "noData", "buyPrice": 0.149072, "sellPrice": 0.1, "batteryLevel": 95.32901792422456, "maxBatteryPerDay": 8.75, "batteryLevelPercentage": 0.49521567752843926, "maxAtThisDay": 192.5, "ratioPC": -1.606}