{"bought": 51.51, "sold": 75.4, "Time_string": "Last update at 17:22 - 04/10/2024", "produce": 3.385, "consumption": 0.283, "ratioPC": 3.536, "maxBatteryPerDay": 8.75, "maxAtThisDay": 35.0, "batteryLevelPercentage": -0.026583265612781508, "buyPrice": 0.149072, "sellPrice": 0.1, "batteryLevel": -0.9304142964473527, "maxBatteryForMonth": 100, "Temperature": 29.6, "ratioPc": "noData"}