{"bought": 226.8, "sold": 320.49, "Time_string": "Last update at 10:01 - 20/06/2024", "produce": 0.821, "consumption": 0.174, "ratioPC": 0.498, "maxBatteryPerDay": 8.75, "maxAtThisDay": 100, "batteryLevelPercentage": -0.11809928088440501, "buyPrice": 0.149072, "sellPrice": 0.1, "batteryLevel": -11.8099280884405, "maxBatteryForMonth": 100, "Temperature": 17.0, "ratioPc": "noData"}