{"bought": 303.83, "sold": 214.91, "Time_string": "Last update at 14:41 - 25/08/2023", "produce": 3.562, "consumption": 3.502, "ratioPC": 0.06000000000000005, "maxBatteryPerDay": 8.75, "maxAtThisDay": 10, "batteryLevelPercentage": -15.966476440914457, "buyPrice": 0.149072, "sellPrice": 0.1, "batteryLevel": -159.66476440914457, "maxBatteryForMonth": 10, "Temperature": 40.7, "ratioPc": "noData"}