{"bought": 173.83, "sold": 446.8, "Time_string": "Last update at 12:37 - 31/10/2023", "produce": 1.168, "consumption": 0.171, "ratioPC": 0.9969999999999999, "maxBatteryPerDay": 8.75, "maxAtThisDay": 10, "batteryLevelPercentage": 12.589094021680799, "buyPrice": 0.149072, "sellPrice": 0.1, "batteryLevel": 125.89094021680799, "maxBatteryForMonth": 10, "Temperature": 15.6, "ratioPc": "noData"}