{"bought": 191.61, "sold": 468.57, "Time_string": "Last update at 18:19 - 20/05/2024", "produce": 3.23, "consumption": 0.894, "ratioPC": 2.4400000000000004, "maxBatteryPerDay": 8.75, "maxAtThisDay": 100, "batteryLevelPercentage": 1.2271462165933236, "buyPrice": 0.149072, "sellPrice": 0.1, "batteryLevel": 122.71462165933235, "maxBatteryForMonth": 100, "Temperature": 23.4, "ratioPc": "noData"}