{"bought": 116.06, "sold": 216.77, "Time_string": "Last update at 14:28 - 14/06/2024", "produce": 4.656, "consumption": 2.385, "ratioPC": 4.292, "maxBatteryPerDay": 8.75, "maxAtThisDay": 100, "batteryLevelPercentage": 0.2935295481378128, "buyPrice": 0.149072, "sellPrice": 0.1, "batteryLevel": 29.35295481378128, "maxBatteryForMonth": 100, "Temperature": 32.5, "ratioPc": "noData"}