{"bought": 281.79, "sold": 374.28, "Time_string": "Last update at 15:58 - 24/06/2024", "produce": 4.562, "consumption": 3.636, "ratioPC": 1.5189999999999997, "maxBatteryPerDay": 8.75, "maxAtThisDay": 100, "batteryLevelPercentage": -0.3071669314156924, "buyPrice": 0.149072, "sellPrice": 0.1, "batteryLevel": -30.716693141569237, "maxBatteryForMonth": 100, "Temperature": 35.0, "ratioPc": "noData"}