{"bought": 224.65, "sold": 308.71, "Time_string": "Last update at 20:48 - 21/09/2024", "produce": 0.0, "consumption": 0.404, "ratioPC": -0.156, "maxBatteryPerDay": 8.75, "maxAtThisDay": 100, "batteryLevelPercentage": -0.17562149833637478, "buyPrice": 0.149072, "sellPrice": 0.1, "batteryLevel": -17.562149833637477, "maxBatteryForMonth": 100, "Temperature": 21.2, "ratioPc": "noData"}