{"bought": 268.21, "sold": 299.54, "Time_string": "Last update at 14:54 - 25/07/2023", "produce": 4.939, "consumption": 1.805, "buyPrice": 0.149072, "sellPrice": 0.1, "batteryLevel": -67.27353976601907, "maxBatteryPerDay": 8.75, "batteryLevelPercentage": -6.727353976601907, "maxAtThisDay": 10, "ratioPC": 3.1340000000000003, "maxBatteryForMonth": 10, "ratioPc": "noData"}