{"bought": 126.13, "sold": 152.63, "Time_string": "Last update at 10:16 - 12/11/2024", "produce": 2.067, "consumption": 0.259, "ratioPC": 1.576, "maxBatteryPerDay": 8.75, "maxAtThisDay": 100, "batteryLevelPercentage": -0.23743233873564448, "buyPrice": 0.149072, "sellPrice": 0.1, "batteryLevel": -23.74323387356445, "maxBatteryForMonth": 100, "Temperature": 15.5, "ratioPc": "noData"}