{"bought": 272.71, "sold": 37.66, "Time_string": "Last update at 15:13 - 13/08/2024", "produce": 4.586, "consumption": 4.391, "ratioPC": 0.33699999999999974, "maxBatteryPerDay": 8.75, "maxAtThisDay": 100, "batteryLevelPercentage": -2.474470398196844, "buyPrice": 0.149072, "sellPrice": 0.1, "batteryLevel": -247.44703981968442, "maxBatteryForMonth": 100, "Temperature": 33.2, "ratioPc": "noData"}