{"bought": 135.08, "sold": 348.82, "Time_string": "Last update at 16:17 - 24/10/2023", "produce": 2.1, "consumption": 0.466, "ratioPC": 1.6340000000000001, "maxBatteryPerDay": 8.75, "maxAtThisDay": 10, "batteryLevelPercentage": 9.89143114736503, "buyPrice": 0.149072, "sellPrice": 0.1, "batteryLevel": 98.91431147365029, "maxBatteryForMonth": 10, "Temperature": 19.0, "ratioPc": "noData"}