{"bought": 214.62, "sold": 200.65, "Time_string": "Last update at 08:27 - 20/07/2023", "produce": 0.249, "consumption": 1.225, "buyPrice": 0.149072, "sellPrice": 0.1, "batteryLevel": -80.0206117849093, "maxBatteryPerDay": 8.75, "batteryLevelPercentage": -8.00206117849093, "maxAtThisDay": 10, "ratioPC": -0.9760000000000001, "maxBatteryForMonth": 10, "ratioPc": "noData"}