{"bought": 277.21, "sold": 351.21, "Time_string": "Last update at 22:10 - 25/09/2024", "produce": 0.0, "consumption": 0.439, "ratioPC": -2.572, "maxBatteryPerDay": 8.75, "maxAtThisDay": 100, "batteryLevelPercentage": -0.41612436406568604, "buyPrice": 0.149072, "sellPrice": 0.1, "batteryLevel": -41.612436406568605, "maxBatteryForMonth": 100, "Temperature": 21.8, "ratioPc": "noData"}