{"bought": 290.33, "sold": 380.08, "Time_string": "Last update at 13:37 - 25/06/2024", "produce": 4.4, "consumption": 3.849, "ratioPC": 0.46199999999999974, "maxBatteryPerDay": 8.75, "maxAtThisDay": 100, "batteryLevelPercentage": -0.3536595577975743, "buyPrice": 0.149072, "sellPrice": 0.1, "batteryLevel": -35.36595577975743, "maxBatteryForMonth": 100, "Temperature": 31.6, "ratioPc": "noData"}