{"bought": 151.66, "sold": 238.13, "Time_string": "Last update at 09:24 - 16/09/2024", "produce": 0.342, "consumption": 0.139, "ratioPC": 0.262, "maxBatteryPerDay": 8.75, "maxAtThisDay": 100, "batteryLevelPercentage": 0.08081601373832797, "buyPrice": 0.149072, "sellPrice": 0.1, "batteryLevel": 8.081601373832797, "maxBatteryForMonth": 100, "Temperature": 22.2, "ratioPc": "noData"}