{"bought": 107.35, "sold": 155.16, "Time_string": "Last update at 19:57 - 11/06/2024", "produce": 0.994, "consumption": 0.181, "ratioPC": 0.863, "maxBatteryPerDay": 8.75, "maxAtThisDay": 96.25, "batteryLevelPercentage": -0.03393316783034512, "buyPrice": 0.149072, "sellPrice": 0.1, "batteryLevel": -3.266067403670718, "maxBatteryForMonth": 100, "Temperature": 25.1, "ratioPc": "noData"}