{"bought": 25.94, "sold": 53.13, "Time_string": "Last update at 19:42 - 04/09/2024", "produce": 0.7, "consumption": 0.165, "ratioPC": -0.31700000000000017, "maxBatteryPerDay": 8.75, "maxAtThisDay": 35.0, "batteryLevelPercentage": 0.27715702479338855, "buyPrice": 0.149072, "sellPrice": 0.1, "batteryLevel": 9.700495867768598, "maxBatteryForMonth": 100, "Temperature": 30.6, "ratioPc": "noData"}