{"bought": 301.23, "sold": 381.03, "Time_string": "Last update at 17:40 - 25/06/2024", "produce": 3.618, "consumption": 3.722, "ratioPC": 0.11500000000000021, "maxBatteryPerDay": 8.75, "maxAtThisDay": 100, "batteryLevelPercentage": -0.4562867983256416, "buyPrice": 0.149072, "sellPrice": 0.1, "batteryLevel": -45.62867983256416, "maxBatteryForMonth": 100, "Temperature": 34.3, "ratioPc": "noData"}