{"bought": 350.89, "sold": 57.5, "Time_string": "Last update at 08:43 - 18/08/2024", "produce": 0.132, "consumption": 0.158, "ratioPC": -0.04100000000000001, "maxBatteryPerDay": 8.75, "maxAtThisDay": 100, "batteryLevelPercentage": -3.1231803477514224, "buyPrice": 0.149072, "sellPrice": 0.1, "batteryLevel": -312.3180347751422, "maxBatteryForMonth": 100, "Temperature": 24.2, "ratioPc": "noData"}