{"bought": 147.48, "sold": 340.57, "Time_string": "Last update at 18:12 - 15/05/2024", "produce": 2.325, "consumption": 2.351, "ratioPC": -0.5609999999999999, "maxBatteryPerDay": 8.75, "maxAtThisDay": 100, "batteryLevelPercentage": 0.8098007298486638, "buyPrice": 0.149072, "sellPrice": 0.1, "batteryLevel": 80.98007298486638, "maxBatteryForMonth": 100, "Temperature": 25.6, "ratioPc": "noData"}