{"bought": 104.81, "sold": 108.4, "Time_string": "Last update at 12:34 - 10/06/2024", "produce": 1.951, "consumption": 0.175, "ratioPC": 3.112, "maxBatteryPerDay": 8.75, "maxAtThisDay": 87.5, "batteryLevelPercentage": -0.3667824039007038, "buyPrice": 0.149072, "sellPrice": 0.1, "batteryLevel": -32.093460341311584, "maxBatteryForMonth": 100, "Temperature": 24.6, "ratioPc": "noData"}