{"bought": 95.29, "sold": 459.37, "Time_string": "Last update at 14:58 - 24/09/2023", "produce": 5.02, "consumption": 0.307, "ratioPC": 4.712999999999999, "maxBatteryPerDay": 8.75, "maxAtThisDay": 10, "batteryLevelPercentage": 21.286310722335514, "buyPrice": 0.149072, "sellPrice": 0.1, "batteryLevel": 212.86310722335514, "maxBatteryForMonth": 10, "Temperature": 30.0, "ratioPc": "noData"}