{"bought": 223.54, "sold": 246.92, "Time_string": "Last update at 12:16 - 21/10/2024", "produce": 3.803, "consumption": 0.189, "ratioPC": 1.153, "maxBatteryPerDay": 8.75, "maxAtThisDay": 100, "batteryLevelPercentage": -0.5790191907266288, "buyPrice": 0.149072, "sellPrice": 0.1, "batteryLevel": -57.90191907266288, "maxBatteryForMonth": 100, "Temperature": 21.5, "ratioPc": "noData"}