{"bought": 222.45, "sold": 132.27, "Time_string": "Last update at 14:15 - 22/01/2024", "produce": 4.74, "consumption": 0.36, "ratioPC": 4.359, "maxBatteryPerDay": 8.75, "maxAtThisDay": 100, "batteryLevelPercentage": -1.3372106364709668, "buyPrice": 0.149072, "sellPrice": 0.1, "batteryLevel": -133.72106364709668, "maxBatteryForMonth": 100, "Temperature": 16.2, "ratioPc": "noData"}