{"bought": 233.17, "sold": 344.96, "Time_string": "Last update at 04:19 - 21/06/2024", "produce": 0.0, "consumption": 0.163, "ratioPC": -0.123, "maxBatteryPerDay": 8.75, "maxAtThisDay": 100, "batteryLevelPercentage": -0.017650413223140333, "buyPrice": 0.149072, "sellPrice": 0.1, "batteryLevel": -1.7650413223140333, "maxBatteryForMonth": 100, "Temperature": 15.0, "ratioPc": "noData"}