{"bought": 1.96, "sold": 6.71, "Time_string": "Last update at 13:54 - 01/09/2023", "produce": 4.583, "consumption": 0.948, "ratioPC": 3.6350000000000002, "maxBatteryPerDay": 8.75, "maxAtThisDay": 8.75, "batteryLevelPercentage": 0.2904206442907742, "buyPrice": 0.149072, "sellPrice": 0.1, "batteryLevel": 2.541180637544274, "maxBatteryForMonth": 10, "Temperature": 31.8, "ratioPc": "noData"}