{"bought": 19.35, "sold": 3.77, "Time_string": "Last update at 21:12 - 01/06/2024", "produce": 0.095, "consumption": 0.257, "ratioPC": -0.06999999999999999, "maxBatteryPerDay": 8.75, "maxAtThisDay": 8.75, "batteryLevelPercentage": -1.9224023674082706, "buyPrice": 0.149072, "sellPrice": 0.1, "batteryLevel": -16.821020714822367, "maxBatteryForMonth": 100, "Temperature": 27.6, "ratioPc": "noData"}