{"bought": 207.86, "sold": 558.29, "Time_string": "Last update at 07:18 - 24/05/2024", "produce": 0.02, "consumption": 0.162, "ratioPC": -0.112, "maxBatteryPerDay": 8.75, "maxAtThisDay": 100, "batteryLevelPercentage": 1.666503037458409, "buyPrice": 0.149072, "sellPrice": 0.1, "batteryLevel": 166.65030374584092, "maxBatteryForMonth": 100, "Temperature": 13.6, "ratioPc": "noData"}