{"bought": 64.92, "sold": 113.54, "Time_string": "Last update at 13:16 - 08/07/2023", "produce": 4.3, "consumption": 0.454, "buyPrice": 0.149072, "sellPrice": 0.1, "batteryLevel": 11.24453794139744, "maxBatteryPerDay": 8.75, "batteryLevelPercentage": 1.124453794139744, "maxAtThisDay": 10, "ratioPC": 3.8459999999999996, "maxBatteryForMonth": 10, "ratioPc": "noData"}