{"bought": 239.71, "sold": 258.36, "Time_string": "Last update at 21:15 - 22/07/2023", "produce": 0.092, "consumption": 2.043, "buyPrice": 0.149072, "sellPrice": 0.1, "batteryLevel": -66.39777503488247, "maxBatteryPerDay": 8.75, "batteryLevelPercentage": -6.639777503488247, "maxAtThisDay": 10, "ratioPC": -1.951, "maxBatteryForMonth": 10, "ratioPc": "noData"}