{"bought": 25.86, "sold": 33.21, "Time_string": "Last update at 10:49 - 04/09/2024", "produce": 2.036, "consumption": 0.331, "ratioPC": 1.594, "maxBatteryPerDay": 8.75, "maxAtThisDay": 35.0, "batteryLevelPercentage": -0.10234784341986228, "buyPrice": 0.149072, "sellPrice": 0.1, "batteryLevel": -3.5821745196951795, "maxBatteryForMonth": 100, "Temperature": 22.6, "ratioPc": "noData"}