{"bought": 26.96, "sold": 44.17, "Time_string": "Last update at 09:54 - 03/10/2024", "produce": 0.724, "consumption": 6.52, "ratioPC": -6.1209999999999996, "maxBatteryPerDay": 8.75, "maxAtThisDay": 26.25, "batteryLevelPercentage": 0.10171342706879898, "buyPrice": 0.149072, "sellPrice": 0.1, "batteryLevel": 2.669977460555973, "maxBatteryForMonth": 100, "Temperature": 20.8, "ratioPc": "noData"}