{"bought": 10.4, "sold": 24.65, "Time_string": "Last update at 09:21 - 02/10/2023", "produce": 0.211, "consumption": 0.195, "ratioPC": 0.015999999999999986, "maxBatteryPerDay": 8.75, "maxAtThisDay": 10, "batteryLevelPercentage": 0.61356337876999, "buyPrice": 0.149072, "sellPrice": 0.1, "batteryLevel": 6.1356337876999, "maxBatteryForMonth": 10, "Temperature": 22.7, "ratioPc": "noData"}