{"bought": 124.21, "sold": 156.67, "Time_string": "Last update at 17:58 - 13/07/2023", "produce": 3.377, "consumption": 3.369, "buyPrice": 0.149072, "sellPrice": 0.1, "batteryLevel": -19.113134056026624, "maxBatteryPerDay": 8.75, "batteryLevelPercentage": -1.9113134056026624, "maxAtThisDay": 10, "ratioPC": 0.007999999999999563, "maxBatteryForMonth": 10, "ratioPc": "noData"}