{"bought": 65.34, "sold": 111.88, "Time_string": "Last update at 03:15 - 09/09/2024", "produce": 0.0, "consumption": 0.124, "ratioPC": -0.127, "maxBatteryPerDay": 8.75, "maxAtThisDay": 78.75, "batteryLevelPercentage": 0.12331405810508524, "buyPrice": 0.149072, "sellPrice": 0.1, "batteryLevel": 9.710982075775462, "maxBatteryForMonth": 100, "Temperature": 18.8, "ratioPc": "noData"}