{"bought": 174.05, "sold": 306.85, "Time_string": "Last update at 13:58 - 19/06/2024", "produce": 1.539, "consumption": 0.17, "ratioPC": 5.828, "maxBatteryPerDay": 8.75, "maxAtThisDay": 100, "batteryLevelPercentage": 0.31790130943436706, "buyPrice": 0.149072, "sellPrice": 0.1, "batteryLevel": 31.790130943436708, "maxBatteryForMonth": 100, "Temperature": 18.9, "ratioPc": "noData"}