{"bought": 146.64, "sold": 354.37, "Time_string": "Last update at 10:17 - 23/06/2023", "produce": 1.259, "consumption": 3.535, "ratioPc": "noData", "buyPrice": 0.149072, "sellPrice": 0.1, "batteryLevel": 91.07734463883227, "maxBatteryPerDay": 8.75, "batteryLevelPercentage": 0.45255823423022246, "maxAtThisDay": 201.25, "ratioPC": -2.2760000000000002}