{"bought": 280.36, "sold": 690.04, "Time_string": "Last update at 06:04 - 30/05/2024", "produce": 0.0, "consumption": 0.203, "ratioPC": -0.204, "maxBatteryPerDay": 8.75, "maxAtThisDay": 100, "batteryLevelPercentage": 1.8253041536975423, "buyPrice": 0.149072, "sellPrice": 0.1, "batteryLevel": 182.53041536975422, "maxBatteryForMonth": 100, "Temperature": 18.9, "ratioPc": "noData"}