{"bought": 226.84, "sold": 320.51, "Time_string": "Last update at 10:11 - 20/06/2024", "produce": 1.065, "consumption": 2.021, "ratioPC": 0.647, "maxBatteryPerDay": 8.75, "maxAtThisDay": 100, "batteryLevelPercentage": -0.11836511752710095, "buyPrice": 0.149072, "sellPrice": 0.1, "batteryLevel": -11.836511752710095, "maxBatteryForMonth": 100, "Temperature": 17.4, "ratioPc": "noData"}