{"bought": 112.62, "sold": 188.91, "Time_string": "Last update at 13:39 - 13/06/2024", "produce": 4.64, "consumption": 1.156, "ratioPC": 2.5269999999999997, "maxBatteryPerDay": 8.75, "maxAtThisDay": 100, "batteryLevelPercentage": 0.14103999141354506, "buyPrice": 0.149072, "sellPrice": 0.1, "batteryLevel": 14.103999141354507, "maxBatteryForMonth": 100, "Temperature": 28.3, "ratioPc": "noData"}