{"bought": 51.51, "sold": 55.24, "Time_string": "Last update at 11:47 - 04/10/2024", "produce": 3.318, "consumption": 1.346, "ratioPC": 1.7489999999999999, "maxBatteryPerDay": 8.75, "maxAtThisDay": 35.0, "batteryLevelPercentage": -0.4129737346478785, "buyPrice": 0.149072, "sellPrice": 0.1, "batteryLevel": -14.454080712675747, "maxBatteryForMonth": 100, "Temperature": 23.8, "ratioPc": "noData"}