{"bought": 231.38, "sold": 627.03, "Time_string": "Last update at 23:22 - 26/05/2024", "produce": 0.0, "consumption": 0.266, "ratioPC": -0.187, "maxBatteryPerDay": 8.75, "maxAtThisDay": 100, "batteryLevelPercentage": 1.8924224965117526, "buyPrice": 0.149072, "sellPrice": 0.1, "batteryLevel": 189.24224965117526, "maxBatteryForMonth": 100, "Temperature": 23.6, "ratioPc": "noData"}