{"bought": 204.31, "sold": 374.79, "Time_string": "Last update at 20:17 - 26/06/2023", "produce": 0.496, "consumption": 3.735, "buyPrice": 0.149072, "sellPrice": 0.1, "batteryLevel": 47.10542341955568, "maxBatteryPerDay": 8.75, "batteryLevelPercentage": 0.47105423419555675, "maxAtThisDay": 100, "ratioPC": -3.239, "maxBatteryForMonth": 100, "ratioPc": "noData"}