{"bought": 189.46, "sold": 172.18, "Time_string": "Last update at 20:28 - 18/08/2023", "produce": 0.218, "consumption": 0.354, "ratioPC": -0.13599999999999998, "maxBatteryPerDay": 8.75, "maxAtThisDay": 10, "batteryLevelPercentage": -7.395876569711282, "buyPrice": 0.149072, "sellPrice": 0.1, "batteryLevel": -73.95876569711282, "maxBatteryForMonth": 10, "Temperature": 32.1, "ratioPc": "noData"}