{"bought": 152.11, "sold": 239.97, "Time_string": "Last update at 11:36 - 16/09/2024", "produce": 2.789, "consumption": 2.461, "ratioPC": 2.524, "maxBatteryPerDay": 8.75, "maxAtThisDay": 100, "batteryLevelPercentage": 0.08865904261028192, "buyPrice": 0.149072, "sellPrice": 0.1, "batteryLevel": 8.865904261028192, "maxBatteryForMonth": 100, "Temperature": 27.2, "ratioPc": "noData"}