{"bought": 50.04, "sold": 16.56, "Time_string": "Last update at 13:31 - 05/01/2024", "produce": 4.72, "consumption": 3.5, "ratioPC": 0.7000000000000002, "maxBatteryPerDay": 8.75, "maxAtThisDay": 43.75, "batteryLevelPercentage": -0.8898576917769362, "buyPrice": 0.149072, "sellPrice": 0.1, "batteryLevel": -38.93127401524096, "maxBatteryForMonth": 100, "Temperature": 13.0, "ratioPc": "noData"}