{"bought": 117.16, "sold": 559.21, "Time_string": "Last update at 12:54 - 29/09/2023", "produce": 4.276, "consumption": 0.292, "ratioPC": 3.984, "maxBatteryPerDay": 8.75, "maxAtThisDay": 10, "batteryLevelPercentage": 25.796745518943872, "buyPrice": 0.149072, "sellPrice": 0.1, "batteryLevel": 257.96745518943874, "maxBatteryForMonth": 10, "Temperature": 31.7, "ratioPc": "noData"}