{"bought": 304.21, "sold": 396.45, "Time_string": "Last update at 11:03 - 28/09/2024", "produce": 2.293, "consumption": 7.591, "ratioPC": -5.4079999999999995, "maxBatteryPerDay": 8.75, "maxAtThisDay": 100, "batteryLevelPercentage": -0.38264684984437053, "buyPrice": 0.149072, "sellPrice": 0.1, "batteryLevel": -38.264684984437054, "maxBatteryForMonth": 100, "Temperature": 21.1, "ratioPc": "noData"}