{"bought": 81.14, "sold": 126.41, "Time_string": "Last update at 05:29 - 10/11/2024", "produce": 0.0, "consumption": 0.203, "ratioPC": -0.206, "maxBatteryPerDay": 8.75, "maxAtThisDay": 87.5, "batteryLevelPercentage": 0.04180514267314737, "buyPrice": 0.149072, "sellPrice": 0.1, "batteryLevel": 3.6579499839003944, "maxBatteryForMonth": 100, "Temperature": 13.5, "ratioPc": "noData"}