{"bought": 142.75, "sold": 73.08, "Time_string": "Last update at 09:24 - 15/01/2024", "produce": 0.101, "consumption": 0.167, "ratioPC": -0.11600000000000002, "maxBatteryPerDay": 8.75, "maxAtThisDay": 100, "batteryLevelPercentage": -0.9372670924117205, "buyPrice": 0.149072, "sellPrice": 0.1, "batteryLevel": -93.72670924117205, "maxBatteryForMonth": 100, "Temperature": 13.0, "ratioPc": "noData"}