{"bought": 164.71, "sold": 342.1, "Time_string": "Last update at 10:33 - 16/05/2024", "produce": 1.856, "consumption": 0.165, "ratioPC": 1.757, "maxBatteryPerDay": 8.75, "maxAtThisDay": 100, "batteryLevelPercentage": 0.6477642266824083, "buyPrice": 0.149072, "sellPrice": 0.1, "batteryLevel": 64.77642266824083, "maxBatteryForMonth": 100, "Temperature": 17.1, "ratioPc": "noData"}