{"bought": 226.71, "sold": 196.79, "Time_string": "Last update at 13:45 - 28/12/2023", "produce": 4.039, "consumption": 3.42, "ratioPC": 0.657, "maxBatteryPerDay": 8.75, "maxAtThisDay": 100, "batteryLevelPercentage": -0.9469996458087369, "buyPrice": 0.149072, "sellPrice": 0.1, "batteryLevel": -94.69996458087368, "maxBatteryForMonth": 100, "Temperature": 14.8, "ratioPc": "noData"}