{"bought": 34.0, "sold": 46.94, "Time_string": "Last update at 15:33 - 04/07/2023", "produce": 4.657, "consumption": 3.959, "buyPrice": 0.149072, "sellPrice": 0.1, "batteryLevel": -2.5118600407856633, "maxBatteryPerDay": 8.75, "batteryLevelPercentage": -0.25118600407856634, "maxAtThisDay": 10, "ratioPC": 0.698, "maxBatteryForMonth": 10, "ratioPc": "noData"}