{"bought": 2.42, "sold": 5.74, "Time_string": "Last update at 15:25 - 01/11/2024", "produce": 0.754, "consumption": 2.425, "ratioPC": -1.7639999999999998, "maxBatteryPerDay": 8.75, "maxAtThisDay": 8.75, "batteryLevelPercentage": 0.16348438338520985, "buyPrice": 0.149072, "sellPrice": 0.1, "batteryLevel": 1.4304883546205862, "maxBatteryForMonth": 100, "Temperature": 19.0, "ratioPc": "noData"}