{"bought": 20.15, "sold": 25.65, "Time_string": "Last update at 07:42 - 03/07/2023", "produce": 0.075, "consumption": 0.112, "buyPrice": 0.149072, "sellPrice": 0.1, "batteryLevel": -2.94354942578083, "maxBatteryPerDay": 8.75, "batteryLevelPercentage": -0.29435494257808303, "maxAtThisDay": 10, "ratioPC": -0.037000000000000005, "maxBatteryForMonth": 10, "ratioPc": "noData"}