{"bought": 232.48, "sold": 627.04, "Time_string": "Last update at 06:03 - 27/05/2024", "produce": 0.0, "consumption": 0.173, "ratioPC": -0.176, "maxBatteryPerDay": 8.75, "maxAtThisDay": 100, "batteryLevelPercentage": 1.8814895781904049, "buyPrice": 0.149072, "sellPrice": 0.1, "batteryLevel": 188.14895781904048, "maxBatteryForMonth": 100, "Temperature": 17.9, "ratioPc": "noData"}