{"bought": 137.04, "sold": 68.5, "Time_string": "Last update at 12:01 - 14/01/2024", "produce": 3.217, "consumption": 2.925, "ratioPC": -1.6280000000000001, "maxBatteryPerDay": 8.75, "maxAtThisDay": 100, "batteryLevelPercentage": -0.9108905012343028, "buyPrice": 0.149072, "sellPrice": 0.1, "batteryLevel": -91.08905012343028, "maxBatteryForMonth": 100, "Temperature": 14.1, "ratioPc": "noData"}