{"bought": 2.96, "sold": 10.02, "Time_string": "Last update at 17:40 - 01/08/2023", "produce": 3.812, "consumption": 3.701, "ratioPC": 0.11099999999999977, "maxBatteryPerDay": 8.75, "maxAtThisDay": 8.75, "batteryLevelPercentage": 0.42989533724834783, "buyPrice": 0.149072, "sellPrice": 0.1, "batteryLevel": 3.7615842009230436, "maxBatteryForMonth": 10, "Temperature": 35.7, "ratioPc": "noData"}