{"bought": 184.74, "sold": 320.13, "Time_string": "Last update at 20:25 - 19/06/2024", "produce": 0.188, "consumption": 6.293, "ratioPC": -5.817, "maxBatteryPerDay": 8.75, "maxAtThisDay": 100, "batteryLevelPercentage": 0.30008577868412545, "buyPrice": 0.149072, "sellPrice": 0.1, "batteryLevel": 30.008577868412544, "maxBatteryForMonth": 100, "Temperature": 20.2, "ratioPc": "noData"}