{"bought": 99.18, "sold": 69.69, "Time_string": "Last update at 08:25 - 08/06/2024", "produce": 0.421, "consumption": 0.173, "ratioPC": 0.16700000000000004, "maxBatteryPerDay": 8.75, "maxAtThisDay": 70.0, "batteryLevelPercentage": -0.7490111163924624, "buyPrice": 0.149072, "sellPrice": 0.1, "batteryLevel": -52.43077814747237, "maxBatteryForMonth": 100, "Temperature": 17.4, "ratioPc": "noData"}