{"bought": 123.25, "sold": 571.91, "Time_string": "Last update at 14:29 - 30/09/2023", "produce": 0, "consumption": 0, "ratioPC": 1.4100000000000001, "maxBatteryPerDay": 8.75, "maxAtThisDay": 10, "batteryLevelPercentage": 26.039682837823335, "buyPrice": 0.149072, "sellPrice": 0.1, "batteryLevel": 260.39682837823335, "maxBatteryForMonth": 10, "Temperature": 34.5, "ratioPc": "noData"}