{"bought": 195.94, "sold": 371.22, "Time_string": "Last update at 09:45 - 26/06/2023", "produce": 0.643, "consumption": 0.156, "ratioPc": "noData", "buyPrice": 0.149072, "sellPrice": 0.1, "batteryLevel": 53.08060749168192, "maxBatteryPerDay": 8.75, "batteryLevelPercentage": 0.23332135161178866, "maxAtThisDay": 227.5, "ratioPC": 0.487}