{"bought": 172.17, "sold": 299.37, "Time_string": "Last update at 00:47 - 19/06/2024", "produce": 0.0, "consumption": 0.178, "ratioPC": -0.159, "maxBatteryPerDay": 8.75, "maxAtThisDay": 100, "batteryLevelPercentage": 0.28652421380272614, "buyPrice": 0.149072, "sellPrice": 0.1, "batteryLevel": 28.652421380272614, "maxBatteryForMonth": 100, "Temperature": 16.2, "ratioPc": "noData"}