{"bought": 297.65, "sold": 700.77, "Time_string": "Last update at 19:32 - 31/05/2024", "produce": 1.566, "consumption": 2.556, "ratioPC": -0.9730000000000001, "maxBatteryPerDay": 8.75, "maxAtThisDay": 100, "batteryLevelPercentage": 1.7243827948910593, "buyPrice": 0.149072, "sellPrice": 0.1, "batteryLevel": 172.43827948910592, "maxBatteryForMonth": 100, "Temperature": 31.5, "ratioPc": "noData"}