{"bought": 158.48, "sold": 145.0, "Time_string": "Last update at 12:03 - 22/12/2023", "produce": 3.796, "consumption": 2.757, "ratioPC": 0.927, "maxBatteryPerDay": 8.75, "maxAtThisDay": 100, "batteryLevelPercentage": -0.6121156595470645, "buyPrice": 0.149072, "sellPrice": 0.1, "batteryLevel": -61.211565954706444, "maxBatteryForMonth": 100, "Temperature": 12.1, "ratioPc": "noData"}