{"bought": 317.79, "sold": 332.26, "Time_string": "Last update at 15:46 - 26/10/2024", "produce": 2.059, "consumption": 6.369, "ratioPC": -7.6850000000000005, "maxBatteryPerDay": 8.75, "maxAtThisDay": 100, "batteryLevelPercentage": -0.9490441451110877, "buyPrice": 0.149072, "sellPrice": 0.1, "batteryLevel": -94.90441451110877, "maxBatteryForMonth": 100, "Temperature": 18.8, "ratioPc": "noData"}