{"bought": 1.19, "sold": 4.36, "Time_string": "Last update at 12:23 - 01/07/2023", "produce": 3.599, "consumption": 3.521, "buyPrice": 0.149072, "sellPrice": 0.1, "batteryLevel": 1.7347611892239994, "maxBatteryPerDay": 8.75, "batteryLevelPercentage": 0.19825842162559992, "maxAtThisDay": 8.75, "ratioPC": 0.07800000000000029, "maxBatteryForMonth": 100, "ratioPc": "noData"}