{"bought": 195.23, "sold": 183.48, "Time_string": "Last update at 14:40 - 26/12/2023", "produce": 4.344, "consumption": 4.563, "ratioPC": -1.5950000000000006, "maxBatteryPerDay": 8.75, "maxAtThisDay": 100, "batteryLevelPercentage": -0.7214853600944511, "buyPrice": 0.149072, "sellPrice": 0.1, "batteryLevel": -72.14853600944511, "maxBatteryForMonth": 100, "Temperature": 12.7, "ratioPc": "noData"}