{"bought": 126.25, "sold": 172.42, "Time_string": "Last update at 16:42 - 12/11/2024", "produce": 1.036, "consumption": 0.317, "ratioPC": 1.421, "maxBatteryPerDay": 8.75, "maxAtThisDay": 100, "batteryLevelPercentage": -0.10587769668348188, "buyPrice": 0.149072, "sellPrice": 0.1, "batteryLevel": -10.587769668348187, "maxBatteryForMonth": 100, "Temperature": 20.3, "ratioPc": "noData"}