{"bought": 123.14, "sold": 215.82, "Time_string": "Last update at 10:29 - 14/09/2024", "produce": 1.453, "consumption": 1.525, "ratioPC": -0.10399999999999987, "maxBatteryPerDay": 8.75, "maxAtThisDay": 100, "batteryLevelPercentage": 0.2163567886658795, "buyPrice": 0.149072, "sellPrice": 0.1, "batteryLevel": 21.635678866587952, "maxBatteryForMonth": 100, "Temperature": 25.0, "ratioPc": "noData"}