{"bought": 114.35, "sold": 119.54, "Time_string": "Last update at 13:54 - 17/12/2023", "produce": 4.482, "consumption": 4.494, "ratioPC": 0.04099999999999948, "maxBatteryPerDay": 8.75, "maxAtThisDay": 100, "batteryLevelPercentage": -0.3416056133948696, "buyPrice": 0.149072, "sellPrice": 0.1, "batteryLevel": -34.16056133948696, "maxBatteryForMonth": 100, "Temperature": 14.9, "ratioPc": "noData"}