{"bought": 244.71, "sold": 266.94, "Time_string": "Last update at 14:03 - 23/07/2023", "produce": 4.694, "consumption": 0.884, "buyPrice": 0.149072, "sellPrice": 0.1, "batteryLevel": -65.64216700654717, "maxBatteryPerDay": 8.75, "batteryLevelPercentage": -6.5642167006547165, "maxAtThisDay": 10, "ratioPC": 3.81, "maxBatteryForMonth": 10, "ratioPc": "noData"}