{"bought": 51.77, "sold": 199.83, "Time_string": "Last update at 10:17 - 14/11/2023", "produce": 2.167, "consumption": 0.139, "ratioPC": 2.0279999999999996, "maxBatteryPerDay": 8.75, "maxAtThisDay": 10, "batteryLevelPercentage": 8.22793184501449, "buyPrice": 0.149072, "sellPrice": 0.1, "batteryLevel": 82.2793184501449, "maxBatteryForMonth": 10, "Temperature": 17.6, "ratioPc": "noData"}