{"bought": 175.91, "sold": 96.93, "Time_string": "Last update at 12:05 - 19/01/2024", "produce": 0.437, "consumption": 0.176, "ratioPC": 2.745, "maxBatteryPerDay": 8.75, "maxAtThisDay": 100, "batteryLevelPercentage": -1.1088772888268756, "buyPrice": 0.149072, "sellPrice": 0.1, "batteryLevel": -110.88772888268755, "maxBatteryForMonth": 100, "Temperature": 15.1, "ratioPc": "noData"}