{"bought": 130.74, "sold": 316.89, "Time_string": "Last update at 23:47 - 20/06/2023", "produce": 0.0, "consumption": 0.1, "ratioPc": "noData", "buyPrice": 0.149072, "sellPrice": 0.1, "batteryLevel": 81.83513148009013, "maxBatteryPerDay": 8.75, "batteryLevelPercentage": 0.46762932274337216, "maxAtThisDay": 175.0, "ratioPC": -0.1}