{"bought": 314.15, "sold": 370.44, "Time_string": "Last update at 15:16 - 30/07/2023", "produce": 4.79, "consumption": 4.808, "buyPrice": 0.149072, "sellPrice": 0.1, "batteryLevel": -65.65262960180311, "maxBatteryPerDay": 8.75, "batteryLevelPercentage": -6.565262960180311, "maxAtThisDay": 10, "ratioPC": -0.017999999999999794, "maxBatteryForMonth": 10, "ratioPc": "noData"}