{"bought": 63.93, "sold": 111.88, "Time_string": "Last update at 22:11 - 08/09/2024", "produce": 0.0, "consumption": 1.548, "ratioPC": -1.564, "maxBatteryPerDay": 8.75, "maxAtThisDay": 70.0, "batteryLevelPercentage": 0.15887117251107807, "buyPrice": 0.149072, "sellPrice": 0.1, "batteryLevel": 11.120982075775466, "maxBatteryForMonth": 100, "Temperature": 22.6, "ratioPc": "noData"}