{"bought": 88.65, "sold": 132.92, "Time_string": "Last update at 04:19 - 10/10/2024", "produce": 0.0, "consumption": 0.128, "ratioPC": -0.129, "maxBatteryPerDay": 8.75, "maxAtThisDay": 87.5, "batteryLevelPercentage": 0.005885340161609227, "buyPrice": 0.149072, "sellPrice": 0.1, "batteryLevel": 0.5149672641408074, "maxBatteryForMonth": 100, "Temperature": 15.0, "ratioPc": "noData"}