{"bought": 205.52, "sold": 550.76, "Time_string": "Last update at 16:41 - 23/05/2024", "produce": 4.113, "consumption": 0.22, "ratioPC": 4.289, "maxBatteryPerDay": 8.75, "maxAtThisDay": 100, "batteryLevelPercentage": 1.6393905334335082, "buyPrice": 0.149072, "sellPrice": 0.1, "batteryLevel": 163.93905334335082, "maxBatteryForMonth": 100, "Temperature": 29.7, "ratioPc": "noData"}