{"bought": 246.63, "sold": 307.36, "Time_string": "Last update at 19:36 - 23/10/2024", "produce": 0.013, "consumption": 4.978, "ratioPC": -5.01, "maxBatteryPerDay": 8.75, "maxAtThisDay": 100, "batteryLevelPercentage": -0.4044775249543844, "buyPrice": 0.149072, "sellPrice": 0.1, "batteryLevel": -40.447752495438436, "maxBatteryForMonth": 100, "Temperature": 22.8, "ratioPc": "noData"}