{"bought": 215.5, "sold": 217.44, "Time_string": "Last update at 15:34 - 20/07/2023", "produce": 4.876, "consumption": 0.156, "buyPrice": 0.149072, "sellPrice": 0.1, "batteryLevel": -69.63759793925084, "maxBatteryPerDay": 8.75, "batteryLevelPercentage": -6.9637597939250835, "maxAtThisDay": 10, "ratioPC": 4.720000000000001, "maxBatteryForMonth": 10, "ratioPc": "noData"}