{"bought": 233.59, "sold": 385.91, "Time_string": "Last update at 17:13 - 28/06/2023", "produce": 2.981, "consumption": 1.848, "buyPrice": 0.149072, "sellPrice": 0.1, "batteryLevel": 25.284906085649908, "maxBatteryPerDay": 8.75, "batteryLevelPercentage": 0.25284906085649905, "maxAtThisDay": 100, "ratioPC": 1.1329999999999998, "maxBatteryForMonth": 100, "ratioPc": "noData"}