{"bought": 22.73, "sold": 33.68, "Time_string": "Last update at 20:07 - 03/08/2023", "produce": 0.541, "consumption": 1.19, "ratioPC": -0.6489999999999999, "maxBatteryPerDay": 8.75, "maxAtThisDay": 10, "batteryLevelPercentage": -0.013689063003112522, "buyPrice": 0.149072, "sellPrice": 0.1, "batteryLevel": -0.13689063003112523, "maxBatteryForMonth": 10, "Temperature": 34.6, "ratioPc": "noData"}