{"bought": 233.67, "sold": 258.36, "Time_string": "Last update at 18:13 - 22/07/2023", "produce": 3.146, "consumption": 3.614, "buyPrice": 0.149072, "sellPrice": 0.1, "batteryLevel": -60.35777503488245, "maxBatteryPerDay": 8.75, "batteryLevelPercentage": -6.035777503488245, "maxAtThisDay": 10, "ratioPC": -0.46799999999999997, "maxBatteryForMonth": 10, "ratioPc": "noData"}