{"bought": 66.79, "sold": 138.63, "Time_string": "Last update at 20:28 - 09/09/2024", "produce": 0.05, "consumption": 0.224, "ratioPC": -0.092, "maxBatteryPerDay": 8.75, "maxAtThisDay": 78.75, "batteryLevelPercentage": 0.33276610939893086, "buyPrice": 0.149072, "sellPrice": 0.1, "batteryLevel": 26.205331115165805, "maxBatteryForMonth": 100, "Temperature": 23.5, "ratioPc": "noData"}