{"bought": 329.73, "sold": 216.81, "Time_string": "Last update at 13:53 - 26/08/2023", "produce": 1.974, "consumption": 3.76, "ratioPC": -1.7859999999999998, "maxBatteryPerDay": 8.75, "maxAtThisDay": 10, "batteryLevelPercentage": -18.4290212514758, "buyPrice": 0.149072, "sellPrice": 0.1, "batteryLevel": -184.290212514758, "maxBatteryForMonth": 10, "Temperature": 37.8, "ratioPc": "noData"}