{"bought": 317.29, "sold": 417.8, "Time_string": "Last update at 10:13 - 29/09/2024", "produce": 1.233, "consumption": 0.145, "ratioPC": 0.963, "maxBatteryPerDay": 8.75, "maxAtThisDay": 100, "batteryLevelPercentage": -0.3702274659225077, "buyPrice": 0.149072, "sellPrice": 0.1, "batteryLevel": -37.02274659225077, "maxBatteryForMonth": 100, "Temperature": 20.4, "ratioPc": "noData"}