{"bought": 152.15, "sold": 244.66, "Time_string": "Last update at 14:14 - 16/09/2024", "produce": 4.399, "consumption": 2.41, "ratioPC": 1.9100000000000001, "maxBatteryPerDay": 8.75, "maxAtThisDay": 100, "batteryLevelPercentage": 0.11972034989803575, "buyPrice": 0.149072, "sellPrice": 0.1, "batteryLevel": 11.972034989803575, "maxBatteryForMonth": 100, "Temperature": 32.0, "ratioPc": "noData"}