{"bought": 7.48, "sold": 25.27, "Time_string": "Last update at 14:37 - 02/09/2023", "produce": 2.474, "consumption": 0.417, "ratioPC": 2.0570000000000004, "maxBatteryPerDay": 8.75, "maxAtThisDay": 10, "batteryLevelPercentage": 0.9471540195341849, "buyPrice": 0.149072, "sellPrice": 0.1, "batteryLevel": 9.471540195341849, "maxBatteryForMonth": 10, "Temperature": 27.0, "ratioPc": "noData"}