{"bought": 242.92, "sold": 389.62, "Time_string": "Last update at 11:57 - 29/06/2023", "produce": 3.23, "consumption": 1.02, "buyPrice": 0.149072, "sellPrice": 0.1, "batteryLevel": 18.443636363636386, "maxBatteryPerDay": 8.75, "batteryLevelPercentage": 0.18443636363636387, "maxAtThisDay": 100, "ratioPC": 2.21, "maxBatteryForMonth": 100, "ratioPc": "noData"}