{"bought": 118.91, "sold": 244.69, "Time_string": "Last update at 16:20 - 15/06/2024", "produce": 4.688, "consumption": 2.56, "ratioPC": 1.9860000000000002, "maxBatteryPerDay": 8.75, "maxAtThisDay": 100, "batteryLevelPercentage": 0.45232159493399166, "buyPrice": 0.149072, "sellPrice": 0.1, "batteryLevel": 45.232159493399166, "maxBatteryForMonth": 100, "Temperature": 31.3, "ratioPc": "noData"}