{"bought": 47.37, "sold": 183.35, "Time_string": "Last update at 15:14 - 11/09/2023", "produce": 5.2, "consumption": 3.05, "ratioPC": 2.1500000000000004, "maxBatteryPerDay": 8.75, "maxAtThisDay": 10, "batteryLevelPercentage": 7.562425780830739, "buyPrice": 0.149072, "sellPrice": 0.1, "batteryLevel": 75.62425780830739, "maxBatteryForMonth": 10, "Temperature": 28.0, "ratioPc": "noData"}