{"bought": 138.37, "sold": 139.31, "Time_string": "Last update at 15:10 - 20/12/2023", "produce": 1.285, "consumption": 0.569, "ratioPC": 0.43299999999999994, "maxBatteryPerDay": 8.75, "maxAtThisDay": 100, "batteryLevelPercentage": -0.44918513470001076, "buyPrice": 0.149072, "sellPrice": 0.1, "batteryLevel": -44.91851347000107, "maxBatteryForMonth": 100, "Temperature": 12.2, "ratioPc": "noData"}