{"bought": 123.29, "sold": 153.04, "Time_string": "Last update at 11:19 - 13/07/2023", "produce": 2.609, "consumption": 2.37, "buyPrice": 0.149072, "sellPrice": 0.1, "batteryLevel": -20.628198991091566, "maxBatteryPerDay": 8.75, "batteryLevelPercentage": -2.0628198991091566, "maxAtThisDay": 10, "ratioPC": 0.23899999999999988, "maxBatteryForMonth": 10, "ratioPc": "noData"}