{"bought": 146.18, "sold": 238.05, "Time_string": "Last update at 19:13 - 15/09/2024", "produce": 1.07, "consumption": 1.736, "ratioPC": -0.361, "maxBatteryPerDay": 8.75, "maxAtThisDay": 100, "batteryLevelPercentage": 0.13507936030911252, "buyPrice": 0.149072, "sellPrice": 0.1, "batteryLevel": 13.507936030911253, "maxBatteryForMonth": 100, "Temperature": 32.8, "ratioPc": "noData"}