{"bought": 240.17, "sold": 309.13, "Time_string": "Last update at 14:37 - 22/09/2024", "produce": 4.887, "consumption": 8.216, "ratioPC": -3.3340000000000005, "maxBatteryPerDay": 8.75, "maxAtThisDay": 100, "batteryLevelPercentage": -0.32800406783299335, "buyPrice": 0.149072, "sellPrice": 0.1, "batteryLevel": -32.80040678329934, "maxBatteryForMonth": 100, "Temperature": 26.0, "ratioPc": "noData"}