{"bought": 585.13, "sold": 92.8, "Time_string": "Last update at 14:27 - 27/08/2024", "produce": 4.658, "consumption": 4.192, "ratioPC": -0.3520000000000003, "maxBatteryPerDay": 8.75, "maxAtThisDay": 100, "batteryLevelPercentage": -5.228782022110121, "buyPrice": 0.149072, "sellPrice": 0.1, "batteryLevel": -522.8782022110121, "maxBatteryForMonth": 100, "Temperature": 34.5, "ratioPc": "noData"}