{"bought": 143.48, "sold": 280.77, "Time_string": "Last update at 05:43 - 14/05/2024", "produce": 0.0, "consumption": 0.135, "ratioPC": -0.135, "maxBatteryPerDay": 8.75, "maxAtThisDay": 100, "batteryLevelPercentage": 0.44865229151014263, "buyPrice": 0.149072, "sellPrice": 0.1, "batteryLevel": 44.86522915101426, "maxBatteryForMonth": 100, "Temperature": 16.3, "ratioPc": "noData"}