{"bought": 95.06, "sold": 178.88, "Time_string": "Last update at 03:36 - 12/09/2024", "produce": 0.0, "consumption": 0.088, "ratioPC": -0.153, "maxBatteryPerDay": 8.75, "maxAtThisDay": 100, "batteryLevelPercentage": 0.24935706772566277, "buyPrice": 0.149072, "sellPrice": 0.1, "batteryLevel": 24.935706772566277, "maxBatteryForMonth": 100, "Temperature": 17.4, "ratioPc": "noData"}