{"bought": 321.15, "sold": 338.18, "Time_string": "Last update at 11:17 - 27/10/2024", "produce": 4.064, "consumption": 0.167, "ratioPC": 3.626, "maxBatteryPerDay": 8.75, "maxAtThisDay": 100, "batteryLevelPercentage": -0.9429317913491463, "buyPrice": 0.149072, "sellPrice": 0.1, "batteryLevel": -94.29317913491462, "maxBatteryForMonth": 100, "Temperature": 14.6, "ratioPc": "noData"}