{"bought": 279.02, "sold": 329.47, "Time_string": "Last update at 15:33 - 25/10/2024", "produce": 0.818, "consumption": 2.382, "ratioPC": 0.533, "maxBatteryPerDay": 8.75, "maxAtThisDay": 100, "batteryLevelPercentage": -0.5800599334549744, "buyPrice": 0.149072, "sellPrice": 0.1, "batteryLevel": -58.005993345497444, "maxBatteryForMonth": 100, "Temperature": 22.5, "ratioPc": "noData"}