{"bought": 155.19, "sold": 168.54, "Time_string": "Last update at 17:45 - 15/07/2023", "produce": 3.63, "consumption": 1.778, "buyPrice": 0.149072, "sellPrice": 0.1, "batteryLevel": -42.13053880004294, "maxBatteryPerDay": 8.75, "batteryLevelPercentage": -4.213053880004294, "maxAtThisDay": 10, "ratioPC": 1.8519999999999999, "maxBatteryForMonth": 10, "ratioPc": "noData"}