{"bought": 207.28, "sold": 558.29, "Time_string": "Last update at 03:32 - 24/05/2024", "produce": 0.0, "consumption": 0.158, "ratioPC": -0.119, "maxBatteryPerDay": 8.75, "maxAtThisDay": 100, "batteryLevelPercentage": 1.6723030374584094, "buyPrice": 0.149072, "sellPrice": 0.1, "batteryLevel": 167.23030374584093, "maxBatteryForMonth": 100, "Temperature": 16.5, "ratioPc": "noData"}