{"bought": 227.15, "sold": 290.86, "Time_string": "Last update at 20:01 - 22/10/2024", "produce": 0.0, "consumption": 1.309, "ratioPC": -0.20099999999999998, "maxBatteryPerDay": 8.75, "maxAtThisDay": 100, "batteryLevelPercentage": -0.3203622947300633, "buyPrice": 0.149072, "sellPrice": 0.1, "batteryLevel": -32.03622947300633, "maxBatteryForMonth": 100, "Temperature": 22.0, "ratioPc": "noData"}