{"bought": 216.86, "sold": 589.0, "Time_string": "Last update at 13:22 - 25/05/2024", "produce": 4.379, "consumption": 0.248, "ratioPC": 3.551, "maxBatteryPerDay": 8.75, "maxAtThisDay": 100, "batteryLevelPercentage": 1.7825108725984757, "buyPrice": 0.149072, "sellPrice": 0.1, "batteryLevel": 178.25108725984757, "maxBatteryForMonth": 100, "Temperature": 28.7, "ratioPc": "noData"}