{"bought": 205.22, "sold": 268.5, "Time_string": "Last update at 14:24 - 18/09/2024", "produce": 4.725, "consumption": 2.195, "ratioPC": -0.31200000000000006, "maxBatteryPerDay": 8.75, "maxAtThisDay": 100, "batteryLevelPercentage": -0.25105692819577113, "buyPrice": 0.149072, "sellPrice": 0.1, "batteryLevel": -25.105692819577115, "maxBatteryForMonth": 100, "Temperature": 28.2, "ratioPc": "noData"}