{"bought": 190.33, "sold": 194.21, "Time_string": "Last update at 17:20 - 18/07/2023", "produce": 2.779, "consumption": 2.336, "buyPrice": 0.149072, "sellPrice": 0.1, "batteryLevel": -60.05067189009338, "maxBatteryPerDay": 8.75, "batteryLevelPercentage": -6.005067189009338, "maxAtThisDay": 10, "ratioPC": 0.44300000000000006, "maxBatteryForMonth": 10, "ratioPc": "noData"}