{"bought": 63.67, "sold": 224.74, "Time_string": "Last update at 13:09 - 14/06/2023", "produce": 4.338, "consumption": 0.946, "ratioPc": null, "buyPrice": 0.149072, "sellPrice": 0.1, "batteryLevel": 87.08936460233981, "maxBatteryPerDay": 8.75, "batteryLevelPercentage": 0.7109335885905291, "maxAtThisDay": 122.5, "ratioPC": 3.3920000000000003}