{"bought": 41.18, "sold": 68.12, "Time_string": "Last update at 10:42 - 06/09/2024", "produce": 1.784, "consumption": 0.351, "ratioPC": 1.433, "maxBatteryPerDay": 8.75, "maxAtThisDay": 52.5, "batteryLevelPercentage": 0.08601979995604565, "buyPrice": 0.149072, "sellPrice": 0.1, "batteryLevel": 4.516039497692397, "maxBatteryForMonth": 100, "Temperature": 22.4, "ratioPc": "noData"}