{"bought": 47.52, "sold": 189.5, "Time_string": "Last update at 17:53 - 11/09/2023", "produce": 3.516, "consumption": 0.954, "ratioPC": 2.5620000000000003, "maxBatteryPerDay": 8.75, "maxAtThisDay": 10, "batteryLevelPercentage": 7.959978104540087, "buyPrice": 0.149072, "sellPrice": 0.1, "batteryLevel": 79.59978104540087, "maxBatteryForMonth": 10, "Temperature": 28.1, "ratioPc": "noData"}