{"bought": 110.88, "sold": 285.29, "Time_string": "Last update at 18:55 - 18/06/2023", "produce": 2.205, "consumption": 2.727, "ratioPc": "noData", "buyPrice": 0.149072, "sellPrice": 0.1, "batteryLevel": 80.49732102608138, "maxBatteryPerDay": 8.75, "batteryLevelPercentage": 0.5110941017528976, "maxAtThisDay": 157.5, "ratioPC": -0.5219999999999998}