{"bought": 46.9, "sold": 102.12, "Time_string": "Last update at 13:30 - 07/09/2024", "produce": 4.886, "consumption": 0.572, "ratioPC": 3.742, "maxBatteryPerDay": 8.75, "maxAtThisDay": 61.25, "batteryLevelPercentage": 0.3527152692138356, "buyPrice": 0.149072, "sellPrice": 0.1, "batteryLevel": 21.603810239347432, "maxBatteryForMonth": 100, "Temperature": 27.0, "ratioPc": "noData"}