{"bought": 215.5, "sold": 201.34, "Time_string": "Last update at 11:28 - 20/07/2023", "produce": 2.812, "consumption": 0.971, "buyPrice": 0.149072, "sellPrice": 0.1, "batteryLevel": -80.43774820221103, "maxBatteryPerDay": 8.75, "batteryLevelPercentage": -8.043774820221103, "maxAtThisDay": 10, "ratioPC": 1.8409999999999997, "maxBatteryForMonth": 10, "ratioPc": "noData"}