{"bought": 64.15, "sold": 198.69, "Time_string": "Last update at 18:54 - 12/10/2023", "produce": 0.782, "consumption": 0.827, "ratioPC": -0.04499999999999993, "maxBatteryPerDay": 8.75, "maxAtThisDay": 10, "batteryLevelPercentage": 6.913458731351293, "buyPrice": 0.149072, "sellPrice": 0.1, "batteryLevel": 69.13458731351292, "maxBatteryForMonth": 10, "Temperature": 30.1, "ratioPc": "noData"}