{"bought": 70.44, "sold": 163.53, "Time_string": "Last update at 18:52 - 10/09/2024", "produce": 1.567, "consumption": 1.493, "ratioPC": 0.6680000000000001, "maxBatteryPerDay": 8.75, "maxAtThisDay": 87.5, "batteryLevelPercentage": 0.44867050399423486, "buyPrice": 0.149072, "sellPrice": 0.1, "batteryLevel": 39.25866909949555, "maxBatteryForMonth": 100, "Temperature": 28.3, "ratioPc": "noData"}