{"bought": 156.12, "sold": 143.92, "Time_string": "Last update at 09:06 - 22/12/2023", "produce": 0.239, "consumption": 0.271, "ratioPC": -0.22799999999999998, "maxBatteryPerDay": 8.75, "maxAtThisDay": 100, "batteryLevelPercentage": -0.5957604808414727, "buyPrice": 0.149072, "sellPrice": 0.1, "batteryLevel": -59.576048084147274, "maxBatteryForMonth": 100, "Temperature": 6.2, "ratioPc": "noData"}