{"bought": 57.6, "sold": 103.23, "Time_string": "Last update at 16:20 - 07/07/2023", "produce": 4.703, "consumption": 1.317, "buyPrice": 0.149072, "sellPrice": 0.1, "batteryLevel": 11.648416872383812, "maxBatteryPerDay": 8.75, "batteryLevelPercentage": 1.1648416872383813, "maxAtThisDay": 10, "ratioPC": 3.386, "maxBatteryForMonth": 10, "ratioPc": "noData"}