{"bought": 34.73, "sold": 111.66, "Time_string": "Last update at 09:37 - 08/09/2023", "produce": 0.434, "consumption": 0.141, "ratioPC": 0.29300000000000004, "maxBatteryPerDay": 8.75, "maxAtThisDay": 10, "batteryLevelPercentage": 4.017340238274122, "buyPrice": 0.149072, "sellPrice": 0.1, "batteryLevel": 40.17340238274122, "maxBatteryForMonth": 10, "Temperature": 21.9, "ratioPc": "noData"}