{"bought": 123.15, "sold": 217.67, "Time_string": "Last update at 11:42 - 14/09/2024", "produce": 2.543, "consumption": 0.285, "ratioPC": 2.535, "maxBatteryPerDay": 8.75, "maxAtThisDay": 100, "batteryLevelPercentage": 0.22866689921648573, "buyPrice": 0.149072, "sellPrice": 0.1, "batteryLevel": 22.86668992164857, "maxBatteryForMonth": 100, "Temperature": 27.4, "ratioPc": "noData"}