{"bought": 85.74, "sold": 128.5, "Time_string": "Last update at 03:34 - 09/10/2024", "produce": 0.0, "consumption": 0.129, "ratioPC": -0.127, "maxBatteryPerDay": 8.75, "maxAtThisDay": 78.75, "batteryLevelPercentage": 0.005840724669532291, "buyPrice": 0.149072, "sellPrice": 0.1, "batteryLevel": 0.4599570677256679, "maxBatteryForMonth": 100, "Temperature": 18.0, "ratioPc": "noData"}