{"bought": 149.2, "sold": 186.37, "Time_string": "Last update at 16:31 - 14/11/2024", "produce": 0.19, "consumption": 4.935, "ratioPC": -4.670999999999999, "maxBatteryPerDay": 8.75, "maxAtThisDay": 100, "batteryLevelPercentage": -0.2417987549640442, "buyPrice": 0.149072, "sellPrice": 0.1, "batteryLevel": -24.17987549640442, "maxBatteryForMonth": 100, "Temperature": 16.0, "ratioPc": "noData"}