{"bought": 161.6, "sold": 183.52, "Time_string": "Last update at 17:20 - 16/07/2023", "produce": 3.819, "consumption": 2.008, "buyPrice": 0.149072, "sellPrice": 0.1, "batteryLevel": -38.49170333798433, "maxBatteryPerDay": 8.75, "batteryLevelPercentage": -3.8491703337984333, "maxAtThisDay": 10, "ratioPC": 1.811, "maxBatteryForMonth": 10, "ratioPc": "noData"}