{"bought": 353.58, "sold": 217.1, "Time_string": "Last update at 10:03 - 27/08/2023", "produce": 0.978, "consumption": 1.438, "ratioPC": -0.45999999999999996, "maxBatteryPerDay": 8.75, "maxAtThisDay": 10, "batteryLevelPercentage": -20.79456756466674, "buyPrice": 0.149072, "sellPrice": 0.1, "batteryLevel": -207.94567564666738, "maxBatteryForMonth": 10, "Temperature": 22.1, "ratioPc": "noData"}