{"bought": 206.04, "sold": 558.28, "Time_string": "Last update at 21:09 - 23/05/2024", "produce": 0.06, "consumption": 0.359, "ratioPC": -0.18600000000000003, "maxBatteryPerDay": 8.75, "maxAtThisDay": 100, "batteryLevelPercentage": 1.6846359557797572, "buyPrice": 0.149072, "sellPrice": 0.1, "batteryLevel": 168.46359557797572, "maxBatteryForMonth": 100, "Temperature": 25.7, "ratioPc": "noData"}