{"bought": 272.73, "sold": 209.89, "Time_string": "Last update at 17:35 - 25/01/2024", "produce": 1.18, "consumption": 0.136, "ratioPC": 1.3130000000000002, "maxBatteryPerDay": 8.75, "maxAtThisDay": 100, "batteryLevelPercentage": -1.3193226467747132, "buyPrice": 0.149072, "sellPrice": 0.1, "batteryLevel": -131.93226467747132, "maxBatteryForMonth": 100, "Temperature": 20.8, "ratioPc": "noData"}