{"bought": 147.44, "sold": 311.11, "Time_string": "Last update at 08:46 - 15/05/2024", "produce": 0.224, "consumption": 0.128, "ratioPC": 0.07499999999999998, "maxBatteryPerDay": 8.75, "maxAtThisDay": 100, "batteryLevelPercentage": 0.6125781045400882, "buyPrice": 0.149072, "sellPrice": 0.1, "batteryLevel": 61.25781045400882, "maxBatteryForMonth": 100, "Temperature": 13.5, "ratioPc": "noData"}