{"bought": 71.77, "sold": 130.11, "Time_string": "Last update at 15:00 - 09/07/2023", "produce": 0, "consumption": 0, "buyPrice": 0.149072, "sellPrice": 0.1, "batteryLevel": 15.509972094021691, "maxBatteryPerDay": 8.75, "batteryLevelPercentage": 1.5509972094021691, "maxAtThisDay": 10, "ratioPC": 0.010999999999999233, "maxBatteryForMonth": 10, "ratioPc": "noData"}