{"bought": 296.45, "sold": 380.93, "Time_string": "Last update at 16:14 - 25/06/2024", "produce": 4.708, "consumption": 8.063, "ratioPC": -4.037, "maxBatteryPerDay": 8.75, "maxAtThisDay": 100, "batteryLevelPercentage": -0.4091576151121603, "buyPrice": 0.149072, "sellPrice": 0.1, "batteryLevel": -40.91576151121603, "maxBatteryForMonth": 100, "Temperature": 34.2, "ratioPc": "noData"}