{"bought": 270.5, "sold": 33.87, "Time_string": "Last update at 09:52 - 13/08/2024", "produce": 0.954, "consumption": 0.159, "ratioPC": 0.582, "maxBatteryPerDay": 8.75, "maxAtThisDay": 100, "batteryLevelPercentage": -2.4777943544059244, "buyPrice": 0.149072, "sellPrice": 0.1, "batteryLevel": -247.77943544059247, "maxBatteryForMonth": 100, "Temperature": 24.7, "ratioPc": "noData"}