{"bought": 115.43, "sold": 43.91, "Time_string": "Last update at 09:13 - 11/01/2024", "produce": 0.164, "consumption": 0.133, "ratioPC": -0.10900000000000001, "maxBatteryPerDay": 8.75, "maxAtThisDay": 96.25, "batteryLevelPercentage": -0.8932408821188472, "buyPrice": 0.149072, "sellPrice": 0.1, "batteryLevel": -85.97443490393904, "maxBatteryForMonth": 100, "Temperature": 6.0, "ratioPc": "noData"}