{"bought": 169.04, "sold": 364.16, "Time_string": "Last update at 14:10 - 24/06/2023", "produce": 4.562, "consumption": 3.66, "ratioPc": "noData", "buyPrice": 0.149072, "sellPrice": 0.1, "batteryLevel": 75.24464097885587, "maxBatteryPerDay": 8.75, "batteryLevelPercentage": 0.35830781418502794, "maxAtThisDay": 210.0, "ratioPC": 0.9020000000000001}