{"bought": 172.12, "sold": 120.75, "Time_string": "Last update at 21:24 - 15/08/2023", "produce": 0.006, "consumption": 0.143, "ratioPC": -0.13699999999999998, "maxBatteryPerDay": 8.75, "maxAtThisDay": 10, "batteryLevelPercentage": -9.111887302779866, "buyPrice": 0.149072, "sellPrice": 0.1, "batteryLevel": -91.11887302779866, "maxBatteryForMonth": 10, "Temperature": 29.2, "ratioPc": "noData"}