{"bought": 20.79, "sold": 33.62, "Time_string": "Last update at 17:30 - 03/08/2023", "produce": 0.0, "consumption": 0.0, "ratioPC": -0.3340000000000005, "maxBatteryPerDay": 8.75, "maxAtThisDay": 10, "batteryLevelPercentage": 0.1762860362777719, "buyPrice": 0.149072, "sellPrice": 0.1, "batteryLevel": 1.7628603627777188, "maxBatteryForMonth": 10, "Temperature": 37.0, "ratioPc": "noData"}