{"bought": 278.29, "sold": 317.25, "Time_string": "Last update at 17:48 - 26/07/2023", "produce": 3.638, "consumption": 3.389, "buyPrice": 0.149072, "sellPrice": 0.1, "batteryLevel": -65.47337447676293, "maxBatteryPerDay": 8.75, "batteryLevelPercentage": -6.547337447676293, "maxAtThisDay": 10, "ratioPC": 0.2490000000000001, "maxBatteryForMonth": 10, "ratioPc": "noData"}