{"bought": 69.22, "sold": 114.96, "Time_string": "Last update at 15:58 - 08/11/2024", "produce": 3.28, "consumption": 0.364, "ratioPC": 0.8910000000000001, "maxBatteryPerDay": 8.75, "maxAtThisDay": 70.0, "batteryLevelPercentage": 0.1128156825464972, "buyPrice": 0.149072, "sellPrice": 0.1, "batteryLevel": 7.897097778254803, "maxBatteryForMonth": 100, "Temperature": 22.0, "ratioPc": "noData"}