{"bought": 210.82, "sold": 276.32, "Time_string": "Last update at 12:07 - 19/09/2024", "produce": 1.336, "consumption": 0.823, "ratioPC": -0.48099999999999987, "maxBatteryPerDay": 8.75, "maxAtThisDay": 100, "batteryLevelPercentage": -0.2545990554899646, "buyPrice": 0.149072, "sellPrice": 0.1, "batteryLevel": -25.45990554899646, "maxBatteryForMonth": 100, "Temperature": 25.1, "ratioPc": "noData"}