{"bought": 92.59, "sold": 178.88, "Time_string": "Last update at 21:00 - 11/09/2024", "produce": 0.0, "consumption": 0.285, "ratioPC": -0.196, "maxBatteryPerDay": 8.75, "maxAtThisDay": 96.25, "batteryLevelPercentage": 0.2847346158188704, "buyPrice": 0.149072, "sellPrice": 0.1, "batteryLevel": 27.405706772566276, "maxBatteryForMonth": 100, "Temperature": 23.0, "ratioPc": "noData"}