{"bought": 163.06, "sold": 104.58, "Time_string": "Last update at 17:02 - 14/08/2023", "produce": 4.175, "consumption": 3.283, "ratioPC": 0.8919999999999999, "maxBatteryPerDay": 8.75, "maxAtThisDay": 10, "batteryLevelPercentage": -9.290598046581518, "buyPrice": 0.149072, "sellPrice": 0.1, "batteryLevel": -92.90598046581518, "maxBatteryForMonth": 10, "Temperature": 36.0, "ratioPc": "noData"}