{"bought": 205.52, "sold": 544.21, "Time_string": "Last update at 15:14 - 23/05/2024", "produce": 4.998, "consumption": 0.463, "ratioPC": 2.477, "maxBatteryPerDay": 8.75, "maxAtThisDay": 100, "batteryLevelPercentage": 1.5954520339164966, "buyPrice": 0.149072, "sellPrice": 0.1, "batteryLevel": 159.54520339164966, "maxBatteryForMonth": 100, "Temperature": 28.2, "ratioPc": "noData"}