{"bought": 522.21, "sold": 88.04, "Time_string": "Last update at 17:48 - 24/08/2024", "produce": 3.312, "consumption": 3.103, "ratioPC": 0.3179999999999996, "maxBatteryPerDay": 8.75, "maxAtThisDay": 100, "batteryLevelPercentage": -4.631512901148438, "buyPrice": 0.149072, "sellPrice": 0.1, "batteryLevel": -463.15129011484385, "maxBatteryForMonth": 100, "Temperature": 36.2, "ratioPc": "noData"}