{"bought": 241.13, "sold": 386.81, "Time_string": "Last update at 23:46 - 28/06/2023", "produce": 0.0, "consumption": 1.33, "buyPrice": 0.149072, "sellPrice": 0.1, "batteryLevel": 18.348641193517267, "maxBatteryPerDay": 8.75, "batteryLevelPercentage": 0.18348641193517268, "maxAtThisDay": 100, "ratioPC": -1.33, "maxBatteryForMonth": 100, "ratioPc": "noData"}