{"bought": 10.74, "sold": 15.42, "Time_string": "Last update at 11:33 - 02/07/2023", "produce": 2.78, "consumption": 1.034, "buyPrice": 0.149072, "sellPrice": 0.1, "batteryLevel": -0.39600515187292196, "maxBatteryPerDay": 8.75, "batteryLevelPercentage": -0.022628865821309827, "maxAtThisDay": 17.5, "ratioPC": 1.7459999999999998, "maxBatteryForMonth": 100, "ratioPc": "noData"}