{"bought": 206.01, "sold": 212.08, "Time_string": "Last update at 13:12 - 19/10/2024", "produce": 4.396, "consumption": 7.57, "ratioPC": -4.7330000000000005, "maxBatteryPerDay": 8.75, "maxAtThisDay": 100, "batteryLevelPercentage": -0.6374317591499409, "buyPrice": 0.149072, "sellPrice": 0.1, "batteryLevel": -63.74317591499408, "maxBatteryForMonth": 100, "Temperature": 21.2, "ratioPc": "noData"}