{"bought": 66.17, "sold": 91.29, "Time_string": "Last update at 10:30 - 07/11/2024", "produce": 2.568, "consumption": 0.221, "ratioPC": 2.266, "maxBatteryPerDay": 8.75, "maxAtThisDay": 61.25, "batteryLevelPercentage": -0.08050833565153005, "buyPrice": 0.149072, "sellPrice": 0.1, "batteryLevel": -4.931135558656216, "maxBatteryForMonth": 100, "Temperature": 18.5, "ratioPc": "noData"}