{"bought": 83.83, "sold": 114.11, "Time_string": "Last update at 13:04 - 08/10/2024", "produce": 0.873, "consumption": 0.299, "ratioPC": 0.856, "maxBatteryPerDay": 8.75, "maxAtThisDay": 70.0, "batteryLevelPercentage": -0.10404423557552239, "buyPrice": 0.149072, "sellPrice": 0.1, "batteryLevel": -7.283096490286567, "maxBatteryForMonth": 100, "Temperature": 22.1, "ratioPc": "noData"}