{"bought": 117.12, "sold": 51.58, "Time_string": "Last update at 14:34 - 11/01/2024", "produce": 4.5, "consumption": 2.382, "ratioPC": 1.5940000000000003, "maxBatteryPerDay": 8.75, "maxAtThisDay": 96.25, "batteryLevelPercentage": -0.8573430665073899, "buyPrice": 0.149072, "sellPrice": 0.1, "batteryLevel": -82.51927015133627, "maxBatteryForMonth": 100, "Temperature": 13.0, "ratioPc": "noData"}