{"bought": 109.44, "sold": 152.5, "Time_string": "Last update at 17:57 - 12/07/2023", "produce": 3.197, "consumption": 3.602, "buyPrice": 0.149072, "sellPrice": 0.1, "batteryLevel": -7.140440055811965, "maxBatteryPerDay": 8.75, "batteryLevelPercentage": -0.7140440055811965, "maxAtThisDay": 10, "ratioPC": -0.4049999999999998, "maxBatteryForMonth": 10, "ratioPc": "noData"}