{"bought": 153.98, "sold": 393.36, "Time_string": "Last update at 09:43 - 28/10/2023", "produce": 0.374, "consumption": 0.319, "ratioPC": 0.05499999999999999, "maxBatteryPerDay": 8.75, "maxAtThisDay": 10, "batteryLevelPercentage": 10.989249114521844, "buyPrice": 0.149072, "sellPrice": 0.1, "batteryLevel": 109.89249114521843, "maxBatteryForMonth": 10, "Temperature": 14.4, "ratioPc": "noData"}