{"bought": 141.23, "sold": 353.97, "Time_string": "Last update at 01:59 - 23/06/2023", "produce": 0.0, "consumption": 0.137, "ratioPc": "noData", "buyPrice": 0.149072, "sellPrice": 0.1, "batteryLevel": 96.21901792422457, "maxBatteryPerDay": 8.75, "batteryLevelPercentage": 0.4781069213626066, "maxAtThisDay": 201.25, "ratioPC": -0.137}