{"bought": 7.43, "sold": 17.12, "Time_string": "Last update at 10:33 - 02/09/2023", "produce": 1.632, "consumption": 0.953, "ratioPC": 0.6789999999999999, "maxBatteryPerDay": 8.75, "maxAtThisDay": 10, "batteryLevelPercentage": 0.40543833852098315, "buyPrice": 0.149072, "sellPrice": 0.1, "batteryLevel": 4.054383385209832, "maxBatteryForMonth": 10, "Temperature": 23.1, "ratioPc": "noData"}