{"bought": 16.71, "sold": 2.54, "Time_string": "Last update at 16:08 - 01/06/2024", "produce": 4.445, "consumption": 3.286, "ratioPC": 1.0699999999999998, "maxBatteryPerDay": 8.75, "maxAtThisDay": 8.75, "batteryLevelPercentage": -1.7149857556846932, "buyPrice": 0.149072, "sellPrice": 0.1, "batteryLevel": -15.006125362241066, "maxBatteryForMonth": 100, "Temperature": 33.1, "ratioPc": "noData"}