{"bought": 95.35, "sold": 35.25, "Time_string": "Last update at 15:14 - 09/01/2024", "produce": 0.239, "consumption": 5.944, "ratioPC": -5.7090000000000005, "maxBatteryPerDay": 8.75, "maxAtThisDay": 78.75, "batteryLevelPercentage": -0.910523279685027, "buyPrice": 0.149072, "sellPrice": 0.1, "batteryLevel": -71.70370827519588, "maxBatteryForMonth": 100, "Temperature": 11.0, "ratioPc": "noData"}