{"bought": 327.35, "sold": 387.86, "Time_string": "Last update at 20:43 - 31/07/2023", "produce": 0.125, "consumption": 2.993, "ratioPC": -2.868, "maxBatteryPerDay": 8.75, "maxAtThisDay": 10, "batteryLevelPercentage": -6.7167001180637556, "buyPrice": 0.149072, "sellPrice": 0.1, "batteryLevel": -67.16700118063756, "maxBatteryForMonth": 10, "Temperature": "34.0"}