{"bought": 182.17, "sold": 370.81, "Time_string": "Last update at 17:08 - 25/06/2023", "produce": 3.777, "consumption": 3.731, "ratioPc": "noData", "buyPrice": 0.149072, "sellPrice": 0.1, "batteryLevel": 66.57557260920899, "maxBatteryPerDay": 8.75, "batteryLevelPercentage": 0.3043454747849554, "maxAtThisDay": 218.75, "ratioPC": 0.04600000000000026}