{"bought": 224.35, "sold": 308.71, "Time_string": "Last update at 20:02 - 21/09/2024", "produce": 0.103, "consumption": 1.326, "ratioPC": -3.1540000000000004, "maxBatteryPerDay": 8.75, "maxAtThisDay": 100, "batteryLevelPercentage": -0.17262149833637466, "buyPrice": 0.149072, "sellPrice": 0.1, "batteryLevel": -17.262149833637466, "maxBatteryForMonth": 100, "Temperature": 21.9, "ratioPc": "noData"}