{"bought": 109.76, "sold": 155.37, "Time_string": "Last update at 08:42 - 12/06/2024", "produce": 0.3, "consumption": 0.163, "ratioPC": 0.12499999999999997, "maxBatteryPerDay": 8.75, "maxAtThisDay": 100, "batteryLevelPercentage": -0.055351958785016676, "buyPrice": 0.149072, "sellPrice": 0.1, "batteryLevel": -5.535195878501668, "maxBatteryForMonth": 100, "Temperature": 19.4, "ratioPc": "noData"}