{"bought": 191.53, "sold": 463.65, "Time_string": "Last update at 16:27 - 20/05/2024", "produce": 4.24, "consumption": 0.258, "ratioPC": 1.391, "maxBatteryPerDay": 8.75, "maxAtThisDay": 100, "batteryLevelPercentage": 1.1949420306965763, "buyPrice": 0.149072, "sellPrice": 0.1, "batteryLevel": 119.49420306965763, "maxBatteryForMonth": 100, "Temperature": 24.6, "ratioPc": "noData"}