{"bought": 29.62, "sold": 10.48, "Time_string": "Last update at 15:22 - 02/06/2024", "produce": 4.63, "consumption": 2.644, "ratioPC": 1.9440000000000004, "maxBatteryPerDay": 8.75, "maxAtThisDay": 17.5, "batteryLevelPercentage": -1.290848004415891, "buyPrice": 0.149072, "sellPrice": 0.1, "batteryLevel": -22.589840077278094, "maxBatteryForMonth": 100, "Temperature": 31.4, "ratioPc": "noData"}