{"bought": 332.97, "sold": 366.12, "Time_string": "Last update at 17:23 - 29/10/2024", "produce": 0.025, "consumption": 0.266, "ratioPC": -0.185, "maxBatteryPerDay": 8.75, "maxAtThisDay": 100, "batteryLevelPercentage": -0.8737055811956642, "buyPrice": 0.149072, "sellPrice": 0.1, "batteryLevel": -87.37055811956643, "maxBatteryForMonth": 100, "Temperature": 17.0, "ratioPc": "noData"}