{"bought": 171.38, "sold": 195.89, "Time_string": "Last update at 13:11 - 15/11/2024", "produce": 4.04, "consumption": 0.331, "ratioPC": 3.6950000000000003, "maxBatteryPerDay": 8.75, "maxAtThisDay": 100, "batteryLevelPercentage": -0.3997369968874102, "buyPrice": 0.149072, "sellPrice": 0.1, "batteryLevel": -39.97369968874102, "maxBatteryForMonth": 100, "Temperature": 18.2, "ratioPc": "noData"}