{"bought": 114.1, "sold": 204.45, "Time_string": "Last update at 23:17 - 13/06/2024", "produce": 0.0, "consumption": 0.172, "ratioPC": -0.161, "maxBatteryPerDay": 8.75, "maxAtThisDay": 100, "batteryLevelPercentage": 0.23048492003863913, "buyPrice": 0.149072, "sellPrice": 0.1, "batteryLevel": 23.048492003863913, "maxBatteryForMonth": 100, "Temperature": 23.7, "ratioPc": "noData"}