{"bought": 25.86, "sold": 35.76, "Time_string": "Last update at 11:57 - 04/09/2024", "produce": 3.355, "consumption": 2.486, "ratioPC": 0.7589999999999999, "maxBatteryPerDay": 8.75, "maxAtThisDay": 35.0, "batteryLevelPercentage": -0.05347404897345872, "buyPrice": 0.149072, "sellPrice": 0.1, "batteryLevel": -1.8715917140710552, "maxBatteryForMonth": 100, "Temperature": 24.9, "ratioPc": "noData"}