{"bought": 276.38, "sold": 674.85, "Time_string": "Last update at 09:38 - 29/05/2024", "produce": 0.553, "consumption": 0.135, "ratioPC": 0.38, "maxBatteryPerDay": 8.75, "maxAtThisDay": 100, "batteryLevelPercentage": 1.7632070838252656, "buyPrice": 0.149072, "sellPrice": 0.1, "batteryLevel": 176.32070838252656, "maxBatteryForMonth": 100, "Temperature": 21.9, "ratioPc": "noData"}