{"bought": 223.61, "sold": 304.36, "Time_string": "Last update at 15:12 - 21/09/2024", "produce": 0.632, "consumption": 1.033, "ratioPC": -0.478, "maxBatteryPerDay": 8.75, "maxAtThisDay": 100, "batteryLevelPercentage": -0.19440202854996244, "buyPrice": 0.149072, "sellPrice": 0.1, "batteryLevel": -19.440202854996244, "maxBatteryForMonth": 100, "Temperature": 25.0, "ratioPc": "noData"}