{"bought": 476.94, "sold": 72.76, "Time_string": "Last update at 14:32 - 22/08/2024", "produce": 4.719, "consumption": 3.491, "ratioPC": 1.0920000000000005, "maxBatteryPerDay": 8.75, "maxAtThisDay": 100, "batteryLevelPercentage": -4.281313706128582, "buyPrice": 0.149072, "sellPrice": 0.1, "batteryLevel": -428.13137061285823, "maxBatteryForMonth": 100, "Temperature": 32.5, "ratioPc": "noData"}