{"bought": 139.04, "sold": 289.21, "Time_string": "Last update at 20:13 - 17/06/2024", "produce": 0.493, "consumption": 5.794, "ratioPC": -5.241, "maxBatteryPerDay": 8.75, "maxAtThisDay": 100, "batteryLevelPercentage": 0.5496692282923686, "buyPrice": 0.149072, "sellPrice": 0.1, "batteryLevel": 54.966922829236864, "maxBatteryForMonth": 100, "Temperature": 27.8, "ratioPc": "noData"}