{"bought": 8.0, "sold": 0.18, "Time_string": "Last update at 13:37 - 01/01/2024", "produce": 4.33, "consumption": 7.146, "ratioPC": -1.4869999999999992, "maxBatteryPerDay": 8.75, "maxAtThisDay": 8.75, "batteryLevelPercentage": -0.9004860546773179, "buyPrice": 0.149072, "sellPrice": 0.1, "batteryLevel": -7.879252978426532, "maxBatteryForMonth": 100, "Temperature": 13.6, "ratioPc": "noData"}