{"bought": 78.84, "sold": 102.21, "Time_string": "Last update at 08:52 - 07/10/2024", "produce": 0.039, "consumption": 0.105, "ratioPC": -0.126, "maxBatteryPerDay": 8.75, "maxAtThisDay": 61.25, "batteryLevelPercentage": -0.1677684285692382, "buyPrice": 0.149072, "sellPrice": 0.1, "batteryLevel": -10.27581624986584, "maxBatteryForMonth": 100, "Temperature": 18.9, "ratioPc": "noData"}