{"bought": 324.85, "sold": 215.98, "Time_string": "Last update at 10:24 - 26/08/2023", "produce": 1.028, "consumption": 0.921, "ratioPC": 0.10699999999999998, "maxBatteryPerDay": 8.75, "maxAtThisDay": 10, "batteryLevelPercentage": -17.9966990447569, "buyPrice": 0.149072, "sellPrice": 0.1, "batteryLevel": -179.966990447569, "maxBatteryForMonth": 10, "Temperature": 31.8, "ratioPc": "noData"}