{"bought": 64.89, "sold": 262.64, "Time_string": "Last update at 13:28 - 15/09/2023", "produce": 2.722, "consumption": 2.831, "ratioPC": -0.10899999999999999, "maxBatteryPerDay": 8.75, "maxAtThisDay": 10, "batteryLevelPercentage": 11.129332081141998, "buyPrice": 0.149072, "sellPrice": 0.1, "batteryLevel": 111.29332081141997, "maxBatteryForMonth": 10, "Temperature": 25.5, "ratioPc": "noData"}