{"bought": 55.77, "sold": 145.36, "Time_string": "Last update at 13:15 - 10/10/2023", "produce": 4.357, "consumption": 0.217, "ratioPC": 4.140000000000001, "maxBatteryPerDay": 8.75, "maxAtThisDay": 10, "batteryLevelPercentage": 4.173992808844049, "buyPrice": 0.149072, "sellPrice": 0.1, "batteryLevel": 41.739928088440486, "maxBatteryForMonth": 10, "Temperature": 27.5, "ratioPc": "noData"}