{"bought": 70.67, "sold": 218.31, "Time_string": "Last update at 18:39 - 10/05/2024", "produce": 2.633, "consumption": 2.98, "ratioPC": -0.43800000000000017, "maxBatteryPerDay": 8.75, "maxAtThisDay": 87.5, "batteryLevelPercentage": 0.8660115733145249, "buyPrice": 0.149072, "sellPrice": 0.1, "batteryLevel": 75.77601266502093, "maxBatteryForMonth": 100, "Temperature": 30.4, "ratioPc": "noData"}