{"bought": 15.77, "sold": 29.83, "Time_string": "Last update at 16:11 - 03/09/2023", "produce": 0.599, "consumption": 0.501, "ratioPC": 0.09799999999999998, "maxBatteryPerDay": 8.75, "maxAtThisDay": 10, "batteryLevelPercentage": 0.4240464741869701, "buyPrice": 0.149072, "sellPrice": 0.1, "batteryLevel": 4.240464741869701, "maxBatteryForMonth": 10, "Temperature": 21.2, "ratioPc": "noData"}