{"bought": 123.06, "sold": 152.84, "Time_string": "Last update at 10:52 - 13/07/2023", "produce": 2.082, "consumption": 0.957, "buyPrice": 0.149072, "sellPrice": 0.1, "batteryLevel": -20.53236234839541, "maxBatteryPerDay": 8.75, "batteryLevelPercentage": -2.0532362348395408, "maxAtThisDay": 10, "ratioPC": 1.125, "maxBatteryForMonth": 10, "ratioPc": "noData"}