{"bought": 122.63, "sold": 266.37, "Time_string": "Last update at 17:01 - 16/06/2024", "produce": 4.317, "consumption": 2.007, "ratioPC": 2.277, "maxBatteryPerDay": 8.75, "maxAtThisDay": 100, "batteryLevelPercentage": 0.5605546742513684, "buyPrice": 0.149072, "sellPrice": 0.1, "batteryLevel": 56.05546742513684, "maxBatteryForMonth": 100, "Temperature": 32.0, "ratioPc": "noData"}