{"bought": 158.37, "sold": 412.57, "Time_string": "Last update at 08:34 - 29/10/2023", "produce": 0.346, "consumption": 0.315, "ratioPC": 0.030999999999999972, "maxBatteryPerDay": 8.75, "maxAtThisDay": 10, "batteryLevelPercentage": 11.838888161425354, "buyPrice": 0.149072, "sellPrice": 0.1, "batteryLevel": 118.38888161425353, "maxBatteryForMonth": 10, "Temperature": 15.6, "ratioPc": "noData"}