{"bought": 81.06, "sold": 131.46, "Time_string": "Last update at 10:20 - 10/07/2023", "produce": 1.34, "consumption": 1.601, "buyPrice": 0.149072, "sellPrice": 0.1, "batteryLevel": 7.125574755822683, "maxBatteryPerDay": 8.75, "batteryLevelPercentage": 0.7125574755822683, "maxAtThisDay": 10, "ratioPC": -0.2609999999999999, "maxBatteryForMonth": 10, "ratioPc": "noData"}