{"bought": 158.37, "sold": 413.13, "Time_string": "Last update at 09:49 - 29/10/2023", "produce": 0.978, "consumption": 0.967, "ratioPC": 0.01100000000000001, "maxBatteryPerDay": 8.75, "maxAtThisDay": 10, "batteryLevelPercentage": 11.876453901470427, "buyPrice": 0.149072, "sellPrice": 0.1, "batteryLevel": 118.76453901470427, "maxBatteryForMonth": 10, "Temperature": 17.8, "ratioPc": "noData"}