{"bought": 124.33, "sold": 65.37, "Time_string": "Last update at 17:36 - 12/01/2024", "produce": 0.375, "consumption": 0.159, "ratioPC": 0.46799999999999997, "maxBatteryPerDay": 8.75, "maxAtThisDay": 100, "batteryLevelPercentage": -0.8047870666523559, "buyPrice": 0.149072, "sellPrice": 0.1, "batteryLevel": -80.47870666523559, "maxBatteryForMonth": 100, "Temperature": 14.8, "ratioPc": "noData"}