{"bought": 57.6, "sold": 89.96, "Time_string": "Last update at 12:35 - 07/07/2023", "produce": 4.196, "consumption": 0.881, "buyPrice": 0.149072, "sellPrice": 0.1, "batteryLevel": 2.7466781152731556, "maxBatteryPerDay": 8.75, "batteryLevelPercentage": 0.27466781152731556, "maxAtThisDay": 10, "ratioPC": 3.3149999999999995, "maxBatteryForMonth": 10, "ratioPc": "noData"}