{"bought": 509.84, "sold": 79.26, "Time_string": "Last update at 12:40 - 23/08/2024", "produce": 3.933, "consumption": 3.801, "ratioPC": 0.04899999999999993, "maxBatteryPerDay": 8.75, "maxAtThisDay": 100, "batteryLevelPercentage": -4.56671061500483, "buyPrice": 0.149072, "sellPrice": 0.1, "batteryLevel": -456.67106150048295, "maxBatteryForMonth": 100, "Temperature": 30.1, "ratioPc": "noData"}