{"bought": 147.44, "sold": 311.15, "Time_string": "Last update at 09:09 - 15/05/2024", "produce": 0.303, "consumption": 0.164, "ratioPC": 0.092, "maxBatteryPerDay": 8.75, "maxAtThisDay": 100, "batteryLevelPercentage": 0.6128464312546956, "buyPrice": 0.149072, "sellPrice": 0.1, "batteryLevel": 61.28464312546956, "maxBatteryForMonth": 100, "Temperature": 14.3, "ratioPc": "noData"}