{"bought": 118.91, "sold": 234.56, "Time_string": "Last update at 12:57 - 15/06/2024", "produce": 4.268, "consumption": 0.155, "ratioPC": 3.9769999999999994, "maxBatteryPerDay": 8.75, "maxAtThisDay": 100, "batteryLevelPercentage": 0.38436785445959004, "buyPrice": 0.149072, "sellPrice": 0.1, "batteryLevel": 38.436785445959, "maxBatteryForMonth": 100, "Temperature": 28.9, "ratioPc": "noData"}