{"bought": 250.04, "sold": 405.04, "Time_string": "Last update at 15:56 - 30/06/2023", "produce": 4.665, "consumption": 3.469, "buyPrice": 0.149072, "sellPrice": 0.1, "batteryLevel": 21.66763121176345, "maxBatteryPerDay": 8.75, "batteryLevelPercentage": 0.2166763121176345, "maxAtThisDay": 100, "ratioPC": 1.1960000000000002, "maxBatteryForMonth": 100, "ratioPc": "noData"}