{"bought": 36.33, "sold": 51.46, "Time_string": "Last update at 16:04 - 04/11/2024", "produce": 0.563, "consumption": 2.417, "ratioPC": 3.205, "maxBatteryPerDay": 8.75, "maxAtThisDay": 35.0, "batteryLevelPercentage": -0.05170766187767352, "buyPrice": 0.149072, "sellPrice": 0.1, "batteryLevel": -1.8097681657185731, "maxBatteryForMonth": 100, "Temperature": 22.9, "ratioPc": "noData"}