{"bought": 172.73, "sold": 299.37, "Time_string": "Last update at 02:29 - 19/06/2024", "produce": 0.0, "consumption": 0.158, "ratioPC": -0.158, "maxBatteryPerDay": 8.75, "maxAtThisDay": 100, "batteryLevelPercentage": 0.28092421380272614, "buyPrice": 0.149072, "sellPrice": 0.1, "batteryLevel": 28.09242138027261, "maxBatteryForMonth": 100, "Temperature": 15.5, "ratioPc": "noData"}