{"bought": 210.98, "sold": 374.79, "Time_string": "Last update at 22:54 - 26/06/2023", "produce": 0.0, "consumption": 2.137, "buyPrice": 0.149072, "sellPrice": 0.1, "batteryLevel": 40.43542341955569, "maxBatteryPerDay": 8.75, "batteryLevelPercentage": 0.4043542341955569, "maxAtThisDay": 100, "ratioPC": -2.137, "maxBatteryForMonth": 100, "ratioPc": "noData"}