{"bought": 63.67, "sold": 235.97, "Time_string": "Last update at 16:22 - 14/06/2023", "produce": 450.0, "consumption": 0.987, "ratioPc": null, "buyPrice": 0.149072, "sellPrice": 0.1, "batteryLevel": 94.62263711495116, "maxBatteryPerDay": 8.75, "batteryLevelPercentage": 0.7724296907342952, "maxAtThisDay": 122.5, "ratioPC": 449.013}