{"bought": 120.52, "sold": 246.94, "Time_string": "Last update at 22:12 - 15/06/2024", "produce": 0.0, "consumption": 0.116, "ratioPC": -0.224, "maxBatteryPerDay": 8.75, "maxAtThisDay": 100, "batteryLevelPercentage": 0.45131497263067516, "buyPrice": 0.149072, "sellPrice": 0.1, "batteryLevel": 45.131497263067516, "maxBatteryForMonth": 100, "Temperature": 24.6, "ratioPc": "noData"}