{"bought": 220.82, "sold": 294.18, "Time_string": "Last update at 22:46 - 20/09/2024", "produce": 0.0, "consumption": 1.387, "ratioPC": -1.301, "maxBatteryPerDay": 8.75, "maxAtThisDay": 100, "batteryLevelPercentage": -0.23479117741762365, "buyPrice": 0.149072, "sellPrice": 0.1, "batteryLevel": -23.479117741762366, "maxBatteryForMonth": 100, "Temperature": 21.2, "ratioPc": "noData"}