{"bought": 102.43, "sold": 512.12, "Time_string": "Last update at 17:40 - 26/09/2023", "produce": 3.377, "consumption": 0.85, "ratioPC": 2.5269999999999997, "maxBatteryPerDay": 8.75, "maxAtThisDay": 10, "batteryLevelPercentage": 24.11086927122464, "buyPrice": 0.149072, "sellPrice": 0.1, "batteryLevel": 241.1086927122464, "maxBatteryForMonth": 10, "Temperature": 31.3, "ratioPc": "noData"}