{"bought": 147.83, "sold": 362.64, "Time_string": "Last update at 17:34 - 23/06/2023", "produce": 3.674, "consumption": 2.476, "ratioPc": "noData", "buyPrice": 0.149072, "sellPrice": 0.1, "batteryLevel": 95.43499946334657, "maxBatteryPerDay": 8.75, "batteryLevelPercentage": 0.4742111774576227, "maxAtThisDay": 201.25, "ratioPC": 1.198}