{"bought": 34.79, "sold": 117.02, "Time_string": "Last update at 12:55 - 08/09/2023", "produce": 4.1, "consumption": 2.73, "ratioPC": 1.3699999999999997, "maxBatteryPerDay": 8.75, "maxAtThisDay": 10, "batteryLevelPercentage": 4.370898035848449, "buyPrice": 0.149072, "sellPrice": 0.1, "batteryLevel": 43.70898035848449, "maxBatteryForMonth": 10, "Temperature": 27.8, "ratioPc": "noData"}