{"bought": 182.15, "sold": 369.7, "Time_string": "Last update at 15:32 - 25/06/2023", "produce": 4.479, "consumption": 3.302, "ratioPc": "noData", "buyPrice": 0.149072, "sellPrice": 0.1, "batteryLevel": 65.85096597617255, "maxBatteryPerDay": 8.75, "batteryLevelPercentage": 0.30103298731964595, "maxAtThisDay": 218.75, "ratioPC": 1.177}