{"bought": 278.39, "sold": 368.44, "Time_string": "Last update at 22:05 - 23/06/2024", "produce": 0.0, "consumption": 0.235, "ratioPC": -0.207, "maxBatteryPerDay": 8.75, "maxAtThisDay": 100, "batteryLevelPercentage": -0.31234263174841687, "buyPrice": 0.149072, "sellPrice": 0.1, "batteryLevel": -31.234263174841686, "maxBatteryForMonth": 100, "Temperature": 29.8, "ratioPc": "noData"}