{"bought": 66.37, "sold": 127.37, "Time_string": "Last update at 15:20 - 09/09/2024", "produce": 4.867, "consumption": 1.067, "ratioPC": 3.873, "maxBatteryPerDay": 8.75, "maxAtThisDay": 78.75, "batteryLevelPercentage": 0.24218329014550974, "buyPrice": 0.149072, "sellPrice": 0.1, "batteryLevel": 19.07193409895889, "maxBatteryForMonth": 100, "Temperature": 29.0, "ratioPc": "noData"}