{"bought": 20.96, "sold": 7.61, "Time_string": "Last update at 16:21 - 02/12/2023", "produce": 1.185, "consumption": 0.207, "ratioPC": 0.9780000000000001, "maxBatteryPerDay": 8.75, "maxAtThisDay": 17.5, "batteryLevelPercentage": -0.9060048145479078, "buyPrice": 0.149072, "sellPrice": 0.1, "batteryLevel": -15.855084254588387, "maxBatteryForMonth": 100, "Temperature": 14.6, "ratioPc": "noData"}