{"bought": 295.36, "sold": 693.31, "Time_string": "Last update at 07:54 - 31/05/2024", "produce": 0.134, "consumption": 0.233, "ratioPC": -0.191, "maxBatteryPerDay": 8.75, "maxAtThisDay": 100, "batteryLevelPercentage": 1.6972398626167218, "buyPrice": 0.149072, "sellPrice": 0.1, "batteryLevel": 169.72398626167217, "maxBatteryForMonth": 100, "Temperature": 18.9, "ratioPc": "noData"}