{"bought": 137.62, "sold": 289.21, "Time_string": "Last update at 19:59 - 17/06/2024", "produce": 0.954, "consumption": 7.263, "ratioPC": -4.555999999999999, "maxBatteryPerDay": 8.75, "maxAtThisDay": 100, "batteryLevelPercentage": 0.5638692282923685, "buyPrice": 0.149072, "sellPrice": 0.1, "batteryLevel": 56.38692282923685, "maxBatteryForMonth": 100, "Temperature": 28.0, "ratioPc": "noData"}