{"bought": 233.32, "sold": 650.21, "Time_string": "Last update at 19:14 - 27/05/2024", "produce": 2.048, "consumption": 0.252, "ratioPC": 1.366, "maxBatteryPerDay": 8.75, "maxAtThisDay": 100, "batteryLevelPercentage": 2.028517827626918, "buyPrice": 0.149072, "sellPrice": 0.1, "batteryLevel": 202.8517827626918, "maxBatteryForMonth": 100, "Temperature": 29.8, "ratioPc": "noData"}