{"bought": 49.0, "sold": 56.41, "Time_string": "Last update at 13:16 - 06/08/2023", "produce": 4.28, "consumption": 3.293, "ratioPC": 0.9870000000000001, "maxBatteryPerDay": 8.75, "maxAtThisDay": 10, "batteryLevelPercentage": -1.1159225072448216, "buyPrice": 0.149072, "sellPrice": 0.1, "batteryLevel": -11.159225072448216, "maxBatteryForMonth": 10, "Temperature": 37.6, "ratioPc": "noData"}