{"bought": 15.0, "sold": 39.79, "Time_string": "Last update at 11:40 - 04/11/2023", "produce": 1.183, "consumption": 1.129, "ratioPC": 0.05400000000000005, "maxBatteryPerDay": 8.75, "maxAtThisDay": 10, "batteryLevelPercentage": 1.1691799935601588, "buyPrice": 0.149072, "sellPrice": 0.1, "batteryLevel": 11.691799935601587, "maxBatteryForMonth": 10, "Temperature": 19.7, "ratioPc": "noData"}