{"bought": 171.38, "sold": 196.92, "Time_string": "Last update at 13:33 - 15/11/2024", "produce": 2.864, "consumption": 0.279, "ratioPC": 1.8770000000000002, "maxBatteryPerDay": 8.75, "maxAtThisDay": 100, "batteryLevelPercentage": -0.39282758398626155, "buyPrice": 0.149072, "sellPrice": 0.1, "batteryLevel": -39.28275839862616, "maxBatteryForMonth": 100, "Temperature": 18.6, "ratioPc": "noData"}