{"bought": 153.87, "sold": 393.36, "Time_string": "Last update at 09:00 - 28/10/2023", "produce": 0.048, "consumption": 1.371, "ratioPC": -1.323, "maxBatteryPerDay": 8.75, "maxAtThisDay": 10, "batteryLevelPercentage": 11.000249114521841, "buyPrice": 0.149072, "sellPrice": 0.1, "batteryLevel": 110.00249114521841, "maxBatteryForMonth": 10, "Temperature": 12.0, "ratioPc": "noData"}