{"bought": 249.57, "sold": 399.5, "Time_string": "Last update at 11:13 - 30/06/2023", "produce": 2.513, "consumption": 1.076, "buyPrice": 0.149072, "sellPrice": 0.1, "batteryLevel": 18.4213062144467, "maxBatteryPerDay": 8.75, "batteryLevelPercentage": 0.184213062144467, "maxAtThisDay": 100, "ratioPC": 1.4369999999999998, "maxBatteryForMonth": 100, "ratioPc": "noData"}