{"bought": 573.9, "sold": 90.63, "Time_string": "Last update at 18:24 - 26/08/2024", "produce": 2.705, "consumption": 4.0, "ratioPC": -0.9969999999999999, "maxBatteryPerDay": 8.75, "maxAtThisDay": 100, "batteryLevelPercentage": -5.131038746377589, "buyPrice": 0.149072, "sellPrice": 0.1, "batteryLevel": -513.103874637759, "maxBatteryForMonth": 100, "Temperature": 33.6, "ratioPc": "noData"}