{"bought": 187.08, "sold": 107.62, "Time_string": "Last update at 14:44 - 20/01/2024", "produce": 4.634, "consumption": 4.982, "ratioPC": -2.096, "maxBatteryPerDay": 8.75, "maxAtThisDay": 100, "batteryLevelPercentage": -1.1488669743479663, "buyPrice": 0.149072, "sellPrice": 0.1, "batteryLevel": -114.88669743479662, "maxBatteryForMonth": 100, "Temperature": 12.7, "ratioPc": "noData"}