{"bought": 55.81, "sold": 225.56, "Time_string": "Last update at 11:41 - 15/11/2023", "produce": 3.873, "consumption": 0.284, "ratioPC": 3.5890000000000004, "maxBatteryPerDay": 8.75, "maxAtThisDay": 10, "batteryLevelPercentage": 9.54994343672856, "buyPrice": 0.149072, "sellPrice": 0.1, "batteryLevel": 95.4994343672856, "maxBatteryForMonth": 10, "Temperature": 19.4, "ratioPc": "noData"}