{"bought": 222.07, "sold": 379.0, "Time_string": "Last update at 02:32 - 28/06/2023", "produce": 0.0, "consumption": 0.127, "buyPrice": 0.149072, "sellPrice": 0.1, "batteryLevel": 32.16956209080175, "maxBatteryPerDay": 8.75, "batteryLevelPercentage": 0.32169562090801745, "maxAtThisDay": 100, "ratioPC": -0.127, "maxBatteryForMonth": 100, "ratioPc": "noData"}