{"bought": 191.13, "sold": 189.01, "Time_string": "Last update at 13:43 - 17/10/2024", "produce": 1.01, "consumption": 2.656, "ratioPC": 2.667, "maxBatteryPerDay": 8.75, "maxAtThisDay": 100, "batteryLevelPercentage": -0.6433891917999357, "buyPrice": 0.149072, "sellPrice": 0.1, "batteryLevel": -64.33891917999357, "maxBatteryForMonth": 100, "Temperature": 19.7, "ratioPc": "noData"}