{"bought": 109.98, "sold": 78.25, "Time_string": "Last update at 15:57 - 10/08/2023", "produce": 4.254, "consumption": 3.703, "ratioPC": 0.5509999999999997, "maxBatteryPerDay": 8.75, "maxAtThisDay": 10, "batteryLevelPercentage": -5.748858645486745, "buyPrice": 0.149072, "sellPrice": 0.1, "batteryLevel": -57.48858645486745, "maxBatteryForMonth": 10, "Temperature": 41.9, "ratioPc": "noData"}