{"bought": 57.73, "sold": 255.91, "Time_string": "Last update at 17:17 - 14/09/2023", "produce": 3.442, "consumption": 1.557, "ratioPC": 1.8850000000000002, "maxBatteryPerDay": 8.75, "maxAtThisDay": 10, "batteryLevelPercentage": 11.393872383814534, "buyPrice": 0.149072, "sellPrice": 0.1, "batteryLevel": 113.93872383814534, "maxBatteryForMonth": 10, "Temperature": 32.0, "ratioPc": "noData"}