{"bought": 145.73, "sold": 373.25, "Time_string": "Last update at 19:15 - 26/10/2023", "produce": 0.019, "consumption": 2.384, "ratioPC": -2.3649999999999998, "maxBatteryPerDay": 8.75, "maxAtThisDay": 10, "batteryLevelPercentage": 10.465236556831599, "buyPrice": 0.149072, "sellPrice": 0.1, "batteryLevel": 104.65236556831599, "maxBatteryForMonth": 10, "Temperature": 21.0, "ratioPc": "noData"}