{"bought": 261.08, "sold": 290.02, "Time_string": "Last update at 20:18 - 24/07/2023", "produce": 0.439, "consumption": 2.171, "buyPrice": 0.149072, "sellPrice": 0.1, "batteryLevel": -66.52971557368252, "maxBatteryPerDay": 8.75, "batteryLevelPercentage": -6.652971557368252, "maxAtThisDay": 10, "ratioPC": -1.7319999999999998, "maxBatteryForMonth": 10, "ratioPc": "noData"}