{"bought": 257.19, "sold": 282.17, "Time_string": "Last update at 10:06 - 24/07/2023", "produce": 0.984, "consumption": 0.978, "buyPrice": 0.149072, "sellPrice": 0.1, "batteryLevel": -67.90562734785874, "maxBatteryPerDay": 8.75, "batteryLevelPercentage": -6.790562734785874, "maxAtThisDay": 10, "ratioPC": 0.006000000000000005, "maxBatteryForMonth": 10, "ratioPc": "noData"}