{"bought": 272.73, "sold": 190.52, "Time_string": "Last update at 11:50 - 25/01/2024", "produce": 3.685, "consumption": 0.158, "ratioPC": 3.4480000000000004, "maxBatteryPerDay": 8.75, "maxAtThisDay": 100, "batteryLevelPercentage": -1.4492598583234946, "buyPrice": 0.149072, "sellPrice": 0.1, "batteryLevel": -144.92598583234945, "maxBatteryForMonth": 100, "Temperature": 17.7, "ratioPc": "noData"}