{"bought": 230.76, "sold": 627.03, "Time_string": "Last update at 20:57 - 26/05/2024", "produce": 0.177, "consumption": 0.238, "ratioPC": -0.026999999999999996, "maxBatteryPerDay": 8.75, "maxAtThisDay": 100, "batteryLevelPercentage": 1.8986224965117526, "buyPrice": 0.149072, "sellPrice": 0.1, "batteryLevel": 189.86224965117526, "maxBatteryForMonth": 100, "Temperature": 29.1, "ratioPc": "noData"}