{"bought": 410.22, "sold": 65.16, "Time_string": "Last update at 18:44 - 19/08/2024", "produce": 2.576, "consumption": 8.21, "ratioPC": -5.559000000000001, "maxBatteryPerDay": 8.75, "maxAtThisDay": 100, "batteryLevelPercentage": -3.665095781904047, "buyPrice": 0.149072, "sellPrice": 0.1, "batteryLevel": -366.5095781904047, "maxBatteryForMonth": 100, "Temperature": 34.5, "ratioPc": "noData"}