{"bought": 594.31, "sold": 92.91, "Time_string": "Last update at 20:41 - 27/08/2024", "produce": 0.083, "consumption": 2.807, "ratioPC": -2.7030000000000003, "maxBatteryPerDay": 8.75, "maxAtThisDay": 100, "batteryLevelPercentage": -5.319844123644949, "buyPrice": 0.149072, "sellPrice": 0.1, "batteryLevel": -531.9844123644949, "maxBatteryForMonth": 100, "Temperature": 30.6, "ratioPc": "noData"}