{"bought": 232.85, "sold": 252.84, "Time_string": "Last update at 11:02 - 22/07/2023", "produce": 2.362, "consumption": 0.942, "buyPrice": 0.149072, "sellPrice": 0.1, "batteryLevel": -63.24068369646881, "maxBatteryPerDay": 8.75, "batteryLevelPercentage": -6.324068369646881, "maxAtThisDay": 10, "ratioPC": 1.4200000000000002, "maxBatteryForMonth": 10, "ratioPc": "noData"}