{"bought": 140.94, "sold": 156.67, "Time_string": "Last update at 08:01 - 14/07/2023", "produce": 0.099, "consumption": 0.197, "buyPrice": 0.149072, "sellPrice": 0.1, "batteryLevel": -35.84313405602663, "maxBatteryPerDay": 8.75, "batteryLevelPercentage": -3.584313405602663, "maxAtThisDay": 10, "ratioPC": -0.098, "maxBatteryForMonth": 10, "ratioPc": "noData"}