{"bought": 173.55, "sold": 299.37, "Time_string": "Last update at 07:32 - 19/06/2024", "produce": 0.137, "consumption": 0.182, "ratioPC": -0.184, "maxBatteryPerDay": 8.75, "maxAtThisDay": 100, "batteryLevelPercentage": 0.2727242138027259, "buyPrice": 0.149072, "sellPrice": 0.1, "batteryLevel": 27.27242138027259, "maxBatteryForMonth": 100, "Temperature": 14.0, "ratioPc": "noData"}