{"bought": 204.69, "sold": 260.59, "Time_string": "Last update at 09:28 - 18/09/2024", "produce": 0.409, "consumption": 0.142, "ratioPC": 0.22599999999999998, "maxBatteryPerDay": 8.75, "maxAtThisDay": 100, "batteryLevelPercentage": -0.29881853600944536, "buyPrice": 0.149072, "sellPrice": 0.1, "batteryLevel": -29.881853600944538, "maxBatteryForMonth": 100, "Temperature": 20.9, "ratioPc": "noData"}