{"bought": 66.69, "sold": 109.67, "Time_string": "Last update at 20:18 - 07/11/2024", "produce": 0.0, "consumption": 0.134, "ratioPC": -0.195, "maxBatteryPerDay": 8.75, "maxAtThisDay": 61.25, "batteryLevelPercentage": 0.11230166493988385, "buyPrice": 0.149072, "sellPrice": 0.1, "batteryLevel": 6.878476977567885, "maxBatteryForMonth": 100, "Temperature": 19.4, "ratioPc": "noData"}