{"bought": 39.56, "sold": 50.93, "Time_string": "Last update at 16:36 - 05/08/2023", "produce": 4.475, "consumption": 3.922, "ratioPC": 0.5529999999999995, "maxBatteryPerDay": 8.75, "maxAtThisDay": 10, "batteryLevelPercentage": -0.5395301062573793, "buyPrice": 0.149072, "sellPrice": 0.1, "batteryLevel": -5.395301062573793, "maxBatteryForMonth": 10, "Temperature": 37.6, "ratioPc": "noData"}