{"bought": 136.9, "sold": 335.12, "Time_string": "Last update at 21:18 - 21/06/2023", "produce": 0.083, "consumption": 0.255, "ratioPc": "noData", "buyPrice": 0.149072, "sellPrice": 0.1, "batteryLevel": 87.90412149833637, "maxBatteryPerDay": 8.75, "batteryLevelPercentage": 0.4783897768616945, "maxAtThisDay": 183.75, "ratioPC": -0.172}