{"bought": 383.54, "sold": 290.0, "Time_string": "Last update at 12:08 - 31/08/2023", "produce": 0, "consumption": 0, "ratioPC": 2.1260000000000003, "maxBatteryPerDay": 8.75, "maxAtThisDay": 10, "batteryLevelPercentage": -18.900313190941294, "buyPrice": 0.149072, "sellPrice": 0.1, "batteryLevel": -189.00313190941293, "maxBatteryForMonth": 10, "Temperature": 28.3, "ratioPc": "noData"}