{"bought": 192.24, "sold": 470.79, "Time_string": "Last update at 20:44 - 20/05/2024", "produce": 0.14, "consumption": 0.293, "ratioPC": -0.013000000000000012, "maxBatteryPerDay": 8.75, "maxAtThisDay": 100, "batteryLevelPercentage": 1.2357383492540521, "buyPrice": 0.149072, "sellPrice": 0.1, "batteryLevel": 123.57383492540521, "maxBatteryForMonth": 100, "Temperature": 20.3, "ratioPc": "noData"}