{"bought": 141.29, "sold": 353.97, "Time_string": "Last update at 02:23 - 23/06/2023", "produce": 0.0, "consumption": 0.087, "ratioPc": "noData", "buyPrice": 0.149072, "sellPrice": 0.1, "batteryLevel": 96.15901792422457, "maxBatteryPerDay": 8.75, "batteryLevelPercentage": 0.47780878471664384, "maxAtThisDay": 201.25, "ratioPC": -0.087}