{"bought": 268.21, "sold": 305.38, "Time_string": "Last update at 16:58 - 25/07/2023", "produce": 4.332, "consumption": 1.171, "buyPrice": 0.149072, "sellPrice": 0.1, "batteryLevel": -63.35596973274659, "maxBatteryPerDay": 8.75, "batteryLevelPercentage": -6.335596973274659, "maxAtThisDay": 10, "ratioPC": 3.1609999999999996, "maxBatteryForMonth": 10, "ratioPc": "noData"}