{"bought": 254.16, "sold": 309.67, "Time_string": "Last update at 22:00 - 22/09/2024", "produce": 0.0, "consumption": 0.352, "ratioPC": -0.333, "maxBatteryPerDay": 8.75, "maxAtThisDay": 100, "batteryLevelPercentage": -0.46428165718578923, "buyPrice": 0.149072, "sellPrice": 0.1, "batteryLevel": -46.428165718578924, "maxBatteryForMonth": 100, "Temperature": 21.0, "ratioPc": "noData"}