{"bought": 246.34, "sold": 674.62, "Time_string": "Last update at 21:39 - 28/05/2024", "produce": 0.014, "consumption": 5.356, "ratioPC": -5.341, "maxBatteryPerDay": 8.75, "maxAtThisDay": 100, "batteryLevelPercentage": 2.062064205216271, "buyPrice": 0.149072, "sellPrice": 0.1, "batteryLevel": 206.2064205216271, "maxBatteryForMonth": 100, "Temperature": 26.7, "ratioPc": "noData"}