{"bought": 58.25, "sold": 21.64, "Time_string": "Last update at 11:57 - 06/01/2024", "produce": 1.591, "consumption": 4.824, "ratioPC": -3.0780000000000003, "maxBatteryPerDay": 8.75, "maxAtThisDay": 52.5, "batteryLevelPercentage": -0.8330195188518683, "buyPrice": 0.149072, "sellPrice": 0.1, "batteryLevel": -43.73352473972309, "maxBatteryForMonth": 100, "Temperature": 10.0, "ratioPc": "noData"}