{"bought": 196.27, "sold": 183.48, "Time_string": "Last update at 15:23 - 26/12/2023", "produce": 3.657, "consumption": 4.844, "ratioPC": -2.669, "maxBatteryPerDay": 8.75, "maxAtThisDay": 100, "batteryLevelPercentage": -0.7318853600944513, "buyPrice": 0.149072, "sellPrice": 0.1, "batteryLevel": -73.18853600944513, "maxBatteryForMonth": 100, "Temperature": 13.4, "ratioPc": "noData"}