{"bought": 263.06, "sold": 206.46, "Time_string": "Last update at 13:03 - 23/08/2023", "produce": 4.028, "consumption": 3.187, "ratioPC": 0.8409999999999997, "maxBatteryPerDay": 8.75, "maxAtThisDay": 10, "batteryLevelPercentage": -12.456316625523238, "buyPrice": 0.149072, "sellPrice": 0.1, "batteryLevel": -124.56316625523237, "maxBatteryForMonth": 10, "Temperature": 37.1, "ratioPc": "noData"}