{"bought": 272.75, "sold": 40.17, "Time_string": "Last update at 17:51 - 13/08/2024", "produce": 3.545, "consumption": 3.385, "ratioPC": 0.38500000000000023, "maxBatteryPerDay": 8.75, "maxAtThisDay": 100, "batteryLevelPercentage": -2.4580328968552108, "buyPrice": 0.149072, "sellPrice": 0.1, "batteryLevel": -245.8032896855211, "maxBatteryForMonth": 100, "Temperature": 34.1, "ratioPc": "noData"}