{"bought": 243.92, "sold": 199.52, "Time_string": "Last update at 12:24 - 22/08/2023", "produce": 3.552, "consumption": 4.175, "ratioPC": -0.6229999999999998, "maxBatteryPerDay": 8.75, "maxAtThisDay": 10, "batteryLevelPercentage": -11.007863475367605, "buyPrice": 0.149072, "sellPrice": 0.1, "batteryLevel": -110.07863475367606, "maxBatteryForMonth": 10, "Temperature": 36.8, "ratioPc": "noData"}