{"bought": 15.79, "sold": 1.36, "Time_string": "Last update at 14:38 - 01/06/2024", "produce": 4.47, "consumption": 6.545, "ratioPC": -2.1550000000000002, "maxBatteryPerDay": 8.75, "maxAtThisDay": 8.75, "batteryLevelPercentage": -1.700307333752434, "buyPrice": 0.149072, "sellPrice": 0.1, "batteryLevel": -14.877689170333797, "maxBatteryForMonth": 100, "Temperature": 31.6, "ratioPc": "noData"}