{"bought": 128.62, "sold": 125.42, "Time_string": "Last update at 09:57 - 19/12/2023", "produce": 0.589, "consumption": 0.184, "ratioPC": 0.515, "maxBatteryPerDay": 8.75, "maxAtThisDay": 100, "batteryLevelPercentage": -0.4448615863475368, "buyPrice": 0.149072, "sellPrice": 0.1, "batteryLevel": -44.48615863475368, "maxBatteryForMonth": 100, "Temperature": 5.0, "ratioPc": "noData"}