{"bought": 196.84, "sold": 371.37, "Time_string": "Last update at 10:23 - 26/06/2023", "produce": 1.427, "consumption": 4.674, "ratioPc": "noData", "buyPrice": 0.149072, "sellPrice": 0.1, "batteryLevel": 52.28123000965974, "maxBatteryPerDay": 8.75, "batteryLevelPercentage": 0.22980760443806478, "maxAtThisDay": 227.5, "ratioPC": -3.2470000000000003}