{"bought": 395.74, "sold": 371.5, "Time_string": "Last update at 14:06 - 31/10/2024", "produce": 0.398, "consumption": 0.309, "ratioPC": 0.7370000000000001, "maxBatteryPerDay": 8.75, "maxAtThisDay": 100, "batteryLevelPercentage": -1.4653156380809276, "buyPrice": 0.149072, "sellPrice": 0.1, "batteryLevel": -146.53156380809276, "maxBatteryForMonth": 100, "Temperature": 17.9, "ratioPc": "noData"}