{"bought": 184.01, "sold": 351.72, "Time_string": "Last update at 05:21 - 17/05/2024", "produce": 0.0, "consumption": 0.121, "ratioPC": -0.152, "maxBatteryPerDay": 8.75, "maxAtThisDay": 100, "batteryLevelPercentage": 0.5192968015455619, "buyPrice": 0.149072, "sellPrice": 0.1, "batteryLevel": 51.929680154556195, "maxBatteryForMonth": 100, "Temperature": 13.0, "ratioPc": "noData"}