{"bought": 22.52, "sold": 61.48, "Time_string": "Last update at 14:29 - 04/10/2023", "produce": 4.57, "consumption": 3.894, "ratioPC": 0.6760000000000002, "maxBatteryPerDay": 8.75, "maxAtThisDay": 10, "batteryLevelPercentage": 1.872181603520446, "buyPrice": 0.149072, "sellPrice": 0.1, "batteryLevel": 18.72181603520446, "maxBatteryForMonth": 10, "Temperature": 31.5, "ratioPc": "noData"}