{"bought": 194.17, "sold": 473.76, "Time_string": "Last update at 11:20 - 21/05/2024", "produce": 3.148, "consumption": 0.183, "ratioPC": 2.735, "maxBatteryPerDay": 8.75, "maxAtThisDay": 100, "batteryLevelPercentage": 1.236361607813674, "buyPrice": 0.149072, "sellPrice": 0.1, "batteryLevel": 123.63616078136741, "maxBatteryForMonth": 100, "Temperature": 19.3, "ratioPc": "noData"}