{"bought": 70.07, "sold": 138.63, "Time_string": "Last update at 07:48 - 10/09/2024", "produce": 0.0, "consumption": 0.164, "ratioPC": -0.202, "maxBatteryPerDay": 8.75, "maxAtThisDay": 87.5, "batteryLevelPercentage": 0.26200378417332365, "buyPrice": 0.149072, "sellPrice": 0.1, "batteryLevel": 22.925331115165818, "maxBatteryForMonth": 100, "Temperature": 15.2, "ratioPc": "noData"}