{"bought": 71.61, "sold": 253.56, "Time_string": "Last update at 17:43 - 15/06/2023", "produce": 3.58, "consumption": 3.3378, "ratioPc": null, "buyPrice": 0.149072, "sellPrice": 0.1, "batteryLevel": 98.48230438982505, "maxBatteryPerDay": 8.75, "batteryLevelPercentage": 0.7503413667796194, "maxAtThisDay": 131.25, "ratioPC": 0.24219999999999997}