{"bought": 222.45, "sold": 121.5, "Time_string": "Last update at 10:57 - 22/01/2024", "produce": 2.515, "consumption": 2.416, "ratioPC": -0.42700000000000005, "maxBatteryPerDay": 8.75, "maxAtThisDay": 100, "batteryLevelPercentage": -1.409457604379092, "buyPrice": 0.149072, "sellPrice": 0.1, "batteryLevel": -140.9457604379092, "maxBatteryForMonth": 100, "Temperature": 10.8, "ratioPc": "noData"}