{"bought": 279.67, "sold": 690.04, "Time_string": "Last update at 01:32 - 30/05/2024", "produce": 0.0, "consumption": 0.156, "ratioPC": -0.162, "maxBatteryPerDay": 8.75, "maxAtThisDay": 100, "batteryLevelPercentage": 1.8322041536975422, "buyPrice": 0.149072, "sellPrice": 0.1, "batteryLevel": 183.22041536975422, "maxBatteryForMonth": 100, "Temperature": 21.5, "ratioPc": "noData"}