{"bought": 85.49, "sold": 132.5, "Time_string": "Last update at 14:36 - 10/11/2024", "produce": 3.823, "consumption": 5.086, "ratioPC": -2.305, "maxBatteryPerDay": 8.75, "maxAtThisDay": 87.5, "batteryLevelPercentage": 0.03877970530060257, "buyPrice": 0.149072, "sellPrice": 0.1, "batteryLevel": 3.393224213802725, "maxBatteryForMonth": 100, "Temperature": 22.0, "ratioPc": "noData"}