{"bought": 199.37, "sold": 371.37, "Time_string": "Last update at 11:52 - 26/06/2023", "produce": 3.18, "consumption": 4.104, "ratioPc": "noData", "buyPrice": 0.149072, "sellPrice": 0.1, "batteryLevel": 49.751230009659736, "maxBatteryPerDay": 8.75, "batteryLevelPercentage": 0.21868672531718567, "maxAtThisDay": 227.5, "ratioPC": -0.9239999999999999}