{"bought": 34.73, "sold": 111.6, "Time_string": "Last update at 09:17 - 08/09/2023", "produce": 0.252, "consumption": 0.111, "ratioPC": 0.14100000000000001, "maxBatteryPerDay": 8.75, "maxAtThisDay": 10, "batteryLevelPercentage": 4.0133153375550075, "buyPrice": 0.149072, "sellPrice": 0.1, "batteryLevel": 40.13315337555007, "maxBatteryForMonth": 10, "Temperature": 20.9, "ratioPc": "noData"}