{"bought": 45.08, "sold": 92.96, "Time_string": "Last update at 05:24 - 07/09/2024", "produce": 0.0, "consumption": 0.128, "ratioPC": -0.094, "maxBatteryPerDay": 8.75, "maxAtThisDay": 61.25, "batteryLevelPercentage": 0.28210821999723995, "buyPrice": 0.149072, "sellPrice": 0.1, "batteryLevel": 17.279128474830948, "maxBatteryForMonth": 100, "Temperature": 17.0, "ratioPc": "noData"}