{"bought": 201.75, "sold": 200.09, "Time_string": "Last update at 15:12 - 19/07/2023", "produce": 4.343, "consumption": 3.779, "buyPrice": 0.149072, "sellPrice": 0.1, "batteryLevel": -67.52626918536009, "maxBatteryPerDay": 8.75, "batteryLevelPercentage": -6.752626918536009, "maxAtThisDay": 10, "ratioPC": 0.5640000000000001, "maxBatteryForMonth": 10, "ratioPc": "noData"}