{"bought": 152.73, "sold": 247.25, "Time_string": "Last update at 15:49 - 16/09/2024", "produce": 4.252, "consumption": 7.703, "ratioPC": 1.7589999999999995, "maxBatteryPerDay": 8.75, "maxAtThisDay": 100, "batteryLevelPercentage": 0.131294504668885, "buyPrice": 0.149072, "sellPrice": 0.1, "batteryLevel": 13.1294504668885, "maxBatteryForMonth": 100, "Temperature": 32.8, "ratioPc": "noData"}