{"bought": 233.3, "sold": 635.08, "Time_string": "Last update at 13:08 - 27/05/2024", "produce": 4.4, "consumption": 0.37, "ratioPC": 3.9599999999999995, "maxBatteryPerDay": 8.75, "maxAtThisDay": 100, "batteryLevelPercentage": 1.9272232478265539, "buyPrice": 0.149072, "sellPrice": 0.1, "batteryLevel": 192.7223247826554, "maxBatteryForMonth": 100, "Temperature": 29.3, "ratioPc": "noData"}