{"bought": 30.54, "sold": 14.45, "Time_string": "Last update at 20:24 - 02/06/2024", "produce": 0.241, "consumption": 0.268, "ratioPC": 0.07400000000000001, "maxBatteryPerDay": 8.75, "maxAtThisDay": 17.5, "batteryLevelPercentage": -1.191239853416949, "buyPrice": 0.149072, "sellPrice": 0.1, "batteryLevel": -20.84669743479661, "maxBatteryForMonth": 100, "Temperature": 30.2, "ratioPc": "noData"}