{"bought": 186.96, "sold": 380.78, "Time_string": "Last update at 09:52 - 18/05/2024", "produce": 0.924, "consumption": 0.146, "ratioPC": -0.8039999999999999, "maxBatteryPerDay": 8.75, "maxAtThisDay": 100, "batteryLevelPercentage": 0.6847361597080601, "buyPrice": 0.149072, "sellPrice": 0.1, "batteryLevel": 68.47361597080601, "maxBatteryForMonth": 100, "Temperature": 16.7, "ratioPc": "noData"}