{"bought": 102.65, "sold": 103.2, "Time_string": "Last update at 22:29 - 09/06/2024", "produce": 0.0, "consumption": 0.322, "ratioPC": -0.222, "maxBatteryPerDay": 8.75, "maxAtThisDay": 78.75, "batteryLevelPercentage": -0.42440263658681615, "buyPrice": 0.149072, "sellPrice": 0.1, "batteryLevel": -33.421707631211774, "maxBatteryForMonth": 100, "Temperature": 20.0, "ratioPc": "noData"}