{"bought": 236.01, "sold": 673.86, "Time_string": "Last update at 19:07 - 28/05/2024", "produce": 2.133, "consumption": 0.146, "ratioPC": 2.164, "maxBatteryPerDay": 8.75, "maxAtThisDay": 100, "batteryLevelPercentage": 2.1602659976387253, "buyPrice": 0.149072, "sellPrice": 0.1, "batteryLevel": 216.02659976387253, "maxBatteryForMonth": 100, "Temperature": 31.9, "ratioPc": "noData"}