{"bought": 129.65, "sold": 173.03, "Time_string": "Last update at 04:32 - 13/11/2024", "produce": 0.0, "consumption": 0.233, "ratioPC": -0.237, "maxBatteryPerDay": 8.75, "maxAtThisDay": 100, "batteryLevelPercentage": -0.13578571428571437, "buyPrice": 0.149072, "sellPrice": 0.1, "batteryLevel": -13.578571428571436, "maxBatteryForMonth": 100, "Temperature": 12.5, "ratioPc": "noData"}