{"bought": 174.91, "sold": 122.06, "Time_string": "Last update at 11:24 - 16/08/2023", "produce": 2.938, "consumption": 1.035, "ratioPC": 1.9030000000000002, "maxBatteryPerDay": 8.75, "maxAtThisDay": 10, "batteryLevelPercentage": -9.30301030374584, "buyPrice": 0.149072, "sellPrice": 0.1, "batteryLevel": -93.0301030374584, "maxBatteryForMonth": 10, "Temperature": 27.8, "ratioPc": "noData"}