{"bought": 294.22, "sold": 332.2, "Time_string": "Last update at 10:27 - 26/10/2024", "produce": 1.357, "consumption": 6.928, "ratioPC": -7.023000000000001, "maxBatteryPerDay": 8.75, "maxAtThisDay": 100, "batteryLevelPercentage": -0.7137466351829994, "buyPrice": 0.149072, "sellPrice": 0.1, "batteryLevel": -71.37466351829994, "maxBatteryForMonth": 100, "Temperature": 12.9, "ratioPc": "noData"}