{"bought": 76.67, "sold": 253.75, "Time_string": "Last update at 20:15 - 15/06/2023", "produce": 0.453, "consumption": 3.533, "ratioPc": null, "buyPrice": 0.149072, "sellPrice": 0.1, "batteryLevel": 93.5497595792637, "maxBatteryPerDay": 8.75, "batteryLevelPercentage": 0.7127600729848662, "maxAtThisDay": 131.25, "ratioPC": -3.08}