{"bought": 184.51, "sold": 360.34, "Time_string": "Last update at 13:12 - 17/05/2024", "produce": 5.226, "consumption": 0.303, "ratioPC": 3.36, "maxBatteryPerDay": 8.75, "maxAtThisDay": 100, "batteryLevelPercentage": 0.5721212085435223, "buyPrice": 0.149072, "sellPrice": 0.1, "batteryLevel": 57.212120854352236, "maxBatteryForMonth": 100, "Temperature": 21.4, "ratioPc": "noData"}