{"bought": 44.33, "sold": 117.38, "Time_string": "Last update at 13:53 - 08/10/2023", "produce": 4.641, "consumption": 3.082, "ratioPC": 1.5590000000000002, "maxBatteryPerDay": 8.75, "maxAtThisDay": 10, "batteryLevelPercentage": 3.4410474401631417, "buyPrice": 0.149072, "sellPrice": 0.1, "batteryLevel": 34.41047440163142, "maxBatteryForMonth": 10, "Temperature": 32.7, "ratioPc": "noData"}