{"bought": 374.27, "sold": 281.79, "Time_string": "Last update at 15:46 - 30/08/2023", "produce": 4.613, "consumption": 0.314, "ratioPC": 4.299, "maxBatteryPerDay": 8.75, "maxAtThisDay": 10, "batteryLevelPercentage": -18.524053772673604, "buyPrice": 0.149072, "sellPrice": 0.1, "batteryLevel": -185.24053772673605, "maxBatteryForMonth": 10, "Temperature": 34.8, "ratioPc": "noData"}