{"bought": 92.25, "sold": 232.39, "Time_string": "Last update at 10:19 - 12/05/2024", "produce": 1.671, "consumption": 2.454, "ratioPC": 0.11099999999999999, "maxBatteryPerDay": 8.75, "maxAtThisDay": 100, "batteryLevelPercentage": 0.6364111301921218, "buyPrice": 0.149072, "sellPrice": 0.1, "batteryLevel": 63.641113019212185, "maxBatteryForMonth": 100, "Temperature": 20.6, "ratioPc": "noData"}