{"bought": 194.33, "sold": 172.35, "Time_string": "Last update at 10:09 - 19/08/2023", "produce": 1.074, "consumption": 1.053, "ratioPC": 0.02100000000000013, "maxBatteryPerDay": 8.75, "maxAtThisDay": 10, "batteryLevelPercentage": -7.871472684340455, "buyPrice": 0.149072, "sellPrice": 0.1, "batteryLevel": -78.71472684340455, "maxBatteryForMonth": 10, "Temperature": 27.7, "ratioPc": "noData"}