{"bought": 138.48, "sold": 88.23, "Time_string": "Last update at 14:55 - 12/08/2023", "produce": 4.652, "consumption": 3.614, "ratioPC": 1.0380000000000003, "maxBatteryPerDay": 8.75, "maxAtThisDay": 10, "batteryLevelPercentage": -7.929383492540516, "buyPrice": 0.149072, "sellPrice": 0.1, "batteryLevel": -79.29383492540516, "maxBatteryForMonth": 10, "Temperature": 39.8, "ratioPc": "noData"}