{"bought": 169.52, "sold": 186.31, "Time_string": "Last update at 14:22 - 17/07/2023", "produce": 4.467, "consumption": 2.976, "buyPrice": 0.149072, "sellPrice": 0.1, "batteryLevel": -44.54012450359559, "maxBatteryPerDay": 8.75, "batteryLevelPercentage": -4.454012450359559, "maxAtThisDay": 10, "ratioPC": 1.4909999999999997, "maxBatteryForMonth": 10, "ratioPc": "noData"}