{"bought": 156.14, "sold": 144.13, "Time_string": "Last update at 09:52 - 22/12/2023", "produce": 1.023, "consumption": 0.142, "ratioPC": 0.646, "maxBatteryPerDay": 8.75, "maxAtThisDay": 100, "batteryLevelPercentage": -0.5945517655897821, "buyPrice": 0.149072, "sellPrice": 0.1, "batteryLevel": -59.45517655897821, "maxBatteryForMonth": 100, "Temperature": 7.7, "ratioPc": "noData"}