{"bought": 116.06, "sold": 206.45, "Time_string": "Last update at 11:08 - 14/06/2024", "produce": 2.601, "consumption": 0.138, "ratioPC": 2.33, "maxBatteryPerDay": 8.75, "maxAtThisDay": 100, "batteryLevelPercentage": 0.22430125576902413, "buyPrice": 0.149072, "sellPrice": 0.1, "batteryLevel": 22.430125576902412, "maxBatteryForMonth": 100, "Temperature": 26.3, "ratioPc": "noData"}