{"bought": 57.6, "sold": 90.79, "Time_string": "Last update at 12:50 - 07/07/2023", "produce": 4.089, "consumption": 0.866, "buyPrice": 0.149072, "sellPrice": 0.1, "batteryLevel": 3.3034560480841435, "maxBatteryPerDay": 8.75, "batteryLevelPercentage": 0.33034560480841435, "maxAtThisDay": 10, "ratioPC": 3.2230000000000003, "maxBatteryForMonth": 10, "ratioPc": "noData"}