{"bought": 165.94, "sold": 444.61, "Time_string": "Last update at 16:45 - 30/10/2023", "produce": 0.814, "consumption": 0.485, "ratioPC": 0.32899999999999996, "maxBatteryPerDay": 8.75, "maxAtThisDay": 10, "batteryLevelPercentage": 13.231185145433079, "buyPrice": 0.149072, "sellPrice": 0.1, "batteryLevel": 132.3118514543308, "maxBatteryForMonth": 10, "Temperature": 19.5, "ratioPc": "noData"}