{"bought": 304.35, "sold": 366.36, "Time_string": "Last update at 18:31 - 29/07/2023", "produce": 2.951, "consumption": 2.925, "buyPrice": 0.149072, "sellPrice": 0.1, "batteryLevel": -58.58956209080179, "maxBatteryPerDay": 8.75, "batteryLevelPercentage": -5.858956209080179, "maxAtThisDay": 10, "ratioPC": 0.026000000000000245, "maxBatteryForMonth": 10, "ratioPc": "noData"}