{"bought": 205.63, "sold": 274.84, "Time_string": "Last update at 19:03 - 18/09/2024", "produce": 1.152, "consumption": 1.152, "ratioPC": 0.4790000000000001, "maxBatteryPerDay": 8.75, "maxAtThisDay": 100, "batteryLevelPercentage": -0.21262714393045, "buyPrice": 0.149072, "sellPrice": 0.1, "batteryLevel": -21.262714393045, "maxBatteryForMonth": 100, "Temperature": 25.9, "ratioPc": "noData"}