{"bought": 191.19, "sold": 202.16, "Time_string": "Last update at 19:41 - 17/10/2024", "produce": 0.027, "consumption": 0.2, "ratioPC": -0.12100000000000001, "maxBatteryPerDay": 8.75, "maxAtThisDay": 100, "batteryLevelPercentage": -0.5557767843726521, "buyPrice": 0.149072, "sellPrice": 0.1, "batteryLevel": -55.577678437265206, "maxBatteryForMonth": 100, "Temperature": 18.3, "ratioPc": "noData"}