{"bought": 268.12, "sold": 208.59, "Time_string": "Last update at 15:51 - 31/12/2023", "produce": 2.668, "consumption": 6.142, "ratioPC": -3.7960000000000003, "maxBatteryPerDay": 8.75, "maxAtThisDay": 100, "batteryLevelPercentage": -1.2819432649994633, "buyPrice": 0.149072, "sellPrice": 0.1, "batteryLevel": -128.19432649994633, "maxBatteryForMonth": 100, "Temperature": 15.8, "ratioPc": "noData"}