{"bought": 205.52, "sold": 536.53, "Time_string": "Last update at 12:56 - 23/05/2024", "produce": 4.462, "consumption": 1.827, "ratioPC": 3.77, "maxBatteryPerDay": 8.75, "maxAtThisDay": 100, "batteryLevelPercentage": 1.5439333047118167, "buyPrice": 0.149072, "sellPrice": 0.1, "batteryLevel": 154.39333047118166, "maxBatteryForMonth": 100, "Temperature": 25.9, "ratioPc": "noData"}