{"bought": 509.78, "sold": 76.34, "Time_string": "Last update at 10:15 - 23/08/2024", "produce": 1.216, "consumption": 1.456, "ratioPC": 0.396, "maxBatteryPerDay": 8.75, "maxAtThisDay": 100, "batteryLevelPercentage": -4.585698465171192, "buyPrice": 0.149072, "sellPrice": 0.1, "batteryLevel": -458.56984651711923, "maxBatteryForMonth": 100, "Temperature": 24.5, "ratioPc": "noData"}