{"bought": 121.45, "sold": 151.46, "Time_string": "Last update at 18:25 - 11/11/2024", "produce": 0.012, "consumption": 0.347, "ratioPC": -0.286, "maxBatteryPerDay": 8.75, "maxAtThisDay": 96.25, "batteryLevelPercentage": -0.20621391702641043, "buyPrice": 0.149072, "sellPrice": 0.1, "batteryLevel": -19.848089513792004, "maxBatteryForMonth": 100, "Temperature": 18.6, "ratioPc": "noData"}