{"bought": 262.98, "sold": 202.02, "Time_string": "Last update at 09:38 - 23/08/2023", "produce": 0.414, "consumption": 0.33, "ratioPC": 0.08399999999999996, "maxBatteryPerDay": 8.75, "maxAtThisDay": 10, "batteryLevelPercentage": -12.746159278737792, "buyPrice": 0.149072, "sellPrice": 0.1, "batteryLevel": -127.46159278737792, "maxBatteryForMonth": 10, "Temperature": 28.9, "ratioPc": "noData"}