{"bought": 462.79, "sold": 69.59, "Time_string": "Last update at 15:42 - 21/08/2024", "produce": 4.664, "consumption": 5.047, "ratioPC": -0.32699999999999996, "maxBatteryPerDay": 8.75, "maxAtThisDay": 100, "batteryLevelPercentage": -4.161078598261243, "buyPrice": 0.149072, "sellPrice": 0.1, "batteryLevel": -416.1078598261243, "maxBatteryForMonth": 100, "Temperature": 35.7, "ratioPc": "noData"}