{"bought": 79.0, "sold": 341.08, "Time_string": "Last update at 14:41 - 19/09/2023", "produce": 4.964, "consumption": 0.175, "ratioPC": 4.789000000000001, "maxBatteryPerDay": 8.75, "maxAtThisDay": 10, "batteryLevelPercentage": 14.980218954599115, "buyPrice": 0.149072, "sellPrice": 0.1, "batteryLevel": 149.80218954599115, "maxBatteryForMonth": 10, "Temperature": 27.0, "ratioPc": "noData"}