{"bought": 74.81, "sold": 24.43, "Time_string": "Last update at 12:14 - 07/01/2024", "produce": 4.069, "consumption": 4.941, "ratioPC": -0.8280000000000003, "maxBatteryPerDay": 8.75, "maxAtThisDay": 61.25, "batteryLevelPercentage": -0.9538276882503566, "buyPrice": 0.149072, "sellPrice": 0.1, "batteryLevel": -58.42194590533434, "maxBatteryForMonth": 100, "Temperature": 10.5, "ratioPc": "noData"}