{"bought": 141.98, "sold": 158.48, "Time_string": "Last update at 12:52 - 14/07/2023", "produce": 4.063, "consumption": 1.373, "buyPrice": 0.149072, "sellPrice": 0.1, "batteryLevel": -35.66895567242675, "maxBatteryPerDay": 8.75, "batteryLevelPercentage": -3.5668955672426748, "maxAtThisDay": 10, "ratioPC": 2.6899999999999995, "maxBatteryForMonth": 10, "ratioPc": "noData"}