{"bought": 270.6, "sold": 180.5, "Time_string": "Last update at 15:18 - 24/01/2024", "produce": 4.333, "consumption": 0.176, "ratioPC": 4.359, "maxBatteryPerDay": 8.75, "maxAtThisDay": 100, "batteryLevelPercentage": -1.4951757003327253, "buyPrice": 0.149072, "sellPrice": 0.1, "batteryLevel": -149.51757003327253, "maxBatteryForMonth": 100, "Temperature": 21.3, "ratioPc": "noData"}