{"bought": 258.77, "sold": 208.02, "Time_string": "Last update at 11:05 - 31/12/2023", "produce": 0.587, "consumption": 5.024, "ratioPC": -4.008, "maxBatteryPerDay": 8.75, "maxAtThisDay": 100, "batteryLevelPercentage": -1.1922669206826229, "buyPrice": 0.149072, "sellPrice": 0.1, "batteryLevel": -119.22669206826228, "maxBatteryForMonth": 100, "Temperature": 10.2, "ratioPc": "noData"}