{"bought": 63.26, "sold": 66.09, "Time_string": "Last update at 09:36 - 06/11/2024", "produce": 1.284, "consumption": 0.295, "ratioPC": 0.9299999999999999, "maxBatteryPerDay": 8.75, "maxAtThisDay": 52.5, "batteryLevelPercentage": -0.3604898776941278, "buyPrice": 0.149072, "sellPrice": 0.1, "batteryLevel": -18.925718578941712, "maxBatteryForMonth": 100, "Temperature": 17.6, "ratioPc": "noData"}