{"bought": 396.39, "sold": 372.32, "Time_string": "Last update at 17:42 - 31/10/2024", "produce": 0.39, "consumption": 0.228, "ratioPC": 0.17500000000000002, "maxBatteryPerDay": 8.75, "maxAtThisDay": 100, "batteryLevelPercentage": -1.4663149404314695, "buyPrice": 0.149072, "sellPrice": 0.1, "batteryLevel": -146.63149404314694, "maxBatteryForMonth": 100, "Temperature": 17.3, "ratioPc": "noData"}