{"bought": 202.57, "sold": 31.74, "Time_string": "Last update at 16:05 - 10/08/2024", "produce": 4.046, "consumption": 4.631, "ratioPC": -0.06899999999999995, "maxBatteryPerDay": 8.75, "maxAtThisDay": 87.5, "batteryLevelPercentage": -2.071751716524326, "buyPrice": 0.149072, "sellPrice": 0.1, "batteryLevel": -181.2782751958785, "maxBatteryForMonth": 100, "Temperature": 38.1, "ratioPc": "noData"}