{"bought": 236.67, "sold": 386.81, "Time_string": "Last update at 03:28 - 29/06/2023", "produce": 0.0, "consumption": 0.143, "buyPrice": 0.149072, "sellPrice": 0.1, "batteryLevel": 22.808641193517275, "maxBatteryPerDay": 8.75, "batteryLevelPercentage": 0.22808641193517276, "maxAtThisDay": 100, "ratioPC": -0.143, "maxBatteryForMonth": 100, "ratioPc": "noData"}