{"bought": 90.81, "sold": 138.04, "Time_string": "Last update at 21:43 - 10/07/2023", "produce": 0.025, "consumption": 3.49, "buyPrice": 0.149072, "sellPrice": 0.1, "batteryLevel": 1.78954921111945, "maxBatteryPerDay": 8.75, "batteryLevelPercentage": 0.178954921111945, "maxAtThisDay": 10, "ratioPC": -3.4650000000000003, "maxBatteryForMonth": 10, "ratioPc": "noData"}