{"bought": 125.56, "sold": 287.61, "Time_string": "Last update at 16:54 - 17/06/2024", "produce": 4.249, "consumption": 2.003, "ratioPC": 1.9449999999999998, "maxBatteryPerDay": 8.75, "maxAtThisDay": 100, "batteryLevelPercentage": 0.6737361597080604, "buyPrice": 0.149072, "sellPrice": 0.1, "batteryLevel": 67.37361597080604, "maxBatteryForMonth": 100, "Temperature": 33.0, "ratioPc": "noData"}