{"bought": 355.89, "sold": 58.34, "Time_string": "Last update at 11:43 - 18/08/2024", "produce": 3.014, "consumption": 7.822, "ratioPC": -5.332000000000001, "maxBatteryPerDay": 8.75, "maxAtThisDay": 100, "batteryLevelPercentage": -3.16754548674466, "buyPrice": 0.149072, "sellPrice": 0.1, "batteryLevel": -316.75454867446604, "maxBatteryForMonth": 100, "Temperature": 33.4, "ratioPc": "noData"}