{"bought": 137.2, "sold": 185.55, "Time_string": "Last update at 11:52 - 14/11/2024", "produce": 0.18, "consumption": 0.187, "ratioPC": -0.08999999999999998, "maxBatteryPerDay": 8.75, "maxAtThisDay": 100, "batteryLevelPercentage": -0.12729945261350195, "buyPrice": 0.149072, "sellPrice": 0.1, "batteryLevel": -12.729945261350196, "maxBatteryForMonth": 100, "Temperature": 14.9, "ratioPc": "noData"}