{"bought": 109.08, "sold": 150.9, "Time_string": "Last update at 14:43 - 12/07/2023", "produce": 4.703, "consumption": 4.859, "buyPrice": 0.149072, "sellPrice": 0.1, "batteryLevel": -7.853746914242777, "maxBatteryPerDay": 8.75, "batteryLevelPercentage": -0.7853746914242776, "maxAtThisDay": 10, "ratioPC": -0.1559999999999997, "maxBatteryForMonth": 10, "ratioPc": "noData"}