{"bought": 102.02, "sold": 96.47, "Time_string": "Last update at 14:24 - 09/06/2024", "produce": 1.511, "consumption": 2.234, "ratioPC": 2.1959999999999997, "maxBatteryPerDay": 8.75, "maxAtThisDay": 78.75, "batteryLevelPercentage": -0.47373085212046256, "buyPrice": 0.149072, "sellPrice": 0.1, "batteryLevel": -37.30630460448643, "maxBatteryForMonth": 100, "Temperature": 23.6, "ratioPc": "noData"}