{"bought": 193.33, "sold": 370.91, "Time_string": "Last update at 22:42 - 25/06/2023", "produce": 0.0, "consumption": 1.653, "ratioPc": "noData", "buyPrice": 0.149072, "sellPrice": 0.1, "batteryLevel": 55.48265428786087, "maxBatteryPerDay": 8.75, "batteryLevelPercentage": 0.25363499103022114, "maxAtThisDay": 218.75, "ratioPC": -1.653}