{"bought": 250.35, "sold": 207.56, "Time_string": "Last update at 16:55 - 30/12/2023", "produce": 1.399, "consumption": 0.306, "ratioPC": 1.2750000000000001, "maxBatteryPerDay": 8.75, "maxAtThisDay": 100, "batteryLevelPercentage": -1.1111526779006118, "buyPrice": 0.149072, "sellPrice": 0.1, "batteryLevel": -111.11526779006118, "maxBatteryForMonth": 100, "Temperature": 14.2, "ratioPc": "noData"}