{"bought": 226.44, "sold": 320.14, "Time_string": "Last update at 05:11 - 20/06/2024", "produce": 0.0, "consumption": 0.159, "ratioPC": -0.161, "maxBatteryPerDay": 8.75, "maxAtThisDay": 100, "batteryLevelPercentage": -0.11684713963722232, "buyPrice": 0.149072, "sellPrice": 0.1, "batteryLevel": -11.684713963722231, "maxBatteryForMonth": 100, "Temperature": 13.8, "ratioPc": "noData"}