{"bought": 143.98, "sold": 292.9, "Time_string": "Last update at 14:04 - 14/05/2024", "produce": 5.466, "consumption": 0.353, "ratioPC": 4.923, "maxBatteryPerDay": 8.75, "maxAtThisDay": 100, "batteryLevelPercentage": 0.5250223677149296, "buyPrice": 0.149072, "sellPrice": 0.1, "batteryLevel": 52.50223677149296, "maxBatteryForMonth": 100, "Temperature": 23.0, "ratioPc": "noData"}