{"bought": 7.59, "sold": 4.59, "Time_string": "Last update at 19:24 - 01/09/2024", "produce": 0.283, "consumption": 2.906, "ratioPC": -2.0540000000000003, "maxBatteryPerDay": 8.75, "maxAtThisDay": 8.75, "batteryLevelPercentage": -0.515537251414465, "buyPrice": 0.149072, "sellPrice": 0.1, "batteryLevel": -4.51095094987657, "maxBatteryForMonth": 100, "Temperature": 32.0, "ratioPc": "noData"}