{"bought": 165.62, "sold": 441.15, "Time_string": "Last update at 14:35 - 30/10/2023", "produce": 4.945, "consumption": 0.263, "ratioPC": 4.682, "maxBatteryPerDay": 8.75, "maxAtThisDay": 10, "batteryLevelPercentage": 13.031082537297413, "buyPrice": 0.149072, "sellPrice": 0.1, "batteryLevel": 130.31082537297414, "maxBatteryForMonth": 10, "Temperature": 20.0, "ratioPc": "noData"}