{"bought": 222.33, "sold": 294.45, "Time_string": "Last update at 09:51 - 21/09/2024", "produce": 0.61, "consumption": 0.147, "ratioPC": 0.319, "maxBatteryPerDay": 8.75, "maxAtThisDay": 100, "batteryLevelPercentage": -0.24807997209402202, "buyPrice": 0.149072, "sellPrice": 0.1, "batteryLevel": -24.807997209402203, "maxBatteryForMonth": 100, "Temperature": 19.9, "ratioPc": "noData"}