{"bought": 59.43, "sold": 28.41, "Time_string": "Last update at 16:33 - 04/06/2024", "produce": 4.276, "consumption": 2.568, "ratioPC": -0.8290000000000002, "maxBatteryPerDay": 8.75, "maxAtThisDay": 35.0, "batteryLevelPercentage": -1.1534884312853617, "buyPrice": 0.149072, "sellPrice": 0.1, "batteryLevel": -40.37209509498766, "maxBatteryForMonth": 100, "Temperature": 31.4, "ratioPc": "noData"}