{"bought": 256.78, "sold": 323.36, "Time_string": "Last update at 16:30 - 23/09/2024", "produce": 2.263, "consumption": 0.285, "ratioPC": 1.451, "maxBatteryPerDay": 8.75, "maxAtThisDay": 100, "batteryLevelPercentage": -0.3986468391113013, "buyPrice": 0.149072, "sellPrice": 0.1, "batteryLevel": -39.86468391113013, "maxBatteryForMonth": 100, "Temperature": 28.0, "ratioPc": "noData"}