{"bought": 230.72, "sold": 338.39, "Time_string": "Last update at 17:07 - 20/06/2024", "produce": 4.454, "consumption": 0.271, "ratioPC": 4.362, "maxBatteryPerDay": 8.75, "maxAtThisDay": 100, "batteryLevelPercentage": -0.03722307609745656, "buyPrice": 0.149072, "sellPrice": 0.1, "batteryLevel": -3.7223076097456556, "maxBatteryForMonth": 100, "Temperature": 24.1, "ratioPc": "noData"}