{"bought": 77.89, "sold": 126.41, "Time_string": "Last update at 19:37 - 09/11/2024", "produce": 0.0, "consumption": 0.378, "ratioPC": -0.293, "maxBatteryPerDay": 8.75, "maxAtThisDay": 78.75, "batteryLevelPercentage": 0.08771999979556057, "buyPrice": 0.149072, "sellPrice": 0.1, "batteryLevel": 6.907949983900394, "maxBatteryForMonth": 100, "Temperature": 17.4, "ratioPc": "noData"}