{"bought": 47.18, "sold": 47.3, "Time_string": "Last update at 16:28 - 03/10/2024", "produce": 4.064, "consumption": 0.2, "ratioPC": 4.156000000000001, "maxBatteryPerDay": 8.75, "maxAtThisDay": 26.25, "batteryLevelPercentage": -0.5885853713386183, "buyPrice": 0.149072, "sellPrice": 0.1, "batteryLevel": -15.45036599763873, "maxBatteryForMonth": 100, "Temperature": 30.5, "ratioPc": "noData"}