{"bought": 83.74, "sold": 109.75, "Time_string": "Last update at 10:24 - 08/10/2024", "produce": 0.894, "consumption": 1.271, "ratioPC": 0.66, "maxBatteryPerDay": 8.75, "maxAtThisDay": 70.0, "batteryLevelPercentage": -0.14454082399300805, "buyPrice": 0.149072, "sellPrice": 0.1, "batteryLevel": -10.117857679510564, "maxBatteryForMonth": 100, "Temperature": 17.8, "ratioPc": "noData"}