{"bought": 259.15, "sold": 327.49, "Time_string": "Last update at 05:09 - 24/09/2024", "produce": 0.0, "consumption": 0.128, "ratioPC": -0.135, "maxBatteryPerDay": 8.75, "maxAtThisDay": 100, "batteryLevelPercentage": -0.39464210582805603, "buyPrice": 0.149072, "sellPrice": 0.1, "batteryLevel": -39.464210582805606, "maxBatteryForMonth": 100, "Temperature": 15.0, "ratioPc": "noData"}