{"bought": 124.96, "sold": 151.46, "Time_string": "Last update at 04:39 - 12/11/2024", "produce": 0.0, "consumption": 0.243, "ratioPC": -0.204, "maxBatteryPerDay": 8.75, "maxAtThisDay": 100, "batteryLevelPercentage": -0.23358089513791996, "buyPrice": 0.149072, "sellPrice": 0.1, "batteryLevel": -23.358089513791995, "maxBatteryForMonth": 100, "Temperature": 13.0, "ratioPc": "noData"}