{"bought": 396.36, "sold": 371.62, "Time_string": "Last update at 15:21 - 31/10/2024", "produce": 0.564, "consumption": 0.24, "ratioPC": -0.231, "maxBatteryPerDay": 8.75, "maxAtThisDay": 100, "batteryLevelPercentage": -1.4707106579371045, "buyPrice": 0.149072, "sellPrice": 0.1, "batteryLevel": -147.07106579371046, "maxBatteryForMonth": 100, "Temperature": 17.4, "ratioPc": "noData"}