{"bought": 120.47, "sold": 246.94, "Time_string": "Last update at 21:46 - 15/06/2024", "produce": 0.024, "consumption": 0.161, "ratioPC": -0.12300000000000001, "maxBatteryPerDay": 8.75, "maxAtThisDay": 100, "batteryLevelPercentage": 0.4518149726306751, "buyPrice": 0.149072, "sellPrice": 0.1, "batteryLevel": 45.18149726306751, "maxBatteryForMonth": 100, "Temperature": 25.5, "ratioPc": "noData"}