{"bought": 256.69, "sold": 315.38, "Time_string": "Last update at 13:15 - 23/09/2024", "produce": 4.17, "consumption": 0.24, "ratioPC": 3.331, "maxBatteryPerDay": 8.75, "maxAtThisDay": 100, "batteryLevelPercentage": -0.45127801867553957, "buyPrice": 0.149072, "sellPrice": 0.1, "batteryLevel": -45.127801867553956, "maxBatteryForMonth": 100, "Temperature": 26.3, "ratioPc": "noData"}