{"bought": 290.73, "sold": 380.93, "Time_string": "Last update at 15:01 - 25/06/2024", "produce": 4.701, "consumption": 8.668, "ratioPC": 0.5840000000000005, "maxBatteryPerDay": 8.75, "maxAtThisDay": 100, "batteryLevelPercentage": -0.3519576151121606, "buyPrice": 0.149072, "sellPrice": 0.1, "batteryLevel": -35.19576151121606, "maxBatteryForMonth": 100, "Temperature": 33.0, "ratioPc": "noData"}