{"bought": 151.28, "sold": 238.05, "Time_string": "Last update at 05:33 - 16/09/2024", "produce": 0.0, "consumption": 0.134, "ratioPC": -0.134, "maxBatteryPerDay": 8.75, "maxAtThisDay": 100, "batteryLevelPercentage": 0.08407936030911259, "buyPrice": 0.149072, "sellPrice": 0.1, "batteryLevel": 8.407936030911259, "maxBatteryForMonth": 100, "Temperature": 20.4, "ratioPc": "noData"}