{"bought": 59.6, "sold": 158.07, "Time_string": "Last update at 10:48 - 11/10/2023", "produce": 1.836, "consumption": 0.877, "ratioPC": 0.9590000000000001, "maxBatteryPerDay": 8.75, "maxAtThisDay": 10, "batteryLevelPercentage": 4.643600944510035, "buyPrice": 0.149072, "sellPrice": 0.1, "batteryLevel": 46.436009445100346, "maxBatteryForMonth": 10, "Temperature": 21.6, "ratioPc": "noData"}