{"bought": 144.45, "sold": 186.37, "Time_string": "Last update at 15:31 - 14/11/2024", "produce": 0.522, "consumption": 6.964, "ratioPC": -6.473, "maxBatteryPerDay": 8.75, "maxAtThisDay": 100, "batteryLevelPercentage": -0.1942987549640442, "buyPrice": 0.149072, "sellPrice": 0.1, "batteryLevel": -19.42987549640442, "maxBatteryForMonth": 100, "Temperature": 16.5, "ratioPc": "noData"}