{"bought": 48.7, "sold": 20.04, "Time_string": "Last update at 08:03 - 04/06/2024", "produce": 0.15, "consumption": 0.129, "ratioPC": -0.10300000000000001, "maxBatteryPerDay": 8.75, "maxAtThisDay": 35.0, "batteryLevelPercentage": -1.0073380456615404, "buyPrice": 0.149072, "sellPrice": 0.1, "batteryLevel": -35.256831598153916, "maxBatteryForMonth": 100, "Temperature": 18.1, "ratioPc": "noData"}