{"bought": 193.65, "sold": 206.21, "Time_string": "Last update at 13:11 - 18/10/2024", "produce": 1.503, "consumption": 0.15, "ratioPC": 1.9290000000000003, "maxBatteryPerDay": 8.75, "maxAtThisDay": 100, "batteryLevelPercentage": -0.5532087045186219, "buyPrice": 0.149072, "sellPrice": 0.1, "batteryLevel": -55.32087045186219, "maxBatteryForMonth": 100, "Temperature": 18.2, "ratioPc": "noData"}