{"bought": 232.9, "sold": 253.92, "Time_string": "Last update at 11:46 - 22/07/2023", "produce": 3.188, "consumption": 2.958, "buyPrice": 0.149072, "sellPrice": 0.1, "batteryLevel": -62.56620156702803, "maxBatteryPerDay": 8.75, "batteryLevelPercentage": -6.2566201567028035, "maxAtThisDay": 10, "ratioPC": 0.22999999999999998, "maxBatteryForMonth": 10, "ratioPc": "noData"}