{"bought": 41.93, "sold": 12.45, "Time_string": "Last update at 16:35 - 04/01/2024", "produce": 0.62, "consumption": 0.981, "ratioPC": -0.31399999999999995, "maxBatteryPerDay": 8.75, "maxAtThisDay": 35.0, "batteryLevelPercentage": -0.9593808859381469, "buyPrice": 0.149072, "sellPrice": 0.1, "batteryLevel": -33.57833100783514, "maxBatteryForMonth": 100, "Temperature": 16.4, "ratioPc": "noData"}