{"bought": 194.33, "sold": 172.37, "Time_string": "Last update at 10:15 - 19/08/2023", "produce": 1.18, "consumption": 1.85, "ratioPC": -0.6700000000000002, "maxBatteryPerDay": 8.75, "maxAtThisDay": 10, "batteryLevelPercentage": -7.870131050767415, "buyPrice": 0.149072, "sellPrice": 0.1, "batteryLevel": -78.70131050767415, "maxBatteryForMonth": 10, "Temperature": 28.0, "ratioPc": "noData"}