{"bought": 174.13, "sold": 407.44, "Time_string": "Last update at 16:14 - 24/11/2023", "produce": 2.154, "consumption": 2.167, "ratioPC": -0.0129999999999999, "maxBatteryPerDay": 8.75, "maxAtThisDay": 100, "batteryLevelPercentage": 0.9918759149940968, "buyPrice": 0.149072, "sellPrice": 0.1, "batteryLevel": 99.18759149940968, "maxBatteryForMonth": 100, "Temperature": 18.5, "ratioPc": "noData"}