{"bought": 247.65, "sold": 345.57, "Time_string": "Last update at 14:23 - 21/06/2024", "produce": 4.898, "consumption": 0.169, "ratioPC": -2.8819999999999997, "maxBatteryPerDay": 8.75, "maxAtThisDay": 100, "batteryLevelPercentage": -0.1583584308253731, "buyPrice": 0.149072, "sellPrice": 0.1, "batteryLevel": -15.835843082537309, "maxBatteryForMonth": 100, "Temperature": 28.4, "ratioPc": "noData"}