{"bought": 96.64, "sold": 141.57, "Time_string": "Last update at 13:34 - 11/07/2023", "produce": 4.259, "consumption": 3.337, "buyPrice": 0.149072, "sellPrice": 0.1, "batteryLevel": -1.672467532467536, "maxBatteryPerDay": 8.75, "batteryLevelPercentage": -0.1672467532467536, "maxAtThisDay": 10, "ratioPC": 0.9220000000000002, "maxBatteryForMonth": 10, "ratioPc": "noData"}