{"bought": 6.6, "sold": 4.59, "Time_string": "Last update at 18:44 - 01/09/2024", "produce": 2.101, "consumption": 2.392, "ratioPC": 0.18900000000000006, "maxBatteryPerDay": 8.75, "maxAtThisDay": 8.75, "batteryLevelPercentage": -0.40239439427160795, "buyPrice": 0.149072, "sellPrice": 0.1, "batteryLevel": -3.5209509498765694, "maxBatteryForMonth": 100, "Temperature": 32.3, "ratioPc": "noData"}