{"bought": 115.23, "sold": 279.75, "Time_string": "Last update at 08:47 - 20/10/2023", "produce": 0.021, "consumption": 0.088, "ratioPC": -0.06699999999999999, "maxBatteryPerDay": 8.75, "maxAtThisDay": 10, "batteryLevelPercentage": 7.2430996028764625, "buyPrice": 0.149072, "sellPrice": 0.1, "batteryLevel": 72.43099602876462, "maxBatteryForMonth": 10, "Temperature": 14.6, "ratioPc": "noData"}