{"bought": 148.22, "sold": 289.21, "Time_string": "Last update at 21:54 - 17/06/2024", "produce": 0.0, "consumption": 5.612, "ratioPC": -5.678999999999999, "maxBatteryPerDay": 8.75, "maxAtThisDay": 100, "batteryLevelPercentage": 0.4578692282923686, "buyPrice": 0.149072, "sellPrice": 0.1, "batteryLevel": 45.78692282923686, "maxBatteryForMonth": 100, "Temperature": 24.2, "ratioPc": "noData"}