{"bought": 182.85, "sold": 370.91, "Time_string": "Last update at 18:42 - 25/06/2023", "produce": 2.366, "consumption": 4.179, "ratioPc": "noData", "buyPrice": 0.149072, "sellPrice": 0.1, "batteryLevel": 65.96265428786089, "maxBatteryPerDay": 8.75, "batteryLevelPercentage": 0.3015435624587926, "maxAtThisDay": 218.75, "ratioPC": -1.8130000000000002}