{"bought": 86.57, "sold": 129.99, "Time_string": "Last update at 12:04 - 09/10/2024", "produce": 0.476, "consumption": 0.092, "ratioPC": 0.301, "maxBatteryPerDay": 8.75, "maxAtThisDay": 78.75, "batteryLevelPercentage": 0.007993321646214344, "buyPrice": 0.149072, "sellPrice": 0.1, "batteryLevel": 0.6294740796393796, "maxBatteryForMonth": 100, "Temperature": 22.0, "ratioPc": "noData"}