{"bought": 204.69, "sold": 260.53, "Time_string": "Last update at 09:03 - 18/09/2024", "produce": 0.215, "consumption": 0.102, "ratioPC": 0.089, "maxBatteryPerDay": 8.75, "maxAtThisDay": 100, "batteryLevelPercentage": -0.29922102608135703, "buyPrice": 0.149072, "sellPrice": 0.1, "batteryLevel": -29.922102608135702, "maxBatteryForMonth": 100, "Temperature": 19.1, "ratioPc": "noData"}