{"bought": 92.56, "sold": 445.29, "Time_string": "Last update at 18:55 - 23/09/2023", "produce": 1.513, "consumption": 0.863, "ratioPC": 0.6499999999999999, "maxBatteryPerDay": 8.75, "maxAtThisDay": 10, "batteryLevelPercentage": 20.61480068691639, "buyPrice": 0.149072, "sellPrice": 0.1, "batteryLevel": 206.1480068691639, "maxBatteryForMonth": 10, "Temperature": 27.1, "ratioPc": "noData"}