{"bought": 98.75, "sold": 473.27, "Time_string": "Last update at 11:56 - 25/09/2023", "produce": 3.002, "consumption": 1.075, "ratioPC": 1.9269999999999998, "maxBatteryPerDay": 8.75, "maxAtThisDay": 10, "batteryLevelPercentage": 21.872746055597293, "buyPrice": 0.149072, "sellPrice": 0.1, "batteryLevel": 218.72746055597293, "maxBatteryForMonth": 10, "Temperature": 25.9, "ratioPc": "noData"}