{"bought": 215.52, "sold": 185.73, "Time_string": "Last update at 13:35 - 27/12/2023", "produce": 4.313, "consumption": 0.221, "ratioPC": 4.08, "maxBatteryPerDay": 8.75, "maxAtThisDay": 100, "batteryLevelPercentage": -0.9092919823977677, "buyPrice": 0.149072, "sellPrice": 0.1, "batteryLevel": -90.92919823977677, "maxBatteryForMonth": 100, "Temperature": 12.6, "ratioPc": "noData"}