{"bought": 280.52, "sold": 368.45, "Time_string": "Last update at 08:54 - 24/06/2024", "produce": 0.24, "consumption": 0.218, "ratioPC": 0.05100000000000002, "maxBatteryPerDay": 8.75, "maxAtThisDay": 100, "batteryLevelPercentage": -0.33357555006976497, "buyPrice": 0.149072, "sellPrice": 0.1, "batteryLevel": -33.3575550069765, "maxBatteryForMonth": 100, "Temperature": 22.8, "ratioPc": "noData"}