{"bought": 195.05, "sold": 209.96, "Time_string": "Last update at 18:55 - 18/10/2024", "produce": 0.287, "consumption": 0.201, "ratioPC": 0.131, "maxBatteryPerDay": 8.75, "maxAtThisDay": 100, "batteryLevelPercentage": -0.5420530750241493, "buyPrice": 0.149072, "sellPrice": 0.1, "batteryLevel": -54.20530750241494, "maxBatteryForMonth": 100, "Temperature": 20.0, "ratioPc": "noData"}