{"bought": 168.97, "sold": 363.81, "Time_string": "Last update at 13:33 - 24/06/2023", "produce": 4.382, "consumption": 4.667, "ratioPc": "noData", "buyPrice": 0.149072, "sellPrice": 0.1, "batteryLevel": 75.07985510357409, "maxBatteryPerDay": 8.75, "batteryLevelPercentage": 0.357523119540829, "maxAtThisDay": 210.0, "ratioPC": -0.28500000000000014}