{"bought": 280.46, "sold": 368.45, "Time_string": "Last update at 07:38 - 24/06/2024", "produce": 0.067, "consumption": 0.186, "ratioPC": -0.10900000000000001, "maxBatteryPerDay": 8.75, "maxAtThisDay": 100, "batteryLevelPercentage": -0.3329755500697649, "buyPrice": 0.149072, "sellPrice": 0.1, "batteryLevel": -33.297555006976495, "maxBatteryForMonth": 100, "Temperature": 19.6, "ratioPc": "noData"}