{"bought": 226.8, "sold": 320.14, "Time_string": "Last update at 07:57 - 20/06/2024", "produce": 0.128, "consumption": 0.132, "ratioPC": -0.015, "maxBatteryPerDay": 8.75, "maxAtThisDay": 100, "batteryLevelPercentage": -0.12044713963722245, "buyPrice": 0.149072, "sellPrice": 0.1, "batteryLevel": -12.044713963722245, "maxBatteryForMonth": 100, "Temperature": 13.9, "ratioPc": "noData"}