{"bought": 96.52, "sold": 67.55, "Time_string": "Last update at 17:07 - 07/06/2024", "produce": 3.5965, "consumption": 2.128, "ratioPC": 2.785, "maxBatteryPerDay": 8.75, "maxAtThisDay": 61.25, "batteryLevelPercentage": -0.8360216501326301, "buyPrice": 0.149072, "sellPrice": 0.1, "batteryLevel": -51.20632607062359, "maxBatteryForMonth": 100, "Temperature": 26.7, "ratioPc": "noData"}