{"bought": 296.38, "sold": 700.75, "Time_string": "Last update at 17:28 - 31/05/2024", "produce": 3.748, "consumption": 3.725, "ratioPC": 0.2509999999999999, "maxBatteryPerDay": 8.75, "maxAtThisDay": 100, "batteryLevelPercentage": 1.7369486315337554, "buyPrice": 0.149072, "sellPrice": 0.1, "batteryLevel": 173.69486315337554, "maxBatteryForMonth": 100, "Temperature": 34.5, "ratioPc": "noData"}