{"bought": 233.59, "sold": 383.37, "Time_string": "Last update at 15:36 - 28/06/2023", "produce": 3.945, "consumption": 2.012, "buyPrice": 0.149072, "sellPrice": 0.1, "batteryLevel": 23.58103144789098, "maxBatteryPerDay": 8.75, "batteryLevelPercentage": 0.2358103144789098, "maxAtThisDay": 100, "ratioPC": 1.9329999999999998, "maxBatteryForMonth": 100, "ratioPc": "noData"}