{"bought": 57.73, "sold": 259.1, "Time_string": "Last update at 19:13 - 14/09/2023", "produce": 1.218, "consumption": 2.558, "ratioPC": -1.3399999999999999, "maxBatteryPerDay": 8.75, "maxAtThisDay": 10, "batteryLevelPercentage": 11.607862938714181, "buyPrice": 0.149072, "sellPrice": 0.1, "batteryLevel": 116.0786293871418, "maxBatteryForMonth": 10, "Temperature": 30.8, "ratioPc": "noData"}