{"bought": 227.37, "sold": 195.6, "Time_string": "Last update at 09:09 - 21/08/2023", "produce": 0.282, "consumption": 0.29, "ratioPC": -0.008000000000000007, "maxBatteryPerDay": 8.75, "maxAtThisDay": 10, "batteryLevelPercentage": -9.615823655683158, "buyPrice": 0.149072, "sellPrice": 0.1, "batteryLevel": -96.15823655683158, "maxBatteryForMonth": 10, "Temperature": 25.4, "ratioPc": "noData"}