{"bought": 145.9, "sold": 143.36, "Time_string": "Last update at 13:32 - 21/12/2023", "produce": 4.476, "consumption": 4.349, "ratioPC": 0.0680000000000005, "maxBatteryPerDay": 8.75, "maxAtThisDay": 100, "batteryLevelPercentage": -0.4973170548459804, "buyPrice": 0.149072, "sellPrice": 0.1, "batteryLevel": -49.73170548459804, "maxBatteryForMonth": 100, "Temperature": 14.0, "ratioPc": "noData"}