{"bought": 6.73, "sold": 4.75, "Time_string": "Last update at 18:12 - 01/12/2023", "produce": 0.018, "consumption": 0.2, "ratioPC": -0.18200000000000002, "maxBatteryPerDay": 8.75, "maxAtThisDay": 8.75, "batteryLevelPercentage": -0.4049851730323986, "buyPrice": 0.149072, "sellPrice": 0.1, "batteryLevel": -3.5436202640334877, "maxBatteryForMonth": 100, "Temperature": 13.6, "ratioPc": "noData"}