{"bought": 234.21, "sold": 198.27, "Time_string": "Last update at 19:52 - 21/08/2023", "produce": 0.765, "consumption": 2.363, "ratioPC": -1.5979999999999999, "maxBatteryPerDay": 8.75, "maxAtThisDay": 10, "batteryLevelPercentage": -10.120715573682517, "buyPrice": 0.149072, "sellPrice": 0.1, "batteryLevel": -101.20715573682517, "maxBatteryForMonth": 10, "Temperature": 38.1, "ratioPc": "noData"}