{"bought": 9.57, "sold": 27.38, "Time_string": "Last update at 08:42 - 03/11/2024", "produce": 0.257, "consumption": 0.306, "ratioPC": -0.026000000000000023, "maxBatteryPerDay": 8.75, "maxAtThisDay": 26.25, "batteryLevelPercentage": 0.3351224234246665, "buyPrice": 0.149072, "sellPrice": 0.1, "batteryLevel": 8.796963614897496, "maxBatteryForMonth": 100, "Temperature": 15.7, "ratioPc": "noData"}