{"bought": 232.9, "sold": 256.54, "Time_string": "Last update at 13:41 - 22/07/2023", "produce": 4.53, "consumption": 3.359, "buyPrice": 0.149072, "sellPrice": 0.1, "batteryLevel": -60.80866158634754, "maxBatteryPerDay": 8.75, "batteryLevelPercentage": -6.080866158634754, "maxAtThisDay": 10, "ratioPC": 1.1710000000000003, "maxBatteryForMonth": 10, "ratioPc": "noData"}