{"bought": 299.48, "sold": 380.93, "Time_string": "Last update at 16:47 - 25/06/2024", "produce": 4.708, "consumption": 8.063, "ratioPC": -4.037, "maxBatteryPerDay": 8.75, "maxAtThisDay": 100, "batteryLevelPercentage": -0.43945761511216064, "buyPrice": 0.149072, "sellPrice": 0.1, "batteryLevel": -43.94576151121606, "maxBatteryForMonth": 100, "Temperature": 34.8, "ratioPc": "noData"}