{"bought": 13.32, "sold": 25.65, "Time_string": "Last update at 21:26 - 02/07/2023", "produce": 0.064, "consumption": 1.257, "buyPrice": 0.149072, "sellPrice": 0.1, "batteryLevel": 3.886450574219168, "maxBatteryPerDay": 8.75, "batteryLevelPercentage": 0.3886450574219168, "maxAtThisDay": 10, "ratioPC": -1.1929999999999998, "maxBatteryForMonth": 10, "ratioPc": "noData"}