{"bought": 285.83, "sold": 333.75, "Time_string": "Last update at 16:33 - 27/07/2023", "produce": 4.564, "consumption": 2.513, "buyPrice": 0.149072, "sellPrice": 0.1, "batteryLevel": -61.94489749919501, "maxBatteryPerDay": 8.75, "batteryLevelPercentage": -6.194489749919501, "maxAtThisDay": 10, "ratioPC": 2.051, "maxBatteryForMonth": 10, "ratioPc": "noData"}