{"bought": 291.79, "sold": 352.57, "Time_string": "Last update at 17:38 - 28/07/2023", "produce": 3.854, "consumption": 3.39, "buyPrice": 0.149072, "sellPrice": 0.1, "batteryLevel": -55.28012557690249, "maxBatteryPerDay": 8.75, "batteryLevelPercentage": -5.528012557690249, "maxAtThisDay": 10, "ratioPC": 0.46399999999999997, "maxBatteryForMonth": 10, "ratioPc": "noData"}