{"bought": 189.23, "sold": 172.18, "Time_string": "Last update at 20:20 - 18/08/2023", "produce": 0.252, "consumption": 2.155, "ratioPC": -1.9029999999999998, "maxBatteryPerDay": 8.75, "maxAtThisDay": 10, "batteryLevelPercentage": -7.372876569711281, "buyPrice": 0.149072, "sellPrice": 0.1, "batteryLevel": -73.7287656971128, "maxBatteryForMonth": 10, "Temperature": 32.3, "ratioPc": "noData"}