{"bought": 24.52, "sold": 38.07, "Time_string": "Last update at 19:33 - 03/07/2023", "produce": 1.611, "consumption": 5.283, "buyPrice": 0.149072, "sellPrice": 0.1, "batteryLevel": 1.0179950627884509, "maxBatteryPerDay": 8.75, "batteryLevelPercentage": 0.10179950627884508, "maxAtThisDay": 10, "ratioPC": -3.6720000000000006, "maxBatteryForMonth": 10, "ratioPc": "noData"}