{"bought": 226.31, "sold": 308.71, "Time_string": "Last update at 01:48 - 22/09/2024", "produce": 0.0, "consumption": 0.088, "ratioPC": -0.087, "maxBatteryPerDay": 8.75, "maxAtThisDay": 100, "batteryLevelPercentage": -0.19222149833637472, "buyPrice": 0.149072, "sellPrice": 0.1, "batteryLevel": -19.222149833637474, "maxBatteryForMonth": 100, "Temperature": 17.2, "ratioPc": "noData"}