{"bought": 176.89, "sold": 447.82, "Time_string": "Last update at 16:41 - 31/10/2023", "produce": 0.396, "consumption": 0.288, "ratioPC": 0.10800000000000004, "maxBatteryPerDay": 8.75, "maxAtThisDay": 10, "batteryLevelPercentage": 12.351517333905765, "buyPrice": 0.149072, "sellPrice": 0.1, "batteryLevel": 123.51517333905764, "maxBatteryForMonth": 10, "Temperature": 15.3, "ratioPc": "noData"}