{"bought": 99.07, "sold": 201.91, "Time_string": "Last update at 02:01 - 13/09/2024", "produce": 0.0, "consumption": 0.125, "ratioPC": -0.128, "maxBatteryPerDay": 8.75, "maxAtThisDay": 100, "batteryLevelPercentage": 0.36374617366104983, "buyPrice": 0.149072, "sellPrice": 0.1, "batteryLevel": 36.374617366104985, "maxBatteryForMonth": 100, "Temperature": 21.0, "ratioPc": "noData"}