{"bought": 250.41, "sold": 362.03, "Time_string": "Last update at 08:19 - 22/06/2024", "produce": 0.171, "consumption": 0.233, "ratioPC": -0.099, "maxBatteryPerDay": 8.75, "maxAtThisDay": 100, "batteryLevelPercentage": -0.07554198776430213, "buyPrice": 0.149072, "sellPrice": 0.1, "batteryLevel": -7.554198776430212, "maxBatteryForMonth": 100, "Temperature": 18.9, "ratioPc": "noData"}