{"bought": 222.45, "sold": 138.75, "Time_string": "Last update at 16:35 - 22/01/2024", "produce": 2.31, "consumption": 1.01, "ratioPC": 1.284, "maxBatteryPerDay": 8.75, "maxAtThisDay": 100, "batteryLevelPercentage": -1.2937417087045184, "buyPrice": 0.149072, "sellPrice": 0.1, "batteryLevel": -129.37417087045185, "maxBatteryForMonth": 100, "Temperature": 16.4, "ratioPc": "noData"}