{"bought": 227.63, "sold": 308.71, "Time_string": "Last update at 09:03 - 22/09/2024", "produce": 0.124, "consumption": 0.103, "ratioPC": 0.016, "maxBatteryPerDay": 8.75, "maxAtThisDay": 100, "batteryLevelPercentage": -0.20542149833637466, "buyPrice": 0.149072, "sellPrice": 0.1, "batteryLevel": -20.542149833637467, "maxBatteryForMonth": 100, "Temperature": 18.1, "ratioPc": "noData"}