{"bought": 150.72, "sold": 238.05, "Time_string": "Last update at 01:19 - 16/09/2024", "produce": 0.0, "consumption": 0.129, "ratioPC": -0.134, "maxBatteryPerDay": 8.75, "maxAtThisDay": 100, "batteryLevelPercentage": 0.08967936030911261, "buyPrice": 0.149072, "sellPrice": 0.1, "batteryLevel": 8.967936030911261, "maxBatteryForMonth": 100, "Temperature": 22.7, "ratioPc": "noData"}