{"bought": 268.21, "sold": 297.82, "Time_string": "Last update at 14:22 - 25/07/2023", "produce": 4.821, "consumption": 1.839, "buyPrice": 0.149072, "sellPrice": 0.1, "batteryLevel": -68.42734463883224, "maxBatteryPerDay": 8.75, "batteryLevelPercentage": -6.8427344638832235, "maxAtThisDay": 10, "ratioPC": 2.9819999999999998, "maxBatteryForMonth": 10, "ratioPc": "noData"}