{"bought": 4.03, "sold": 35.15, "Time_string": "Last update at 14:43 - 02/10/2024", "produce": 4.548, "consumption": 0.882, "ratioPC": 4.1530000000000005, "maxBatteryPerDay": 8.75, "maxAtThisDay": 17.5, "batteryLevelPercentage": 1.1170977169229825, "buyPrice": 0.149072, "sellPrice": 0.1, "batteryLevel": 19.549210046152194, "maxBatteryForMonth": 100, "Temperature": 29.7, "ratioPc": "noData"}