{"bought": 406.22, "sold": 64.38, "Time_string": "Last update at 14:43 - 19/08/2024", "produce": 4.788, "consumption": 4.7, "ratioPC": 0.24799999999999933, "maxBatteryPerDay": 8.75, "maxAtThisDay": 100, "batteryLevelPercentage": -3.630328152838897, "buyPrice": 0.149072, "sellPrice": 0.1, "batteryLevel": -363.0328152838897, "maxBatteryForMonth": 100, "Temperature": 36.7, "ratioPc": "noData"}