{"bought": 82.85, "sold": 138.04, "Time_string": "Last update at 17:59 - 10/07/2023", "produce": 2.563, "consumption": 3.886, "buyPrice": 0.149072, "sellPrice": 0.1, "batteryLevel": 9.749549211119458, "maxBatteryPerDay": 8.75, "batteryLevelPercentage": 0.9749549211119458, "maxAtThisDay": 10, "ratioPC": -1.323, "maxBatteryForMonth": 10, "ratioPc": "noData"}