{"bought": 104.81, "sold": 121.36, "Time_string": "Last update at 17:24 - 10/06/2024", "produce": 4.02, "consumption": 0.199, "ratioPC": 3.8699999999999997, "maxBatteryPerDay": 8.75, "maxAtThisDay": 87.5, "batteryLevelPercentage": -0.26742485472025024, "buyPrice": 0.149072, "sellPrice": 0.1, "batteryLevel": -23.399674788021898, "maxBatteryForMonth": 100, "Temperature": 26.6, "ratioPc": "noData"}