{"bought": 223.54, "sold": 266.29, "Time_string": "Last update at 17:48 - 21/10/2024", "produce": 2.39, "consumption": 0.145, "ratioPC": 1.891, "maxBatteryPerDay": 8.75, "maxAtThisDay": 100, "batteryLevelPercentage": -0.44908197917784665, "buyPrice": 0.149072, "sellPrice": 0.1, "batteryLevel": -44.90819791778466, "maxBatteryForMonth": 100, "Temperature": 25.2, "ratioPc": "noData"}