{"bought": 118.56, "sold": 285.35, "Time_string": "Last update at 06:13 - 19/06/2023", "produce": 0.0, "consumption": 0.126, "ratioPc": "noData", "buyPrice": 0.149072, "sellPrice": 0.1, "batteryLevel": 72.85757003327251, "maxBatteryPerDay": 8.75, "batteryLevelPercentage": 0.4382410227565264, "maxAtThisDay": 166.25, "ratioPC": -0.126}