{"bought": 20.66, "sold": 21.62, "Time_string": "Last update at 12:21 - 03/08/2023", "produce": 3.702, "consumption": 1.555, "ratioPC": 2.1470000000000002, "maxBatteryPerDay": 8.75, "maxAtThisDay": 10, "batteryLevelPercentage": -0.615694107545347, "buyPrice": 0.149072, "sellPrice": 0.1, "batteryLevel": -6.156941075453471, "maxBatteryForMonth": 10, "Temperature": 29.7, "ratioPc": "noData"}