{"bought": 193.65, "sold": 203.49, "Time_string": "Last update at 11:36 - 18/10/2024", "produce": 1.223, "consumption": 0.237, "ratioPC": 0.584, "maxBatteryPerDay": 8.75, "maxAtThisDay": 100, "batteryLevelPercentage": -0.5714549211119458, "buyPrice": 0.149072, "sellPrice": 0.1, "batteryLevel": -57.145492111194585, "maxBatteryForMonth": 100, "Temperature": 17.0, "ratioPc": "noData"}