{"bought": 89.41, "sold": 257.68, "Time_string": "Last update at 18:45 - 16/06/2023", "produce": 2.999, "consumption": 4.561, "ratioPc": null, "buyPrice": 0.149072, "sellPrice": 0.1, "batteryLevel": 83.44606955028442, "maxBatteryPerDay": 8.75, "batteryLevelPercentage": 0.596043353930603, "maxAtThisDay": 140.0, "ratioPC": -1.5619999999999998}