{"bought": 243.83, "sold": 392.95, "Time_string": "Last update at 16:46 - 29/06/2023", "produce": 3.813, "consumption": 0.099, "buyPrice": 0.149072, "sellPrice": 0.1, "batteryLevel": 19.767456262745526, "maxBatteryPerDay": 8.75, "batteryLevelPercentage": 0.19767456262745525, "maxAtThisDay": 100, "ratioPC": 3.714, "maxBatteryForMonth": 100, "ratioPc": "noData"}