{"bought": 322.78, "sold": 347.07, "Time_string": "Last update at 15:52 - 27/10/2024", "produce": 3.888, "consumption": 0.987, "ratioPC": 3.127, "maxBatteryPerDay": 8.75, "maxAtThisDay": 100, "batteryLevelPercentage": -0.8995961790275839, "buyPrice": 0.149072, "sellPrice": 0.1, "batteryLevel": -89.9596179027584, "maxBatteryForMonth": 100, "Temperature": 18.9, "ratioPc": "noData"}