{"bought": 138.92, "sold": 335.29, "Time_string": "Last update at 09:26 - 22/06/2023", "produce": 0.454, "consumption": 0.18, "ratioPc": "noData", "buyPrice": 0.149072, "sellPrice": 0.1, "batteryLevel": 85.99816035204466, "maxBatteryPerDay": 8.75, "batteryLevelPercentage": 0.44674369014049176, "maxAtThisDay": 192.5, "ratioPC": 0.274}