{"bought": 214.09, "sold": 374.79, "Time_string": "Last update at 04:19 - 27/06/2023", "produce": 0.0, "consumption": 0.131, "buyPrice": 0.149072, "sellPrice": 0.1, "batteryLevel": 37.325423419555676, "maxBatteryPerDay": 8.75, "batteryLevelPercentage": 0.37325423419555676, "maxAtThisDay": 100, "ratioPC": -0.131, "maxBatteryForMonth": 100, "ratioPc": "noData"}