{"bought": 66.37, "sold": 125.24, "Time_string": "Last update at 14:48 - 09/09/2024", "produce": 4.524, "consumption": 0.95, "ratioPC": 3.1449999999999996, "maxBatteryPerDay": 8.75, "maxAtThisDay": 78.75, "batteryLevelPercentage": 0.22403929325298866, "buyPrice": 0.149072, "sellPrice": 0.1, "batteryLevel": 17.643094343672857, "maxBatteryForMonth": 100, "Temperature": 28.8, "ratioPc": "noData"}