{"bought": 158.39, "sold": 414.25, "Time_string": "Last update at 10:48 - 29/10/2023", "produce": 2.563, "consumption": 0.277, "ratioPC": 2.286, "maxBatteryPerDay": 8.75, "maxAtThisDay": 10, "batteryLevelPercentage": 11.949585381560592, "buyPrice": 0.149072, "sellPrice": 0.1, "batteryLevel": 119.49585381560593, "maxBatteryForMonth": 10, "Temperature": 18.8, "ratioPc": "noData"}