{"bought": 160.08, "sold": 149.06, "Time_string": "Last update at 17:28 - 22/12/2023", "produce": 0.107, "consumption": 0.142, "ratioPC": 0.588, "maxBatteryPerDay": 8.75, "maxAtThisDay": 100, "batteryLevelPercentage": -0.6008804980143825, "buyPrice": 0.149072, "sellPrice": 0.1, "batteryLevel": -60.088049801438245, "maxBatteryForMonth": 100, "Temperature": 15.1, "ratioPc": "noData"}