{"bought": 633.03, "sold": 94.21, "Time_string": "Last update at 13:23 - 28/08/2024", "produce": 4.222, "consumption": 4.289, "ratioPC": -1.5440000000000005, "maxBatteryPerDay": 8.75, "maxAtThisDay": 100, "batteryLevelPercentage": -5.6983235054202, "buyPrice": 0.149072, "sellPrice": 0.1, "batteryLevel": -569.83235054202, "maxBatteryForMonth": 100, "Temperature": 31.8, "ratioPc": "noData"}