{"bought": 126.13, "sold": 159.71, "Time_string": "Last update at 12:36 - 12/11/2024", "produce": 4.317, "consumption": 0.367, "ratioPC": 3.6380000000000003, "maxBatteryPerDay": 8.75, "maxAtThisDay": 100, "batteryLevelPercentage": -0.1899385102500804, "buyPrice": 0.149072, "sellPrice": 0.1, "batteryLevel": -18.99385102500804, "maxBatteryForMonth": 100, "Temperature": 19.6, "ratioPc": "noData"}