{"bought": 34.79, "sold": 115.6, "Time_string": "Last update at 12:26 - 08/09/2023", "produce": 4.098, "consumption": 0.796, "ratioPC": 3.3019999999999996, "maxBatteryPerDay": 8.75, "maxAtThisDay": 10, "batteryLevelPercentage": 4.275642052162713, "buyPrice": 0.149072, "sellPrice": 0.1, "batteryLevel": 42.75642052162713, "maxBatteryForMonth": 10, "Temperature": 26.9, "ratioPc": "noData"}