{"bought": 263.06, "sold": 207.45, "Time_string": "Last update at 14:11 - 23/08/2023", "produce": 4.455, "consumption": 3.477, "ratioPC": 0.9780000000000002, "maxBatteryPerDay": 8.75, "maxAtThisDay": 10, "batteryLevelPercentage": -12.389905763657831, "buyPrice": 0.149072, "sellPrice": 0.1, "batteryLevel": -123.8990576365783, "maxBatteryForMonth": 10, "Temperature": 39.2, "ratioPc": "noData"}