{"bought": 46.83, "sold": 93.04, "Time_string": "Last update at 09:54 - 07/09/2024", "produce": 0.819, "consumption": 0.103, "ratioPC": -0.778, "maxBatteryPerDay": 8.75, "maxAtThisDay": 61.25, "batteryLevelPercentage": 0.2544129602898367, "buyPrice": 0.149072, "sellPrice": 0.1, "batteryLevel": 15.582793817752496, "maxBatteryForMonth": 100, "Temperature": 19.8, "ratioPc": "noData"}