{"bought": 57.15, "sold": 78.93, "Time_string": "Last update at 08:45 - 05/10/2024", "produce": 0.085, "consumption": 0.197, "ratioPC": -0.166, "maxBatteryPerDay": 8.75, "maxAtThisDay": 43.75, "batteryLevelPercentage": -0.09605556662935637, "buyPrice": 0.149072, "sellPrice": 0.1, "batteryLevel": -4.202431040034341, "maxBatteryForMonth": 100, "Temperature": 20.5, "ratioPc": "noData"}