{"bought": 20.41, "sold": 57.37, "Time_string": "Last update at 19:30 - 04/09/2023", "produce": 0.564, "consumption": 1.048, "ratioPC": -0.4840000000000001, "maxBatteryPerDay": 8.75, "maxAtThisDay": 10, "batteryLevelPercentage": 1.8074759042610278, "buyPrice": 0.149072, "sellPrice": 0.1, "batteryLevel": 18.074759042610278, "maxBatteryForMonth": 10, "Temperature": 23.0, "ratioPc": "noData"}