{"bought": 123.49, "sold": 310.74, "Time_string": "Last update at 15:00 - 20/06/2023", "produce": 2.726, "consumption": 0.413, "ratioPc": "noData", "buyPrice": 0.149072, "sellPrice": 0.1, "batteryLevel": 84.95960824299668, "maxBatteryPerDay": 8.75, "batteryLevelPercentage": 0.48548347567426675, "maxAtThisDay": 175.0, "ratioPC": 2.313}