{"bought": 1.83, "sold": 11.36, "Time_string": "Last update at 17:15 - 01/07/2023", "produce": 3.79, "consumption": 1.18, "buyPrice": 0.149072, "sellPrice": 0.1, "batteryLevel": 5.790478694858859, "maxBatteryPerDay": 8.75, "batteryLevelPercentage": 0.6617689936981552, "maxAtThisDay": 8.75, "ratioPC": 2.6100000000000003, "maxBatteryForMonth": 100, "ratioPc": "noData"}