{"bought": 241.3, "sold": 307.36, "Time_string": "Last update at 18:34 - 23/10/2024", "produce": 0.446, "consumption": 5.205, "ratioPC": -4.813000000000001, "maxBatteryPerDay": 8.75, "maxAtThisDay": 100, "batteryLevelPercentage": -0.35117752495438453, "buyPrice": 0.149072, "sellPrice": 0.1, "batteryLevel": -35.11775249543845, "maxBatteryForMonth": 100, "Temperature": 24.4, "ratioPc": "noData"}