{"bought": 108.77, "sold": 280.76, "Time_string": "Last update at 20:42 - 13/05/2024", "produce": 0.134, "consumption": 3.194, "ratioPC": -0.096, "maxBatteryPerDay": 8.75, "maxAtThisDay": 100, "batteryLevelPercentage": 0.7956852098314907, "buyPrice": 0.149072, "sellPrice": 0.1, "batteryLevel": 79.56852098314907, "maxBatteryForMonth": 100, "Temperature": 25.3, "ratioPc": "noData"}