{"bought": 107.91, "sold": 280.76, "Time_string": "Last update at 19:58 - 13/05/2024", "produce": 0.836, "consumption": 1.917, "ratioPC": 0.2919999999999999, "maxBatteryPerDay": 8.75, "maxAtThisDay": 100, "batteryLevelPercentage": 0.8042852098314907, "buyPrice": 0.149072, "sellPrice": 0.1, "batteryLevel": 80.42852098314907, "maxBatteryForMonth": 100, "Temperature": 26.0, "ratioPc": "noData"}