{"bought": 297.34, "sold": 700.75, "Time_string": "Last update at 19:08 - 31/05/2024", "produce": 2.073, "consumption": 1.816, "ratioPC": -0.762, "maxBatteryPerDay": 8.75, "maxAtThisDay": 100, "batteryLevelPercentage": 1.7273486315337556, "buyPrice": 0.149072, "sellPrice": 0.1, "batteryLevel": 172.73486315337556, "maxBatteryForMonth": 100, "Temperature": 31.9, "ratioPc": "noData"}