{"bought": 133.29, "sold": 134.84, "Time_string": "Last update at 18:00 - 19/12/2023", "produce": 0.045, "consumption": 0.408, "ratioPC": -0.458, "maxBatteryPerDay": 8.75, "maxAtThisDay": 100, "batteryLevelPercentage": -0.4283706450574218, "buyPrice": 0.149072, "sellPrice": 0.1, "batteryLevel": -42.83706450574218, "maxBatteryForMonth": 100, "Temperature": 13.0, "ratioPc": "noData"}