{"bought": 219.25, "sold": 379.0, "Time_string": "Last update at 18:35 - 27/06/2023", "produce": 2.271, "consumption": 3.98, "buyPrice": 0.149072, "sellPrice": 0.1, "batteryLevel": 34.98956209080174, "maxBatteryPerDay": 8.75, "batteryLevelPercentage": 0.3498956209080174, "maxAtThisDay": 100, "ratioPC": -1.709, "maxBatteryForMonth": 100, "ratioPc": "noData"}