{"bought": 46.65, "sold": 44.17, "Time_string": "Last update at 15:19 - 03/10/2024", "produce": 4.043, "consumption": 7.582, "ratioPC": -2.7700000000000005, "maxBatteryPerDay": 8.75, "maxAtThisDay": 26.25, "batteryLevelPercentage": -0.648381811026439, "buyPrice": 0.149072, "sellPrice": 0.1, "batteryLevel": -17.020022539444025, "maxBatteryForMonth": 100, "Temperature": 29.3, "ratioPc": "noData"}