{"bought": 248.97, "sold": 398.45, "Time_string": "Last update at 06:52 - 30/06/2023", "produce": 0.0, "consumption": 0.213, "buyPrice": 0.149072, "sellPrice": 0.1, "batteryLevel": 18.316948588601434, "maxBatteryPerDay": 8.75, "batteryLevelPercentage": 0.18316948588601434, "maxAtThisDay": 100, "ratioPC": -0.213, "maxBatteryForMonth": 100, "ratioPc": "noData"}