{"bought": 7.48, "sold": 27.75, "Time_string": "Last update at 16:31 - 02/09/2023", "produce": 0.907, "consumption": 0.437, "ratioPC": 0.47000000000000003, "maxBatteryPerDay": 8.75, "maxAtThisDay": 10, "batteryLevelPercentage": 1.1135165825909628, "buyPrice": 0.149072, "sellPrice": 0.1, "batteryLevel": 11.135165825909628, "maxBatteryForMonth": 10, "Temperature": 25.5, "ratioPc": "noData"}