{"bought": 86.05, "sold": 254.72, "Time_string": "Last update at 11:53 - 16/06/2023", "produce": 3.385, "consumption": 3.882, "ratioPc": null, "buyPrice": 0.149072, "sellPrice": 0.1, "batteryLevel": 84.8204518621874, "maxBatteryPerDay": 8.75, "batteryLevelPercentage": 0.6058603704441957, "maxAtThisDay": 140.0, "ratioPC": -0.49700000000000033}