{"bought": 132.18, "sold": 144.33, "Time_string": "Last update at 09:17 - 12/10/2024", "produce": 0.019, "consumption": 0.185, "ratioPC": -0.16799999999999998, "maxBatteryPerDay": 8.75, "maxAtThisDay": 100, "batteryLevelPercentage": -0.3536101320167437, "buyPrice": 0.149072, "sellPrice": 0.1, "batteryLevel": -35.36101320167437, "maxBatteryForMonth": 100, "Temperature": 19.0, "ratioPc": "noData"}