{"bought": 195.08, "sold": 183.48, "Time_string": "Last update at 14:25 - 26/12/2023", "produce": 4.375, "consumption": 4.61, "ratioPC": -0.18700000000000028, "maxBatteryPerDay": 8.75, "maxAtThisDay": 100, "batteryLevelPercentage": -0.7199853600944514, "buyPrice": 0.149072, "sellPrice": 0.1, "batteryLevel": -71.99853600944513, "maxBatteryForMonth": 100, "Temperature": 12.4, "ratioPc": "noData"}