{"bought": 569.24, "sold": 90.38, "Time_string": "Last update at 11:16 - 26/08/2024", "produce": 2.48, "consumption": 3.82, "ratioPC": -0.027000000000000135, "maxBatteryPerDay": 8.75, "maxAtThisDay": 100, "batteryLevelPercentage": -5.0861157883438874, "buyPrice": 0.149072, "sellPrice": 0.1, "batteryLevel": -508.61157883438875, "maxBatteryForMonth": 100, "Temperature": 28.3, "ratioPc": "noData"}