{"bought": 303.39, "sold": 381.03, "Time_string": "Last update at 19:47 - 25/06/2024", "produce": 1.344, "consumption": 4.424, "ratioPC": -1.8190000000000002, "maxBatteryPerDay": 8.75, "maxAtThisDay": 100, "batteryLevelPercentage": -0.4778867983256413, "buyPrice": 0.149072, "sellPrice": 0.1, "batteryLevel": -47.78867983256413, "maxBatteryForMonth": 100, "Temperature": 32.2, "ratioPc": "noData"}