{"bought": 226.65, "sold": 290.53, "Time_string": "Last update at 18:09 - 22/10/2024", "produce": 1.393, "consumption": 1.497, "ratioPC": 1.699, "maxBatteryPerDay": 8.75, "maxAtThisDay": 100, "batteryLevelPercentage": -0.31757599012557736, "buyPrice": 0.149072, "sellPrice": 0.1, "batteryLevel": -31.757599012557733, "maxBatteryForMonth": 100, "Temperature": 24.7, "ratioPc": "noData"}