{"bought": 75.95, "sold": 178.88, "Time_string": "Last update at 16:30 - 11/09/2024", "produce": 4.363, "consumption": 5.589, "ratioPC": -1.1230000000000002, "maxBatteryPerDay": 8.75, "maxAtThisDay": 96.25, "batteryLevelPercentage": 0.4576177327019873, "buyPrice": 0.149072, "sellPrice": 0.1, "batteryLevel": 44.04570677256628, "maxBatteryForMonth": 100, "Temperature": 31.5, "ratioPc": "noData"}