{"bought": 116.53, "sold": 227.11, "Time_string": "Last update at 20:52 - 14/06/2024", "produce": 0.212, "consumption": 0.187, "ratioPC": 0.059, "maxBatteryPerDay": 8.75, "maxAtThisDay": 100, "batteryLevelPercentage": 0.35819200386390465, "buyPrice": 0.149072, "sellPrice": 0.1, "batteryLevel": 35.81920038639046, "maxBatteryForMonth": 100, "Temperature": 28.3, "ratioPc": "noData"}