{"bought": 23.67, "sold": 70.59, "Time_string": "Last update at 12:53 - 06/11/2023", "produce": 4.801, "consumption": 3.28, "ratioPC": 1.5210000000000004, "maxBatteryPerDay": 8.75, "maxAtThisDay": 10, "batteryLevelPercentage": 2.3682956960394983, "buyPrice": 0.149072, "sellPrice": 0.1, "batteryLevel": 23.682956960394982, "maxBatteryForMonth": 10, "Temperature": 17.8, "ratioPc": "noData"}