{"bought": 138.71, "sold": 335.12, "Time_string": "Last update at 05:47 - 22/06/2023", "produce": 0.0, "consumption": 0.129, "ratioPc": "noData", "buyPrice": 0.149072, "sellPrice": 0.1, "batteryLevel": 86.09412149833636, "maxBatteryPerDay": 8.75, "batteryLevelPercentage": 0.44724218960174733, "maxAtThisDay": 192.5, "ratioPC": -0.129}