{"bought": 18.75, "sold": 34.85, "Time_string": "Last update at 16:23 - 03/11/2024", "produce": 1.04, "consumption": 5.028, "ratioPC": -4.064, "maxBatteryPerDay": 8.75, "maxAtThisDay": 26.25, "batteryLevelPercentage": 0.17630342895986345, "buyPrice": 0.149072, "sellPrice": 0.1, "batteryLevel": 4.627965010196416, "maxBatteryForMonth": 100, "Temperature": 22.6, "ratioPc": "noData"}