{"bought": 83.83, "sold": 114.01, "Time_string": "Last update at 12:58 - 08/10/2024", "produce": 1.016, "consumption": 0.16, "ratioPC": -0.5330000000000001, "maxBatteryPerDay": 8.75, "maxAtThisDay": 70.0, "batteryLevelPercentage": -0.10500254527054997, "buyPrice": 0.149072, "sellPrice": 0.1, "batteryLevel": -7.350178168938498, "maxBatteryForMonth": 100, "Temperature": 21.9, "ratioPc": "noData"}