{"bought": 159.71, "sold": 145.9, "Time_string": "Last update at 14:58 - 22/12/2023", "produce": 4.267, "consumption": 0.517, "ratioPC": -0.07299999999999951, "maxBatteryPerDay": 8.75, "maxAtThisDay": 100, "batteryLevelPercentage": -0.6183783084683911, "buyPrice": 0.149072, "sellPrice": 0.1, "batteryLevel": -61.83783084683911, "maxBatteryForMonth": 100, "Temperature": 17.0, "ratioPc": "noData"}