{"bought": 96.66, "sold": 68.43, "Time_string": "Last update at 18:09 - 07/06/2024", "produce": 1.508, "consumption": 1.821, "ratioPC": -0.23399999999999999, "maxBatteryPerDay": 8.75, "maxAtThisDay": 61.25, "batteryLevelPercentage": -0.8286695069140674, "buyPrice": 0.149072, "sellPrice": 0.1, "batteryLevel": -50.75600729848663, "maxBatteryForMonth": 100, "Temperature": 24.9, "ratioPc": "noData"}