{"bought": 125.56, "sold": 288.86, "Time_string": "Last update at 17:27 - 17/06/2024", "produce": 4.013, "consumption": 1.935, "ratioPC": 2.2270000000000003, "maxBatteryPerDay": 8.75, "maxAtThisDay": 100, "batteryLevelPercentage": 0.6821213695395514, "buyPrice": 0.149072, "sellPrice": 0.1, "batteryLevel": 68.21213695395514, "maxBatteryForMonth": 100, "Temperature": 32.1, "ratioPc": "noData"}