{"bought": 158.44, "sold": 420.67, "Time_string": "Last update at 14:46 - 29/10/2023", "produce": 3.449, "consumption": 2.356, "ratioPC": 1.093, "maxBatteryPerDay": 8.75, "maxAtThisDay": 10, "batteryLevelPercentage": 12.375249758505959, "buyPrice": 0.149072, "sellPrice": 0.1, "batteryLevel": 123.75249758505959, "maxBatteryForMonth": 10, "Temperature": 21.8, "ratioPc": "noData"}