{"bought": 249.57, "sold": 399.25, "Time_string": "Last update at 11:04 - 30/06/2023", "produce": 2.353, "consumption": 1.058, "buyPrice": 0.149072, "sellPrice": 0.1, "batteryLevel": 18.25360201781689, "maxBatteryPerDay": 8.75, "batteryLevelPercentage": 0.1825360201781689, "maxAtThisDay": 100, "ratioPC": 1.2950000000000002, "maxBatteryForMonth": 100, "ratioPc": "noData"}