{"bought": 66.26, "sold": 109.67, "Time_string": "Last update at 18:16 - 07/11/2024", "produce": 0.011, "consumption": 0.191, "ratioPC": -0.196, "maxBatteryPerDay": 8.75, "maxAtThisDay": 61.25, "batteryLevelPercentage": 0.11932207310314903, "buyPrice": 0.149072, "sellPrice": 0.1, "batteryLevel": 7.308476977567878, "maxBatteryForMonth": 100, "Temperature": 21.7, "ratioPc": "noData"}