{"bought": 86.89, "sold": 132.63, "Time_string": "Last update at 18:19 - 09/10/2024", "produce": 0.438, "consumption": 0.246, "ratioPC": 0.5499999999999999, "maxBatteryPerDay": 8.75, "maxAtThisDay": 78.75, "batteryLevelPercentage": 0.02641816375936785, "buyPrice": 0.149072, "sellPrice": 0.1, "batteryLevel": 2.080430396050218, "maxBatteryForMonth": 100, "Temperature": 21.3, "ratioPc": "noData"}