{"bought": 144.65, "sold": 160.82, "Time_string": "Last update at 19:41 - 14/07/2023", "produce": 1.549, "consumption": 2.733, "buyPrice": 0.149072, "sellPrice": 0.1, "batteryLevel": -36.76924439197167, "maxBatteryPerDay": 8.75, "batteryLevelPercentage": -3.6769244391971667, "maxAtThisDay": 10, "ratioPC": -1.1840000000000002, "maxBatteryForMonth": 10, "ratioPc": "noData"}