{"bought": 76.4, "sold": 253.75, "Time_string": "Last update at 20:06 - 15/06/2023", "produce": 0.468, "consumption": 3.568, "ratioPc": null, "buyPrice": 0.149072, "sellPrice": 0.1, "batteryLevel": 93.81975957926369, "maxBatteryPerDay": 8.75, "batteryLevelPercentage": 0.7148172158420091, "maxAtThisDay": 131.25, "ratioPC": -3.1}