{"bought": 105.13, "sold": 252.46, "Time_string": "Last update at 21:07 - 12/05/2024", "produce": 0.064, "consumption": 0.195, "ratioPC": -0.197, "maxBatteryPerDay": 8.75, "maxAtThisDay": 100, "batteryLevelPercentage": 0.6422440592465386, "buyPrice": 0.149072, "sellPrice": 0.1, "batteryLevel": 64.22440592465387, "maxBatteryForMonth": 100, "Temperature": 24.6, "ratioPc": "noData"}