{"bought": 91.1, "sold": 257.68, "Time_string": "Last update at 19:21 - 16/06/2023", "produce": 1.831, "consumption": 4.32, "ratioPc": null, "buyPrice": 0.149072, "sellPrice": 0.1, "batteryLevel": 81.75606955028442, "maxBatteryPerDay": 8.75, "batteryLevelPercentage": 0.5839719253591744, "maxAtThisDay": 140.0, "ratioPC": -2.4890000000000003}