{"bought": 227.63, "sold": 309.0, "Time_string": "Last update at 10:01 - 22/09/2024", "produce": 0.523, "consumption": 0.202, "ratioPC": 0.377, "maxBatteryPerDay": 8.75, "maxAtThisDay": 100, "batteryLevelPercentage": -0.20347612965546857, "buyPrice": 0.149072, "sellPrice": 0.1, "batteryLevel": -20.34761296554686, "maxBatteryForMonth": 100, "Temperature": 20.0, "ratioPc": "noData"}