{"bought": 226.33, "sold": 196.58, "Time_string": "Last update at 13:03 - 28/12/2023", "produce": 3.069, "consumption": 3.475, "ratioPC": -1.311, "maxBatteryPerDay": 8.75, "maxAtThisDay": 100, "batteryLevelPercentage": -0.9446083610604273, "buyPrice": 0.149072, "sellPrice": 0.1, "batteryLevel": -94.46083610604273, "maxBatteryForMonth": 100, "Temperature": 14.0, "ratioPc": "noData"}