{"bought": 76.07, "sold": 178.88, "Time_string": "Last update at 16:37 - 11/09/2024", "produce": 4.246, "consumption": 5.555, "ratioPC": -1.226, "maxBatteryPerDay": 8.75, "maxAtThisDay": 96.25, "batteryLevelPercentage": 0.45637097945523414, "buyPrice": 0.149072, "sellPrice": 0.1, "batteryLevel": 43.925706772566286, "maxBatteryForMonth": 100, "Temperature": 31.4, "ratioPc": "noData"}