{"bought": 107.64, "sold": 252.72, "Time_string": "Last update at 09:40 - 13/05/2024", "produce": 0.666, "consumption": 0.174, "ratioPC": 0.34700000000000003, "maxBatteryPerDay": 8.75, "maxAtThisDay": 100, "batteryLevelPercentage": 0.6188881828914886, "buyPrice": 0.149072, "sellPrice": 0.1, "batteryLevel": 61.88881828914886, "maxBatteryForMonth": 100, "Temperature": 20.0, "ratioPc": "noData"}