{"bought": 110.04, "sold": 42.7, "Time_string": "Last update at 15:15 - 10/01/2024", "produce": 3.035, "consumption": 3.985, "ratioPC": -0.6240000000000006, "maxBatteryPerDay": 8.75, "maxAtThisDay": 87.5, "batteryLevelPercentage": -0.9302414081785984, "buyPrice": 0.149072, "sellPrice": 0.1, "batteryLevel": -81.39612321562736, "maxBatteryForMonth": 100, "Temperature": 14.0, "ratioPc": "noData"}