{"bought": 144.19, "sold": 311.07, "Time_string": "Last update at 20:11 - 14/05/2024", "produce": 0.456, "consumption": 1.216, "ratioPC": -0.7060000000000001, "maxBatteryPerDay": 8.75, "maxAtThisDay": 100, "batteryLevelPercentage": 0.6448097778254802, "buyPrice": 0.149072, "sellPrice": 0.1, "batteryLevel": 64.48097778254802, "maxBatteryForMonth": 100, "Temperature": 22.8, "ratioPc": "noData"}