{"bought": 341.1, "sold": 56.28, "Time_string": "Last update at 15:51 - 17/08/2024", "produce": 4.689, "consumption": 4.418, "ratioPC": 1.1460000000000004, "maxBatteryPerDay": 8.75, "maxAtThisDay": 100, "batteryLevelPercentage": -3.0334643125469576, "buyPrice": 0.149072, "sellPrice": 0.1, "batteryLevel": -303.34643125469574, "maxBatteryForMonth": 100, "Temperature": 37.8, "ratioPc": "noData"}