{"bought": 50.04, "sold": 137.86, "Time_string": "Last update at 18:20 - 09/10/2023", "produce": 1.959, "consumption": 0.243, "ratioPC": 1.7160000000000002, "maxBatteryPerDay": 8.75, "maxAtThisDay": 10, "batteryLevelPercentage": 4.243880218954599, "buyPrice": 0.149072, "sellPrice": 0.1, "batteryLevel": 42.43880218954599, "maxBatteryForMonth": 10, "Temperature": 30.7, "ratioPc": "noData"}