{"bought": 41.18, "sold": 90.37, "Time_string": "Last update at 18:18 - 06/09/2024", "produce": 3.017, "consumption": 0.111, "ratioPC": 3.0279999999999996, "maxBatteryPerDay": 8.75, "maxAtThisDay": 52.5, "batteryLevelPercentage": 0.37031834281421067, "buyPrice": 0.149072, "sellPrice": 0.1, "batteryLevel": 19.44171299774606, "maxBatteryForMonth": 100, "Temperature": 29.7, "ratioPc": "noData"}