{"bought": 135.4, "sold": 351.69, "Time_string": "Last update at 18:39 - 24/10/2023", "produce": 0.088, "consumption": 1.064, "ratioPC": -0.9760000000000001, "maxBatteryPerDay": 8.75, "maxAtThisDay": 10, "batteryLevelPercentage": 10.051955565096062, "buyPrice": 0.149072, "sellPrice": 0.1, "batteryLevel": 100.51955565096063, "maxBatteryForMonth": 10, "Temperature": 18.4, "ratioPc": "noData"}