{"bought": 322.8, "sold": 350.33, "Time_string": "Last update at 17:59 - 27/10/2024", "produce": 0.334, "consumption": 0.476, "ratioPC": 0.919, "maxBatteryPerDay": 8.75, "maxAtThisDay": 100, "batteryLevelPercentage": -0.8779275517870562, "buyPrice": 0.149072, "sellPrice": 0.1, "batteryLevel": -87.79275517870562, "maxBatteryForMonth": 100, "Temperature": 17.0, "ratioPc": "noData"}