{"bought": 199.95, "sold": 258.88, "Time_string": "Last update at 17:14 - 17/09/2024", "produce": 3.534, "consumption": 1.365, "ratioPC": 2.354, "maxBatteryPerDay": 8.75, "maxAtThisDay": 100, "batteryLevelPercentage": -0.26288950305892456, "buyPrice": 0.149072, "sellPrice": 0.1, "batteryLevel": -26.288950305892456, "maxBatteryForMonth": 100, "Temperature": 28.8, "ratioPc": "noData"}