{"bought": 86.89, "sold": 132.53, "Time_string": "Last update at 18:07 - 09/10/2024", "produce": 0.698, "consumption": 0.148, "ratioPC": 0.56, "maxBatteryPerDay": 8.75, "maxAtThisDay": 78.75, "batteryLevelPercentage": 0.025566332919343508, "buyPrice": 0.149072, "sellPrice": 0.1, "batteryLevel": 2.0133487173983013, "maxBatteryForMonth": 100, "Temperature": 21.1, "ratioPc": "noData"}