{"bought": 194.17, "sold": 471.95, "Time_string": "Last update at 10:41 - 21/05/2024", "produce": 2.189, "consumption": 0.163, "ratioPC": 1.8699999999999997, "maxBatteryPerDay": 8.75, "maxAtThisDay": 100, "batteryLevelPercentage": 1.224219823977675, "buyPrice": 0.149072, "sellPrice": 0.1, "batteryLevel": 122.4219823977675, "maxBatteryForMonth": 100, "Temperature": 18.4, "ratioPc": "noData"}