{"bought": 106.75, "sold": 127.24, "Time_string": "Last update at 05:21 - 11/06/2024", "produce": 0.0, "consumption": 0.16, "ratioPC": -0.195, "maxBatteryPerDay": 8.75, "maxAtThisDay": 96.25, "batteryLevelPercentage": -0.22228854112507654, "buyPrice": 0.149072, "sellPrice": 0.1, "batteryLevel": -21.395272083288617, "maxBatteryForMonth": 100, "Temperature": 16.0, "ratioPc": "noData"}