{"bought": 63.67, "sold": 227.33, "Time_string": "Last update at 13:59 - 14/06/2023", "produce": 4.692, "consumption": 1.021, "ratioPc": null, "buyPrice": 0.149072, "sellPrice": 0.1, "batteryLevel": 88.82678007942472, "maxBatteryPerDay": 8.75, "batteryLevelPercentage": 0.7251165720769365, "maxAtThisDay": 122.5, "ratioPC": 3.6710000000000003}