{"bought": 149.77, "sold": 388.86, "Time_string": "Last update at 16:31 - 27/10/2023", "produce": 4.246, "consumption": 0.323, "ratioPC": 3.9230000000000005, "maxBatteryPerDay": 8.75, "maxAtThisDay": 10, "batteryLevelPercentage": 11.108381560588171, "buyPrice": 0.149072, "sellPrice": 0.1, "batteryLevel": 111.08381560588171, "maxBatteryForMonth": 10, "Temperature": 21.0, "ratioPc": "noData"}