{"bought": 196.69, "sold": 501.61, "Time_string": "Last update at 10:39 - 22/05/2024", "produce": 2.151, "consumption": 0.142, "ratioPC": 1.842, "maxBatteryPerDay": 8.75, "maxAtThisDay": 100, "batteryLevelPercentage": 1.3979840828592893, "buyPrice": 0.149072, "sellPrice": 0.1, "batteryLevel": 139.79840828592893, "maxBatteryForMonth": 100, "Temperature": 19.3, "ratioPc": "noData"}