{"bought": 128.62, "sold": 125.21, "Time_string": "Last update at 09:21 - 19/12/2023", "produce": 0.409, "consumption": 0.378, "ratioPC": 0.062, "maxBatteryPerDay": 8.75, "maxAtThisDay": 100, "batteryLevelPercentage": -0.44627030159922726, "buyPrice": 0.149072, "sellPrice": 0.1, "batteryLevel": -44.627030159922725, "maxBatteryForMonth": 100, "Temperature": 4.3, "ratioPc": "noData"}