{"bought": 569.16, "sold": 89.38, "Time_string": "Last update at 10:26 - 26/08/2024", "produce": 1.304, "consumption": 1.529, "ratioPC": -0.3959999999999999, "maxBatteryPerDay": 8.75, "maxAtThisDay": 100, "batteryLevelPercentage": -5.092023956209079, "buyPrice": 0.149072, "sellPrice": 0.1, "batteryLevel": -509.20239562090796, "maxBatteryForMonth": 100, "Temperature": 26.9, "ratioPc": "noData"}