{"bought": 207.9, "sold": 558.29, "Time_string": "Last update at 08:09 - 24/05/2024", "produce": 0.15, "consumption": 0.159, "ratioPC": -0.026999999999999996, "maxBatteryPerDay": 8.75, "maxAtThisDay": 100, "batteryLevelPercentage": 1.6661030374584092, "buyPrice": 0.149072, "sellPrice": 0.1, "batteryLevel": 166.61030374584092, "maxBatteryForMonth": 100, "Temperature": 15.4, "ratioPc": "noData"}