{"bought": 278.89, "sold": 324.26, "Time_string": "Last update at 12:18 - 25/10/2024", "produce": 0.16, "consumption": 0.157, "ratioPC": 0.399, "maxBatteryPerDay": 8.75, "maxAtThisDay": 100, "batteryLevelPercentage": -0.6137094880326285, "buyPrice": 0.149072, "sellPrice": 0.1, "batteryLevel": -61.37094880326285, "maxBatteryForMonth": 100, "Temperature": 20.0, "ratioPc": "noData"}