{"bought": 74.98, "sold": 178.88, "Time_string": "Last update at 15:48 - 11/09/2024", "produce": 4.069, "consumption": 6.187, "ratioPC": 3.6849999999999996, "maxBatteryPerDay": 8.75, "maxAtThisDay": 96.25, "batteryLevelPercentage": 0.4676956547799094, "buyPrice": 0.149072, "sellPrice": 0.1, "batteryLevel": 45.015706772566276, "maxBatteryForMonth": 100, "Temperature": 31.8, "ratioPc": "noData"}