{"bought": 41.0, "sold": 14.84, "Time_string": "Last update at 16:42 - 04/12/2023", "produce": 0.35, "consumption": 4.142, "ratioPC": -3.7920000000000003, "maxBatteryPerDay": 8.75, "maxAtThisDay": 35.0, "batteryLevelPercentage": -0.8870022539444028, "buyPrice": 0.149072, "sellPrice": 0.1, "batteryLevel": -31.045078888054096, "maxBatteryForMonth": 100, "Temperature": 13.0, "ratioPc": "noData"}