{"bought": 160.69, "sold": 170.32, "Time_string": "Last update at 07:32 - 16/07/2023", "produce": 0.028, "consumption": 0.144, "buyPrice": 0.149072, "sellPrice": 0.1, "batteryLevel": -46.43648492003864, "maxBatteryPerDay": 8.75, "batteryLevelPercentage": -4.643648492003864, "maxAtThisDay": 10, "ratioPC": -0.11599999999999999, "maxBatteryForMonth": 10, "ratioPc": "noData"}