{"bought": 163.02, "sold": 184.21, "Time_string": "Last update at 19:09 - 16/07/2023", "produce": 2.068, "consumption": 3.416, "buyPrice": 0.149072, "sellPrice": 0.1, "batteryLevel": -39.44883975528603, "maxBatteryPerDay": 8.75, "batteryLevelPercentage": -3.944883975528603, "maxAtThisDay": 10, "ratioPC": -1.3479999999999999, "maxBatteryForMonth": 10, "ratioPc": "noData"}