{"bought": 223.54, "sold": 249.99, "Time_string": "Last update at 13:12 - 21/10/2024", "produce": 4.344, "consumption": 0.389, "ratioPC": 3.974, "maxBatteryPerDay": 8.75, "maxAtThisDay": 100, "batteryLevelPercentage": -0.5584251153804871, "buyPrice": 0.149072, "sellPrice": 0.1, "batteryLevel": -55.84251153804871, "maxBatteryForMonth": 100, "Temperature": 23.2, "ratioPc": "noData"}