{"bought": 136.91, "sold": 185.47, "Time_string": "Last update at 09:29 - 14/11/2024", "produce": 0.046, "consumption": 0.128, "ratioPC": -0.14200000000000002, "maxBatteryPerDay": 8.75, "maxAtThisDay": 100, "batteryLevelPercentage": -0.12493610604271765, "buyPrice": 0.149072, "sellPrice": 0.1, "batteryLevel": -12.493610604271765, "maxBatteryForMonth": 100, "Temperature": 13.0, "ratioPc": "noData"}