{"bought": 552.56, "sold": 88.99, "Time_string": "Last update at 17:29 - 25/08/2024", "produce": 3.682, "consumption": 6.909, "ratioPC": -3.1140000000000003, "maxBatteryPerDay": 8.75, "maxAtThisDay": 100, "batteryLevelPercentage": -4.928640141676505, "buyPrice": 0.149072, "sellPrice": 0.1, "batteryLevel": -492.8640141676505, "maxBatteryForMonth": 100, "Temperature": 38.0, "ratioPc": "noData"}