{"bought": 63.67, "sold": 234.16, "Time_string": "Last update at 15:51 - 14/06/2023", "produce": 4.792, "consumption": 1.021, "ratioPc": null, "buyPrice": 0.149072, "sellPrice": 0.1, "batteryLevel": 93.40845873135127, "maxBatteryPerDay": 8.75, "batteryLevelPercentage": 0.7625180304600104, "maxAtThisDay": 122.5, "ratioPC": 3.771}