{"bought": 33.73, "sold": 92.36, "Time_string": "Last update at 12:56 - 06/10/2023", "produce": 4.568, "consumption": 0.118, "ratioPC": 4.449999999999999, "maxBatteryPerDay": 8.75, "maxAtThisDay": 10, "batteryLevelPercentage": 2.82266384029194, "buyPrice": 0.149072, "sellPrice": 0.1, "batteryLevel": 28.2266384029194, "maxBatteryForMonth": 10, "Temperature": 30.9, "ratioPc": "noData"}