{"bought": 89.83, "sold": 416.77, "Time_string": "Last update at 19:52 - 22/09/2023", "produce": 0.177, "consumption": 0.141, "ratioPC": 0.036000000000000004, "maxBatteryPerDay": 8.75, "maxAtThisDay": 10, "batteryLevelPercentage": 18.974631211763445, "buyPrice": 0.149072, "sellPrice": 0.1, "batteryLevel": 189.74631211763443, "maxBatteryForMonth": 10, "Temperature": 24.1, "ratioPc": "noData"}