{"bought": 193.65, "sold": 206.33, "Time_string": "Last update at 13:19 - 18/10/2024", "produce": 1.294, "consumption": 0.111, "ratioPC": 1.353, "maxBatteryPerDay": 8.75, "maxAtThisDay": 100, "batteryLevelPercentage": -0.5524037243747987, "buyPrice": 0.149072, "sellPrice": 0.1, "batteryLevel": -55.24037243747986, "maxBatteryForMonth": 100, "Temperature": 18.3, "ratioPc": "noData"}