{"bought": 24.1, "sold": 79.4, "Time_string": "Last update at 18:20 - 06/11/2023", "produce": 0.039, "consumption": 0.276, "ratioPC": -0.23700000000000002, "maxBatteryPerDay": 8.75, "maxAtThisDay": 10, "batteryLevelPercentage": 2.9162852849629717, "buyPrice": 0.149072, "sellPrice": 0.1, "batteryLevel": 29.162852849629715, "maxBatteryForMonth": 10, "Temperature": 14.7, "ratioPc": "noData"}