{"bought": 154.23, "sold": 160.82, "Time_string": "Last update at 07:46 - 15/07/2023", "produce": 0.062, "consumption": 1.67, "buyPrice": 0.149072, "sellPrice": 0.1, "batteryLevel": -46.34924439197165, "maxBatteryPerDay": 8.75, "batteryLevelPercentage": -4.634924439197166, "maxAtThisDay": 10, "ratioPC": -1.6079999999999999, "maxBatteryForMonth": 10, "ratioPc": "noData"}