{"bought": 239.5, "sold": 386.81, "Time_string": "Last update at 22:24 - 28/06/2023", "produce": 0.0, "consumption": 1.662, "buyPrice": 0.149072, "sellPrice": 0.1, "batteryLevel": 19.978641193517262, "maxBatteryPerDay": 8.75, "batteryLevelPercentage": 0.19978641193517263, "maxAtThisDay": 100, "ratioPC": -1.662, "maxBatteryForMonth": 100, "ratioPc": "noData"}