{"bought": 195.65, "sold": 500.38, "Time_string": "Last update at 01:29 - 22/05/2024", "produce": 0.0, "consumption": 0.155, "ratioPC": -0.157, "maxBatteryPerDay": 8.75, "maxAtThisDay": 100, "batteryLevelPercentage": 1.4001330363851023, "buyPrice": 0.149072, "sellPrice": 0.1, "batteryLevel": 140.01330363851022, "maxBatteryForMonth": 100, "Temperature": 16.0, "ratioPc": "noData"}