{"bought": 298.33, "sold": 373.29, "Time_string": "Last update at 12:39 - 27/09/2024", "produce": 4.39, "consumption": 0.116, "ratioPC": 3.836, "maxBatteryPerDay": 8.75, "maxAtThisDay": 100, "batteryLevelPercentage": -0.4792080176022324, "buyPrice": 0.149072, "sellPrice": 0.1, "batteryLevel": -47.92080176022324, "maxBatteryForMonth": 100, "Temperature": 22.6, "ratioPc": "noData"}