{"bought": 233.28, "sold": 627.21, "Time_string": "Last update at 09:44 - 27/05/2024", "produce": 0.576, "consumption": 0.14, "ratioPC": 0.28200000000000003, "maxBatteryPerDay": 8.75, "maxAtThisDay": 100, "batteryLevelPercentage": 1.8746299667274875, "buyPrice": 0.149072, "sellPrice": 0.1, "batteryLevel": 187.46299667274874, "maxBatteryForMonth": 100, "Temperature": 22.2, "ratioPc": "noData"}