{"bought": 88.25, "sold": 132.92, "Time_string": "Last update at 01:18 - 10/10/2024", "produce": 0.0, "consumption": 0.124, "ratioPC": -0.03, "maxBatteryPerDay": 8.75, "maxAtThisDay": 87.5, "batteryLevelPercentage": 0.010456768733037863, "buyPrice": 0.149072, "sellPrice": 0.1, "batteryLevel": 0.9149672641408131, "maxBatteryForMonth": 100, "Temperature": 17.0, "ratioPc": "noData"}