{"bought": 121.09, "sold": 132.5, "Time_string": "Last update at 08:44 - 11/11/2024", "produce": 0.255, "consumption": 0.214, "ratioPC": -1.045, "maxBatteryPerDay": 8.75, "maxAtThisDay": 96.25, "batteryLevelPercentage": -0.3346158523241276, "buyPrice": 0.149072, "sellPrice": 0.1, "batteryLevel": -32.206775786197284, "maxBatteryForMonth": 100, "Temperature": 15.7, "ratioPc": "noData"}