{"bought": 327.52, "sold": 53.51, "Time_string": "Last update at 16:07 - 16/08/2024", "produce": 4.772, "consumption": 3.334, "ratioPC": 1.4569999999999999, "maxBatteryPerDay": 8.75, "maxAtThisDay": 100, "batteryLevelPercentage": -2.9162459375335406, "buyPrice": 0.149072, "sellPrice": 0.1, "batteryLevel": -291.6245937533541, "maxBatteryForMonth": 100, "Temperature": 37.1, "ratioPc": "noData"}