{"bought": 69.25, "sold": 116.21, "Time_string": "Last update at 17:15 - 08/11/2024", "produce": 0.683, "consumption": 0.211, "ratioPC": 0.29200000000000004, "maxBatteryPerDay": 8.75, "maxAtThisDay": 70.0, "batteryLevelPercentage": 0.12436598230576976, "buyPrice": 0.149072, "sellPrice": 0.1, "batteryLevel": 8.705618761403883, "maxBatteryForMonth": 100, "Temperature": 19.7, "ratioPc": "noData"}