{"bought": 124.19, "sold": 156.13, "Time_string": "Last update at 16:10 - 13/07/2023", "produce": 4.437, "consumption": 3.705, "buyPrice": 0.149072, "sellPrice": 0.1, "batteryLevel": -19.455375120747036, "maxBatteryPerDay": 8.75, "batteryLevelPercentage": -1.9455375120747036, "maxAtThisDay": 10, "ratioPC": 0.7320000000000002, "maxBatteryForMonth": 10, "ratioPc": "noData"}