{"bought": 286.94, "sold": 691.33, "Time_string": "Last update at 12:49 - 30/05/2024", "produce": 3.563, "consumption": 6.921, "ratioPC": -2.9870000000000005, "maxBatteryPerDay": 8.75, "maxAtThisDay": 100, "batteryLevelPercentage": 1.7681576902436411, "buyPrice": 0.149072, "sellPrice": 0.1, "batteryLevel": 176.8157690243641, "maxBatteryForMonth": 100, "Temperature": 31.7, "ratioPc": "noData"}