{"bought": 27.31, "sold": 38.07, "Time_string": "Last update at 20:27 - 03/07/2023", "produce": 0.29, "consumption": 2.033, "buyPrice": 0.149072, "sellPrice": 0.1, "batteryLevel": -1.7720049372115483, "maxBatteryPerDay": 8.75, "batteryLevelPercentage": -0.17720049372115482, "maxAtThisDay": 10, "ratioPC": -1.7429999999999999, "maxBatteryForMonth": 10, "ratioPc": "noData"}