{"bought": 302.56, "sold": 381.03, "Time_string": "Last update at 19:26 - 25/06/2024", "produce": 1.853, "consumption": 3.429, "ratioPC": -1.428, "maxBatteryPerDay": 8.75, "maxAtThisDay": 100, "batteryLevelPercentage": -0.46958679832564143, "buyPrice": 0.149072, "sellPrice": 0.1, "batteryLevel": -46.958679832564144, "maxBatteryForMonth": 100, "Temperature": 32.6, "ratioPc": "noData"}