{"bought": 138.27, "sold": 147.13, "Time_string": "Last update at 11:56 - 13/10/2024", "produce": 0.937, "consumption": 0.165, "ratioPC": 0.601, "maxBatteryPerDay": 8.75, "maxAtThisDay": 100, "batteryLevelPercentage": -0.39572726199420427, "buyPrice": 0.149072, "sellPrice": 0.1, "batteryLevel": -39.57272619942043, "maxBatteryForMonth": 100, "Temperature": 19.9, "ratioPc": "noData"}