{"bought": 152.24, "sold": 186.37, "Time_string": "Last update at 17:10 - 14/11/2024", "produce": 0.12, "consumption": 4.918, "ratioPC": -4.7090000000000005, "maxBatteryPerDay": 8.75, "maxAtThisDay": 100, "batteryLevelPercentage": -0.2721987549640444, "buyPrice": 0.149072, "sellPrice": 0.1, "batteryLevel": -27.21987549640444, "maxBatteryForMonth": 100, "Temperature": 16.0, "ratioPc": "noData"}