{"bought": 325.71, "sold": 48.7, "Time_string": "Last update at 08:29 - 16/08/2024", "produce": 0.105, "consumption": 0.187, "ratioPC": -0.11100000000000002, "maxBatteryPerDay": 8.75, "maxAtThisDay": 100, "batteryLevelPercentage": -2.9304122249651177, "buyPrice": 0.149072, "sellPrice": 0.1, "batteryLevel": -293.04122249651175, "maxBatteryForMonth": 100, "Temperature": 21.4, "ratioPc": "noData"}