{"bought": 374.12, "sold": 264.79, "Time_string": "Last update at 08:37 - 30/08/2023", "produce": 0.088, "consumption": 0.327, "ratioPC": -0.23900000000000002, "maxBatteryPerDay": 8.75, "maxAtThisDay": 10, "batteryLevelPercentage": -19.64944230975636, "buyPrice": 0.149072, "sellPrice": 0.1, "batteryLevel": -196.49442309756358, "maxBatteryForMonth": 10, "Temperature": 22.9, "ratioPc": "noData"}