{"bought": 340.06, "sold": 366.75, "Time_string": "Last update at 14:28 - 30/10/2024", "produce": 0.313, "consumption": 0.335, "ratioPC": 0.10599999999999998, "maxBatteryPerDay": 8.75, "maxAtThisDay": 100, "batteryLevelPercentage": -0.9403794354405923, "buyPrice": 0.149072, "sellPrice": 0.1, "batteryLevel": -94.03794354405923, "maxBatteryForMonth": 100, "Temperature": 14.5, "ratioPc": "noData"}