{"bought": 102.02, "sold": 98.17, "Time_string": "Last update at 15:15 - 09/06/2024", "produce": 2.436, "consumption": 0.302, "ratioPC": 2.164, "maxBatteryPerDay": 8.75, "maxAtThisDay": 78.75, "batteryLevelPercentage": -0.45924972784004664, "buyPrice": 0.149072, "sellPrice": 0.1, "batteryLevel": -36.16591606740367, "maxBatteryForMonth": 100, "Temperature": 23.2, "ratioPc": "noData"}