{"bought": 215.5, "sold": 228.94, "Time_string": "Last update at 18:21 - 20/07/2023", "produce": 3.185, "consumption": 0.155, "buyPrice": 0.149072, "sellPrice": 0.1, "batteryLevel": -61.92320489427928, "maxBatteryPerDay": 8.75, "batteryLevelPercentage": -6.192320489427928, "maxAtThisDay": 10, "ratioPC": 3.0300000000000002, "maxBatteryForMonth": 10, "ratioPc": "noData"}