{"bought": 34.58, "sold": 50.06, "Time_string": "Last update at 18:12 - 04/07/2023", "produce": 3.239, "consumption": 1.117, "buyPrice": 0.149072, "sellPrice": 0.1, "batteryLevel": -0.9989116668455509, "maxBatteryPerDay": 8.75, "batteryLevelPercentage": -0.09989116668455508, "maxAtThisDay": 10, "ratioPC": 2.122, "maxBatteryForMonth": 10, "ratioPc": "noData"}