{"bought": 179.41, "sold": 215.84, "Time_string": "Last update at 11:26 - 17/11/2024", "produce": 1.35, "consumption": 0.172, "ratioPC": 0.44599999999999995, "maxBatteryPerDay": 8.75, "maxAtThisDay": 100, "batteryLevelPercentage": -0.34620904797681645, "buyPrice": 0.149072, "sellPrice": 0.1, "batteryLevel": -34.620904797681646, "maxBatteryForMonth": 100, "Temperature": 19.4, "ratioPc": "noData"}