{"bought": 66.37, "sold": 133.2, "Time_string": "Last update at 16:57 - 09/09/2024", "produce": 4.134, "consumption": 1.029, "ratioPC": 4.079000000000001, "maxBatteryPerDay": 8.75, "maxAtThisDay": 78.75, "batteryLevelPercentage": 0.2918450281189359, "buyPrice": 0.149072, "sellPrice": 0.1, "batteryLevel": 22.982795964366204, "maxBatteryForMonth": 100, "Temperature": 30.0, "ratioPc": "noData"}