{"bought": 173.22, "sold": 203.96, "Time_string": "Last update at 22:30 - 15/11/2024", "produce": 0.0, "consumption": 0.328, "ratioPC": -0.283, "maxBatteryPerDay": 8.75, "maxAtThisDay": 100, "batteryLevelPercentage": -0.36400208221530533, "buyPrice": 0.149072, "sellPrice": 0.1, "batteryLevel": -36.400208221530534, "maxBatteryForMonth": 100, "Temperature": 15.5, "ratioPc": "noData"}