{"bought": 303.33, "sold": 352.96, "Time_string": "Last update at 10:27 - 29/07/2023", "produce": 1.628, "consumption": 0.909, "buyPrice": 0.149072, "sellPrice": 0.1, "batteryLevel": -66.55850703015992, "maxBatteryPerDay": 8.75, "batteryLevelPercentage": -6.655850703015991, "maxAtThisDay": 10, "ratioPC": 0.7189999999999999, "maxBatteryForMonth": 10, "ratioPc": "noData"}