{"bought": 87.47, "sold": 132.92, "Time_string": "Last update at 20:50 - 09/10/2024", "produce": 0.0, "consumption": 0.281, "ratioPC": -0.163, "maxBatteryPerDay": 8.75, "maxAtThisDay": 78.75, "batteryLevelPercentage": 0.021523393830359547, "buyPrice": 0.149072, "sellPrice": 0.1, "batteryLevel": 1.6949672641408142, "maxBatteryForMonth": 100, "Temperature": 20.2, "ratioPc": "noData"}