{"bought": 1.2, "sold": 9.96, "Time_string": "Last update at 15:05 - 01/10/2024", "produce": 4.947, "consumption": 0.873, "ratioPC": 0.9530000000000001, "maxBatteryPerDay": 8.75, "maxAtThisDay": 8.75, "batteryLevelPercentage": 0.6264383078550729, "buyPrice": 0.149072, "sellPrice": 0.1, "batteryLevel": 5.481335193731888, "maxBatteryForMonth": 100, "Temperature": 29.2, "ratioPc": "noData"}