{"bought": 696.99, "sold": 108.5, "Time_string": "Last update at 16:14 - 31/08/2024", "produce": 3.874, "consumption": 3.498, "ratioPC": -1.9420000000000002, "maxBatteryPerDay": 8.75, "maxAtThisDay": 100, "batteryLevelPercentage": -6.242063786626597, "buyPrice": 0.149072, "sellPrice": 0.1, "batteryLevel": -624.2063786626596, "maxBatteryForMonth": 100, "Temperature": 33.8, "ratioPc": "noData"}