{"bought": 196.71, "sold": 529.09, "Time_string": "Last update at 17:46 - 22/05/2024", "produce": 3.422, "consumption": 0.195, "ratioPC": 3.624, "maxBatteryPerDay": 8.75, "maxAtThisDay": 100, "batteryLevelPercentage": 1.5821245357947837, "buyPrice": 0.149072, "sellPrice": 0.1, "batteryLevel": 158.21245357947836, "maxBatteryForMonth": 100, "Temperature": 28.0, "ratioPc": "noData"}