{"bought": 278.18, "sold": 368.37, "Time_string": "Last update at 20:03 - 23/06/2024", "produce": 0.866, "consumption": 0.199, "ratioPC": 0.9020000000000001, "maxBatteryPerDay": 8.75, "maxAtThisDay": 100, "batteryLevelPercentage": -0.31071220349898027, "buyPrice": 0.149072, "sellPrice": 0.1, "batteryLevel": -31.071220349898027, "maxBatteryForMonth": 100, "Temperature": 35.8, "ratioPc": "noData"}