{"bought": 34.37, "sold": 47.44, "Time_string": "Last update at 16:44 - 04/07/2023", "produce": 3.879, "consumption": 5.573, "buyPrice": 0.149072, "sellPrice": 0.1, "batteryLevel": -2.5464516475260304, "maxBatteryPerDay": 8.75, "batteryLevelPercentage": -0.254645164752603, "maxAtThisDay": 10, "ratioPC": -1.6940000000000004, "maxBatteryForMonth": 10, "ratioPc": "noData"}