{"bought": 167.62, "sold": 166.0, "Time_string": "Last update at 17:47 - 23/12/2023", "produce": 0.082, "consumption": 0.332, "ratioPC": -0.22400000000000003, "maxBatteryPerDay": 8.75, "maxAtThisDay": 100, "batteryLevelPercentage": -0.5626441343780186, "buyPrice": 0.149072, "sellPrice": 0.1, "batteryLevel": -56.26441343780186, "maxBatteryForMonth": 100, "Temperature": 14.2, "ratioPc": "noData"}