{"bought": 102.02, "sold": 98.63, "Time_string": "Last update at 15:23 - 09/06/2024", "produce": 2.979, "consumption": 0.29, "ratioPC": 2.134, "maxBatteryPerDay": 8.75, "maxAtThisDay": 78.75, "batteryLevelPercentage": -0.45533130597593413, "buyPrice": 0.149072, "sellPrice": 0.1, "batteryLevel": -35.85734034560481, "maxBatteryForMonth": 100, "Temperature": 23.4, "ratioPc": "noData"}