{"bought": 122.65, "sold": 269.31, "Time_string": "Last update at 19:29 - 16/06/2024", "produce": 1.799, "consumption": 1.944, "ratioPC": 0.1120000000000001, "maxBatteryPerDay": 8.75, "maxAtThisDay": 100, "batteryLevelPercentage": 0.5800766877750348, "buyPrice": 0.149072, "sellPrice": 0.1, "batteryLevel": 58.00766877750348, "maxBatteryForMonth": 100, "Temperature": 29.5, "ratioPc": "noData"}