{"bought": 85.5, "sold": 128.5, "Time_string": "Last update at 01:38 - 09/10/2024", "produce": 0.0, "consumption": 0.091, "ratioPC": -0.091, "maxBatteryPerDay": 8.75, "maxAtThisDay": 78.75, "batteryLevelPercentage": 0.008888343717151274, "buyPrice": 0.149072, "sellPrice": 0.1, "batteryLevel": 0.6999570677256628, "maxBatteryForMonth": 100, "Temperature": 18.0, "ratioPc": "noData"}