{"bought": 215.5, "sold": 203.86, "Time_string": "Last update at 12:28 - 20/07/2023", "produce": 3.783, "consumption": 0.801, "buyPrice": 0.149072, "sellPrice": 0.1, "batteryLevel": -78.74728990018247, "maxBatteryPerDay": 8.75, "batteryLevelPercentage": -7.874728990018246, "maxAtThisDay": 10, "ratioPC": 2.9819999999999998, "maxBatteryForMonth": 10, "ratioPc": "noData"}