{"bought": 18.27, "sold": 3.65, "Time_string": "Last update at 19:28 - 01/06/2024", "produce": 1.532, "consumption": 2.757, "ratioPC": -1.1699999999999997, "maxBatteryPerDay": 8.75, "maxAtThisDay": 8.75, "batteryLevelPercentage": -1.8081735690519634, "buyPrice": 0.149072, "sellPrice": 0.1, "batteryLevel": -15.82151872920468, "maxBatteryForMonth": 100, "Temperature": 32.1, "ratioPc": "noData"}