{"bought": 243.02, "sold": 198.27, "Time_string": "Last update at 08:52 - 22/08/2023", "produce": 0.154, "consumption": 0.182, "ratioPC": -0.027999999999999997, "maxBatteryPerDay": 8.75, "maxAtThisDay": 10, "batteryLevelPercentage": -11.001715573682517, "buyPrice": 0.149072, "sellPrice": 0.1, "batteryLevel": -110.01715573682517, "maxBatteryForMonth": 10, "Temperature": 26.5, "ratioPc": "noData"}