{"bought": 216.84, "sold": 582.13, "Time_string": "Last update at 10:54 - 25/05/2024", "produce": 2.358, "consumption": 1.256, "ratioPC": 1.9399999999999997, "maxBatteryPerDay": 8.75, "maxAtThisDay": 100, "batteryLevelPercentage": 1.7366257593646024, "buyPrice": 0.149072, "sellPrice": 0.1, "batteryLevel": 173.66257593646023, "maxBatteryForMonth": 100, "Temperature": 23.7, "ratioPc": "noData"}