{"bought": 184.51, "sold": 354.3, "Time_string": "Last update at 11:12 - 17/05/2024", "produce": 4.343, "consumption": 0.208, "ratioPC": 1.651, "maxBatteryPerDay": 8.75, "maxAtThisDay": 100, "batteryLevelPercentage": 0.5316038746377589, "buyPrice": 0.149072, "sellPrice": 0.1, "batteryLevel": 53.16038746377589, "maxBatteryForMonth": 100, "Temperature": 18.4, "ratioPc": "noData"}