{"bought": 27.81, "sold": 69.13, "Time_string": "Last update at 08:53 - 05/10/2023", "produce": 0.156, "consumption": 1.187, "ratioPC": -1.0310000000000001, "maxBatteryPerDay": 8.75, "maxAtThisDay": 10, "batteryLevelPercentage": 1.856356445207685, "buyPrice": 0.149072, "sellPrice": 0.1, "batteryLevel": 18.56356445207685, "maxBatteryForMonth": 10, "Temperature": 19.8, "ratioPc": "noData"}