{"bought": 282.48, "sold": 351.7, "Time_string": "Last update at 10:41 - 26/09/2024", "produce": 1.19, "consumption": 7.672, "ratioPC": -0.14000000000000012, "maxBatteryPerDay": 8.75, "maxAtThisDay": 100, "batteryLevelPercentage": -0.4655373618117423, "buyPrice": 0.149072, "sellPrice": 0.1, "batteryLevel": -46.55373618117423, "maxBatteryForMonth": 100, "Temperature": 22.7, "ratioPc": "noData"}