{"bought": 123.79, "sold": 228.68, "Time_string": "Last update at 18:20 - 14/09/2024", "produce": 0.838, "consumption": 1.856, "ratioPC": 0.15500000000000003, "maxBatteryPerDay": 8.75, "maxAtThisDay": 100, "batteryLevelPercentage": 0.2961238274122572, "buyPrice": 0.149072, "sellPrice": 0.1, "batteryLevel": 29.612382741225716, "maxBatteryForMonth": 100, "Temperature": 32.7, "ratioPc": "noData"}