{"bought": 151.18, "sold": 238.05, "Time_string": "Last update at 04:48 - 16/09/2024", "produce": 0.0, "consumption": 0.192, "ratioPC": -0.126, "maxBatteryPerDay": 8.75, "maxAtThisDay": 100, "batteryLevelPercentage": 0.08507936030911253, "buyPrice": 0.149072, "sellPrice": 0.1, "batteryLevel": 8.507936030911253, "maxBatteryForMonth": 100, "Temperature": 20.8, "ratioPc": "noData"}