{"bought": 42.71, "sold": 54.57, "Time_string": "Last update at 12:37 - 05/07/2023", "produce": 3.95, "consumption": 1.039, "buyPrice": 0.149072, "sellPrice": 0.1, "batteryLevel": -6.103527959643664, "maxBatteryPerDay": 8.75, "batteryLevelPercentage": -0.6103527959643664, "maxAtThisDay": 10, "ratioPC": 2.9110000000000005, "maxBatteryForMonth": 10, "ratioPc": "noData"}