{"bought": 20.67, "sold": 31.37, "Time_string": "Last update at 16:11 - 03/08/2023", "produce": 4.651, "consumption": 2.235, "ratioPC": 2.416, "maxBatteryPerDay": 8.75, "maxAtThisDay": 10, "batteryLevelPercentage": 0.03735225931093709, "buyPrice": 0.149072, "sellPrice": 0.1, "batteryLevel": 0.37352259310937086, "maxBatteryForMonth": 10, "Temperature": 35.4, "ratioPc": "noData"}