{"bought": 34.85, "sold": 128.19, "Time_string": "Last update at 18:28 - 08/09/2023", "produce": 1.286, "consumption": 0.822, "ratioPC": 0.4640000000000001, "maxBatteryPerDay": 8.75, "maxAtThisDay": 10, "batteryLevelPercentage": 5.114200386390468, "buyPrice": 0.149072, "sellPrice": 0.1, "batteryLevel": 51.142003863904684, "maxBatteryForMonth": 10, "Temperature": 28.1, "ratioPc": "noData"}