{"bought": 260.19, "sold": 328.43, "Time_string": "Last update at 11:23 - 24/09/2024", "produce": 3.27, "consumption": 1.446, "ratioPC": -0.47899999999999987, "maxBatteryPerDay": 8.75, "maxAtThisDay": 100, "batteryLevelPercentage": -0.3987364280347751, "buyPrice": 0.149072, "sellPrice": 0.1, "batteryLevel": -39.87364280347751, "maxBatteryForMonth": 100, "Temperature": 20.8, "ratioPc": "noData"}