{"bought": 171.38, "sold": 190.41, "Time_string": "Last update at 11:16 - 15/11/2024", "produce": 3.292, "consumption": 0.188, "ratioPC": 3.092, "maxBatteryPerDay": 8.75, "maxAtThisDay": 100, "batteryLevelPercentage": -0.43649775678866587, "buyPrice": 0.149072, "sellPrice": 0.1, "batteryLevel": -43.64977567886659, "maxBatteryForMonth": 100, "Temperature": 16.3, "ratioPc": "noData"}