{"bought": 215.99, "sold": 281.82, "Time_string": "Last update at 23:57 - 19/09/2024", "produce": 0.0, "consumption": 0.139, "ratioPC": -0.101, "maxBatteryPerDay": 8.75, "maxAtThisDay": 100, "batteryLevelPercentage": -0.26940413223140497, "buyPrice": 0.149072, "sellPrice": 0.1, "batteryLevel": -26.940413223140496, "maxBatteryForMonth": 100, "Temperature": 20.1, "ratioPc": "noData"}