{"bought": 3.73, "sold": 1.36, "Time_string": "Last update at 11:17 - 01/06/2024", "produce": 2.699, "consumption": 6.445, "ratioPC": -3.8619999999999997, "maxBatteryPerDay": 8.75, "maxAtThisDay": 8.75, "batteryLevelPercentage": -0.3220216194667198, "buyPrice": 0.149072, "sellPrice": 0.1, "batteryLevel": -2.8176891703337983, "maxBatteryForMonth": 100, "Temperature": 26.6, "ratioPc": "noData"}