{"bought": 260.62, "sold": 345.37, "Time_string": "Last update at 18:52 - 24/09/2024", "produce": 0.944, "consumption": 0.163, "ratioPC": 0.719, "maxBatteryPerDay": 8.75, "maxAtThisDay": 100, "batteryLevelPercentage": -0.2894000643984117, "buyPrice": 0.149072, "sellPrice": 0.1, "batteryLevel": -28.94000643984117, "maxBatteryForMonth": 100, "Temperature": 24.1, "ratioPc": "noData"}