{"bought": 25.86, "sold": 43.54, "Time_string": "Last update at 14:31 - 04/09/2024", "produce": 4.754, "consumption": 1.772, "ratioPC": 2.4230000000000005, "maxBatteryPerDay": 8.75, "maxAtThisDay": 35.0, "batteryLevelPercentage": 0.09563893957282385, "buyPrice": 0.149072, "sellPrice": 0.1, "batteryLevel": 3.3473628850488346, "maxBatteryForMonth": 100, "Temperature": 30.5, "ratioPc": "noData"}