{"bought": 75.27, "sold": 24.43, "Time_string": "Last update at 12:37 - 07/01/2024", "produce": 4.276, "consumption": 4.685, "ratioPC": -2.513000000000001, "maxBatteryPerDay": 8.75, "maxAtThisDay": 61.25, "batteryLevelPercentage": -0.9613378923319891, "buyPrice": 0.149072, "sellPrice": 0.1, "batteryLevel": -58.881945905334334, "maxBatteryForMonth": 100, "Temperature": 11.2, "ratioPc": "noData"}