{"bought": 89.69, "sold": 133.36, "Time_string": "Last update at 10:34 - 10/10/2024", "produce": 1.702, "consumption": 1.258, "ratioPC": -2.3209999999999997, "maxBatteryPerDay": 8.75, "maxAtThisDay": 87.5, "batteryLevelPercentage": -0.0026271239976079284, "buyPrice": 0.149072, "sellPrice": 0.1, "batteryLevel": -0.22987334979069374, "maxBatteryForMonth": 100, "Temperature": 17.6, "ratioPc": "noData"}