{"bought": 100.41, "sold": 258.02, "Time_string": "Last update at 12:05 - 17/06/2023", "produce": 3.514, "consumption": 4.083, "ratioPc": null, "buyPrice": 0.149072, "sellPrice": 0.1, "batteryLevel": 72.67414725770095, "maxBatteryPerDay": 8.75, "batteryLevelPercentage": 0.4885656958500904, "maxAtThisDay": 148.75, "ratioPC": -0.5690000000000004}