{"bought": 223.54, "sold": 251.12, "Time_string": "Last update at 13:35 - 21/10/2024", "produce": 4.494, "consumption": 0.23, "ratioPC": 4.074000000000001, "maxBatteryPerDay": 8.75, "maxAtThisDay": 100, "batteryLevelPercentage": -0.5508448856928194, "buyPrice": 0.149072, "sellPrice": 0.1, "batteryLevel": -55.084488569281945, "maxBatteryForMonth": 100, "Temperature": 23.6, "ratioPc": "noData"}