{"bought": 89.66, "sold": 416.77, "Time_string": "Last update at 19:28 - 22/09/2023", "produce": 0.411, "consumption": 0.799, "ratioPC": -0.38800000000000007, "maxBatteryPerDay": 8.75, "maxAtThisDay": 10, "batteryLevelPercentage": 18.99163121176344, "buyPrice": 0.149072, "sellPrice": 0.1, "batteryLevel": 189.91631211763442, "maxBatteryForMonth": 10, "Temperature": 24.5, "ratioPc": "noData"}