{"bought": 208.15, "sold": 212.08, "Time_string": "Last update at 13:44 - 19/10/2024", "produce": 4.625, "consumption": 7.768, "ratioPC": -3.6560000000000006, "maxBatteryPerDay": 8.75, "maxAtThisDay": 100, "batteryLevelPercentage": -0.658831759149941, "buyPrice": 0.149072, "sellPrice": 0.1, "batteryLevel": -65.8831759149941, "maxBatteryForMonth": 100, "Temperature": 21.7, "ratioPc": "noData"}