{"bought": 95.23, "sold": 445.44, "Time_string": "Last update at 09:18 - 24/09/2023", "produce": 0.221, "consumption": 0.274, "ratioPC": -0.05300000000000002, "maxBatteryPerDay": 8.75, "maxAtThisDay": 10, "batteryLevelPercentage": 20.357862938714174, "buyPrice": 0.149072, "sellPrice": 0.1, "batteryLevel": 203.57862938714175, "maxBatteryForMonth": 10, "Temperature": 19.9, "ratioPc": "noData"}