{"bought": 109.9, "sold": 156.74, "Time_string": "Last update at 11:23 - 12/06/2024", "produce": 0.952, "consumption": 0.182, "ratioPC": 0.711, "maxBatteryPerDay": 8.75, "maxAtThisDay": 100, "batteryLevelPercentage": -0.047561768809702726, "buyPrice": 0.149072, "sellPrice": 0.1, "batteryLevel": -4.756176880970273, "maxBatteryForMonth": 100, "Temperature": 22.8, "ratioPc": "noData"}