{"bought": 96.23, "sold": 200.0, "Time_string": "Last update at 17:29 - 12/09/2024", "produce": 3.718, "consumption": 1.174, "ratioPC": 2.8970000000000002, "maxBatteryPerDay": 8.75, "maxAtThisDay": 100, "batteryLevelPercentage": 0.37933357303853155, "buyPrice": 0.149072, "sellPrice": 0.1, "batteryLevel": 37.93335730385316, "maxBatteryForMonth": 100, "Temperature": 33.0, "ratioPc": "noData"}