{"bought": 168.96, "sold": 184.21, "Time_string": "Last update at 11:03 - 17/07/2023", "produce": 2.258, "consumption": 0.497, "buyPrice": 0.149072, "sellPrice": 0.1, "batteryLevel": -45.38883975528603, "maxBatteryPerDay": 8.75, "batteryLevelPercentage": -4.538883975528603, "maxAtThisDay": 10, "ratioPC": 1.7610000000000001, "maxBatteryForMonth": 10, "ratioPc": "noData"}