{"bought": 24.85, "sold": 38.07, "Time_string": "Last update at 19:38 - 03/07/2023", "produce": 1.547, "consumption": 5.075, "buyPrice": 0.149072, "sellPrice": 0.1, "batteryLevel": 0.687995062788449, "maxBatteryPerDay": 8.75, "batteryLevelPercentage": 0.0687995062788449, "maxAtThisDay": 10, "ratioPC": -3.5280000000000005, "maxBatteryForMonth": 10, "ratioPc": "noData"}