{"bought": 324.64, "sold": 380.59, "Time_string": "Last update at 13:54 - 31/07/2023", "produce": 4.698, "consumption": 2.245, "ratioPC": 2.4530000000000003, "maxBatteryPerDay": 8.75, "maxAtThisDay": 10, "batteryLevelPercentage": -6.933383921863262, "buyPrice": 0.149072, "sellPrice": 0.1, "batteryLevel": -69.33383921863262, "maxBatteryForMonth": 10, "Temperature": "35.0"}