{"bought": 169.56, "sold": 367.18, "Time_string": "Last update at 18:24 - 24/06/2023", "produce": 2.878, "consumption": 3.349, "ratioPc": "noData", "buyPrice": 0.149072, "sellPrice": 0.1, "batteryLevel": 76.75050767414405, "maxBatteryPerDay": 8.75, "batteryLevelPercentage": 0.3654786079721145, "maxAtThisDay": 210.0, "ratioPC": -0.4710000000000001}