{"bought": 115.66, "sold": 204.46, "Time_string": "Last update at 05:28 - 14/06/2024", "produce": 0.0, "consumption": 0.164, "ratioPC": -0.168, "maxBatteryPerDay": 8.75, "maxAtThisDay": 100, "batteryLevelPercentage": 0.21495200171729095, "buyPrice": 0.149072, "sellPrice": 0.1, "batteryLevel": 21.495200171729095, "maxBatteryForMonth": 100, "Temperature": 18.0, "ratioPc": "noData"}