{"bought": 233.54, "sold": 258.32, "Time_string": "Last update at 17:29 - 22/07/2023", "produce": 3.822, "consumption": 3.545, "buyPrice": 0.149072, "sellPrice": 0.1, "batteryLevel": -60.25460770634325, "maxBatteryPerDay": 8.75, "batteryLevelPercentage": -6.025460770634325, "maxAtThisDay": 10, "ratioPC": 0.27700000000000014, "maxBatteryForMonth": 10, "ratioPc": "noData"}