{"bought": 263.4, "sold": 435.31, "Time_string": "Last update at 17:13 - 29/11/2023", "produce": 0.368, "consumption": 0.154, "ratioPC": 0.214, "maxBatteryPerDay": 8.75, "maxAtThisDay": 100, "batteryLevelPercentage": 0.28613255339701654, "buyPrice": 0.149072, "sellPrice": 0.1, "batteryLevel": 28.613255339701652, "maxBatteryForMonth": 100, "Temperature": 19.8, "ratioPc": "noData"}