{"bought": 259.29, "sold": 290.02, "Time_string": "Last update at 18:50 - 24/07/2023", "produce": 2.53, "consumption": 4.14, "buyPrice": 0.149072, "sellPrice": 0.1, "batteryLevel": -64.73971557368256, "maxBatteryPerDay": 8.75, "batteryLevelPercentage": -6.473971557368256, "maxAtThisDay": 10, "ratioPC": -1.6099999999999999, "maxBatteryForMonth": 10, "ratioPc": "noData"}