{"bought": 228.38, "sold": 335.09, "Time_string": "Last update at 15:37 - 20/06/2024", "produce": 5.568, "consumption": 7.627, "ratioPC": -2.2700000000000005, "maxBatteryPerDay": 8.75, "maxAtThisDay": 100, "batteryLevelPercentage": -0.03596003005259206, "buyPrice": 0.149072, "sellPrice": 0.1, "batteryLevel": -3.596003005259206, "maxBatteryForMonth": 100, "Temperature": 23.6, "ratioPc": "noData"}