{"bought": 170.04, "sold": 113.35, "Time_string": "Last update at 14:21 - 15/08/2023", "produce": 4.655, "consumption": 1.149, "ratioPC": 3.5060000000000002, "maxBatteryPerDay": 8.75, "maxAtThisDay": 10, "batteryLevelPercentage": -9.40029172480412, "buyPrice": 0.149072, "sellPrice": 0.1, "batteryLevel": -94.0029172480412, "maxBatteryForMonth": 10, "Temperature": 34.4, "ratioPc": "noData"}