{"bought": 167.0, "sold": 299.35, "Time_string": "Last update at 21:02 - 18/06/2024", "produce": 0.116, "consumption": 6.446, "ratioPC": -6.32, "maxBatteryPerDay": 8.75, "maxAtThisDay": 100, "batteryLevelPercentage": 0.33809005044542234, "buyPrice": 0.149072, "sellPrice": 0.1, "batteryLevel": 33.80900504454223, "maxBatteryForMonth": 100, "Temperature": 20.9, "ratioPc": "noData"}