{"bought": 121.33, "sold": 123.02, "Time_string": "Last update at 10:56 - 18/12/2023", "produce": 2.595, "consumption": 0.526, "ratioPC": -0.2909999999999999, "maxBatteryPerDay": 8.75, "maxAtThisDay": 100, "batteryLevelPercentage": -0.3880611892239992, "buyPrice": 0.149072, "sellPrice": 0.1, "batteryLevel": -38.80611892239992, "maxBatteryForMonth": 100, "Temperature": 8.9, "ratioPc": "noData"}