{"bought": 180.4, "sold": 219.0, "Time_string": "Last update at 15:10 - 17/11/2024", "produce": 2.597, "consumption": 0.352, "ratioPC": 3.0629999999999997, "maxBatteryPerDay": 8.75, "maxAtThisDay": 100, "batteryLevelPercentage": -0.3349112375228077, "buyPrice": 0.149072, "sellPrice": 0.1, "batteryLevel": -33.49112375228077, "maxBatteryForMonth": 100, "Temperature": 20.8, "ratioPc": "noData"}