{"bought": 216.94, "sold": 281.82, "Time_string": "Last update at 06:39 - 20/09/2024", "produce": 0.0, "consumption": 0.091, "ratioPC": -0.129, "maxBatteryPerDay": 8.75, "maxAtThisDay": 100, "batteryLevelPercentage": -0.27890413223140487, "buyPrice": 0.149072, "sellPrice": 0.1, "batteryLevel": -27.890413223140484, "maxBatteryForMonth": 100, "Temperature": 18.0, "ratioPc": "noData"}