{"bought": 171.46, "sold": 203.35, "Time_string": "Last update at 16:04 - 15/11/2024", "produce": 1.616, "consumption": 2.777, "ratioPC": -0.6809999999999998, "maxBatteryPerDay": 8.75, "maxAtThisDay": 100, "batteryLevelPercentage": -0.35049406461307286, "buyPrice": 0.149072, "sellPrice": 0.1, "batteryLevel": -35.049406461307285, "maxBatteryForMonth": 100, "Temperature": 20.9, "ratioPc": "noData"}