{"bought": 193.65, "sold": 207.17, "Time_string": "Last update at 13:51 - 18/10/2024", "produce": 2.495, "consumption": 0.212, "ratioPC": 1.6460000000000001, "maxBatteryPerDay": 8.75, "maxAtThisDay": 100, "batteryLevelPercentage": -0.5467688633680371, "buyPrice": 0.149072, "sellPrice": 0.1, "batteryLevel": -54.676886336803705, "maxBatteryForMonth": 100, "Temperature": 18.8, "ratioPc": "noData"}