{"bought": 115.97, "sold": 204.52, "Time_string": "Last update at 08:59 - 14/06/2024", "produce": 0.272, "consumption": 0.168, "ratioPC": 0.01999999999999999, "maxBatteryPerDay": 8.75, "maxAtThisDay": 100, "batteryLevelPercentage": 0.21225449178920258, "buyPrice": 0.149072, "sellPrice": 0.1, "batteryLevel": 21.225449178920258, "maxBatteryForMonth": 100, "Temperature": 20.0, "ratioPc": "noData"}