{"bought": 117.08, "sold": 554.29, "Time_string": "Last update at 09:41 - 29/09/2023", "produce": 0.407, "consumption": 0.268, "ratioPC": 0.13899999999999996, "maxBatteryPerDay": 8.75, "maxAtThisDay": 10, "batteryLevelPercentage": 25.474703659976388, "buyPrice": 0.149072, "sellPrice": 0.1, "batteryLevel": 254.74703659976387, "maxBatteryForMonth": 10, "Temperature": 23.0, "ratioPc": "noData"}