{"bought": 249.57, "sold": 400.93, "Time_string": "Last update at 12:01 - 30/06/2023", "produce": 3.404, "consumption": 1.146, "buyPrice": 0.149072, "sellPrice": 0.1, "batteryLevel": 19.38057421916926, "maxBatteryPerDay": 8.75, "batteryLevelPercentage": 0.1938057421916926, "maxAtThisDay": 100, "ratioPC": 2.258, "maxBatteryForMonth": 100, "ratioPc": "noData"}