{"bought": 170.02, "sold": 189.17, "Time_string": "Last update at 18:02 - 17/07/2023", "produce": 2.989, "consumption": 3.353, "buyPrice": 0.149072, "sellPrice": 0.1, "batteryLevel": -43.121588494150515, "maxBatteryPerDay": 8.75, "batteryLevelPercentage": -4.312158849415051, "maxAtThisDay": 10, "ratioPC": -0.3640000000000003, "maxBatteryForMonth": 10, "ratioPc": "noData"}