{"bought": 42.71, "sold": 53.77, "Time_string": "Last update at 12:19 - 05/07/2023", "produce": 3.886, "consumption": 1.547, "buyPrice": 0.149072, "sellPrice": 0.1, "batteryLevel": -6.640181388859077, "maxBatteryPerDay": 8.75, "batteryLevelPercentage": -0.6640181388859077, "maxAtThisDay": 10, "ratioPC": 2.3390000000000004, "maxBatteryForMonth": 10, "ratioPc": "noData"}