{"bought": 163.65, "sold": 362.97, "Time_string": "Last update at 23:30 - 23/06/2023", "produce": 0.0, "consumption": 1.454, "ratioPc": "noData", "buyPrice": 0.149072, "sellPrice": 0.1, "batteryLevel": 79.83636900289792, "maxBatteryPerDay": 8.75, "batteryLevelPercentage": 0.3967024546727847, "maxAtThisDay": 201.25, "ratioPC": -1.454}