{"bought": 154.42, "sold": 164.56, "Time_string": "Last update at 13:02 - 15/07/2023", "produce": 4.11, "consumption": 4.671, "buyPrice": 0.149072, "sellPrice": 0.1, "batteryLevel": -44.030389610389605, "maxBatteryPerDay": 8.75, "batteryLevelPercentage": -4.403038961038961, "maxAtThisDay": 10, "ratioPC": -0.5609999999999999, "maxBatteryForMonth": 10, "ratioPc": "noData"}