{"bought": 43.04, "sold": 65.96, "Time_string": "Last update at 18:55 - 05/07/2023", "produce": 2.437, "consumption": 2.626, "buyPrice": 0.149072, "sellPrice": 0.1, "batteryLevel": 1.2070752388107735, "maxBatteryPerDay": 8.75, "batteryLevelPercentage": 0.12070752388107735, "maxAtThisDay": 10, "ratioPC": -0.18900000000000006, "maxBatteryForMonth": 10, "ratioPc": "noData"}