{"bought": 64.87, "sold": 108.07, "Time_string": "Last update at 09:34 - 08/07/2023", "produce": 0.423, "consumption": 0.147, "buyPrice": 0.149072, "sellPrice": 0.1, "batteryLevel": 7.625170119137053, "maxBatteryPerDay": 8.75, "batteryLevelPercentage": 0.7625170119137052, "maxAtThisDay": 10, "ratioPC": 0.276, "maxBatteryForMonth": 10, "ratioPc": "noData"}