{"bought": 334.04, "sold": 464.51, "Time_string": "Last update at 18:20 - 30/09/2024", "produce": 2.186, "consumption": 0.112, "ratioPC": 2.1959999999999997, "maxBatteryPerDay": 8.75, "maxAtThisDay": 100, "batteryLevelPercentage": -0.22438894493935835, "buyPrice": 0.149072, "sellPrice": 0.1, "batteryLevel": -22.438894493935834, "maxBatteryForMonth": 100, "Temperature": 30.7, "ratioPc": "noData"}