{"bought": 232.93, "sold": 382.2, "Time_string": "Last update at 13:29 - 28/06/2023", "produce": 3.763, "consumption": 5.244, "buyPrice": 0.149072, "sellPrice": 0.1, "batteryLevel": 23.456175807663385, "maxBatteryPerDay": 8.75, "batteryLevelPercentage": 0.23456175807663385, "maxAtThisDay": 100, "ratioPC": -1.4809999999999999, "maxBatteryForMonth": 100, "ratioPc": "noData"}