{"bought": 325.92, "sold": 365.82, "Time_string": "Last update at 16:31 - 28/10/2024", "produce": 0.788, "consumption": 0.164, "ratioPC": 0.705, "maxBatteryPerDay": 8.75, "maxAtThisDay": 100, "batteryLevelPercentage": -0.8052180315552218, "buyPrice": 0.149072, "sellPrice": 0.1, "batteryLevel": -80.52180315552218, "maxBatteryForMonth": 100, "Temperature": 19.5, "ratioPc": "noData"}