{"bought": 112.62, "sold": 203.35, "Time_string": "Last update at 17:22 - 13/06/2024", "produce": 3.947, "consumption": 0.589, "ratioPC": 3.86, "maxBatteryPerDay": 8.75, "maxAtThisDay": 100, "batteryLevelPercentage": 0.23790593538692717, "buyPrice": 0.149072, "sellPrice": 0.1, "batteryLevel": 23.79059353869272, "maxBatteryForMonth": 100, "Temperature": 31.6, "ratioPc": "noData"}