{"bought": 334.45, "sold": 465.71, "Time_string": "Last update at 20:12 - 30/09/2024", "produce": 0.014, "consumption": 0.104, "ratioPC": -1.149, "maxBatteryPerDay": 8.75, "maxAtThisDay": 100, "batteryLevelPercentage": -0.22043914350112742, "buyPrice": 0.149072, "sellPrice": 0.1, "batteryLevel": -22.043914350112743, "maxBatteryForMonth": 100, "Temperature": 28.6, "ratioPc": "noData"}