{"bought": 96.0, "sold": 140.31, "Time_string": "Last update at 11:41 - 11/07/2023", "produce": 2.869, "consumption": 0.881, "buyPrice": 0.149072, "sellPrice": 0.1, "batteryLevel": -1.8776966834818154, "maxBatteryPerDay": 8.75, "batteryLevelPercentage": -0.18776966834818154, "maxAtThisDay": 10, "ratioPC": 1.9880000000000002, "maxBatteryForMonth": 10, "ratioPc": "noData"}