{"bought": 250.39, "sold": 158.04, "Time_string": "Last update at 15:44 - 23/01/2024", "produce": 4.06, "consumption": 0.996, "ratioPC": 3.819, "maxBatteryPerDay": 8.75, "maxAtThisDay": 100, "batteryLevelPercentage": -1.4437411505849522, "buyPrice": 0.149072, "sellPrice": 0.1, "batteryLevel": -144.37411505849522, "maxBatteryForMonth": 100, "Temperature": 21.5, "ratioPc": "noData"}