{"bought": 325.61, "sold": 354.21, "Time_string": "Last update at 11:08 - 28/10/2024", "produce": 3.77, "consumption": 2.584, "ratioPC": 3.544, "maxBatteryPerDay": 8.75, "maxAtThisDay": 100, "batteryLevelPercentage": -0.8799998604701088, "buyPrice": 0.149072, "sellPrice": 0.1, "batteryLevel": -87.99998604701088, "maxBatteryForMonth": 100, "Temperature": 15.1, "ratioPc": "noData"}