{"bought": 147.83, "sold": 361.75, "Time_string": "Last update at 16:53 - 23/06/2023", "produce": 4.046, "consumption": 2.48, "ratioPc": "noData", "buyPrice": 0.149072, "sellPrice": 0.1, "batteryLevel": 94.83797252334443, "maxBatteryPerDay": 8.75, "batteryLevelPercentage": 0.47124458396692886, "maxAtThisDay": 201.25, "ratioPC": 1.5660000000000003}