{"bought": 168.05, "sold": 363.41, "Time_string": "Last update at 11:32 - 24/06/2023", "produce": 2.938, "consumption": 4.051, "ratioPc": "noData", "buyPrice": 0.149072, "sellPrice": 0.1, "batteryLevel": 75.73152838896638, "maxBatteryPerDay": 8.75, "batteryLevelPercentage": 0.3606263256617447, "maxAtThisDay": 210.0, "ratioPC": -1.113}