{"bought": 132.31, "sold": 180.7, "Time_string": "Last update at 14:12 - 13/11/2024", "produce": 4.8, "consumption": 0.347, "ratioPC": 5.508, "maxBatteryPerDay": 8.75, "maxAtThisDay": 100, "batteryLevelPercentage": -0.11093406675968666, "buyPrice": 0.149072, "sellPrice": 0.1, "batteryLevel": -11.093406675968666, "maxBatteryForMonth": 100, "Temperature": 15.0, "ratioPc": "noData"}