{"bought": 200.62, "sold": 195.94, "Time_string": "Last update at 10:59 - 19/07/2023", "produce": 2.041, "consumption": 0.834, "buyPrice": 0.149072, "sellPrice": 0.1, "batteryLevel": -69.18015884941505, "maxBatteryPerDay": 8.75, "batteryLevelPercentage": -6.918015884941505, "maxAtThisDay": 10, "ratioPC": 1.2069999999999999, "maxBatteryForMonth": 10, "ratioPc": "noData"}