{"bought": 111.21, "sold": 550.54, "Time_string": "Last update at 16:48 - 28/09/2023", "produce": 3.916, "consumption": 1.691, "ratioPC": 2.2249999999999996, "maxBatteryPerDay": 8.75, "maxAtThisDay": 10, "batteryLevelPercentage": 25.81014736503166, "buyPrice": 0.149072, "sellPrice": 0.1, "batteryLevel": 258.1014736503166, "maxBatteryForMonth": 10, "Temperature": 34.8, "ratioPc": "noData"}