{"bought": 277.58, "sold": 307.4, "Time_string": "Last update at 08:51 - 26/07/2023", "produce": 0.235, "consumption": 0.132, "buyPrice": 0.149072, "sellPrice": 0.1, "batteryLevel": -71.37091982397769, "maxBatteryPerDay": 8.75, "batteryLevelPercentage": -7.137091982397768, "maxAtThisDay": 10, "ratioPC": 0.10299999999999998, "maxBatteryForMonth": 10, "ratioPc": "noData"}