{"bought": 69.25, "sold": 116.29, "Time_string": "Last update at 17:27 - 08/11/2024", "produce": 0.478, "consumption": 0.207, "ratioPC": 0.402, "maxBatteryPerDay": 8.75, "maxAtThisDay": 70.0, "batteryLevelPercentage": 0.12513263006179187, "buyPrice": 0.149072, "sellPrice": 0.1, "batteryLevel": 8.759284104325431, "maxBatteryForMonth": 100, "Temperature": 19.6, "ratioPc": "noData"}