{"bought": 235.51, "sold": 650.9, "Time_string": "Last update at 09:05 - 28/05/2024", "produce": 0.283, "consumption": 0.171, "ratioPC": 0.10600000000000001, "maxBatteryPerDay": 8.75, "maxAtThisDay": 100, "batteryLevelPercentage": 2.0112464634539013, "buyPrice": 0.149072, "sellPrice": 0.1, "batteryLevel": 201.12464634539015, "maxBatteryForMonth": 100, "Temperature": 18.2, "ratioPc": "noData"}