{"bought": 73.0, "sold": 219.53, "Time_string": "Last update at 12:46 - 14/10/2023", "produce": 4.137, "consumption": 1.733, "ratioPC": 2.4039999999999995, "maxBatteryPerDay": 8.75, "maxAtThisDay": 10, "batteryLevelPercentage": 7.426440914457444, "buyPrice": 0.149072, "sellPrice": 0.1, "batteryLevel": 74.26440914457444, "maxBatteryForMonth": 10, "Temperature": 24.8, "ratioPc": "noData"}