{"bought": 291.77, "sold": 335.48, "Time_string": "Last update at 08:15 - 28/07/2023", "produce": 0.161, "consumption": 0.212, "buyPrice": 0.149072, "sellPrice": 0.1, "batteryLevel": -66.72438445851668, "maxBatteryPerDay": 8.75, "batteryLevelPercentage": -6.672438445851668, "maxAtThisDay": 10, "ratioPC": -0.05099999999999999, "maxBatteryForMonth": 10, "ratioPc": "noData"}