{"bought": 272.42, "sold": 674.64, "Time_string": "Last update at 02:38 - 29/05/2024", "produce": 0.0, "consumption": 5.285, "ratioPC": -5.266, "maxBatteryPerDay": 8.75, "maxAtThisDay": 100, "batteryLevelPercentage": 1.8013983685735746, "buyPrice": 0.149072, "sellPrice": 0.1, "batteryLevel": 180.13983685735747, "maxBatteryForMonth": 100, "Temperature": 19.4, "ratioPc": "noData"}