{"bought": 194.17, "sold": 483.16, "Time_string": "Last update at 13:57 - 21/05/2024", "produce": 1.182, "consumption": 0.182, "ratioPC": 1.319, "maxBatteryPerDay": 8.75, "maxAtThisDay": 100, "batteryLevelPercentage": 1.2994183857464847, "buyPrice": 0.149072, "sellPrice": 0.1, "batteryLevel": 129.94183857464847, "maxBatteryForMonth": 100, "Temperature": 22.9, "ratioPc": "noData"}