{"bought": 122.92, "sold": 124.38, "Time_string": "Last update at 15:33 - 18/12/2023", "produce": 2.984, "consumption": 2.975, "ratioPC": -0.21700000000000008, "maxBatteryPerDay": 8.75, "maxAtThisDay": 100, "batteryLevelPercentage": -0.3948380809273371, "buyPrice": 0.149072, "sellPrice": 0.1, "batteryLevel": -39.48380809273371, "maxBatteryForMonth": 100, "Temperature": 15.6, "ratioPc": "noData"}