{"bought": 46.98, "sold": 106.93, "Time_string": "Last update at 17:52 - 07/09/2024", "produce": 0.732, "consumption": 0.202, "ratioPC": 0.489, "maxBatteryPerDay": 8.75, "maxAtThisDay": 61.25, "batteryLevelPercentage": 0.4040887997143691, "buyPrice": 0.149072, "sellPrice": 0.1, "batteryLevel": 24.75043898250511, "maxBatteryForMonth": 100, "Temperature": 29.3, "ratioPc": "noData"}