{"bought": 164.63, "sold": 341.1, "Time_string": "Last update at 07:28 - 16/05/2024", "produce": 0.026, "consumption": 0.156, "ratioPC": -0.114, "maxBatteryPerDay": 8.75, "maxAtThisDay": 100, "batteryLevelPercentage": 0.6418560588172162, "buyPrice": 0.149072, "sellPrice": 0.1, "batteryLevel": 64.18560588172161, "maxBatteryForMonth": 100, "Temperature": 10.5, "ratioPc": "noData"}