{"bought": 133.4, "sold": 185.47, "Time_string": "Last update at 18:16 - 13/11/2024", "produce": 0.032, "consumption": 1.086, "ratioPC": -0.941, "maxBatteryPerDay": 8.75, "maxAtThisDay": 100, "batteryLevelPercentage": -0.08983610604271774, "buyPrice": 0.149072, "sellPrice": 0.1, "batteryLevel": -8.983610604271774, "maxBatteryForMonth": 100, "Temperature": 13.7, "ratioPc": "noData"}