{"bought": 226.97, "sold": 334.9, "Time_string": "Last update at 15:10 - 20/06/2024", "produce": 5.35, "consumption": 0.261, "ratioPC": 5.1419999999999995, "maxBatteryPerDay": 8.75, "maxAtThisDay": 100, "batteryLevelPercentage": -0.023134581946978584, "buyPrice": 0.149072, "sellPrice": 0.1, "batteryLevel": -2.3134581946978585, "maxBatteryForMonth": 100, "Temperature": 23.2, "ratioPc": "noData"}