{"bought": 69.4, "sold": 51.65, "Time_string": "Last update at 14:04 - 06/06/2024", "produce": 4.324, "consumption": 3.087, "ratioPC": -0.3470000000000004, "maxBatteryPerDay": 8.75, "maxAtThisDay": 52.5, "batteryLevelPercentage": -0.6619488185958081, "buyPrice": 0.149072, "sellPrice": 0.1, "batteryLevel": -34.752312976279924, "maxBatteryForMonth": 100, "Temperature": 34.1, "ratioPc": "noData"}