{"bought": 146.23, "sold": 354.37, "Time_string": "Last update at 10:06 - 23/06/2023", "produce": 0.818, "consumption": 2.392, "ratioPc": "noData", "buyPrice": 0.149072, "sellPrice": 0.1, "batteryLevel": 91.48734463883227, "maxBatteryPerDay": 8.75, "batteryLevelPercentage": 0.4545955013109678, "maxAtThisDay": 201.25, "ratioPC": -1.5739999999999998}