{"bought": 106.27, "sold": 252.46, "Time_string": "Last update at 00:41 - 13/05/2024", "produce": 0.0, "consumption": 0.168, "ratioPC": -0.173, "maxBatteryPerDay": 8.75, "maxAtThisDay": 100, "batteryLevelPercentage": 0.6308440592465386, "buyPrice": 0.149072, "sellPrice": 0.1, "batteryLevel": 63.084405924653865, "maxBatteryForMonth": 100, "Temperature": 18.3, "ratioPc": "noData"}