{"bought": 179.23, "sold": 215.5, "Time_string": "Last update at 09:26 - 17/11/2024", "produce": 0.521, "consumption": 0.244, "ratioPC": 0.15700000000000003, "maxBatteryPerDay": 8.75, "maxAtThisDay": 100, "batteryLevelPercentage": -0.346689825050982, "buyPrice": 0.149072, "sellPrice": 0.1, "batteryLevel": -34.6689825050982, "maxBatteryForMonth": 100, "Temperature": 17.4, "ratioPc": "noData"}