{"bought": 314.98, "sold": 48.62, "Time_string": "Last update at 15:27 - 15/08/2024", "produce": 4.754, "consumption": 6.788, "ratioPC": -1.9650000000000007, "maxBatteryPerDay": 8.75, "maxAtThisDay": 100, "batteryLevelPercentage": -2.823648878394333, "buyPrice": 0.149072, "sellPrice": 0.1, "batteryLevel": -282.3648878394333, "maxBatteryForMonth": 100, "Temperature": 35.5, "ratioPc": "noData"}