{"bought": 23.65, "sold": 66.48, "Time_string": "Last update at 11:23 - 06/11/2023", "produce": 3.817, "consumption": 1.09, "ratioPC": 2.7270000000000003, "maxBatteryPerDay": 8.75, "maxAtThisDay": 10, "batteryLevelPercentage": 2.09458999678008, "buyPrice": 0.149072, "sellPrice": 0.1, "batteryLevel": 20.9458999678008, "maxBatteryForMonth": 10, "Temperature": 15.4, "ratioPc": "noData"}