{"bought": 322.55, "sold": 344.68, "Time_string": "Last update at 14:58 - 27/10/2024", "produce": 0.894, "consumption": 1.029, "ratioPC": 0.05600000000000005, "maxBatteryPerDay": 8.75, "maxAtThisDay": 100, "batteryLevelPercentage": -0.9133287002253945, "buyPrice": 0.149072, "sellPrice": 0.1, "batteryLevel": -91.33287002253945, "maxBatteryForMonth": 100, "Temperature": 18.0, "ratioPc": "noData"}