{"bought": 273.91, "sold": 368.19, "Time_string": "Last update at 17:41 - 23/06/2024", "produce": 3.657, "consumption": 4.422, "ratioPC": -0.6480000000000001, "maxBatteryPerDay": 8.75, "maxAtThisDay": 100, "batteryLevelPercentage": -0.2692196737147154, "buyPrice": 0.149072, "sellPrice": 0.1, "batteryLevel": -26.92196737147154, "maxBatteryForMonth": 100, "Temperature": 36.3, "ratioPc": "noData"}