{"bought": 132.2, "sold": 318.27, "Time_string": "Last update at 11:03 - 21/06/2023", "produce": 0.0, "consumption": 0.0, "ratioPc": "noData", "buyPrice": 0.149072, "sellPrice": 0.1, "batteryLevel": 81.30085864548673, "maxBatteryPerDay": 8.75, "batteryLevelPercentage": 0.4424536524924448, "maxAtThisDay": 183.75, "ratioPC": 0.0}