{"bought": 330.77, "sold": 428.38, "Time_string": "Last update at 15:58 - 29/09/2024", "produce": 4.64, "consumption": 0.194, "ratioPC": 4.577999999999999, "maxBatteryPerDay": 8.75, "maxAtThisDay": 100, "batteryLevelPercentage": -0.43405504990876864, "buyPrice": 0.149072, "sellPrice": 0.1, "batteryLevel": -43.405504990876864, "maxBatteryForMonth": 100, "Temperature": 29.0, "ratioPc": "noData"}