{"bought": 295.78, "sold": 695.82, "Time_string": "Last update at 12:06 - 31/05/2024", "produce": 3.505, "consumption": 3.067, "ratioPC": 0.31599999999999984, "maxBatteryPerDay": 8.75, "maxAtThisDay": 100, "batteryLevelPercentage": 1.7098773639583562, "buyPrice": 0.149072, "sellPrice": 0.1, "batteryLevel": 170.9877363958356, "maxBatteryForMonth": 100, "Temperature": 31.3, "ratioPc": "noData"}