{"bought": 232.9, "sold": 256.42, "Time_string": "Last update at 13:32 - 22/07/2023", "produce": 4.518, "consumption": 3.101, "buyPrice": 0.149072, "sellPrice": 0.1, "batteryLevel": -60.88915960072984, "maxBatteryPerDay": 8.75, "batteryLevelPercentage": -6.088915960072984, "maxAtThisDay": 10, "ratioPC": 1.4169999999999998, "maxBatteryForMonth": 10, "ratioPc": "noData"}