{"bought": 109.39, "sold": 151.71, "Time_string": "Last update at 15:55 - 12/07/2023", "produce": 4.653, "consumption": 3.79, "buyPrice": 0.149072, "sellPrice": 0.1, "batteryLevel": -7.6203853171621745, "maxBatteryPerDay": 8.75, "batteryLevelPercentage": -0.7620385317162175, "maxAtThisDay": 10, "ratioPC": 0.8629999999999995, "maxBatteryForMonth": 10, "ratioPc": "noData"}