{"bought": 122.08, "sold": 152.5, "Time_string": "Last update at 09:01 - 13/07/2023", "produce": 0.196, "consumption": 0.408, "buyPrice": 0.149072, "sellPrice": 0.1, "batteryLevel": -19.780440055811965, "maxBatteryPerDay": 8.75, "batteryLevelPercentage": -1.9780440055811965, "maxAtThisDay": 10, "ratioPC": -0.21199999999999997, "maxBatteryForMonth": 10, "ratioPc": "noData"}