{"bought": 2.1, "sold": 1.04, "Time_string": "Last update at 11:11 - 01/08/2023", "produce": 2.607, "consumption": 1.117, "ratioPC": 1.4900000000000002, "maxBatteryPerDay": 8.75, "maxAtThisDay": 8.75, "batteryLevelPercentage": -0.1602686333737101, "buyPrice": 0.149072, "sellPrice": 0.1, "batteryLevel": -1.4023505420199636, "maxBatteryForMonth": 10, "Temperature": "28", "ratioPc": "noData"}