{"bought": 294.42, "sold": 693.31, "Time_string": "Last update at 02:55 - 31/05/2024", "produce": 0.0, "consumption": 0.157, "ratioPC": -0.162, "maxBatteryPerDay": 8.75, "maxAtThisDay": 100, "batteryLevelPercentage": 1.7066398626167216, "buyPrice": 0.149072, "sellPrice": 0.1, "batteryLevel": 170.66398626167216, "maxBatteryForMonth": 100, "Temperature": 20.2, "ratioPc": "noData"}