{"bought": 236.31, "sold": 199.79, "Time_string": "Last update at 11:51 - 29/12/2023", "produce": 1.248, "consumption": 0.475, "ratioPC": -1.2960000000000003, "maxBatteryPerDay": 8.75, "maxAtThisDay": 100, "batteryLevelPercentage": -1.0228751422131588, "buyPrice": 0.149072, "sellPrice": 0.1, "batteryLevel": -102.28751422131589, "maxBatteryForMonth": 100, "Temperature": 10.8, "ratioPc": "noData"}