{"bought": 77.51, "sold": 126.41, "Time_string": "Last update at 18:21 - 09/11/2024", "produce": 0.018, "consumption": 0.269, "ratioPC": -0.286, "maxBatteryPerDay": 8.75, "maxAtThisDay": 78.75, "batteryLevelPercentage": 0.09254539662095733, "buyPrice": 0.149072, "sellPrice": 0.1, "batteryLevel": 7.28794998390039, "maxBatteryForMonth": 100, "Temperature": 19.3, "ratioPc": "noData"}