{"bought": 187.75, "sold": 164.85, "Time_string": "Last update at 13:50 - 18/08/2023", "produce": 4.464, "consumption": 2.326, "ratioPC": 2.1380000000000003, "maxBatteryPerDay": 8.75, "maxAtThisDay": 10, "batteryLevelPercentage": -7.716585274229904, "buyPrice": 0.149072, "sellPrice": 0.1, "batteryLevel": -77.16585274229904, "maxBatteryForMonth": 10, "Temperature": 32.7, "ratioPc": "noData"}