{"bought": 147.71, "sold": 354.43, "Time_string": "Last update at 11:53 - 23/06/2023", "produce": 3.39, "consumption": 3.002, "ratioPc": "noData", "buyPrice": 0.149072, "sellPrice": 0.1, "batteryLevel": 90.04759364602342, "maxBatteryPerDay": 8.75, "batteryLevelPercentage": 0.44744145911067534, "maxAtThisDay": 201.25, "ratioPC": 0.38800000000000034}