{"bought": 161.6, "sold": 180.38, "Time_string": "Last update at 15:53 - 16/07/2023", "produce": 4.541, "consumption": 2.131, "buyPrice": 0.149072, "sellPrice": 0.1, "batteryLevel": -40.59806804765482, "maxBatteryPerDay": 8.75, "batteryLevelPercentage": -4.059806804765482, "maxAtThisDay": 10, "ratioPC": 2.4100000000000006, "maxBatteryForMonth": 10, "ratioPc": "noData"}