{"bought": 180.69, "sold": 414.59, "Time_string": "Last update at 12:22 - 25/11/2023", "produce": 4.178, "consumption": 0.981, "ratioPC": 3.197, "maxBatteryPerDay": 8.75, "maxAtThisDay": 100, "batteryLevelPercentage": 0.9742393152302242, "buyPrice": 0.149072, "sellPrice": 0.1, "batteryLevel": 97.42393152302242, "maxBatteryForMonth": 100, "Temperature": 15.7, "ratioPc": "noData"}