{"bought": 44.33, "sold": 114.19, "Time_string": "Last update at 12:05 - 08/10/2023", "produce": 3.701, "consumption": 0.155, "ratioPC": 3.5460000000000003, "maxBatteryPerDay": 8.75, "maxAtThisDay": 10, "batteryLevelPercentage": 3.2270568852634964, "buyPrice": 0.149072, "sellPrice": 0.1, "batteryLevel": 32.270568852634966, "maxBatteryForMonth": 10, "Temperature": 28.2, "ratioPc": "noData"}