{"bought": 50.27, "sold": 138.48, "Time_string": "Last update at 19:05 - 09/10/2023", "produce": 0.696, "consumption": 1.826, "ratioPC": -1.1300000000000001, "maxBatteryPerDay": 8.75, "maxAtThisDay": 10, "batteryLevelPercentage": 4.262470859718793, "buyPrice": 0.149072, "sellPrice": 0.1, "batteryLevel": 42.624708597187926, "maxBatteryForMonth": 10, "Temperature": 29.9, "ratioPc": "noData"}