{"bought": 20.81, "sold": 37.75, "Time_string": "Last update at 17:52 - 03/07/2023", "produce": 3.24, "consumption": 2.283, "buyPrice": 0.149072, "sellPrice": 0.1, "batteryLevel": 4.513333691102289, "maxBatteryPerDay": 8.75, "batteryLevelPercentage": 0.4513333691102289, "maxAtThisDay": 10, "ratioPC": 0.9570000000000003, "maxBatteryForMonth": 10, "ratioPc": "noData"}