{"bought": 88.06, "sold": 34.52, "Time_string": "Last update at 18:07 - 08/01/2024", "produce": 0.101, "consumption": 0.141, "ratioPC": 0.014000000000000012, "maxBatteryPerDay": 8.75, "maxAtThisDay": 70.0, "batteryLevelPercentage": -0.9271914932764992, "buyPrice": 0.149072, "sellPrice": 0.1, "batteryLevel": -64.90340452935494, "maxBatteryForMonth": 100, "Temperature": 10.0, "ratioPc": "noData"}