{"bought": 245.34, "sold": 674.62, "Time_string": "Last update at 21:30 - 28/05/2024", "produce": 0.036, "consumption": 5.377, "ratioPC": -5.364, "maxBatteryPerDay": 8.75, "maxAtThisDay": 100, "batteryLevelPercentage": 2.072064205216271, "buyPrice": 0.149072, "sellPrice": 0.1, "batteryLevel": 207.2064205216271, "maxBatteryForMonth": 100, "Temperature": 27.5, "ratioPc": "noData"}