{"bought": 1.19, "sold": 2.04, "Time_string": "Last update at 11:07 - 01/07/2023", "produce": 2.422, "consumption": 1.439, "buyPrice": 0.149072, "sellPrice": 0.1, "batteryLevel": 0.17846624449930237, "maxBatteryPerDay": 8.75, "batteryLevelPercentage": 0.0203961422284917, "maxAtThisDay": 8.75, "ratioPC": 0.9830000000000001, "maxBatteryForMonth": 100, "ratioPc": "noData"}