{"bought": 255.91, "sold": 309.67, "Time_string": "Last update at 05:08 - 23/09/2024", "produce": 0.0, "consumption": 0.127, "ratioPC": -0.134, "maxBatteryPerDay": 8.75, "maxAtThisDay": 100, "batteryLevelPercentage": -0.48178165718578925, "buyPrice": 0.149072, "sellPrice": 0.1, "batteryLevel": -48.178165718578924, "maxBatteryForMonth": 100, "Temperature": 17.0, "ratioPc": "noData"}