{"bought": 105.35, "sold": 269.04, "Time_string": "Last update at 01:30 - 18/06/2023", "produce": 0.0, "consumption": 0.098, "ratioPc": null, "buyPrice": 0.149072, "sellPrice": 0.1, "batteryLevel": 75.12654824514331, "maxBatteryPerDay": 8.75, "batteryLevelPercentage": 0.476993957112021, "maxAtThisDay": 157.5, "ratioPC": -0.098}