{"bought": 243.85, "sold": 201.94, "Time_string": "Last update at 09:07 - 30/12/2023", "produce": 0.138, "consumption": 0.15, "ratioPC": -0.04300000000000001, "maxBatteryPerDay": 8.75, "maxAtThisDay": 100, "batteryLevelPercentage": -1.0838525813029944, "buyPrice": 0.149072, "sellPrice": 0.1, "batteryLevel": -108.38525813029943, "maxBatteryForMonth": 100, "Temperature": 6.1, "ratioPc": "noData"}