{"bought": 70.44, "sold": 159.09, "Time_string": "Last update at 16:42 - 10/09/2024", "produce": 4.117, "consumption": 0.294, "ratioPC": 3.9799999999999995, "maxBatteryPerDay": 8.75, "maxAtThisDay": 87.5, "batteryLevelPercentage": 0.41463134362685716, "buyPrice": 0.149072, "sellPrice": 0.1, "batteryLevel": 36.28024256735, "maxBatteryForMonth": 100, "Temperature": 30.7, "ratioPc": "noData"}