{"bought": 75.3, "sold": 178.88, "Time_string": "Last update at 16:00 - 11/09/2024", "produce": 4.069, "consumption": 6.187, "ratioPC": 3.6849999999999996, "maxBatteryPerDay": 8.75, "maxAtThisDay": 96.25, "batteryLevelPercentage": 0.4643709794552341, "buyPrice": 0.149072, "sellPrice": 0.1, "batteryLevel": 44.69570677256628, "maxBatteryForMonth": 100, "Temperature": 32.0, "ratioPc": "noData"}