{"bought": 187.86, "sold": 370.91, "Time_string": "Last update at 01:28 - 26/06/2023", "produce": 0.0, "consumption": 0.126, "ratioPc": "noData", "buyPrice": 0.149072, "sellPrice": 0.1, "batteryLevel": 60.95265428786087, "maxBatteryPerDay": 8.75, "batteryLevelPercentage": 0.2679237551114763, "maxAtThisDay": 227.5, "ratioPC": -0.126}