{"bought": 279.35, "sold": 329.92, "Time_string": "Last update at 16:10 - 25/10/2024", "produce": 1.553, "consumption": 0.379, "ratioPC": 2.8440000000000003, "maxBatteryPerDay": 8.75, "maxAtThisDay": 100, "batteryLevelPercentage": -0.5803412579156381, "buyPrice": 0.149072, "sellPrice": 0.1, "batteryLevel": -58.03412579156381, "maxBatteryForMonth": 100, "Temperature": 22.8, "ratioPc": "noData"}