{"bought": 164.74, "sold": 362.99, "Time_string": "Last update at 08:26 - 24/06/2023", "produce": 0.2, "consumption": 0.089, "ratioPc": "noData", "buyPrice": 0.149072, "sellPrice": 0.1, "batteryLevel": 78.75978533862829, "maxBatteryPerDay": 8.75, "batteryLevelPercentage": 0.3750465968506109, "maxAtThisDay": 210.0, "ratioPC": 0.11100000000000002}