{"bought": 43.27, "sold": 65.96, "Time_string": "Last update at 19:23 - 05/07/2023", "produce": 1.721, "consumption": 2.682, "buyPrice": 0.149072, "sellPrice": 0.1, "batteryLevel": 0.9770752388107695, "maxBatteryPerDay": 8.75, "batteryLevelPercentage": 0.09770752388107695, "maxAtThisDay": 10, "ratioPC": -0.9609999999999999, "maxBatteryForMonth": 10, "ratioPc": "noData"}