{"bought": 327.64, "sold": 55.08, "Time_string": "Last update at 18:29 - 16/08/2024", "produce": 2.536, "consumption": 3.794, "ratioPC": -0.2240000000000002, "maxBatteryPerDay": 8.75, "maxAtThisDay": 100, "batteryLevelPercentage": -2.9069141139851884, "buyPrice": 0.149072, "sellPrice": 0.1, "batteryLevel": -290.6914113985188, "maxBatteryForMonth": 100, "Temperature": 37.5, "ratioPc": "noData"}