{"bought": 81.23, "sold": 133.88, "Time_string": "Last update at 12:51 - 10/07/2023", "produce": 3.781, "consumption": 1.38, "buyPrice": 0.149072, "sellPrice": 0.1, "batteryLevel": 8.578951379199296, "maxBatteryPerDay": 8.75, "batteryLevelPercentage": 0.8578951379199296, "maxAtThisDay": 10, "ratioPC": 2.4010000000000002, "maxBatteryForMonth": 10, "ratioPc": "noData"}