{"bought": 130.12, "sold": 144.33, "Time_string": "Last update at 21:11 - 11/10/2024", "produce": 0.0, "consumption": 0.306, "ratioPC": -0.306, "maxBatteryPerDay": 8.75, "maxAtThisDay": 96.25, "batteryLevelPercentage": -0.3459845527446687, "buyPrice": 0.149072, "sellPrice": 0.1, "batteryLevel": -33.301013201674365, "maxBatteryForMonth": 100, "Temperature": 20.0, "ratioPc": "noData"}