{"bought": 50.04, "sold": 131.71, "Time_string": "Last update at 15:17 - 09/10/2023", "produce": 4.658, "consumption": 1.83, "ratioPC": 2.8280000000000003, "maxBatteryPerDay": 8.75, "maxAtThisDay": 10, "batteryLevelPercentage": 3.831327895245251, "buyPrice": 0.149072, "sellPrice": 0.1, "batteryLevel": 38.313278952452514, "maxBatteryForMonth": 10, "Temperature": 31.3, "ratioPc": "noData"}