{"bought": 22.79, "sold": 68.86, "Time_string": "Last update at 18:47 - 04/10/2023", "produce": 1.313, "consumption": 0.923, "ratioPC": 0.3899999999999999, "maxBatteryPerDay": 8.75, "maxAtThisDay": 10, "batteryLevelPercentage": 2.3402443919716647, "buyPrice": 0.149072, "sellPrice": 0.1, "batteryLevel": 23.402443919716646, "maxBatteryForMonth": 10, "Temperature": 32.2, "ratioPc": "noData"}