{"bought": 72.69, "sold": 116.34, "Time_string": "Last update at 04:34 - 09/11/2024", "produce": 0.0, "consumption": 0.205, "ratioPC": -0.246, "maxBatteryPerDay": 8.75, "maxAtThisDay": 78.75, "batteryLevelPercentage": 0.06797238023684297, "buyPrice": 0.149072, "sellPrice": 0.1, "batteryLevel": 5.352824943651385, "maxBatteryForMonth": 100, "Temperature": 17.0, "ratioPc": "noData"}