{"bought": 123.15, "sold": 219.58, "Time_string": "Last update at 12:15 - 14/09/2024", "produce": 3.463, "consumption": 0.249, "ratioPC": 3.214, "maxBatteryPerDay": 8.75, "maxAtThisDay": 100, "batteryLevelPercentage": 0.24147949983900388, "buyPrice": 0.149072, "sellPrice": 0.1, "batteryLevel": 24.14794998390039, "maxBatteryForMonth": 100, "Temperature": 28.2, "ratioPc": "noData"}