{"bought": 152.12, "sold": 243.89, "Time_string": "Last update at 13:52 - 16/09/2024", "produce": 4.324, "consumption": 1.778, "ratioPC": 2.457, "maxBatteryPerDay": 8.75, "maxAtThisDay": 100, "batteryLevelPercentage": 0.11485506064183738, "buyPrice": 0.149072, "sellPrice": 0.1, "batteryLevel": 11.485506064183738, "maxBatteryForMonth": 100, "Temperature": 31.7, "ratioPc": "noData"}