{"bought": 115.08, "sold": 204.46, "Time_string": "Last update at 02:09 - 14/06/2024", "produce": 0.0, "consumption": 0.122, "ratioPC": -0.119, "maxBatteryPerDay": 8.75, "maxAtThisDay": 100, "batteryLevelPercentage": 0.22075200171729092, "buyPrice": 0.149072, "sellPrice": 0.1, "batteryLevel": 22.075200171729094, "maxBatteryForMonth": 100, "Temperature": 19.9, "ratioPc": "noData"}