{"bought": 64.1, "sold": 184.52, "Time_string": "Last update at 13:07 - 12/10/2023", "produce": 4.193, "consumption": 0.551, "ratioPC": 3.6419999999999995, "maxBatteryPerDay": 8.75, "maxAtThisDay": 10, "batteryLevelPercentage": 5.967911344853495, "buyPrice": 0.149072, "sellPrice": 0.1, "batteryLevel": 59.67911344853495, "maxBatteryForMonth": 10, "Temperature": 28.2, "ratioPc": "noData"}