{"bought": 63.15, "sold": 22.81, "Time_string": "Last update at 16:04 - 07/12/2023", "produce": 1.107, "consumption": 0.162, "ratioPC": 0.945, "maxBatteryPerDay": 8.75, "maxAtThisDay": 61.25, "batteryLevelPercentage": -0.7812027608080905, "buyPrice": 0.149072, "sellPrice": 0.1, "batteryLevel": -47.848669099495545, "maxBatteryForMonth": 100, "Temperature": 16.9, "ratioPc": "noData"}