{"bought": 242.72, "sold": 386.81, "Time_string": "Last update at 07:31 - 29/06/2023", "produce": 0.031, "consumption": 0.224, "buyPrice": 0.149072, "sellPrice": 0.1, "batteryLevel": 16.758641193517263, "maxBatteryPerDay": 8.75, "batteryLevelPercentage": 0.16758641193517262, "maxAtThisDay": 100, "ratioPC": -0.193, "maxBatteryForMonth": 100, "ratioPc": "noData"}