{"bought": 256.59, "sold": 309.67, "Time_string": "Last update at 09:06 - 23/09/2024", "produce": 0.23, "consumption": 0.144, "ratioPC": 0.031, "maxBatteryPerDay": 8.75, "maxAtThisDay": 100, "batteryLevelPercentage": -0.48858165718578905, "buyPrice": 0.149072, "sellPrice": 0.1, "batteryLevel": -48.8581657185789, "maxBatteryForMonth": 100, "Temperature": 18.2, "ratioPc": "noData"}