{"bought": 289.07, "sold": 691.86, "Time_string": "Last update at 14:25 - 30/05/2024", "produce": 4.555, "consumption": 0.852, "ratioPC": -1.1500000000000004, "maxBatteryPerDay": 8.75, "maxAtThisDay": 100, "batteryLevelPercentage": 1.7504130192121932, "buyPrice": 0.149072, "sellPrice": 0.1, "batteryLevel": 175.04130192121931, "maxBatteryForMonth": 100, "Temperature": 34.4, "ratioPc": "noData"}