{"bought": 92.05, "sold": 231.89, "Time_string": "Last update at 07:37 - 12/05/2024", "produce": 0.029, "consumption": 0.232, "ratioPC": -0.22699999999999998, "maxBatteryPerDay": 8.75, "maxAtThisDay": 100, "batteryLevelPercentage": 0.6350570462595256, "buyPrice": 0.149072, "sellPrice": 0.1, "batteryLevel": 63.50570462595256, "maxBatteryForMonth": 100, "Temperature": 14.6, "ratioPc": "noData"}