{"bought": 647.4, "sold": 99.71, "Time_string": "Last update at 15:19 - 29/08/2024", "produce": 3.264, "consumption": 3.981, "ratioPC": 1.4779999999999998, "maxBatteryPerDay": 8.75, "maxAtThisDay": 100, "batteryLevelPercentage": -5.80512858216164, "buyPrice": 0.149072, "sellPrice": 0.1, "batteryLevel": -580.512858216164, "maxBatteryForMonth": 100, "Temperature": 29.3, "ratioPc": "noData"}