{"bought": 190.33, "sold": 415.71, "Time_string": "Last update at 17:22 - 25/11/2023", "produce": 0.14, "consumption": 0.261, "ratioPC": -0.121, "maxBatteryPerDay": 8.75, "maxAtThisDay": 100, "batteryLevelPercentage": 0.8853524632392399, "buyPrice": 0.149072, "sellPrice": 0.1, "batteryLevel": 88.53524632392399, "maxBatteryForMonth": 100, "Temperature": 16.3, "ratioPc": "noData"}