{"bought": 200.01, "sold": 372.33, "Time_string": "Last update at 14:01 - 26/06/2023", "produce": 4.449, "consumption": 3.44, "buyPrice": 0.149072, "sellPrice": 0.1, "batteryLevel": 49.755214124718236, "maxBatteryPerDay": 8.75, "batteryLevelPercentage": 0.4975521412471824, "maxAtThisDay": 100, "ratioPC": 1.009, "maxBatteryForMonth": 100}