{"bought": 109.76, "sold": 155.33, "Time_string": "Last update at 07:45 - 12/06/2024", "produce": 0.088, "consumption": 0.167, "ratioPC": -0.10700000000000001, "maxBatteryPerDay": 8.75, "maxAtThisDay": 100, "batteryLevelPercentage": -0.05562028549962435, "buyPrice": 0.149072, "sellPrice": 0.1, "batteryLevel": -5.5620285499624345, "maxBatteryForMonth": 100, "Temperature": 17.8, "ratioPc": "noData"}