{"bought": 166.05, "sold": 363.41, "Time_string": "Last update at 10:33 - 24/06/2023", "produce": 1.798, "consumption": 4.556, "ratioPc": "noData", "buyPrice": 0.149072, "sellPrice": 0.1, "batteryLevel": 77.73152838896638, "maxBatteryPerDay": 8.75, "batteryLevelPercentage": 0.3701501351855542, "maxAtThisDay": 210.0, "ratioPC": -2.758}