{"bought": 54.31, "sold": 235.41, "Time_string": "Last update at 16:37 - 13/09/2023", "produce": 4.466, "consumption": 0.957, "ratioPC": 3.5090000000000003, "maxBatteryPerDay": 8.75, "maxAtThisDay": 10, "batteryLevelPercentage": 10.360697971450037, "buyPrice": 0.149072, "sellPrice": 0.1, "batteryLevel": 103.60697971450037, "maxBatteryForMonth": 10, "Temperature": 32.0, "ratioPc": "noData"}