{"bought": 280.54, "sold": 209.79, "Time_string": "Last update at 11:43 - 24/08/2023", "produce": 2.942, "consumption": 4.219, "ratioPC": -1.2770000000000001, "maxBatteryPerDay": 8.75, "maxAtThisDay": 10, "batteryLevelPercentage": -13.980934635612325, "buyPrice": 0.149072, "sellPrice": 0.1, "batteryLevel": -139.80934635612326, "maxBatteryForMonth": 10, "Temperature": 34.5, "ratioPc": "noData"}