{"bought": 154.19, "sold": 289.94, "Time_string": "Last update at 09:44 - 18/06/2024", "produce": 1.414, "consumption": 2.286, "ratioPC": 1.5350000000000001, "maxBatteryPerDay": 8.75, "maxAtThisDay": 100, "batteryLevelPercentage": 0.4030661908339593, "buyPrice": 0.149072, "sellPrice": 0.1, "batteryLevel": 40.30661908339593, "maxBatteryForMonth": 100, "Temperature": 20.5, "ratioPc": "noData"}