{"bought": 65.41, "sold": 272.29, "Time_string": "Last update at 17:22 - 15/09/2023", "produce": 4.248, "consumption": 0.148, "ratioPC": 4.1000000000000005, "maxBatteryPerDay": 8.75, "maxAtThisDay": 10, "batteryLevelPercentage": 11.724670280133092, "buyPrice": 0.149072, "sellPrice": 0.1, "batteryLevel": 117.24670280133091, "maxBatteryForMonth": 10, "Temperature": 27.0, "ratioPc": "noData"}