{"bought": 230.4, "sold": 295.38, "Time_string": "Last update at 12:24 - 23/10/2024", "produce": 3.748, "consumption": 2.617, "ratioPC": 3.5340000000000003, "maxBatteryPerDay": 8.75, "maxAtThisDay": 100, "batteryLevelPercentage": -0.32254137597939264, "buyPrice": 0.149072, "sellPrice": 0.1, "batteryLevel": -32.25413759793926, "maxBatteryForMonth": 100, "Temperature": 22.4, "ratioPc": "noData"}