{"bought": 279.71, "sold": 208.81, "Time_string": "Last update at 08:27 - 24/08/2023", "produce": 0.107, "consumption": 0.116, "ratioPC": -0.009000000000000008, "maxBatteryPerDay": 8.75, "maxAtThisDay": 10, "batteryLevelPercentage": -13.963674680691208, "buyPrice": 0.149072, "sellPrice": 0.1, "batteryLevel": -139.63674680691207, "maxBatteryForMonth": 10, "Temperature": 24.4, "ratioPc": "noData"}