{"bought": 153.83, "sold": 95.16, "Time_string": "Last update at 17:51 - 13/08/2023", "produce": 3.443, "consumption": 3.706, "ratioPC": -0.2629999999999999, "maxBatteryPerDay": 8.75, "maxAtThisDay": 10, "batteryLevelPercentage": -8.999507459482668, "buyPrice": 0.149072, "sellPrice": 0.1, "batteryLevel": -89.99507459482668, "maxBatteryForMonth": 10, "Temperature": 36.3, "ratioPc": "noData"}