{"bought": 103.71, "sold": 251.58, "Time_string": "Last update at 17:31 - 12/05/2024", "produce": 3.756, "consumption": 2.833, "ratioPC": 3.3189999999999995, "maxBatteryPerDay": 8.75, "maxAtThisDay": 100, "batteryLevelPercentage": 0.6505408715251692, "buyPrice": 0.149072, "sellPrice": 0.1, "batteryLevel": 65.05408715251691, "maxBatteryForMonth": 100, "Temperature": 31.0, "ratioPc": "noData"}