{"bought": 2.56, "sold": 8.39, "Time_string": "Last update at 14:51 - 01/08/2023", "produce": 4.831, "consumption": 3.552, "ratioPC": 1.2790000000000004, "maxBatteryPerDay": 8.75, "maxAtThisDay": 8.75, "batteryLevelPercentage": 0.35064603873104466, "buyPrice": 0.149072, "sellPrice": 0.1, "batteryLevel": 3.068152838896641, "maxBatteryForMonth": 10, "Temperature": "34.5", "ratioPc": "noData"}