{"bought": 297.06, "sold": 352.61, "Time_string": "Last update at 20:06 - 28/07/2023", "produce": 0.909, "consumption": 8.061, "buyPrice": 0.149072, "sellPrice": 0.1, "batteryLevel": -60.52329290544168, "maxBatteryPerDay": 8.75, "batteryLevelPercentage": -6.052329290544168, "maxAtThisDay": 10, "ratioPC": -7.152, "maxBatteryForMonth": 10, "ratioPc": "noData"}