{"bought": 123.37, "sold": 307.22, "Time_string": "Last update at 13:42 - 20/06/2023", "produce": 1.286, "consumption": 2.555, "ratioPc": "noData", "buyPrice": 0.149072, "sellPrice": 0.1, "batteryLevel": 82.71833315444889, "maxBatteryPerDay": 8.75, "batteryLevelPercentage": 0.47267618945399364, "maxAtThisDay": 175.0, "ratioPC": -1.2690000000000001}