{"bought": 115.27, "sold": 282.57, "Time_string": "Last update at 11:44 - 20/10/2023", "produce": 2.3, "consumption": 0.459, "ratioPC": 1.8409999999999997, "maxBatteryPerDay": 8.75, "maxAtThisDay": 10, "batteryLevelPercentage": 7.428269936674896, "buyPrice": 0.149072, "sellPrice": 0.1, "batteryLevel": 74.28269936674896, "maxBatteryForMonth": 10, "Temperature": 18.7, "ratioPc": "noData"}