{"bought": 361.44, "sold": 236.48, "Time_string": "Last update at 10:39 - 28/08/2023", "produce": 1.724, "consumption": 0.982, "ratioPC": 0.742, "maxBatteryPerDay": 8.75, "maxAtThisDay": 10, "batteryLevelPercentage": -20.280524632392403, "buyPrice": 0.149072, "sellPrice": 0.1, "batteryLevel": -202.80524632392402, "maxBatteryForMonth": 10, "Temperature": 26.9, "ratioPc": "noData"}