{"bought": 341.1, "sold": 56.54, "Time_string": "Last update at 16:12 - 17/08/2024", "produce": 4.542, "consumption": 5.242, "ratioPC": -0.01699999999999946, "maxBatteryPerDay": 8.75, "maxAtThisDay": 100, "batteryLevelPercentage": -3.0317201889020073, "buyPrice": 0.149072, "sellPrice": 0.1, "batteryLevel": -303.1720188902007, "maxBatteryForMonth": 100, "Temperature": 38.4, "ratioPc": "noData"}