{"bought": 20.37, "sold": 15.95, "Time_string": "Last update at 09:15 - 03/09/2024", "produce": 0.205, "consumption": 1.238, "ratioPC": -1.0570000000000002, "maxBatteryPerDay": 8.75, "maxAtThisDay": 26.25, "batteryLevelPercentage": -0.3683989430482938, "buyPrice": 0.149072, "sellPrice": 0.1, "batteryLevel": -9.670472255017712, "maxBatteryForMonth": 100, "Temperature": 22.5, "ratioPc": "noData"}