{"bought": 100.31, "sold": 210.22, "Time_string": "Last update at 13:54 - 13/09/2024", "produce": 4.589, "consumption": 0.236, "ratioPC": 3.4570000000000003, "maxBatteryPerDay": 8.75, "maxAtThisDay": 100, "batteryLevelPercentage": 0.4070910486208007, "buyPrice": 0.149072, "sellPrice": 0.1, "batteryLevel": 40.70910486208007, "maxBatteryForMonth": 100, "Temperature": 32.8, "ratioPc": "noData"}