{"bought": 7.48, "sold": 28.37, "Time_string": "Last update at 17:31 - 02/09/2023", "produce": 1.203, "consumption": 0.424, "ratioPC": 0.7790000000000001, "maxBatteryPerDay": 8.75, "maxAtThisDay": 10, "batteryLevelPercentage": 1.1551072233551571, "buyPrice": 0.149072, "sellPrice": 0.1, "batteryLevel": 11.551072233551572, "maxBatteryForMonth": 10, "Temperature": 24.5, "ratioPc": "noData"}