{"bought": 68.88, "sold": 109.74, "Time_string": "Last update at 09:13 - 08/11/2024", "produce": 0.447, "consumption": 0.133, "ratioPC": -0.9520000000000001, "maxBatteryPerDay": 8.75, "maxAtThisDay": 70.0, "batteryLevelPercentage": 0.06764905932320338, "buyPrice": 0.149072, "sellPrice": 0.1, "batteryLevel": 4.7354341526242365, "maxBatteryForMonth": 100, "Temperature": 15.4, "ratioPc": "noData"}