{"bought": 133.77, "sold": 146.25, "Time_string": "Last update at 17:22 - 12/10/2024", "produce": 0.148, "consumption": 0.143, "ratioPC": 0.071, "maxBatteryPerDay": 8.75, "maxAtThisDay": 100, "batteryLevelPercentage": -0.35663044971557384, "buyPrice": 0.149072, "sellPrice": 0.1, "batteryLevel": -35.66304497155738, "maxBatteryForMonth": 100, "Temperature": 19.6, "ratioPc": "noData"}