{"bought": 143.98, "sold": 283.99, "Time_string": "Last update at 11:29 - 14/05/2024", "produce": 3.532, "consumption": 0.366, "ratioPC": 2.7430000000000003, "maxBatteryPerDay": 8.75, "maxAtThisDay": 100, "batteryLevelPercentage": 0.4652525920360631, "buyPrice": 0.149072, "sellPrice": 0.1, "batteryLevel": 46.52525920360631, "maxBatteryForMonth": 100, "Temperature": 19.5, "ratioPc": "noData"}