{"bought": 64.92, "sold": 116.65, "Time_string": "Last update at 14:03 - 08/07/2023", "produce": 4.62, "consumption": 0.583, "buyPrice": 0.149072, "sellPrice": 0.1, "batteryLevel": 13.330778147472358, "maxBatteryPerDay": 8.75, "batteryLevelPercentage": 1.3330778147472357, "maxAtThisDay": 10, "ratioPC": 4.037, "maxBatteryForMonth": 10, "ratioPc": "noData"}