{"bought": 104.81, "sold": 104.06, "Time_string": "Last update at 10:17 - 10/06/2024", "produce": 0.845, "consumption": 0.174, "ratioPC": -0.42900000000000005, "maxBatteryPerDay": 8.75, "maxAtThisDay": 87.5, "batteryLevelPercentage": -0.40005491651205943, "buyPrice": 0.149072, "sellPrice": 0.1, "batteryLevel": -35.0048051948052, "maxBatteryForMonth": 100, "Temperature": 21.6, "ratioPc": "noData"}