{"bought": 279.75, "sold": 368.45, "Time_string": "Last update at 03:28 - 24/06/2024", "produce": 0.0, "consumption": 0.159, "ratioPC": -0.164, "maxBatteryPerDay": 8.75, "maxAtThisDay": 100, "batteryLevelPercentage": -0.32587555006976515, "buyPrice": 0.149072, "sellPrice": 0.1, "batteryLevel": -32.587555006976515, "maxBatteryForMonth": 100, "Temperature": 22.5, "ratioPc": "noData"}