{"bought": 231.38, "sold": 379.0, "Time_string": "Last update at 07:36 - 28/06/2023", "produce": 0.057, "consumption": 0.235, "buyPrice": 0.149072, "sellPrice": 0.1, "batteryLevel": 22.859562090801745, "maxBatteryPerDay": 8.75, "batteryLevelPercentage": 0.22859562090801744, "maxAtThisDay": 100, "ratioPC": -0.178, "maxBatteryForMonth": 100, "ratioPc": "noData"}