{"bought": 245.47, "sold": 398.45, "Time_string": "Last update at 22:10 - 29/06/2023", "produce": 0.0, "consumption": 0.917, "buyPrice": 0.149072, "sellPrice": 0.1, "batteryLevel": 21.816948588601434, "maxBatteryPerDay": 8.75, "batteryLevelPercentage": 0.21816948588601434, "maxAtThisDay": 100, "ratioPC": -0.917, "maxBatteryForMonth": 100, "ratioPc": "noData"}