{"bought": 5.43, "sold": 1.71, "Time_string": "Last update at 14:45 - 01/09/2024", "produce": 3.166, "consumption": 3.408, "ratioPC": 1.2040000000000002, "maxBatteryPerDay": 8.75, "maxAtThisDay": 8.75, "batteryLevelPercentage": -0.4894746622916634, "buyPrice": 0.149072, "sellPrice": 0.1, "batteryLevel": -4.282903295052055, "maxBatteryForMonth": 100, "Temperature": 32.8, "ratioPc": "noData"}