{"bought": 75.79, "sold": 83.54, "Time_string": "Last update at 11:16 - 06/10/2024", "produce": 2.325, "consumption": 0.401, "ratioPC": 1.8689999999999998, "maxBatteryPerDay": 8.75, "maxAtThisDay": 52.5, "batteryLevelPercentage": -0.37618982198439116, "buyPrice": 0.149072, "sellPrice": 0.1, "batteryLevel": -19.749965654180535, "maxBatteryForMonth": 100, "Temperature": 23.5, "ratioPc": "noData"}