{"bought": 295.8, "sold": 695.95, "Time_string": "Last update at 12:22 - 31/05/2024", "produce": 3.706, "consumption": 3.139, "ratioPC": 0.399, "maxBatteryPerDay": 8.75, "maxAtThisDay": 100, "batteryLevelPercentage": 1.7105494257808311, "buyPrice": 0.149072, "sellPrice": 0.1, "batteryLevel": 171.05494257808311, "maxBatteryForMonth": 100, "Temperature": 32.1, "ratioPc": "noData"}