{"bought": 80.87, "sold": 126.41, "Time_string": "Last update at 04:35 - 10/11/2024", "produce": 0.0, "consumption": 0.201, "ratioPC": -0.302, "maxBatteryPerDay": 8.75, "maxAtThisDay": 87.5, "batteryLevelPercentage": 0.04489085695886161, "buyPrice": 0.149072, "sellPrice": 0.1, "batteryLevel": 3.9279499839003904, "maxBatteryForMonth": 100, "Temperature": 14.0, "ratioPc": "noData"}