{"bought": 271.27, "sold": 307.36, "Time_string": "Last update at 20:05 - 25/07/2023", "produce": 1.014, "consumption": 3.02, "buyPrice": 0.149072, "sellPrice": 0.1, "batteryLevel": -65.08775249543842, "maxBatteryPerDay": 8.75, "batteryLevelPercentage": -6.5087752495438425, "maxAtThisDay": 10, "ratioPC": -2.0060000000000002, "maxBatteryForMonth": 10, "ratioPc": "noData"}