{"bought": 266.6, "sold": 366.73, "Time_string": "Last update at 11:32 - 23/06/2024", "produce": 3.085, "consumption": 1.064, "ratioPC": 1.879, "maxBatteryPerDay": 8.75, "maxAtThisDay": 100, "batteryLevelPercentage": -0.2059135987978965, "buyPrice": 0.149072, "sellPrice": 0.1, "batteryLevel": -20.59135987978965, "maxBatteryForMonth": 100, "Temperature": 29.1, "ratioPc": "noData"}