{"bought": 215.5, "sold": 229.44, "Time_string": "Last update at 18:33 - 20/07/2023", "produce": 3.019, "consumption": 0.777, "buyPrice": 0.149072, "sellPrice": 0.1, "batteryLevel": -61.587796501019625, "maxBatteryPerDay": 8.75, "batteryLevelPercentage": -6.1587796501019625, "maxAtThisDay": 10, "ratioPC": 2.242, "maxBatteryForMonth": 10, "ratioPc": "noData"}