{"bought": 177.43, "sold": 367.2, "Time_string": "Last update at 07:43 - 25/06/2023", "produce": 0.101, "consumption": 0.147, "ratioPc": "noData", "buyPrice": 0.149072, "sellPrice": 0.1, "batteryLevel": 68.89392400987438, "maxBatteryPerDay": 8.75, "batteryLevelPercentage": 0.3149436526165686, "maxAtThisDay": 218.75, "ratioPC": -0.045999999999999985}