{"bought": 182.17, "sold": 370.6, "Time_string": "Last update at 16:34 - 25/06/2023", "produce": 4.058, "consumption": 3.382, "ratioPc": "noData", "buyPrice": 0.149072, "sellPrice": 0.1, "batteryLevel": 66.43470108403994, "maxBatteryPerDay": 8.75, "batteryLevelPercentage": 0.3037014906698969, "maxAtThisDay": 218.75, "ratioPC": 0.6759999999999997}