{"bought": 69.84, "sold": 53.37, "Time_string": "Last update at 15:47 - 06/06/2024", "produce": 4.553, "consumption": 2.508, "ratioPC": 1.8390000000000004, "maxBatteryPerDay": 8.75, "maxAtThisDay": 52.5, "batteryLevelPercentage": -0.6483525353041293, "buyPrice": 0.149072, "sellPrice": 0.1, "batteryLevel": -34.03850810346679, "maxBatteryForMonth": 100, "Temperature": 35.8, "ratioPc": "noData"}