{"bought": 216.86, "sold": 604.88, "Time_string": "Last update at 17:41 - 25/05/2024", "produce": 3.438, "consumption": 0.148, "ratioPC": 3.406, "maxBatteryPerDay": 8.75, "maxAtThisDay": 100, "batteryLevelPercentage": 1.8890365782977347, "buyPrice": 0.149072, "sellPrice": 0.1, "batteryLevel": 188.90365782977346, "maxBatteryForMonth": 100, "Temperature": 32.3, "ratioPc": "noData"}