{"bought": 121.44, "sold": 215.75, "Time_string": "Last update at 00:52 - 14/09/2024", "produce": 0.0, "consumption": 0.194, "ratioPC": -0.132, "maxBatteryPerDay": 8.75, "maxAtThisDay": 100, "batteryLevelPercentage": 0.23288721691531633, "buyPrice": 0.149072, "sellPrice": 0.1, "batteryLevel": 23.288721691531634, "maxBatteryForMonth": 100, "Temperature": 23.1, "ratioPc": "noData"}