{"bought": 77.17, "sold": 131.25, "Time_string": "Last update at 21:42 - 09/07/2023", "produce": 0.027, "consumption": 1.447, "buyPrice": 0.149072, "sellPrice": 0.1, "batteryLevel": 10.874703230653637, "maxBatteryPerDay": 8.75, "batteryLevelPercentage": 1.0874703230653637, "maxAtThisDay": 10, "ratioPC": -1.4200000000000002, "maxBatteryForMonth": 10, "ratioPc": "noData"}