{"bought": 43.94, "sold": 15.62, "Time_string": "Last update at 13:58 - 03/06/2024", "produce": 4.578, "consumption": 0.262, "ratioPC": -2.4699999999999998, "maxBatteryPerDay": 8.75, "maxAtThisDay": 26.25, "batteryLevelPercentage": -1.2747368302692978, "buyPrice": 0.149072, "sellPrice": 0.1, "batteryLevel": -33.46184179456907, "maxBatteryForMonth": 100, "Temperature": 30.9, "ratioPc": "noData"}