{"bought": 295.94, "sold": 696.56, "Time_string": "Last update at 13:25 - 31/05/2024", "produce": 4.313, "consumption": 3.401, "ratioPC": 0.04999999999999982, "maxBatteryPerDay": 8.75, "maxAtThisDay": 100, "batteryLevelPercentage": 1.7132414081785976, "buyPrice": 0.149072, "sellPrice": 0.1, "batteryLevel": 171.32414081785976, "maxBatteryForMonth": 100, "Temperature": 34.8, "ratioPc": "noData"}