{"bought": 188.0, "sold": 370.91, "Time_string": "Last update at 02:32 - 26/06/2023", "produce": 0.0, "consumption": 0.126, "ratioPc": "noData", "buyPrice": 0.149072, "sellPrice": 0.1, "batteryLevel": 60.81265428786088, "maxBatteryPerDay": 8.75, "batteryLevelPercentage": 0.2673083704960918, "maxAtThisDay": 227.5, "ratioPC": -0.126}