{"bought": 154.31, "sold": 291.1, "Time_string": "Last update at 11:14 - 18/06/2024", "produce": 0.712, "consumption": 0.179, "ratioPC": 0.736, "maxBatteryPerDay": 8.75, "maxAtThisDay": 100, "batteryLevelPercentage": 0.40964766555758303, "buyPrice": 0.149072, "sellPrice": 0.1, "batteryLevel": 40.9647665557583, "maxBatteryForMonth": 100, "Temperature": 23.2, "ratioPc": "noData"}