{"bought": 117.41, "sold": 559.91, "Time_string": "Last update at 13:21 - 29/09/2023", "produce": 4.54, "consumption": 6.333, "ratioPC": -1.7930000000000001, "maxBatteryPerDay": 8.75, "maxAtThisDay": 10, "batteryLevelPercentage": 25.818702694000216, "buyPrice": 0.149072, "sellPrice": 0.1, "batteryLevel": 258.18702694000217, "maxBatteryForMonth": 10, "Temperature": 32.7, "ratioPc": "noData"}