{"bought": 81.89, "sold": 128.13, "Time_string": "Last update at 10:31 - 10/11/2024", "produce": 2.63, "consumption": 0.229, "ratioPC": 1.518, "maxBatteryPerDay": 8.75, "maxAtThisDay": 87.5, "batteryLevelPercentage": 0.046420055505297535, "buyPrice": 0.149072, "sellPrice": 0.1, "batteryLevel": 4.061754856713534, "maxBatteryForMonth": 100, "Temperature": 17.5, "ratioPc": "noData"}