{"bought": 4.02, "sold": 22.75, "Time_string": "Last update at 09:34 - 02/10/2024", "produce": 0.158, "consumption": 0.165, "ratioPC": -0.006000000000000005, "maxBatteryPerDay": 8.75, "maxAtThisDay": 17.5, "batteryLevelPercentage": 0.6423475367607598, "buyPrice": 0.149072, "sellPrice": 0.1, "batteryLevel": 11.241081893313297, "maxBatteryForMonth": 100, "Temperature": 22.1, "ratioPc": "noData"}