{"bought": 193.35, "sold": 110.43, "Time_string": "Last update at 10:21 - 21/01/2024", "produce": 1.565, "consumption": 0.197, "ratioPC": 1.119, "maxBatteryPerDay": 8.75, "maxAtThisDay": 100, "batteryLevelPercentage": -1.1927170226467745, "buyPrice": 0.149072, "sellPrice": 0.1, "batteryLevel": -119.27170226467746, "maxBatteryForMonth": 100, "Temperature": 10.7, "ratioPc": "noData"}