{"bought": 267.96, "sold": 291.52, "Time_string": "Last update at 11:41 - 25/07/2023", "produce": 3.17, "consumption": 4.573, "buyPrice": 0.149072, "sellPrice": 0.1, "batteryLevel": -72.40349039390361, "maxBatteryPerDay": 8.75, "batteryLevelPercentage": -7.240349039390361, "maxAtThisDay": 10, "ratioPC": -1.4030000000000005, "maxBatteryForMonth": 10, "ratioPc": "noData"}