{"bought": 41.54, "sold": 147.79, "Time_string": "Last update at 11:48 - 11/11/2023", "produce": 4.099, "consumption": 2.07, "ratioPC": 2.0290000000000004, "maxBatteryPerDay": 8.75, "maxAtThisDay": 10, "batteryLevelPercentage": 5.760001287968229, "buyPrice": 0.149072, "sellPrice": 0.1, "batteryLevel": 57.60001287968229, "maxBatteryForMonth": 10, "Temperature": 18.6, "ratioPc": "noData"}