{"bought": 586.16, "sold": 92.91, "Time_string": "Last update at 16:37 - 27/08/2024", "produce": 4.165, "consumption": 6.518, "ratioPC": -0.06700000000000017, "maxBatteryPerDay": 8.75, "maxAtThisDay": 100, "batteryLevelPercentage": -5.238344123644949, "buyPrice": 0.149072, "sellPrice": 0.1, "batteryLevel": -523.8344123644949, "maxBatteryForMonth": 100, "Temperature": 36.0, "ratioPc": "noData"}