{"bought": 321.98, "sold": 343.26, "Time_string": "Last update at 13:40 - 27/10/2024", "produce": 1.09, "consumption": 0.88, "ratioPC": -0.7989999999999999, "maxBatteryPerDay": 8.75, "maxAtThisDay": 100, "batteryLevelPercentage": -0.9171542985939684, "buyPrice": 0.149072, "sellPrice": 0.1, "batteryLevel": -91.71542985939683, "maxBatteryForMonth": 100, "Temperature": 17.0, "ratioPc": "noData"}