{"bought": 181.85, "sold": 143.02, "Time_string": "Last update at 13:43 - 17/08/2023", "produce": 4.541, "consumption": 1.266, "ratioPC": 3.2750000000000004, "maxBatteryPerDay": 8.75, "maxAtThisDay": 10, "batteryLevelPercentage": -8.590978319201458, "buyPrice": 0.149072, "sellPrice": 0.1, "batteryLevel": -85.90978319201459, "maxBatteryForMonth": 10, "Temperature": 32.1, "ratioPc": "noData"}