{"bought": 232.36, "sold": 627.04, "Time_string": "Last update at 05:29 - 27/05/2024", "produce": 0.0, "consumption": 0.204, "ratioPC": -0.216, "maxBatteryPerDay": 8.75, "maxAtThisDay": 100, "batteryLevelPercentage": 1.8826895781904045, "buyPrice": 0.149072, "sellPrice": 0.1, "batteryLevel": 188.26895781904045, "maxBatteryForMonth": 100, "Temperature": 18.5, "ratioPc": "noData"}