{"bought": 63.3, "sold": 89.54, "Time_string": "Last update at 18:13 - 06/11/2024", "produce": 0.046, "consumption": 0.134, "ratioPC": -0.05299999999999999, "maxBatteryPerDay": 8.75, "maxAtThisDay": 52.5, "batteryLevelPercentage": -0.0616202844774273, "buyPrice": 0.149072, "sellPrice": 0.1, "batteryLevel": -3.2350649350649334, "maxBatteryForMonth": 100, "Temperature": 20.6, "ratioPc": "noData"}