{"bought": 199.06, "sold": 534.29, "Time_string": "Last update at 10:49 - 23/05/2024", "produce": 2.339, "consumption": 7.556, "ratioPC": 1.8979999999999997, "maxBatteryPerDay": 8.75, "maxAtThisDay": 100, "batteryLevelPercentage": 1.5935070086937855, "buyPrice": 0.149072, "sellPrice": 0.1, "batteryLevel": 159.35070086937856, "maxBatteryForMonth": 100, "Temperature": 22.6, "ratioPc": "noData"}