{"bought": 285.62, "sold": 322.27, "Time_string": "Last update at 12:46 - 27/07/2023", "produce": 4.165, "consumption": 0.496, "buyPrice": 0.149072, "sellPrice": 0.1, "batteryLevel": -69.43587420843625, "maxBatteryPerDay": 8.75, "batteryLevelPercentage": -6.943587420843625, "maxAtThisDay": 10, "ratioPC": 3.669, "maxBatteryForMonth": 10, "ratioPc": "noData"}