{"bought": 359.9, "sold": 366.75, "Time_string": "Last update at 18:31 - 30/10/2024", "produce": 0.02, "consumption": 4.926, "ratioPC": -4.675999999999999, "maxBatteryPerDay": 8.75, "maxAtThisDay": 100, "batteryLevelPercentage": -1.138779435440592, "buyPrice": 0.149072, "sellPrice": 0.1, "batteryLevel": -113.8779435440592, "maxBatteryForMonth": 100, "Temperature": 16.0, "ratioPc": "noData"}