{"bought": 28.68, "sold": 3.06, "Time_string": "Last update at 17:40 - 02/01/2024", "produce": 0.186, "consumption": 0.392, "ratioPC": -0.10399999999999998, "maxBatteryPerDay": 8.75, "maxAtThisDay": 17.5, "batteryLevelPercentage": -1.5215600361857742, "buyPrice": 0.149072, "sellPrice": 0.1, "batteryLevel": -26.627300633251046, "maxBatteryForMonth": 100, "Temperature": 16.3, "ratioPc": "noData"}