{"bought": 262.78, "sold": 363.78, "Time_string": "Last update at 16:33 - 22/06/2024", "produce": 4.251, "consumption": 4.206, "ratioPC": 0.2599999999999998, "maxBatteryPerDay": 8.75, "maxAtThisDay": 100, "batteryLevelPercentage": -0.18750269400021466, "buyPrice": 0.149072, "sellPrice": 0.1, "batteryLevel": -18.750269400021466, "maxBatteryForMonth": 100, "Temperature": 35.5, "ratioPc": "noData"}