{"bought": 87.44, "sold": 132.92, "Time_string": "Last update at 20:39 - 09/10/2024", "produce": 0.0, "consumption": 0.163, "ratioPC": -0.128, "maxBatteryPerDay": 8.75, "maxAtThisDay": 78.75, "batteryLevelPercentage": 0.021904346211311942, "buyPrice": 0.149072, "sellPrice": 0.1, "batteryLevel": 1.7249672641408154, "maxBatteryForMonth": 100, "Temperature": 20.4, "ratioPc": "noData"}