{"bought": 324.46, "sold": 374.82, "Time_string": "Last update at 08:27 - 31/07/2023", "produce": 0.109, "consumption": 0.244, "buyPrice": 0.149072, "sellPrice": 0.1, "batteryLevel": -73.02445207684877, "maxBatteryPerDay": 8.75, "batteryLevelPercentage": -7.302445207684878, "maxAtThisDay": 10, "ratioPC": -0.135, "maxBatteryForMonth": 10, "ratioPc": "noData"}