{"bought": 294.47, "sold": 353.54, "Time_string": "Last update at 13:42 - 26/09/2024", "produce": 5.693, "consumption": 0.179, "ratioPC": 5.186, "maxBatteryPerDay": 8.75, "maxAtThisDay": 100, "batteryLevelPercentage": -0.5730943329397874, "buyPrice": 0.149072, "sellPrice": 0.1, "batteryLevel": -57.30943329397874, "maxBatteryForMonth": 100, "Temperature": 26.4, "ratioPc": "noData"}