{"bought": 209.44, "sold": 274.84, "Time_string": "Last update at 05:19 - 19/09/2024", "produce": 0.0, "consumption": 0.161, "ratioPC": -0.128, "maxBatteryPerDay": 8.75, "maxAtThisDay": 100, "batteryLevelPercentage": -0.25072714393045004, "buyPrice": 0.149072, "sellPrice": 0.1, "batteryLevel": -25.072714393045004, "maxBatteryForMonth": 100, "Temperature": 18.0, "ratioPc": "noData"}