{"bought": 248.6, "sold": 398.45, "Time_string": "Last update at 04:12 - 30/06/2023", "produce": 0.0, "consumption": 0.127, "buyPrice": 0.149072, "sellPrice": 0.1, "batteryLevel": 18.68694858860144, "maxBatteryPerDay": 8.75, "batteryLevelPercentage": 0.18686948588601437, "maxAtThisDay": 100, "ratioPC": -0.127, "maxBatteryForMonth": 100, "ratioPc": "noData"}