{"bought": 105.53, "sold": 269.04, "Time_string": "Last update at 02:43 - 18/06/2023", "produce": 0.0, "consumption": 0.14, "ratioPc": null, "buyPrice": 0.149072, "sellPrice": 0.1, "batteryLevel": 74.9465482451433, "maxBatteryPerDay": 8.75, "batteryLevelPercentage": 0.47585109996916386, "maxAtThisDay": 157.5, "ratioPC": -0.14}