{"bought": 43.0, "sold": 63.31, "Time_string": "Last update at 16:51 - 05/07/2023", "produce": 4.289, "consumption": 2.135, "buyPrice": 0.149072, "sellPrice": 0.1, "batteryLevel": -0.5305892454652792, "maxBatteryPerDay": 8.75, "batteryLevelPercentage": -0.05305892454652792, "maxAtThisDay": 10, "ratioPC": 2.154, "maxBatteryForMonth": 10, "ratioPc": "noData"}