{"bought": 250.12, "sold": 281.98, "Time_string": "Last update at 20:41 - 23/07/2023", "produce": 0.0, "consumption": 0.0, "buyPrice": 0.149072, "sellPrice": 0.1, "batteryLevel": -60.963082537297396, "maxBatteryPerDay": 8.75, "batteryLevelPercentage": -6.09630825372974, "maxAtThisDay": 10, "ratioPC": -2.8040000000000003, "maxBatteryForMonth": 10, "ratioPc": "noData"}