{"bought": 265.02, "sold": 208.81, "Time_string": "Last update at 18:37 - 23/08/2023", "produce": 2.354, "consumption": 4.248, "ratioPC": -1.8940000000000001, "maxBatteryPerDay": 8.75, "maxAtThisDay": 10, "batteryLevelPercentage": -12.494674680691208, "buyPrice": 0.149072, "sellPrice": 0.1, "batteryLevel": -124.94674680691207, "maxBatteryForMonth": 10, "Temperature": 39.4, "ratioPc": "noData"}