{"bought": 10.75, "sold": 32.25, "Time_string": "Last update at 14:52 - 02/10/2023", "produce": 4.785, "consumption": 3.429, "ratioPC": 1.3560000000000003, "maxBatteryPerDay": 8.75, "maxAtThisDay": 10, "batteryLevelPercentage": 1.0883841365246323, "buyPrice": 0.149072, "sellPrice": 0.1, "batteryLevel": 10.883841365246322, "maxBatteryForMonth": 10, "Temperature": 33.9, "ratioPc": "noData"}