{"bought": 215.5, "sold": 231.86, "Time_string": "Last update at 20:15 - 20/07/2023", "produce": 0.468, "consumption": 0.154, "buyPrice": 0.149072, "sellPrice": 0.1, "batteryLevel": -59.964419877642996, "maxBatteryPerDay": 8.75, "batteryLevelPercentage": -5.9964419877643, "maxAtThisDay": 10, "ratioPC": 0.31400000000000006, "maxBatteryForMonth": 10, "ratioPc": "noData"}