{"bought": 138.92, "sold": 89.33, "Time_string": "Last update at 16:32 - 12/08/2023", "produce": 4.352, "consumption": 3.691, "ratioPC": 0.6610000000000005, "maxBatteryPerDay": 8.75, "maxAtThisDay": 10, "batteryLevelPercentage": -7.899593646023396, "buyPrice": 0.149072, "sellPrice": 0.1, "batteryLevel": -78.99593646023396, "maxBatteryForMonth": 10, "Temperature": 41.5, "ratioPc": "noData"}