{"bought": 10.85, "sold": 29.33, "Time_string": "Last update at 10:17 - 03/09/2023", "produce": 0.056, "consumption": 0.29, "ratioPC": -0.23399999999999999, "maxBatteryPerDay": 8.75, "maxAtThisDay": 10, "batteryLevelPercentage": 0.8825056348610067, "buyPrice": 0.149072, "sellPrice": 0.1, "batteryLevel": 8.825056348610067, "maxBatteryForMonth": 10, "Temperature": 18.0, "ratioPc": "noData"}