{"bought": 313.12, "sold": 401.18, "Time_string": "Last update at 14:08 - 28/09/2024", "produce": 5.078, "consumption": 0.204, "ratioPC": 4.933999999999999, "maxBatteryPerDay": 8.75, "maxAtThisDay": 100, "batteryLevelPercentage": -0.44001721584200937, "buyPrice": 0.149072, "sellPrice": 0.1, "batteryLevel": -44.001721584200936, "maxBatteryForMonth": 100, "Temperature": 27.1, "ratioPc": "noData"}