{"bought": 244.9, "sold": 398.45, "Time_string": "Last update at 21:31 - 29/06/2023", "produce": 0.059, "consumption": 0.908, "buyPrice": 0.149072, "sellPrice": 0.1, "batteryLevel": 22.386948588601427, "maxBatteryPerDay": 8.75, "batteryLevelPercentage": 0.22386948588601427, "maxAtThisDay": 100, "ratioPC": -0.849, "maxBatteryForMonth": 100, "ratioPc": "noData"}