{"bought": 510.37, "sold": 82.71, "Time_string": "Last update at 16:19 - 23/08/2024", "produce": 4.526, "consumption": 3.361, "ratioPC": 1.1789999999999998, "maxBatteryPerDay": 8.75, "maxAtThisDay": 100, "batteryLevelPercentage": -4.548867435869916, "buyPrice": 0.149072, "sellPrice": 0.1, "batteryLevel": -454.88674358699154, "maxBatteryForMonth": 100, "Temperature": 35.3, "ratioPc": "noData"}