{"bought": 231.47, "sold": 379.5, "Time_string": "Last update at 09:45 - 28/06/2023", "produce": 0.974, "consumption": 0.249, "buyPrice": 0.149072, "sellPrice": 0.1, "batteryLevel": 23.104970484061397, "maxBatteryPerDay": 8.75, "batteryLevelPercentage": 0.23104970484061396, "maxAtThisDay": 100, "ratioPC": 0.725, "maxBatteryForMonth": 100, "ratioPc": "noData"}