{"bought": 20.5, "sold": 57.39, "Time_string": "Last update at 19:53 - 04/09/2023", "produce": 0.206, "consumption": 0.216, "ratioPC": -0.010000000000000009, "maxBatteryPerDay": 8.75, "maxAtThisDay": 10, "batteryLevelPercentage": 1.7998175378340668, "buyPrice": 0.149072, "sellPrice": 0.1, "batteryLevel": 17.99817537834067, "maxBatteryForMonth": 10, "Temperature": 23.0, "ratioPc": "noData"}