{"bought": 537.4, "sold": 88.07, "Time_string": "Last update at 09:15 - 25/08/2024", "produce": 0.277, "consumption": 0.281, "ratioPC": -0.0040000000000000036, "maxBatteryPerDay": 8.75, "maxAtThisDay": 100, "batteryLevelPercentage": -4.783211656112482, "buyPrice": 0.149072, "sellPrice": 0.1, "batteryLevel": -478.32116561124826, "maxBatteryForMonth": 100, "Temperature": 25.5, "ratioPc": "noData"}