{"bought": 65.93, "sold": 240.56, "Time_string": "Last update at 20:34 - 14/06/2023", "produce": 0.168, "consumption": 3.029, "ratioPc": null, "buyPrice": 0.149072, "sellPrice": 0.1, "batteryLevel": 95.44168616507457, "maxBatteryPerDay": 8.75, "batteryLevelPercentage": 0.7791158054291801, "maxAtThisDay": 122.5, "ratioPC": -2.8609999999999998}