{"bought": 49.31, "sold": 59.89, "Time_string": "Last update at 17:33 - 06/08/2023", "produce": 3.695, "consumption": 2.898, "ratioPC": 0.7969999999999997, "maxBatteryPerDay": 8.75, "maxAtThisDay": 10, "batteryLevelPercentage": -0.9134782655361171, "buyPrice": 0.149072, "sellPrice": 0.1, "batteryLevel": -9.134782655361171, "maxBatteryForMonth": 10, "Temperature": 42.0, "ratioPc": "noData"}