{"bought": 647.65, "sold": 101.42, "Time_string": "Last update at 16:48 - 29/08/2024", "produce": 3.905, "consumption": 2.969, "ratioPC": 1.4090000000000003, "maxBatteryPerDay": 8.75, "maxAtThisDay": 100, "batteryLevelPercentage": -5.796157615112161, "buyPrice": 0.149072, "sellPrice": 0.1, "batteryLevel": -579.6157615112161, "maxBatteryForMonth": 100, "Temperature": 31.6, "ratioPc": "noData"}