{"bought": 214.29, "sold": 200.65, "Time_string": "Last update at 07:41 - 20/07/2023", "produce": 0.057, "consumption": 0.151, "buyPrice": 0.149072, "sellPrice": 0.1, "batteryLevel": -79.6906117849093, "maxBatteryPerDay": 8.75, "batteryLevelPercentage": -7.9690611784909295, "maxAtThisDay": 10, "ratioPC": -0.094, "maxBatteryForMonth": 10, "ratioPc": "noData"}