{"bought": 268.73, "sold": 436.42, "Time_string": "Last update at 15:37 - 30/11/2023", "produce": 0.547, "consumption": 0.27, "ratioPC": 0.277, "maxBatteryPerDay": 8.75, "maxAtThisDay": 100, "batteryLevelPercentage": 0.2402786197273798, "buyPrice": 0.149072, "sellPrice": 0.1, "batteryLevel": 24.02786197273798, "maxBatteryForMonth": 100, "Temperature": 20.4, "ratioPc": "noData"}