{"bought": 396.39, "sold": 372.33, "Time_string": "Last update at 18:14 - 31/10/2024", "produce": 0.116, "consumption": 0.255, "ratioPC": -0.008000000000000007, "maxBatteryPerDay": 8.75, "maxAtThisDay": 100, "batteryLevelPercentage": -1.4662478587528176, "buyPrice": 0.149072, "sellPrice": 0.1, "batteryLevel": -146.62478587528176, "maxBatteryForMonth": 100, "Temperature": 17.0, "ratioPc": "noData"}