{"bought": 75.27, "sold": 131.25, "Time_string": "Last update at 20:13 - 09/07/2023", "produce": 0.481, "consumption": 1.362, "buyPrice": 0.149072, "sellPrice": 0.1, "batteryLevel": 12.774703230653643, "maxBatteryPerDay": 8.75, "batteryLevelPercentage": 1.2774703230653643, "maxAtThisDay": 10, "ratioPC": -0.8810000000000001, "maxBatteryForMonth": 10, "ratioPc": "noData"}