{"bought": 78.75, "sold": 233.19, "Time_string": "Last update at 13:41 - 15/10/2023", "produce": 2.349, "consumption": 0.174, "ratioPC": 2.1750000000000003, "maxBatteryPerDay": 8.75, "maxAtThisDay": 10, "batteryLevelPercentage": 7.76777664484276, "buyPrice": 0.149072, "sellPrice": 0.1, "batteryLevel": 77.6777664484276, "maxBatteryForMonth": 10, "Temperature": 25.4, "ratioPc": "noData"}