{"bought": 280.11, "sold": 690.04, "Time_string": "Last update at 04:23 - 30/05/2024", "produce": 0.0, "consumption": 0.156, "ratioPC": -0.161, "maxBatteryPerDay": 8.75, "maxAtThisDay": 100, "batteryLevelPercentage": 1.8278041536975422, "buyPrice": 0.149072, "sellPrice": 0.1, "batteryLevel": 182.78041536975422, "maxBatteryForMonth": 100, "Temperature": 18.6, "ratioPc": "noData"}