{"bought": 151.65, "sold": 143.42, "Time_string": "Last update at 16:40 - 21/12/2023", "produce": 1.536, "consumption": 2.289, "ratioPC": -1.9100000000000001, "maxBatteryPerDay": 8.75, "maxAtThisDay": 100, "batteryLevelPercentage": -0.5544145647740691, "buyPrice": 0.149072, "sellPrice": 0.1, "batteryLevel": -55.441456477406916, "maxBatteryForMonth": 100, "Temperature": 14.7, "ratioPc": "noData"}