{"bought": 103.1, "sold": 215.75, "Time_string": "Last update at 16:49 - 13/09/2024", "produce": 3.814, "consumption": 6.365, "ratioPC": -2.8930000000000007, "maxBatteryPerDay": 8.75, "maxAtThisDay": 100, "batteryLevelPercentage": 0.4162872169153164, "buyPrice": 0.149072, "sellPrice": 0.1, "batteryLevel": 41.62872169153164, "maxBatteryForMonth": 100, "Temperature": 34.8, "ratioPc": "noData"}