{"bought": 313.12, "sold": 414.68, "Time_string": "Last update at 17:08 - 28/09/2024", "produce": 3.591, "consumption": 0.195, "ratioPC": 3.854, "maxBatteryPerDay": 8.75, "maxAtThisDay": 100, "batteryLevelPercentage": -0.34945694966190843, "buyPrice": 0.149072, "sellPrice": 0.1, "batteryLevel": -34.94569496619084, "maxBatteryForMonth": 100, "Temperature": 28.9, "ratioPc": "noData"}