{"bought": 191.53, "sold": 454.21, "Time_string": "Last update at 14:12 - 20/05/2024", "produce": 5.325, "consumption": 3.074, "ratioPC": 4.972, "maxBatteryPerDay": 8.75, "maxAtThisDay": 100, "batteryLevelPercentage": 1.131616926049157, "buyPrice": 0.149072, "sellPrice": 0.1, "batteryLevel": 113.16169260491571, "maxBatteryForMonth": 100, "Temperature": 23.0, "ratioPc": "noData"}