{"bought": 57.46, "sold": 85.71, "Time_string": "Last update at 08:00 - 07/07/2023", "produce": 0.116, "consumption": 0.128, "buyPrice": 0.149072, "sellPrice": 0.1, "batteryLevel": 0.03570677256627164, "maxBatteryPerDay": 8.75, "batteryLevelPercentage": 0.003570677256627164, "maxAtThisDay": 10, "ratioPC": -0.011999999999999997, "maxBatteryForMonth": 10, "ratioPc": "noData"}