{"bought": 151.56, "sold": 238.05, "Time_string": "Last update at 07:46 - 16/09/2024", "produce": 0.0, "consumption": 0.129, "ratioPC": -0.123, "maxBatteryPerDay": 8.75, "maxAtThisDay": 100, "batteryLevelPercentage": 0.08127936030911258, "buyPrice": 0.149072, "sellPrice": 0.1, "batteryLevel": 8.127936030911258, "maxBatteryForMonth": 100, "Temperature": 19.2, "ratioPc": "noData"}