{"bought": 298.33, "sold": 395.46, "Time_string": "Last update at 19:00 - 27/09/2024", "produce": 1.38, "consumption": 0.153, "ratioPC": 1.363, "maxBatteryPerDay": 8.75, "maxAtThisDay": 100, "batteryLevelPercentage": -0.33048793603091153, "buyPrice": 0.149072, "sellPrice": 0.1, "batteryLevel": -33.048793603091156, "maxBatteryForMonth": 100, "Temperature": 25.0, "ratioPc": "noData"}