{"bought": 261.28, "sold": 345.62, "Time_string": "Last update at 21:05 - 24/09/2024", "produce": 0.0, "consumption": 0.232, "ratioPC": -0.237, "maxBatteryPerDay": 8.75, "maxAtThisDay": 100, "batteryLevelPercentage": -0.29432302243211295, "buyPrice": 0.149072, "sellPrice": 0.1, "batteryLevel": -29.432302243211296, "maxBatteryForMonth": 100, "Temperature": 21.9, "ratioPc": "noData"}