{"bought": 226.76, "sold": 320.14, "Time_string": "Last update at 07:21 - 20/06/2024", "produce": 0.029, "consumption": 0.125, "ratioPC": -0.105, "maxBatteryPerDay": 8.75, "maxAtThisDay": 100, "batteryLevelPercentage": -0.12004713963722224, "buyPrice": 0.149072, "sellPrice": 0.1, "batteryLevel": -12.004713963722224, "maxBatteryForMonth": 100, "Temperature": 13.4, "ratioPc": "noData"}