{"bought": 105.43, "sold": 533.73, "Time_string": "Last update at 18:13 - 27/09/2023", "produce": 2.359, "consumption": 0.295, "ratioPC": 2.064, "maxBatteryPerDay": 8.75, "maxAtThisDay": 10, "batteryLevelPercentage": 25.260504346892777, "buyPrice": 0.149072, "sellPrice": 0.1, "batteryLevel": 252.60504346892776, "maxBatteryForMonth": 10, "Temperature": 31.8, "ratioPc": "noData"}