{"bought": 66.22, "sold": 109.51, "Time_string": "Last update at 17:19 - 07/11/2024", "produce": 1.327, "consumption": 0.259, "ratioPC": 0.30300000000000005, "maxBatteryPerDay": 8.75, "maxAtThisDay": 61.25, "batteryLevelPercentage": 0.11822279659958862, "buyPrice": 0.149072, "sellPrice": 0.1, "batteryLevel": 7.241146291724803, "maxBatteryForMonth": 100, "Temperature": 22.7, "ratioPc": "noData"}