{"bought": 215.31, "sold": 201.0, "Time_string": "Last update at 10:41 - 20/07/2023", "produce": 1.96, "consumption": 2.905, "buyPrice": 0.149072, "sellPrice": 0.1, "batteryLevel": -80.47582590962756, "maxBatteryPerDay": 8.75, "batteryLevelPercentage": -8.047582590962756, "maxAtThisDay": 10, "ratioPC": -0.9449999999999998, "maxBatteryForMonth": 10, "ratioPc": "noData"}