{"bought": 198.01, "sold": 247.99, "Time_string": "Last update at 06:18 - 17/09/2024", "produce": 0.0, "consumption": 0.131, "ratioPC": -0.127, "maxBatteryPerDay": 8.75, "maxAtThisDay": 100, "batteryLevelPercentage": -0.31654145111087245, "buyPrice": 0.149072, "sellPrice": 0.1, "batteryLevel": -31.654145111087246, "maxBatteryForMonth": 100, "Temperature": 19.7, "ratioPc": "noData"}