{"bought": 107.66, "sold": 270.21, "Time_string": "Last update at 15:20 - 13/05/2024", "produce": 4.897, "consumption": 0.242, "ratioPC": 4.369, "maxBatteryPerDay": 8.75, "maxAtThisDay": 100, "batteryLevelPercentage": 0.7360140388537082, "buyPrice": 0.149072, "sellPrice": 0.1, "batteryLevel": 73.60140388537081, "maxBatteryForMonth": 100, "Temperature": 30.0, "ratioPc": "noData"}