{"bought": 85.57, "sold": 132.5, "Time_string": "Last update at 14:42 - 10/11/2024", "produce": 4.053, "consumption": 5.149, "ratioPC": -1.2630000000000003, "maxBatteryPerDay": 8.75, "maxAtThisDay": 87.5, "batteryLevelPercentage": 0.037865419586316874, "buyPrice": 0.149072, "sellPrice": 0.1, "batteryLevel": 3.3132242138027266, "maxBatteryForMonth": 100, "Temperature": 22.0, "ratioPc": "noData"}