{"bought": 194.98, "sold": 180.56, "Time_string": "Last update at 15:28 - 19/08/2023", "produce": 4.582, "consumption": 3.373, "ratioPC": 1.2089999999999996, "maxBatteryPerDay": 8.75, "maxAtThisDay": 10, "batteryLevelPercentage": -7.385732102608135, "buyPrice": 0.149072, "sellPrice": 0.1, "batteryLevel": -73.85732102608135, "maxBatteryForMonth": 10, "Temperature": 37.5, "ratioPc": "noData"}