{"bought": 121.66, "sold": 215.75, "Time_string": "Last update at 02:32 - 14/09/2024", "produce": 0.0, "consumption": 0.13, "ratioPC": -0.193, "maxBatteryPerDay": 8.75, "maxAtThisDay": 100, "batteryLevelPercentage": 0.23068721691531635, "buyPrice": 0.149072, "sellPrice": 0.1, "batteryLevel": 23.068721691531636, "maxBatteryForMonth": 100, "Temperature": 22.0, "ratioPc": "noData"}