{"bought": 63.67, "sold": 231.87, "Time_string": "Last update at 15:11 - 14/06/2023", "produce": 4.89, "consumption": 1.015, "ratioPc": null, "buyPrice": 0.149072, "sellPrice": 0.1, "batteryLevel": 91.87228829022216, "maxBatteryPerDay": 8.75, "batteryLevelPercentage": 0.7499778635936503, "maxAtThisDay": 122.5, "ratioPC": 3.875}