{"bought": 46.9, "sold": 96.13, "Time_string": "Last update at 11:46 - 07/09/2024", "produce": 3.269, "consumption": 0.164, "ratioPC": 2.992, "maxBatteryPerDay": 8.75, "maxAtThisDay": 61.25, "batteryLevelPercentage": 0.2871121255199514, "buyPrice": 0.149072, "sellPrice": 0.1, "batteryLevel": 17.585617688097024, "maxBatteryForMonth": 100, "Temperature": 24.5, "ratioPc": "noData"}