{"bought": 325.61, "sold": 351.5, "Time_string": "Last update at 10:03 - 28/10/2024", "produce": 2.364, "consumption": 0.108, "ratioPC": 1.723, "maxBatteryPerDay": 8.75, "maxAtThisDay": 100, "batteryLevelPercentage": -0.8981789953847809, "buyPrice": 0.149072, "sellPrice": 0.1, "batteryLevel": -89.81789953847809, "maxBatteryForMonth": 100, "Temperature": 13.1, "ratioPc": "noData"}