{"bought": 1.75, "sold": 0.11, "Time_string": "Last update at 11:16 - 01/12/2023", "produce": 0.699, "consumption": 0.169, "ratioPC": 0.5299999999999999, "maxBatteryPerDay": 8.75, "maxAtThisDay": 8.75, "batteryLevelPercentage": -0.1915668746837578, "buyPrice": 0.149072, "sellPrice": 0.1, "batteryLevel": -1.6762101534828808, "maxBatteryForMonth": 100, "Temperature": 11.3, "ratioPc": "noData"}