{"bought": 360.26, "sold": 63.25, "Time_string": "Last update at 18:32 - 18/08/2024", "produce": 2.88, "consumption": 3.23, "ratioPC": -0.19499999999999984, "maxBatteryPerDay": 8.75, "maxAtThisDay": 100, "batteryLevelPercentage": -3.178308382526564, "buyPrice": 0.149072, "sellPrice": 0.1, "batteryLevel": -317.8308382526564, "maxBatteryForMonth": 100, "Temperature": 40.5, "ratioPc": "noData"}