{"bought": 646.33, "sold": 99.3, "Time_string": "Last update at 14:17 - 29/08/2024", "produce": 2.236, "consumption": 3.541, "ratioPC": -2.0060000000000002, "maxBatteryPerDay": 8.75, "maxAtThisDay": 100, "batteryLevelPercentage": -5.7971789309863695, "buyPrice": 0.149072, "sellPrice": 0.1, "batteryLevel": -579.717893098637, "maxBatteryForMonth": 100, "Temperature": 28.3, "ratioPc": "noData"}