{"bought": 109.98, "sold": 176.24, "Time_string": "Last update at 17:39 - 12/06/2024", "produce": 3.852, "consumption": 0.928, "ratioPC": 3.2079999999999997, "maxBatteryPerDay": 8.75, "maxAtThisDay": 100, "batteryLevelPercentage": 0.08244750456155416, "buyPrice": 0.149072, "sellPrice": 0.1, "batteryLevel": 8.244750456155415, "maxBatteryForMonth": 100, "Temperature": 29.4, "ratioPc": "noData"}