{"bought": 47.75, "sold": 12.81, "Time_string": "Last update at 09:05 - 05/01/2024", "produce": 0.109, "consumption": 0.19, "ratioPC": -0.13599999999999998, "maxBatteryPerDay": 8.75, "maxAtThisDay": 43.75, "batteryLevelPercentage": -0.8950134163357304, "buyPrice": 0.149072, "sellPrice": 0.1, "batteryLevel": -39.1568369646882, "maxBatteryForMonth": 100, "Temperature": 8.1, "ratioPc": "noData"}