{"bought": 52.19, "sold": 59.96, "Time_string": "Last update at 19:48 - 06/08/2023", "produce": 1.126, "consumption": 3.623, "ratioPC": -2.4970000000000003, "maxBatteryPerDay": 8.75, "maxAtThisDay": 10, "batteryLevelPercentage": -1.1967825480304817, "buyPrice": 0.149072, "sellPrice": 0.1, "batteryLevel": -11.967825480304818, "maxBatteryForMonth": 10, "Temperature": 41.0, "ratioPc": "noData"}