{"bought": 102.09, "sold": 102.78, "Time_string": "Last update at 19:09 - 09/06/2024", "produce": 1.225, "consumption": 0.222, "ratioPC": 1.7959999999999998, "maxBatteryPerDay": 8.75, "maxAtThisDay": 78.75, "batteryLevelPercentage": -0.4208692150038078, "buyPrice": 0.149072, "sellPrice": 0.1, "batteryLevel": -33.143450681549865, "maxBatteryForMonth": 100, "Temperature": 23.0, "ratioPc": "noData"}