{"bought": 65.15, "sold": 80.93, "Time_string": "Last update at 13:44 - 05/10/2024", "produce": 1.085, "consumption": 4.956, "ratioPC": -2.517, "maxBatteryPerDay": 8.75, "maxAtThisDay": 43.75, "batteryLevelPercentage": -0.24824679924561857, "buyPrice": 0.149072, "sellPrice": 0.1, "batteryLevel": -10.860797466995812, "maxBatteryForMonth": 100, "Temperature": 28.5, "ratioPc": "noData"}