{"bought": 218.37, "sold": 376.33, "Time_string": "Last update at 14:11 - 27/06/2023", "produce": 4.44, "consumption": 3.222, "buyPrice": 0.149072, "sellPrice": 0.1, "batteryLevel": 34.07848127079532, "maxBatteryPerDay": 8.75, "batteryLevelPercentage": 0.34078481270795324, "maxAtThisDay": 100, "ratioPC": 1.2180000000000004, "maxBatteryForMonth": 100, "ratioPc": "noData"}