{"bought": 197.13, "sold": 532.61, "Time_string": "Last update at 20:23 - 22/05/2024", "produce": 0.364, "consumption": 1.147, "ratioPC": -1.399, "maxBatteryPerDay": 8.75, "maxAtThisDay": 100, "batteryLevelPercentage": 1.601537286680262, "buyPrice": 0.149072, "sellPrice": 0.1, "batteryLevel": 160.1537286680262, "maxBatteryForMonth": 100, "Temperature": 25.6, "ratioPc": "noData"}