{"bought": 230.8, "sold": 344.94, "Time_string": "Last update at 21:05 - 20/06/2024", "produce": 0.118, "consumption": 0.218, "ratioPC": -0.07599999999999998, "maxBatteryPerDay": 8.75, "maxAtThisDay": 100, "batteryLevelPercentage": 0.005915423419555452, "buyPrice": 0.149072, "sellPrice": 0.1, "batteryLevel": 0.5915423419555452, "maxBatteryForMonth": 100, "Temperature": 21.8, "ratioPc": "noData"}