{"bought": 279.35, "sold": 332.17, "Time_string": "Last update at 18:54 - 25/10/2024", "produce": 0.432, "consumption": 0.134, "ratioPC": 0.448, "maxBatteryPerDay": 8.75, "maxAtThisDay": 100, "batteryLevelPercentage": -0.5652478802189546, "buyPrice": 0.149072, "sellPrice": 0.1, "batteryLevel": -56.52478802189546, "maxBatteryForMonth": 100, "Temperature": 19.2, "ratioPc": "noData"}