{"bought": 151.65, "sold": 238.05, "Time_string": "Last update at 08:28 - 16/09/2024", "produce": 0.048, "consumption": 0.133, "ratioPC": -0.143, "maxBatteryPerDay": 8.75, "maxAtThisDay": 100, "batteryLevelPercentage": 0.08037936030911254, "buyPrice": 0.149072, "sellPrice": 0.1, "batteryLevel": 8.037936030911254, "maxBatteryForMonth": 100, "Temperature": 20.4, "ratioPc": "noData"}