{"bought": 569.16, "sold": 90.38, "Time_string": "Last update at 11:10 - 26/08/2024", "produce": 2.384, "consumption": 2.411, "ratioPC": 1.8989999999999998, "maxBatteryPerDay": 8.75, "maxAtThisDay": 100, "batteryLevelPercentage": -5.0853157883438875, "buyPrice": 0.149072, "sellPrice": 0.1, "batteryLevel": -508.5315788343887, "maxBatteryForMonth": 100, "Temperature": 28.2, "ratioPc": "noData"}