{"bought": 231.36, "sold": 379.0, "Time_string": "Last update at 07:27 - 28/06/2023", "produce": 0.04, "consumption": 0.264, "buyPrice": 0.149072, "sellPrice": 0.1, "batteryLevel": 22.879562090801727, "maxBatteryPerDay": 8.75, "batteryLevelPercentage": 0.22879562090801728, "maxAtThisDay": 100, "ratioPC": -0.224, "maxBatteryForMonth": 100, "ratioPc": "noData"}