{"bought": 231.56, "sold": 627.04, "Time_string": "Last update at 00:47 - 27/05/2024", "produce": 0.0, "consumption": 0.154, "ratioPC": -0.157, "maxBatteryPerDay": 8.75, "maxAtThisDay": 100, "batteryLevelPercentage": 1.8906895781904047, "buyPrice": 0.149072, "sellPrice": 0.1, "batteryLevel": 189.06895781904046, "maxBatteryForMonth": 100, "Temperature": 22.2, "ratioPc": "noData"}