{"bought": 118.91, "sold": 237.21, "Time_string": "Last update at 13:52 - 15/06/2024", "produce": 4.766, "consumption": 1.078, "ratioPC": 3.481, "maxBatteryPerDay": 8.75, "maxAtThisDay": 100, "batteryLevelPercentage": 0.40214449930235074, "buyPrice": 0.149072, "sellPrice": 0.1, "batteryLevel": 40.21444993023508, "maxBatteryForMonth": 100, "Temperature": 29.9, "ratioPc": "noData"}