{"bought": 462.89, "sold": 69.59, "Time_string": "Last update at 15:57 - 21/08/2024", "produce": 4.04, "consumption": 4.998, "ratioPC": -0.39700000000000024, "maxBatteryPerDay": 8.75, "maxAtThisDay": 100, "batteryLevelPercentage": -4.1620785982612425, "buyPrice": 0.149072, "sellPrice": 0.1, "batteryLevel": -416.20785982612426, "maxBatteryForMonth": 100, "Temperature": 35.9, "ratioPc": "noData"}