{"bought": 71.94, "sold": 81.97, "Time_string": "Last update at 18:54 - 05/10/2024", "produce": 0.516, "consumption": 0.162, "ratioPC": 1.129, "maxBatteryPerDay": 8.75, "maxAtThisDay": 43.75, "batteryLevelPercentage": -0.38750052592036044, "buyPrice": 0.149072, "sellPrice": 0.1, "batteryLevel": -16.95314800901577, "maxBatteryForMonth": 100, "Temperature": 29.4, "ratioPc": "noData"}