{"bought": 303.89, "sold": 214.96, "Time_string": "Last update at 14:53 - 25/08/2023", "produce": 3.456, "consumption": 3.459, "ratioPC": -0.0030000000000001137, "maxBatteryPerDay": 8.75, "maxAtThisDay": 10, "batteryLevelPercentage": -15.96912235698186, "buyPrice": 0.149072, "sellPrice": 0.1, "batteryLevel": -159.6912235698186, "maxBatteryForMonth": 10, "Temperature": 40.9, "ratioPc": "noData"}