{"bought": 143.42, "sold": 367.07, "Time_string": "Last update at 10:50 - 26/10/2023", "produce": 0.711, "consumption": 0.145, "ratioPC": 0.566, "maxBatteryPerDay": 8.75, "maxAtThisDay": 10, "batteryLevelPercentage": 10.281671782762691, "buyPrice": 0.149072, "sellPrice": 0.1, "batteryLevel": 102.81671782762692, "maxBatteryForMonth": 10, "Temperature": 19.8, "ratioPc": "noData"}