{"bought": 584.53, "sold": 92.63, "Time_string": "Last update at 12:42 - 27/08/2024", "produce": 3.842, "consumption": 6.187, "ratioPC": -0.3530000000000002, "maxBatteryPerDay": 8.75, "maxAtThisDay": 100, "batteryLevelPercentage": -5.223922410647203, "buyPrice": 0.149072, "sellPrice": 0.1, "batteryLevel": -522.3922410647203, "maxBatteryForMonth": 100, "Temperature": 32.4, "ratioPc": "noData"}