{"bought": 14.52, "sold": 4.82, "Time_string": "Last update at 10:06 - 02/09/2024", "produce": 0.972, "consumption": 0.203, "ratioPC": 0.6559999999999999, "maxBatteryPerDay": 8.75, "maxAtThisDay": 17.5, "batteryLevelPercentage": -0.6449521765129793, "buyPrice": 0.149072, "sellPrice": 0.1, "batteryLevel": -11.286663088977138, "maxBatteryForMonth": 100, "Temperature": 24.3, "ratioPc": "noData"}