{"bought": 107.66, "sold": 259.16, "Time_string": "Last update at 12:42 - 13/05/2024", "produce": 4.029, "consumption": 0.202, "ratioPC": 3.659, "maxBatteryPerDay": 8.75, "maxAtThisDay": 100, "batteryLevelPercentage": 0.6618887839433296, "buyPrice": 0.149072, "sellPrice": 0.1, "batteryLevel": 66.18887839433296, "maxBatteryForMonth": 100, "Temperature": 26.4, "ratioPc": "noData"}