{"bought": 154.33, "sold": 161.32, "Time_string": "Last update at 10:42 - 15/07/2023", "produce": 1.902, "consumption": 0.946, "buyPrice": 0.149072, "sellPrice": 0.1, "batteryLevel": -46.11383599871205, "maxBatteryPerDay": 8.75, "batteryLevelPercentage": -4.611383599871205, "maxAtThisDay": 10, "ratioPC": 0.956, "maxBatteryForMonth": 10, "ratioPc": "noData"}