{"bought": 122.53, "sold": 246.99, "Time_string": "Last update at 09:12 - 16/06/2024", "produce": 0.268, "consumption": 0.2, "ratioPC": 0.08099999999999999, "maxBatteryPerDay": 8.75, "maxAtThisDay": 100, "batteryLevelPercentage": 0.4315503810239346, "buyPrice": 0.149072, "sellPrice": 0.1, "batteryLevel": 43.15503810239346, "maxBatteryForMonth": 100, "Temperature": 19.6, "ratioPc": "noData"}