{"bought": 260.68, "sold": 345.58, "Time_string": "Last update at 19:27 - 24/09/2024", "produce": 0.379, "consumption": 0.196, "ratioPC": 0.30599999999999994, "maxBatteryPerDay": 8.75, "maxAtThisDay": 100, "batteryLevelPercentage": -0.28859134914672124, "buyPrice": 0.149072, "sellPrice": 0.1, "batteryLevel": -28.859134914672126, "maxBatteryForMonth": 100, "Temperature": 23.6, "ratioPc": "noData"}