{"bought": 154.56, "sold": 289.22, "Time_string": "Last update at 02:36 - 18/06/2024", "produce": 0.0, "consumption": 0.122, "ratioPC": -0.123, "maxBatteryPerDay": 8.75, "maxAtThisDay": 100, "batteryLevelPercentage": 0.39453630997102096, "buyPrice": 0.149072, "sellPrice": 0.1, "batteryLevel": 39.453630997102096, "maxBatteryForMonth": 100, "Temperature": 19.0, "ratioPc": "noData"}