{"bought": 20.79, "sold": 1.47, "Time_string": "Last update at 11:02 - 02/01/2024", "produce": 2.497, "consumption": 3.238, "ratioPC": -1.1110000000000002, "maxBatteryPerDay": 8.75, "maxAtThisDay": 17.5, "batteryLevelPercentage": -1.1316513899323817, "buyPrice": 0.149072, "sellPrice": 0.1, "batteryLevel": -19.80389932381668, "maxBatteryForMonth": 100, "Temperature": 11.1, "ratioPc": "noData"}