{"bought": 270.6, "sold": 164.52, "Time_string": "Last update at 11:19 - 24/01/2024", "produce": 3.025, "consumption": 0.19, "ratioPC": 2.6630000000000003, "maxBatteryPerDay": 8.75, "maxAtThisDay": 100, "batteryLevelPercentage": -1.602372222818504, "buyPrice": 0.149072, "sellPrice": 0.1, "batteryLevel": -160.2372222818504, "maxBatteryForMonth": 100, "Temperature": 15.7, "ratioPc": "noData"}