{"bought": 206.96, "sold": 558.29, "Time_string": "Last update at 01:19 - 24/05/2024", "produce": 0.0, "consumption": 0.117, "ratioPC": -0.121, "maxBatteryPerDay": 8.75, "maxAtThisDay": 100, "batteryLevelPercentage": 1.6755030374584092, "buyPrice": 0.149072, "sellPrice": 0.1, "batteryLevel": 167.55030374584092, "maxBatteryForMonth": 100, "Temperature": 18.7, "ratioPc": "noData"}