{"bought": 236.58, "sold": 386.81, "Time_string": "Last update at 02:53 - 29/06/2023", "produce": 0.0, "consumption": 0.197, "buyPrice": 0.149072, "sellPrice": 0.1, "batteryLevel": 22.89864119351725, "maxBatteryPerDay": 8.75, "batteryLevelPercentage": 0.2289864119351725, "maxAtThisDay": 100, "ratioPC": -0.197, "maxBatteryForMonth": 100, "ratioPc": "noData"}