{"bought": 6.56, "sold": 4.13, "Time_string": "Last update at 17:42 - 01/09/2024", "produce": 3.532, "consumption": 2.444, "ratioPC": 1.0709999999999997, "maxBatteryPerDay": 8.75, "maxAtThisDay": 8.75, "batteryLevelPercentage": -0.4330887624771922, "buyPrice": 0.149072, "sellPrice": 0.1, "batteryLevel": -3.7895266716754317, "maxBatteryForMonth": 100, "Temperature": 33.3, "ratioPc": "noData"}