{"bought": 353.6, "sold": 217.23, "Time_string": "Last update at 10:20 - 27/08/2023", "produce": 1.338, "consumption": 0.822, "ratioPC": 0.5160000000000001, "maxBatteryPerDay": 8.75, "maxAtThisDay": 10, "batteryLevelPercentage": -20.78784694644199, "buyPrice": 0.149072, "sellPrice": 0.1, "batteryLevel": -207.8784694644199, "maxBatteryForMonth": 10, "Temperature": 22.3, "ratioPc": "noData"}