{"bought": 322.78, "sold": 345.41, "Time_string": "Last update at 15:21 - 27/10/2024", "produce": 4.362, "consumption": 0.931, "ratioPC": 3.4659999999999997, "maxBatteryPerDay": 8.75, "maxAtThisDay": 100, "batteryLevelPercentage": -0.9107317376838034, "buyPrice": 0.149072, "sellPrice": 0.1, "batteryLevel": -91.07317376838034, "maxBatteryForMonth": 100, "Temperature": 18.4, "ratioPc": "noData"}