{"bought": 192.05, "sold": 470.79, "Time_string": "Last update at 20:10 - 20/05/2024", "produce": 0.472, "consumption": 1.167, "ratioPC": -0.724, "maxBatteryPerDay": 8.75, "maxAtThisDay": 100, "batteryLevelPercentage": 1.2376383492540521, "buyPrice": 0.149072, "sellPrice": 0.1, "batteryLevel": 123.7638349254052, "maxBatteryForMonth": 100, "Temperature": 20.8, "ratioPc": "noData"}