{"bought": 19.75, "sold": 51.19, "Time_string": "Last update at 12:25 - 05/11/2023", "produce": 4.742, "consumption": 1.164, "ratioPC": 3.5780000000000003, "maxBatteryPerDay": 8.75, "maxAtThisDay": 10, "batteryLevelPercentage": 1.4589111301921214, "buyPrice": 0.149072, "sellPrice": 0.1, "batteryLevel": 14.589111301921214, "maxBatteryForMonth": 10, "Temperature": 17.8, "ratioPc": "noData"}