{"bought": 244.29, "sold": 398.45, "Time_string": "Last update at 20:43 - 29/06/2023", "produce": 0.245, "consumption": 0.925, "buyPrice": 0.149072, "sellPrice": 0.1, "batteryLevel": 22.99694858860144, "maxBatteryPerDay": 8.75, "batteryLevelPercentage": 0.2299694858860144, "maxAtThisDay": 100, "ratioPC": -0.68, "maxBatteryForMonth": 100, "ratioPc": "noData"}