{"bought": 154.14, "sold": 399.15, "Time_string": "Last update at 13:04 - 28/10/2023", "produce": 4.333, "consumption": 0.18, "ratioPC": 4.1530000000000005, "maxBatteryPerDay": 8.75, "maxAtThisDay": 10, "batteryLevelPercentage": 11.361652033916494, "buyPrice": 0.149072, "sellPrice": 0.1, "batteryLevel": 113.61652033916494, "maxBatteryForMonth": 10, "Temperature": 20.1, "ratioPc": "noData"}