{"bought": 16.71, "sold": 1.91, "Time_string": "Last update at 15:40 - 01/06/2024", "produce": 4.585, "consumption": 3.334, "ratioPC": 0.8275999999999999, "maxBatteryPerDay": 8.75, "maxAtThisDay": 8.75, "batteryLevelPercentage": -1.7632845643140804, "buyPrice": 0.149072, "sellPrice": 0.1, "batteryLevel": -15.428739937748203, "maxBatteryForMonth": 100, "Temperature": 32.7, "ratioPc": "noData"}