{"bought": 110.71, "sold": 283.37, "Time_string": "Last update at 17:17 - 18/06/2023", "produce": 4.03, "consumption": 1.626, "ratioPc": "noData", "buyPrice": 0.149072, "sellPrice": 0.1, "batteryLevel": 79.37935279596438, "maxBatteryPerDay": 8.75, "batteryLevelPercentage": 0.5039958907680278, "maxAtThisDay": 157.5, "ratioPC": 2.4040000000000004}