{"bought": 122.28, "sold": 246.95, "Time_string": "Last update at 06:04 - 16/06/2024", "produce": 0.0, "consumption": 0.161, "ratioPC": -0.158, "maxBatteryPerDay": 8.75, "maxAtThisDay": 100, "batteryLevelPercentage": 0.4337820543093269, "buyPrice": 0.149072, "sellPrice": 0.1, "batteryLevel": 43.378205430932695, "maxBatteryForMonth": 100, "Temperature": 16.9, "ratioPc": "noData"}