{"bought": 137.13, "sold": 185.47, "Time_string": "Last update at 10:48 - 14/11/2024", "produce": 0.028, "consumption": 0.156, "ratioPC": -0.139, "maxBatteryPerDay": 8.75, "maxAtThisDay": 100, "batteryLevelPercentage": -0.12713610604271763, "buyPrice": 0.149072, "sellPrice": 0.1, "batteryLevel": -12.713610604271764, "maxBatteryForMonth": 100, "Temperature": 13.8, "ratioPc": "noData"}