{"bought": 324.62, "sold": 376.48, "Time_string": "Last update at 11:43 - 31/07/2023", "produce": 3.146, "consumption": 1.76, "ratioPC": 1.386, "maxBatteryPerDay": 8.75, "maxAtThisDay": 10, "batteryLevelPercentage": -7.207089621122679, "buyPrice": 0.149072, "sellPrice": 0.1, "batteryLevel": -72.0708962112268, "maxBatteryForMonth": 10, "Temperature": "31.5"}