{"bought": 55.83, "sold": 233.36, "Time_string": "Last update at 14:12 - 15/11/2023", "produce": 4.48, "consumption": 0.212, "ratioPC": 4.268000000000001, "maxBatteryPerDay": 8.75, "maxAtThisDay": 10, "batteryLevelPercentage": 10.071180530213589, "buyPrice": 0.149072, "sellPrice": 0.1, "batteryLevel": 100.71180530213589, "maxBatteryForMonth": 10, "Temperature": 24.0, "ratioPc": "noData"}