{"bought": 300.67, "sold": 395.83, "Time_string": "Last update at 04:22 - 28/09/2024", "produce": 0.0, "consumption": 0.127, "ratioPC": -0.089, "maxBatteryPerDay": 8.75, "maxAtThisDay": 100, "batteryLevelPercentage": -0.35140591392079046, "buyPrice": 0.149072, "sellPrice": 0.1, "batteryLevel": -35.140591392079045, "maxBatteryForMonth": 100, "Temperature": 16.6, "ratioPc": "noData"}