{"bought": 235.6, "sold": 199.56, "Time_string": "Last update at 11:03 - 29/12/2023", "produce": 1.135, "consumption": 0.42, "ratioPC": 0.37500000000000006, "maxBatteryPerDay": 8.75, "maxAtThisDay": 100, "batteryLevelPercentage": -1.017318020822153, "buyPrice": 0.149072, "sellPrice": 0.1, "batteryLevel": -101.7318020822153, "maxBatteryForMonth": 100, "Temperature": 10.1, "ratioPc": "noData"}