{"bought": 50.5, "sold": 85.71, "Time_string": "Last update at 18:43 - 06/07/2023", "produce": 2.637, "consumption": 2.66, "buyPrice": 0.149072, "sellPrice": 0.1, "batteryLevel": 6.9957067725662725, "maxBatteryPerDay": 8.75, "batteryLevelPercentage": 0.6995706772566272, "maxAtThisDay": 10, "ratioPC": -0.02300000000000013, "maxBatteryForMonth": 10, "ratioPc": "noData"}