{"bought": 111.21, "sold": 546.14, "Time_string": "Last update at 15:01 - 28/09/2023", "produce": 4.926, "consumption": 3.868, "ratioPC": 1.0580000000000003, "maxBatteryPerDay": 8.75, "maxAtThisDay": 10, "batteryLevelPercentage": 25.514987978963187, "buyPrice": 0.149072, "sellPrice": 0.1, "batteryLevel": 255.14987978963188, "maxBatteryForMonth": 10, "Temperature": 33.0, "ratioPc": "noData"}