{"bought": 72.15, "sold": 130.88, "Time_string": "Last update at 16:58 - 09/07/2023", "produce": 3.941, "consumption": 3.344, "buyPrice": 0.149072, "sellPrice": 0.1, "batteryLevel": 15.646501019641505, "maxBatteryPerDay": 8.75, "batteryLevelPercentage": 1.5646501019641506, "maxAtThisDay": 10, "ratioPC": 0.597, "maxBatteryForMonth": 10, "ratioPc": "noData"}