{"bought": 341.1, "sold": 56.47, "Time_string": "Last update at 16:06 - 17/08/2024", "produce": 4.583, "consumption": 4.6, "ratioPC": 1.1989999999999994, "maxBatteryPerDay": 8.75, "maxAtThisDay": 100, "batteryLevelPercentage": -3.032189760652571, "buyPrice": 0.149072, "sellPrice": 0.1, "batteryLevel": -303.2189760652571, "maxBatteryForMonth": 100, "Temperature": 38.2, "ratioPc": "noData"}