{"bought": 256.69, "sold": 312.24, "Time_string": "Last update at 12:00 - 23/09/2024", "produce": 3.24, "consumption": 0.156, "ratioPC": 2.854, "maxBatteryPerDay": 8.75, "maxAtThisDay": 100, "batteryLevelPercentage": -0.4723416657722441, "buyPrice": 0.149072, "sellPrice": 0.1, "batteryLevel": -47.234166577224414, "maxBatteryForMonth": 100, "Temperature": 24.0, "ratioPc": "noData"}