{"bought": 121.66, "sold": 300.79, "Time_string": "Last update at 23:20 - 19/06/2023", "produce": 0.0, "consumption": 0.149, "ratioPc": "noData", "buyPrice": 0.149072, "sellPrice": 0.1, "batteryLevel": 80.11498121713001, "maxBatteryPerDay": 8.75, "batteryLevelPercentage": 0.48189462386243614, "maxAtThisDay": 166.25, "ratioPC": -0.149}