{"bought": 92.56, "sold": 441.06, "Time_string": "Last update at 17:21 - 23/09/2023", "produce": 3.905, "consumption": 0.169, "ratioPC": 3.7359999999999998, "maxBatteryPerDay": 8.75, "maxAtThisDay": 10, "batteryLevelPercentage": 20.331045186218738, "buyPrice": 0.149072, "sellPrice": 0.1, "batteryLevel": 203.3104518621874, "maxBatteryForMonth": 10, "Temperature": 28.6, "ratioPc": "noData"}