{"bought": 131.08, "sold": 131.46, "Time_string": "Last update at 14:36 - 19/12/2023", "produce": 4.297, "consumption": 2.523, "ratioPC": 3.83, "maxBatteryPerDay": 8.75, "maxAtThisDay": 100, "batteryLevelPercentage": -0.42894425244177325, "buyPrice": 0.149072, "sellPrice": 0.1, "batteryLevel": -42.89442524417733, "maxBatteryForMonth": 100, "Temperature": 14.6, "ratioPc": "noData"}