{"bought": 138.06, "sold": 146.29, "Time_string": "Last update at 09:24 - 13/10/2024", "produce": 0.06, "consumption": 0.038, "ratioPC": -0.09799999999999999, "maxBatteryPerDay": 8.75, "maxAtThisDay": 100, "batteryLevelPercentage": -0.3992621230009661, "buyPrice": 0.149072, "sellPrice": 0.1, "batteryLevel": -39.92621230009661, "maxBatteryForMonth": 100, "Temperature": 18.4, "ratioPc": "noData"}