{"bought": 28.04, "sold": 4.69, "Time_string": "Last update at 11:51 - 02/06/2024", "produce": 1.98, "consumption": 6.935, "ratioPC": -3.6799999999999997, "maxBatteryPerDay": 8.75, "maxAtThisDay": 17.5, "batteryLevelPercentage": -1.422506815498551, "buyPrice": 0.149072, "sellPrice": 0.1, "batteryLevel": -24.89386927122464, "maxBatteryForMonth": 100, "Temperature": 26.7, "ratioPc": "noData"}