{"bought": 328.19, "sold": 387.86, "Time_string": "Last update at 21:11 - 31/07/2023", "produce": 0.061, "consumption": 1.212, "ratioPC": -1.151, "maxBatteryPerDay": 8.75, "maxAtThisDay": 10, "batteryLevelPercentage": -6.800700118063753, "buyPrice": 0.149072, "sellPrice": 0.1, "batteryLevel": -68.00700118063753, "maxBatteryForMonth": 10, "Temperature": "33"}