{"bought": 269.15, "sold": 307.36, "Time_string": "Last update at 19:05 - 25/07/2023", "produce": 2.403, "consumption": 4.275, "buyPrice": 0.149072, "sellPrice": 0.1, "batteryLevel": -62.96775249543842, "maxBatteryPerDay": 8.75, "batteryLevelPercentage": -6.296775249543842, "maxAtThisDay": 10, "ratioPC": -1.8720000000000003, "maxBatteryForMonth": 10, "ratioPc": "noData"}