{"bought": 94.85, "sold": 257.68, "Time_string": "Last update at 20:50 - 16/06/2023", "produce": 0.139, "consumption": 0.356, "ratioPc": null, "buyPrice": 0.149072, "sellPrice": 0.1, "batteryLevel": 78.00606955028442, "maxBatteryPerDay": 8.75, "batteryLevelPercentage": 0.5571862110734601, "maxAtThisDay": 140.0, "ratioPC": -0.21699999999999997}