{"bought": 250.39, "sold": 155.74, "Time_string": "Last update at 14:57 - 23/01/2024", "produce": 4.314, "consumption": 0.34, "ratioPC": 4.022, "maxBatteryPerDay": 8.75, "maxAtThisDay": 100, "batteryLevelPercentage": -1.4591699366748951, "buyPrice": 0.149072, "sellPrice": 0.1, "batteryLevel": -145.91699366748952, "maxBatteryForMonth": 100, "Temperature": 19.9, "ratioPc": "noData"}