{"bought": 50.02, "sold": 124.21, "Time_string": "Last update at 12:00 - 09/10/2023", "produce": 3.409, "consumption": 1.96, "ratioPC": 1.4489999999999998, "maxBatteryPerDay": 8.75, "maxAtThisDay": 10, "batteryLevelPercentage": 3.3302153053557992, "buyPrice": 0.149072, "sellPrice": 0.1, "batteryLevel": 33.302153053557994, "maxBatteryForMonth": 10, "Temperature": 26.0, "ratioPc": "noData"}