{"bought": 198.14, "sold": 532.63, "Time_string": "Last update at 02:21 - 23/05/2024", "produce": 0.0, "consumption": 0.192, "ratioPC": -0.182, "maxBatteryPerDay": 8.75, "maxAtThisDay": 100, "batteryLevelPercentage": 1.5915714500375662, "buyPrice": 0.149072, "sellPrice": 0.1, "batteryLevel": 159.15714500375663, "maxBatteryForMonth": 100, "Temperature": 18.6, "ratioPc": "noData"}