{"bought": 164.42, "sold": 362.97, "Time_string": "Last update at 05:07 - 24/06/2023", "produce": 0.0, "consumption": 0.132, "ratioPc": "noData", "buyPrice": 0.149072, "sellPrice": 0.1, "batteryLevel": 79.06636900289794, "maxBatteryPerDay": 8.75, "batteryLevelPercentage": 0.3765065190614188, "maxAtThisDay": 210.0, "ratioPC": -0.132}