{"bought": 321.15, "sold": 339.24, "Time_string": "Last update at 11:35 - 27/10/2024", "produce": 0.383, "consumption": 0.08, "ratioPC": 0.943, "maxBatteryPerDay": 8.75, "maxAtThisDay": 100, "batteryLevelPercentage": -0.9358211334120423, "buyPrice": 0.149072, "sellPrice": 0.1, "batteryLevel": -93.58211334120423, "maxBatteryForMonth": 100, "Temperature": 15.2, "ratioPc": "noData"}