{"bought": 193.31, "sold": 109.95, "Time_string": "Last update at 08:54 - 21/01/2024", "produce": 0.051, "consumption": 0.197, "ratioPC": -0.192, "maxBatteryPerDay": 8.75, "maxAtThisDay": 100, "batteryLevelPercentage": -1.1955369432220673, "buyPrice": 0.149072, "sellPrice": 0.1, "batteryLevel": -119.55369432220672, "maxBatteryForMonth": 100, "Temperature": 9.0, "ratioPc": "noData"}