{"bought": 223.54, "sold": 253.36, "Time_string": "Last update at 14:09 - 21/10/2024", "produce": 4.633, "consumption": 0.344, "ratioPC": 4.406000000000001, "maxBatteryPerDay": 8.75, "maxAtThisDay": 100, "batteryLevelPercentage": -0.5358185896747878, "buyPrice": 0.149072, "sellPrice": 0.1, "batteryLevel": -53.58185896747878, "maxBatteryForMonth": 100, "Temperature": 24.1, "ratioPc": "noData"}