{"bought": 168.41, "sold": 363.41, "Time_string": "Last update at 11:54 - 24/06/2023", "produce": 3.282, "consumption": 4.1, "ratioPc": "noData", "buyPrice": 0.149072, "sellPrice": 0.1, "batteryLevel": 75.3715283889664, "maxBatteryPerDay": 8.75, "batteryLevelPercentage": 0.358912039947459, "maxAtThisDay": 210.0, "ratioPC": -0.8179999999999996}