{"bought": 327.52, "sold": 55.0, "Time_string": "Last update at 17:46 - 16/08/2024", "produce": 3.679, "consumption": 3.225, "ratioPC": 0.6119999999999997, "maxBatteryPerDay": 8.75, "maxAtThisDay": 100, "batteryLevelPercentage": -2.9062507674144036, "buyPrice": 0.149072, "sellPrice": 0.1, "batteryLevel": -290.62507674144035, "maxBatteryForMonth": 100, "Temperature": 38.0, "ratioPc": "noData"}