{"bought": 22.52, "sold": 61.57, "Time_string": "Last update at 14:39 - 04/10/2023", "produce": 4.851, "consumption": 5.879, "ratioPC": -1.0279999999999996, "maxBatteryPerDay": 8.75, "maxAtThisDay": 10, "batteryLevelPercentage": 1.8782189545991197, "buyPrice": 0.149072, "sellPrice": 0.1, "batteryLevel": 18.782189545991198, "maxBatteryForMonth": 10, "Temperature": 31.6, "ratioPc": "noData"}