{"bought": 239.15, "sold": 307.36, "Time_string": "Last update at 18:08 - 23/10/2024", "produce": 1.168, "consumption": 5.138, "ratioPC": -3.9330000000000007, "maxBatteryPerDay": 8.75, "maxAtThisDay": 100, "batteryLevelPercentage": -0.32967752495438446, "buyPrice": 0.149072, "sellPrice": 0.1, "batteryLevel": -32.96775249543845, "maxBatteryForMonth": 100, "Temperature": 24.9, "ratioPc": "noData"}