{"bought": 69.23, "sold": 47.02, "Time_string": "Last update at 09:09 - 06/06/2024", "produce": 0.816, "consumption": 0.175, "ratioPC": 0.5069999999999999, "maxBatteryPerDay": 8.75, "maxAtThisDay": 52.5, "batteryLevelPercentage": -0.7178703751974118, "buyPrice": 0.149072, "sellPrice": 0.1, "batteryLevel": -37.68819469786412, "maxBatteryForMonth": 100, "Temperature": 24.4, "ratioPc": "noData"}