{"bought": 267.94, "sold": 291.0, "Time_string": "Last update at 10:53 - 25/07/2023", "produce": 2.21, "consumption": 0.753, "buyPrice": 0.149072, "sellPrice": 0.1, "batteryLevel": -72.73231512289362, "maxBatteryPerDay": 8.75, "batteryLevelPercentage": -7.273231512289362, "maxAtThisDay": 10, "ratioPC": 1.4569999999999999, "maxBatteryForMonth": 10, "ratioPc": "noData"}