{"bought": 121.29, "sold": 152.5, "Time_string": "Last update at 07:24 - 13/07/2023", "produce": 0.017, "consumption": 0.253, "buyPrice": 0.149072, "sellPrice": 0.1, "batteryLevel": -18.990440055811973, "maxBatteryPerDay": 8.75, "batteryLevelPercentage": -1.8990440055811972, "maxAtThisDay": 10, "ratioPC": -0.236, "maxBatteryForMonth": 10, "ratioPc": "noData"}