{"bought": 345.56, "sold": 216.81, "Time_string": "Last update at 20:13 - 26/08/2023", "produce": 0.103, "consumption": 2.896, "ratioPC": -2.7929999999999997, "maxBatteryPerDay": 8.75, "maxAtThisDay": 10, "batteryLevelPercentage": -20.012021251475797, "buyPrice": 0.149072, "sellPrice": 0.1, "batteryLevel": -200.12021251475798, "maxBatteryForMonth": 10, "Temperature": 32.8, "ratioPc": "noData"}