{"bought": 174.22, "sold": 203.96, "Time_string": "Last update at 03:41 - 16/11/2024", "produce": 0.0, "consumption": 0.122, "ratioPC": -0.159, "maxBatteryPerDay": 8.75, "maxAtThisDay": 100, "batteryLevelPercentage": -0.37400208221530534, "buyPrice": 0.149072, "sellPrice": 0.1, "batteryLevel": -37.400208221530534, "maxBatteryForMonth": 100, "Temperature": 15.0, "ratioPc": "noData"}