{"bought": 561.25, "sold": 88.99, "Time_string": "Last update at 19:31 - 25/08/2024", "produce": 1.206, "consumption": 5.417, "ratioPC": -6.976999999999999, "maxBatteryPerDay": 8.75, "maxAtThisDay": 100, "batteryLevelPercentage": -5.015540141676506, "buyPrice": 0.149072, "sellPrice": 0.1, "batteryLevel": -501.55401416765056, "maxBatteryForMonth": 100, "Temperature": 36.5, "ratioPc": "noData"}