{"bought": 240.31, "sold": 309.13, "Time_string": "Last update at 14:45 - 22/09/2024", "produce": 4.596, "consumption": 6.411, "ratioPC": -3.3289999999999997, "maxBatteryPerDay": 8.75, "maxAtThisDay": 100, "batteryLevelPercentage": -0.32940406783299353, "buyPrice": 0.149072, "sellPrice": 0.1, "batteryLevel": -32.94040678329935, "maxBatteryForMonth": 100, "Temperature": 26.0, "ratioPc": "noData"}