{"bought": 138.35, "sold": 87.18, "Time_string": "Last update at 13:47 - 12/08/2023", "produce": 4.443, "consumption": 5.639, "ratioPC": -1.1960000000000006, "maxBatteryPerDay": 8.75, "maxAtThisDay": 10, "batteryLevelPercentage": -7.986819255125039, "buyPrice": 0.149072, "sellPrice": 0.1, "batteryLevel": -79.86819255125039, "maxBatteryForMonth": 10, "Temperature": 37.6, "ratioPc": "noData"}