{"bought": 180.88, "sold": 221.04, "Time_string": "Last update at 17:21 - 17/11/2024", "produce": 0.304, "consumption": 2.252, "ratioPC": -1.676, "maxBatteryPerDay": 8.75, "maxAtThisDay": 100, "batteryLevelPercentage": -0.32602657507781485, "buyPrice": 0.149072, "sellPrice": 0.1, "batteryLevel": -32.60265750778149, "maxBatteryForMonth": 100, "Temperature": 18.6, "ratioPc": "noData"}