{"bought": 47.31, "sold": 168.25, "Time_string": "Last update at 08:40 - 11/09/2023", "produce": 0.106, "consumption": 0.132, "ratioPC": -0.02600000000000001, "maxBatteryPerDay": 8.75, "maxAtThisDay": 10, "batteryLevelPercentage": 6.555492433186646, "buyPrice": 0.149072, "sellPrice": 0.1, "batteryLevel": 65.55492433186646, "maxBatteryForMonth": 10, "Temperature": 19.7, "ratioPc": "noData"}