{"bought": 196.61, "sold": 500.38, "Time_string": "Last update at 08:00 - 22/05/2024", "produce": 0.099, "consumption": 0.164, "ratioPC": -0.07200000000000001, "maxBatteryPerDay": 8.75, "maxAtThisDay": 100, "batteryLevelPercentage": 1.390533036385102, "buyPrice": 0.149072, "sellPrice": 0.1, "batteryLevel": 139.05330363851022, "maxBatteryForMonth": 100, "Temperature": 13.0, "ratioPc": "noData"}