{"bought": 185.38, "sold": 370.91, "Time_string": "Last update at 19:50 - 25/06/2023", "produce": 1.093, "consumption": 3.397, "ratioPc": "noData", "buyPrice": 0.149072, "sellPrice": 0.1, "batteryLevel": 63.432654287860885, "maxBatteryPerDay": 8.75, "batteryLevelPercentage": 0.2899778481730783, "maxAtThisDay": 218.75, "ratioPC": -2.304}