{"bought": 161.19, "sold": 247.99, "Time_string": "Last update at 20:04 - 16/09/2024", "produce": 0.148, "consumption": 2.681, "ratioPC": -2.468, "maxBatteryPerDay": 8.75, "maxAtThisDay": 100, "batteryLevelPercentage": 0.05165854888912747, "buyPrice": 0.149072, "sellPrice": 0.1, "batteryLevel": 5.165854888912747, "maxBatteryForMonth": 100, "Temperature": 30.9, "ratioPc": "noData"}