{"bought": 41.58, "sold": 148.38, "Time_string": "Last update at 12:16 - 11/11/2023", "produce": 4.105, "consumption": 2.804, "ratioPC": 1.3010000000000006, "maxBatteryPerDay": 8.75, "maxAtThisDay": 10, "batteryLevelPercentage": 5.795579478372867, "buyPrice": 0.149072, "sellPrice": 0.1, "batteryLevel": 57.95579478372866, "maxBatteryForMonth": 10, "Temperature": 19.3, "ratioPc": "noData"}