{"bought": 190.33, "sold": 193.94, "Time_string": "Last update at 16:56 - 18/07/2023", "produce": 3.912, "consumption": 2.181, "buyPrice": 0.149072, "sellPrice": 0.1, "batteryLevel": -60.231792422453594, "maxBatteryPerDay": 8.75, "batteryLevelPercentage": -6.02317924224536, "maxAtThisDay": 10, "ratioPC": 1.7309999999999999, "maxBatteryForMonth": 10, "ratioPc": "noData"}