{"bought": 51.5, "sold": 52.49, "Time_string": "Last update at 09:03 - 04/10/2024", "produce": 0.116, "consumption": 0.205, "ratioPC": -0.11100000000000002, "maxBatteryPerDay": 8.75, "maxAtThisDay": 35.0, "batteryLevelPercentage": -0.46539505358867805, "buyPrice": 0.149072, "sellPrice": 0.1, "batteryLevel": -16.288826875603732, "maxBatteryForMonth": 100, "Temperature": 20.1, "ratioPc": "noData"}