{"bought": 238.97, "sold": 386.81, "Time_string": "Last update at 22:03 - 28/06/2023", "produce": 0.0, "consumption": 1.487, "buyPrice": 0.149072, "sellPrice": 0.1, "batteryLevel": 20.508641193517263, "maxBatteryPerDay": 8.75, "batteryLevelPercentage": 0.20508641193517263, "maxAtThisDay": 100, "ratioPC": -1.487, "maxBatteryForMonth": 100, "ratioPc": "noData"}