{"bought": 63.66, "sold": 221.66, "Time_string": "Last update at 11:53 - 14/06/2023", "produce": 3.41, "consumption": 3.41, "ratioPc": null, "buyPrice": 0.149072, "sellPrice": 0.1, "batteryLevel": 85.03324889986047, "maxBatteryPerDay": 8.75, "batteryLevelPercentage": 0.6941489706111058, "maxAtThisDay": 122.5, "ratioPC": 0.0}