{"bought": 122.21, "sold": 566.23, "Time_string": "Last update at 08:49 - 30/09/2023", "produce": 0.09, "consumption": 0.17, "ratioPC": -0.08000000000000002, "maxBatteryPerDay": 8.75, "maxAtThisDay": 10, "batteryLevelPercentage": 25.762658903080393, "buyPrice": 0.149072, "sellPrice": 0.1, "batteryLevel": 257.6265890308039, "maxBatteryForMonth": 10, "Temperature": 22.6, "ratioPc": "noData"}