{"bought": 208.43, "sold": 374.79, "Time_string": "Last update at 02:55 - 27/06/2023", "produce": 0.0, "consumption": 0.193, "buyPrice": 0.149072, "sellPrice": 0.1, "batteryLevel": 42.98542341955567, "maxBatteryPerDay": 8.75, "batteryLevelPercentage": 0.42985423419555674, "maxAtThisDay": 100, "ratioPC": -0.193, "maxBatteryForMonth": 100, "ratioPc": "noData"}