{"bought": 147.46, "sold": 339.67, "Time_string": "Last update at 17:48 - 15/05/2024", "produce": 4.493, "consumption": 0.299, "ratioPC": 1.66, "maxBatteryPerDay": 8.75, "maxAtThisDay": 100, "batteryLevelPercentage": 0.8039633787699905, "buyPrice": 0.149072, "sellPrice": 0.1, "batteryLevel": 80.39633787699904, "maxBatteryForMonth": 100, "Temperature": 25.8, "ratioPc": "noData"}