{"bought": 59.02, "sold": 107.79, "Time_string": "Last update at 14:59 - 08/09/2024", "produce": 4.83, "consumption": 6.183, "ratioPC": -1.5810000000000004, "maxBatteryPerDay": 8.75, "maxAtThisDay": 70.0, "batteryLevelPercentage": 0.18981916312730962, "buyPrice": 0.149072, "sellPrice": 0.1, "batteryLevel": 13.287341418911673, "maxBatteryForMonth": 100, "Temperature": 29.0, "ratioPc": "noData"}