{"bought": 40.85, "sold": 10.45, "Time_string": "Last update at 11:24 - 04/01/2024", "produce": 1.004, "consumption": 0.25, "ratioPC": 0.32300000000000006, "maxBatteryPerDay": 8.75, "maxAtThisDay": 35.0, "batteryLevelPercentage": -0.9668561308821051, "buyPrice": 0.149072, "sellPrice": 0.1, "batteryLevel": -33.839964580873676, "maxBatteryForMonth": 100, "Temperature": 14.4, "ratioPc": "noData"}