{"bought": 184.51, "sold": 358.79, "Time_string": "Last update at 12:47 - 17/05/2024", "produce": 2.566, "consumption": 0.432, "ratioPC": 4.5440000000000005, "maxBatteryPerDay": 8.75, "maxAtThisDay": 100, "batteryLevelPercentage": 0.5617235483524743, "buyPrice": 0.149072, "sellPrice": 0.1, "batteryLevel": 56.17235483524743, "maxBatteryForMonth": 100, "Temperature": 20.8, "ratioPc": "noData"}