{"bought": 11.33, "sold": 34.5, "Time_string": "Last update at 18:03 - 02/10/2023", "produce": 2.605, "consumption": 2.71, "ratioPC": -0.10499999999999998, "maxBatteryPerDay": 8.75, "maxAtThisDay": 10, "batteryLevelPercentage": 1.181317913491467, "buyPrice": 0.149072, "sellPrice": 0.1, "batteryLevel": 11.813179134914671, "maxBatteryForMonth": 10, "Temperature": 34.9, "ratioPc": "noData"}