{"bought": 83.23, "sold": 32.25, "Time_string": "Last update at 13:11 - 08/01/2024", "produce": 1.106, "consumption": 2.061, "ratioPC": -0.10399999999999987, "maxBatteryPerDay": 8.75, "maxAtThisDay": 70.0, "batteryLevelPercentage": -0.879945123353624, "buyPrice": 0.149072, "sellPrice": 0.1, "batteryLevel": -61.59615863475368, "maxBatteryForMonth": 100, "Temperature": 11.0, "ratioPc": "noData"}