{"bought": 149.25, "sold": 373.38, "Time_string": "Last update at 10:15 - 27/10/2023", "produce": 0.535, "consumption": 0.323, "ratioPC": 0.21200000000000002, "maxBatteryPerDay": 8.75, "maxAtThisDay": 10, "batteryLevelPercentage": 10.121957175056348, "buyPrice": 0.149072, "sellPrice": 0.1, "batteryLevel": 101.21957175056349, "maxBatteryForMonth": 10, "Temperature": 16.2, "ratioPc": "noData"}