{"bought": 137.58, "sold": 138.88, "Time_string": "Last update at 13:40 - 20/12/2023", "produce": 1.031, "consumption": 1.763, "ratioPC": -1.442, "maxBatteryPerDay": 8.75, "maxAtThisDay": 100, "batteryLevelPercentage": -0.44416964688204374, "buyPrice": 0.149072, "sellPrice": 0.1, "batteryLevel": -44.416964688204374, "maxBatteryForMonth": 100, "Temperature": 11.3, "ratioPc": "noData"}