{"bought": 140.96, "sold": 157.0, "Time_string": "Last update at 10:21 - 14/07/2023", "produce": 1.267, "consumption": 0.999, "buyPrice": 0.149072, "sellPrice": 0.1, "batteryLevel": -35.64176451647526, "maxBatteryPerDay": 8.75, "batteryLevelPercentage": -3.5641764516475263, "maxAtThisDay": 10, "ratioPC": 0.2679999999999999, "maxBatteryForMonth": 10, "ratioPc": "noData"}