{"bought": 70.44, "sold": 163.04, "Time_string": "Last update at 18:22 - 10/09/2024", "produce": 2.733, "consumption": 1.424, "ratioPC": 1.383, "maxBatteryPerDay": 8.75, "maxAtThisDay": 87.5, "batteryLevelPercentage": 0.4449139299897268, "buyPrice": 0.149072, "sellPrice": 0.1, "batteryLevel": 38.92996887410109, "maxBatteryForMonth": 100, "Temperature": 29.3, "ratioPc": "noData"}