{"bought": 169.33, "sold": 185.52, "Time_string": "Last update at 12:36 - 17/07/2023", "produce": 3.704, "consumption": 3.072, "buyPrice": 0.149072, "sellPrice": 0.1, "batteryLevel": -44.8800697649458, "maxBatteryPerDay": 8.75, "batteryLevelPercentage": -4.48800697649458, "maxAtThisDay": 10, "ratioPC": 0.6320000000000001, "maxBatteryForMonth": 10, "ratioPc": "noData"}