{"bought": 210.54, "sold": 275.01, "Time_string": "Last update at 10:38 - 19/09/2024", "produce": 0.889, "consumption": 1.298, "ratioPC": -0.6049999999999999, "maxBatteryPerDay": 8.75, "maxAtThisDay": 100, "batteryLevelPercentage": -0.2605867553933669, "buyPrice": 0.149072, "sellPrice": 0.1, "batteryLevel": -26.05867553933669, "maxBatteryForMonth": 100, "Temperature": 23.9, "ratioPc": "noData"}