{"bought": 236.55, "sold": 386.81, "Time_string": "Last update at 02:37 - 29/06/2023", "produce": 0.0, "consumption": 0.14, "buyPrice": 0.149072, "sellPrice": 0.1, "batteryLevel": 22.92864119351725, "maxBatteryPerDay": 8.75, "batteryLevelPercentage": 0.22928641193517252, "maxAtThisDay": 100, "ratioPC": -0.14, "maxBatteryForMonth": 100, "ratioPc": "noData"}