{"bought": 109.98, "sold": 164.82, "Time_string": "Last update at 14:30 - 12/06/2024", "produce": 4.5, "consumption": 0.456, "ratioPC": 4.089, "maxBatteryPerDay": 8.75, "maxAtThisDay": 100, "batteryLevelPercentage": 0.005840227541053764, "buyPrice": 0.149072, "sellPrice": 0.1, "batteryLevel": 0.5840227541053764, "maxBatteryForMonth": 100, "Temperature": 28.5, "ratioPc": "noData"}