{"bought": 301.91, "sold": 381.03, "Time_string": "Last update at 18:54 - 25/06/2024", "produce": 2.502, "consumption": 3.437, "ratioPC": -0.9540000000000002, "maxBatteryPerDay": 8.75, "maxAtThisDay": 100, "batteryLevelPercentage": -0.46308679832564165, "buyPrice": 0.149072, "sellPrice": 0.1, "batteryLevel": -46.30867983256417, "maxBatteryForMonth": 100, "Temperature": 33.1, "ratioPc": "noData"}