{"bought": 222.52, "sold": 140.35, "Time_string": "Last update at 18:25 - 22/01/2024", "produce": 0.057, "consumption": 0.25, "ratioPC": -0.167, "maxBatteryPerDay": 8.75, "maxAtThisDay": 100, "batteryLevelPercentage": -1.2837086401202107, "buyPrice": 0.149072, "sellPrice": 0.1, "batteryLevel": -128.37086401202106, "maxBatteryForMonth": 100, "Temperature": 13.2, "ratioPc": "noData"}