{"bought": 115.58, "sold": 121.58, "Time_string": "Last update at 18:14 - 17/12/2023", "produce": 0.016, "consumption": 0.411, "ratioPC": -0.321, "maxBatteryPerDay": 8.75, "maxAtThisDay": 100, "batteryLevelPercentage": -0.3402209509498765, "buyPrice": 0.149072, "sellPrice": 0.1, "batteryLevel": -34.02209509498765, "maxBatteryForMonth": 100, "Temperature": 12.8, "ratioPc": "noData"}