{"bought": 213.2, "sold": 223.11, "Time_string": "Last update at 10:20 - 20/10/2024", "produce": 0.882, "consumption": 0.206, "ratioPC": 0.17600000000000002, "maxBatteryPerDay": 8.75, "maxAtThisDay": 100, "batteryLevelPercentage": -0.6353406675968657, "buyPrice": 0.149072, "sellPrice": 0.1, "batteryLevel": -63.53406675968657, "maxBatteryForMonth": 100, "Temperature": 17.7, "ratioPc": "noData"}