{"bought": 208.01, "sold": 569.57, "Time_string": "Last update at 13:47 - 24/05/2024", "produce": 4.672, "consumption": 0.269, "ratioPC": 3.8609999999999998, "maxBatteryPerDay": 8.75, "maxAtThisDay": 100, "batteryLevelPercentage": 1.740671170977783, "buyPrice": 0.149072, "sellPrice": 0.1, "batteryLevel": 174.0671170977783, "maxBatteryForMonth": 100, "Temperature": 28.6, "ratioPc": "noData"}