{"bought": 110.71, "sold": 278.79, "Time_string": "Last update at 15:21 - 18/06/2023", "produce": 4.776, "consumption": 1.773, "ratioPc": null, "buyPrice": 0.149072, "sellPrice": 0.1, "batteryLevel": 76.30701191370615, "maxBatteryPerDay": 8.75, "batteryLevelPercentage": 0.4844889645314676, "maxAtThisDay": 157.5, "ratioPC": 3.003}