{"bought": 266.45, "sold": 364.74, "Time_string": "Last update at 09:01 - 23/06/2024", "produce": 0.27, "consumption": 0.134, "ratioPC": 0.11000000000000001, "maxBatteryPerDay": 8.75, "maxAtThisDay": 100, "batteryLevelPercentage": -0.21776285284962937, "buyPrice": 0.149072, "sellPrice": 0.1, "batteryLevel": -21.77628528496294, "maxBatteryForMonth": 100, "Temperature": 23.1, "ratioPc": "noData"}