{"bought": 123.37, "sold": 59.14, "Time_string": "Last update at 12:42 - 12/01/2024", "produce": 4.217, "consumption": 6.144, "ratioPC": -1.9769999999999994, "maxBatteryPerDay": 8.75, "maxAtThisDay": 100, "batteryLevelPercentage": -0.8369789524525062, "buyPrice": 0.149072, "sellPrice": 0.1, "batteryLevel": -83.69789524525062, "maxBatteryForMonth": 100, "Temperature": 13.4, "ratioPc": "noData"}