{"bought": 127.31, "sold": 138.42, "Time_string": "Last update at 02:49 - 11/10/2024", "produce": 0.0, "consumption": 0.094, "ratioPC": -0.127, "maxBatteryPerDay": 8.75, "maxAtThisDay": 96.25, "batteryLevelPercentage": -0.35797964062341026, "buyPrice": 0.149072, "sellPrice": 0.1, "batteryLevel": -34.45554041000324, "maxBatteryForMonth": 100, "Temperature": 16.0, "ratioPc": "noData"}