{"bought": 16.38, "sold": 34.85, "Time_string": "Last update at 15:48 - 03/11/2024", "produce": 1.218, "consumption": 5.779, "ratioPC": -3.752, "maxBatteryPerDay": 8.75, "maxAtThisDay": 26.25, "batteryLevelPercentage": 0.2665891432455778, "buyPrice": 0.149072, "sellPrice": 0.1, "batteryLevel": 6.997965010196417, "maxBatteryForMonth": 100, "Temperature": 23.0, "ratioPc": "noData"}