{"bought": 313.12, "sold": 416.68, "Time_string": "Last update at 17:58 - 28/09/2024", "produce": 1.835, "consumption": 0.145, "ratioPC": 2.276, "maxBatteryPerDay": 8.75, "maxAtThisDay": 100, "batteryLevelPercentage": -0.3360406139315228, "buyPrice": 0.149072, "sellPrice": 0.1, "batteryLevel": -33.60406139315228, "maxBatteryForMonth": 100, "Temperature": 28.0, "ratioPc": "noData"}