{"bought": 395.6, "sold": 366.79, "Time_string": "Last update at 09:11 - 31/10/2024", "produce": 0.271, "consumption": 0.135, "ratioPC": 0.060000000000000026, "maxBatteryPerDay": 8.75, "maxAtThisDay": 100, "batteryLevelPercentage": -1.4955111087259851, "buyPrice": 0.149072, "sellPrice": 0.1, "batteryLevel": -149.5511108725985, "maxBatteryForMonth": 100, "Temperature": 16.0, "ratioPc": "noData"}