{"bought": 198.93, "sold": 533.2, "Time_string": "Last update at 09:37 - 23/05/2024", "produce": 0.867, "consumption": 0.171, "ratioPC": 0.734, "maxBatteryPerDay": 8.75, "maxAtThisDay": 100, "batteryLevelPercentage": 1.5874951057207256, "buyPrice": 0.149072, "sellPrice": 0.1, "batteryLevel": 158.74951057207255, "maxBatteryForMonth": 100, "Temperature": 19.9, "ratioPc": "noData"}