{"bought": 693.12, "sold": 107.96, "Time_string": "Last update at 13:07 - 31/08/2024", "produce": 3.032, "consumption": 3.937, "ratioPC": -0.4780000000000002, "maxBatteryPerDay": 8.75, "maxAtThisDay": 100, "batteryLevelPercentage": -6.206986197273801, "buyPrice": 0.149072, "sellPrice": 0.1, "batteryLevel": -620.6986197273801, "maxBatteryForMonth": 100, "Temperature": 31.1, "ratioPc": "noData"}