{"bought": 105.43, "sold": 528.85, "Time_string": "Last update at 15:28 - 27/09/2023", "produce": 4.833, "consumption": 2.816, "ratioPC": 2.0170000000000003, "maxBatteryPerDay": 8.75, "maxAtThisDay": 10, "batteryLevelPercentage": 24.933145755071376, "buyPrice": 0.149072, "sellPrice": 0.1, "batteryLevel": 249.33145755071376, "maxBatteryForMonth": 10, "Temperature": 31.5, "ratioPc": "noData"}