{"bought": 233.3, "sold": 628.41, "Time_string": "Last update at 10:51 - 27/05/2024", "produce": 2.328, "consumption": 0.2, "ratioPC": 1.8940000000000001, "maxBatteryPerDay": 8.75, "maxAtThisDay": 100, "batteryLevelPercentage": 1.8824797681657186, "buyPrice": 0.149072, "sellPrice": 0.1, "batteryLevel": 188.24797681657185, "maxBatteryForMonth": 100, "Temperature": 25.5, "ratioPc": "noData"}