{"bought": 232.9, "sold": 255.44, "Time_string": "Last update at 12:42 - 22/07/2023", "produce": 4.022, "consumption": 1.264, "buyPrice": 0.149072, "sellPrice": 0.1, "batteryLevel": -61.54656005151875, "maxBatteryPerDay": 8.75, "batteryLevelPercentage": -6.1546560051518755, "maxAtThisDay": 10, "ratioPC": 2.758, "maxBatteryForMonth": 10, "ratioPc": "noData"}