{"bought": 255.6, "sold": 201.98, "Time_string": "Last update at 21:09 - 22/08/2023", "produce": 0.018, "consumption": 2.575, "ratioPC": -2.5570000000000004, "maxBatteryPerDay": 8.75, "maxAtThisDay": 10, "batteryLevelPercentage": -12.01084254588387, "buyPrice": 0.149072, "sellPrice": 0.1, "batteryLevel": -120.1084254588387, "maxBatteryForMonth": 10, "Temperature": 36.5, "ratioPc": "noData"}