{"bought": 75.66, "sold": 27.33, "Time_string": "Last update at 14:45 - 07/01/2024", "produce": 4.534, "consumption": 2.149, "ratioPC": 2.9789999999999996, "maxBatteryPerDay": 8.75, "maxAtThisDay": 61.25, "batteryLevelPercentage": -0.9359441179498524, "buyPrice": 0.149072, "sellPrice": 0.1, "batteryLevel": -57.32657722442846, "maxBatteryForMonth": 100, "Temperature": 13.0, "ratioPc": "noData"}