{"bought": 41.62, "sold": 15.42, "Time_string": "Last update at 13:04 - 03/06/2024", "produce": 4.167, "consumption": 6.826, "ratioPC": -2.7430000000000003, "maxBatteryPerDay": 8.75, "maxAtThisDay": 26.25, "batteryLevelPercentage": -1.1914668629284921, "buyPrice": 0.149072, "sellPrice": 0.1, "batteryLevel": -31.27600515187292, "maxBatteryForMonth": 100, "Temperature": 29.1, "ratioPc": "noData"}