{"bought": 181.28, "sold": 221.05, "Time_string": "Last update at 17:59 - 17/11/2024", "produce": 0.107, "consumption": 0.269, "ratioPC": -0.094, "maxBatteryPerDay": 8.75, "maxAtThisDay": 100, "batteryLevelPercentage": -0.3299594933991628, "buyPrice": 0.149072, "sellPrice": 0.1, "batteryLevel": -32.99594933991628, "maxBatteryForMonth": 100, "Temperature": 18.0, "ratioPc": "noData"}