{"bought": 250.04, "sold": 405.83, "Time_string": "Last update at 16:42 - 30/06/2023", "produce": 4.071, "consumption": 3.225, "buyPrice": 0.149072, "sellPrice": 0.1, "batteryLevel": 22.197576473113628, "maxBatteryPerDay": 8.75, "batteryLevelPercentage": 0.22197576473113628, "maxAtThisDay": 100, "ratioPC": 0.8459999999999996, "maxBatteryForMonth": 100, "ratioPc": "noData"}