{"bought": 173.57, "sold": 299.37, "Time_string": "Last update at 08:09 - 19/06/2024", "produce": 0.219, "consumption": 0.199, "ratioPC": 0.0, "maxBatteryPerDay": 8.75, "maxAtThisDay": 100, "batteryLevelPercentage": 0.27252421380272607, "buyPrice": 0.149072, "sellPrice": 0.1, "batteryLevel": 27.252421380272608, "maxBatteryForMonth": 100, "Temperature": 14.3, "ratioPc": "noData"}