{"bought": 86.23, "sold": 254.87, "Time_string": "Last update at 12:46 - 16/06/2023", "produce": 4.025, "consumption": 3.3378, "ratioPc": null, "buyPrice": 0.149072, "sellPrice": 0.1, "batteryLevel": 84.74107438016527, "maxBatteryPerDay": 8.75, "batteryLevelPercentage": 0.605293388429752, "maxAtThisDay": 140.0, "ratioPC": 0.6872000000000003}