{"bought": 272.61, "sold": 36.16, "Time_string": "Last update at 14:02 - 13/08/2024", "produce": 5.01, "consumption": 2.476, "ratioPC": 1.2149999999999999, "maxBatteryPerDay": 8.75, "maxAtThisDay": 100, "batteryLevelPercentage": -2.4835326499946335, "buyPrice": 0.149072, "sellPrice": 0.1, "batteryLevel": -248.35326499946336, "maxBatteryForMonth": 100, "Temperature": 32.0, "ratioPc": "noData"}