{"bought": 20.79, "sold": 31.59, "Time_string": "Last update at 14:29 - 03/07/2023", "produce": 4.609, "consumption": 2.145, "buyPrice": 0.149072, "sellPrice": 0.1, "batteryLevel": 0.4011022861436082, "maxBatteryPerDay": 8.75, "batteryLevelPercentage": 0.040110228614360824, "maxAtThisDay": 10, "ratioPC": 2.464, "maxBatteryForMonth": 10, "ratioPc": "noData"}