{"bought": 49.0, "sold": 57.21, "Time_string": "Last update at 14:00 - 06/08/2023", "produce": 4.568, "consumption": 3.35, "ratioPC": 1.2179999999999995, "maxBatteryPerDay": 8.75, "maxAtThisDay": 10, "batteryLevelPercentage": -1.0622571643232803, "buyPrice": 0.149072, "sellPrice": 0.1, "batteryLevel": -10.622571643232803, "maxBatteryForMonth": 10, "Temperature": 39.0, "ratioPc": "noData"}