{"bought": 206.86, "sold": 558.29, "Time_string": "Last update at 00:46 - 24/05/2024", "produce": 0.0, "consumption": 0.154, "ratioPC": -0.158, "maxBatteryPerDay": 8.75, "maxAtThisDay": 100, "batteryLevelPercentage": 1.6765030374584091, "buyPrice": 0.149072, "sellPrice": 0.1, "batteryLevel": 167.65030374584092, "maxBatteryForMonth": 100, "Temperature": 19.2, "ratioPc": "noData"}