{"bought": 96.23, "sold": 192.66, "Time_string": "Last update at 15:01 - 12/09/2024", "produce": 4.834, "consumption": 1.089, "ratioPC": 3.6929999999999996, "maxBatteryPerDay": 8.75, "maxAtThisDay": 100, "batteryLevelPercentage": 0.33009562090801764, "buyPrice": 0.149072, "sellPrice": 0.1, "batteryLevel": 33.009562090801765, "maxBatteryForMonth": 100, "Temperature": 30.0, "ratioPc": "noData"}