{"bought": 125.54, "sold": 273.32, "Time_string": "Last update at 11:51 - 17/06/2024", "produce": 3.359, "consumption": 0.962, "ratioPC": 2.3970000000000002, "maxBatteryPerDay": 8.75, "maxAtThisDay": 100, "batteryLevelPercentage": 0.5780764409144574, "buyPrice": 0.149072, "sellPrice": 0.1, "batteryLevel": 57.80764409144574, "maxBatteryForMonth": 100, "Temperature": 27.7, "ratioPc": "noData"}