{"bought": 87.63, "sold": 132.92, "Time_string": "Last update at 21:29 - 09/10/2024", "produce": 0.0, "consumption": 0.193, "ratioPC": -0.199, "maxBatteryPerDay": 8.75, "maxAtThisDay": 78.75, "batteryLevelPercentage": 0.019491647798613558, "buyPrice": 0.149072, "sellPrice": 0.1, "batteryLevel": 1.5349672641408176, "maxBatteryForMonth": 100, "Temperature": 20.0, "ratioPc": "noData"}