{"bought": 57.48, "sold": 86.48, "Time_string": "Last update at 10:50 - 07/07/2023", "produce": 2.126, "consumption": 1.042, "buyPrice": 0.149072, "sellPrice": 0.1, "batteryLevel": 0.5322356981861205, "maxBatteryPerDay": 8.75, "batteryLevelPercentage": 0.05322356981861205, "maxAtThisDay": 10, "ratioPC": 1.0839999999999999, "maxBatteryForMonth": 10, "ratioPc": "noData"}