{"bought": 51.77, "sold": 218.09, "Time_string": "Last update at 15:52 - 14/11/2023", "produce": 3.4, "consumption": 2.471, "ratioPC": 0.9289999999999998, "maxBatteryPerDay": 8.75, "maxAtThisDay": 10, "batteryLevelPercentage": 9.452843297198669, "buyPrice": 0.149072, "sellPrice": 0.1, "batteryLevel": 94.52843297198669, "maxBatteryForMonth": 10, "Temperature": 25.9, "ratioPc": "noData"}