{"bought": 74.44, "sold": 163.96, "Time_string": "Last update at 09:41 - 11/09/2024", "produce": 0.513, "consumption": 0.134, "ratioPC": 0.306, "maxBatteryPerDay": 8.75, "maxAtThisDay": 96.25, "batteryLevelPercentage": 0.3693207305734943, "buyPrice": 0.149072, "sellPrice": 0.1, "batteryLevel": 35.54712031769883, "maxBatteryForMonth": 100, "Temperature": 20.0, "ratioPc": "noData"}