{"bought": 182.65, "sold": 351.7, "Time_string": "Last update at 21:26 - 16/05/2024", "produce": 0.014, "consumption": 0.374, "ratioPC": -0.351, "maxBatteryPerDay": 8.75, "maxAtThisDay": 100, "batteryLevelPercentage": 0.5327626381882579, "buyPrice": 0.149072, "sellPrice": 0.1, "batteryLevel": 53.27626381882578, "maxBatteryForMonth": 100, "Temperature": 18.1, "ratioPc": "noData"}