{"bought": 96.68, "sold": 68.44, "Time_string": "Last update at 18:27 - 07/06/2024", "produce": 0.861, "consumption": 1.042, "ratioPC": 0.14300000000000002, "maxBatteryPerDay": 8.75, "maxAtThisDay": 61.25, "batteryLevelPercentage": -0.8288865164183095, "buyPrice": 0.149072, "sellPrice": 0.1, "batteryLevel": -50.769299130621455, "maxBatteryForMonth": 100, "Temperature": 24.6, "ratioPc": "noData"}