{"bought": 20.67, "sold": 26.6, "Time_string": "Last update at 14:11 - 03/08/2023", "produce": 4.749, "consumption": 1.891, "ratioPC": 2.8579999999999997, "maxBatteryPerDay": 8.75, "maxAtThisDay": 10, "batteryLevelPercentage": -0.2826273478587531, "buyPrice": 0.149072, "sellPrice": 0.1, "batteryLevel": -2.826273478587531, "maxBatteryForMonth": 10, "Temperature": 33.2, "ratioPc": "noData"}