{"bought": 146.44, "sold": 143.42, "Time_string": "Last update at 14:59 - 21/12/2023", "produce": 4.284, "consumption": 4.567, "ratioPC": -0.3129999999999997, "maxBatteryPerDay": 8.75, "maxAtThisDay": 100, "batteryLevelPercentage": -0.5023145647740691, "buyPrice": 0.149072, "sellPrice": 0.1, "batteryLevel": -50.23145647740691, "maxBatteryForMonth": 100, "Temperature": 15.0, "ratioPc": "noData"}