{"bought": 123.31, "sold": 83.37, "Time_string": "Last update at 17:09 - 11/08/2023", "produce": 3.784, "consumption": 3.714, "ratioPC": 0.06999999999999984, "maxBatteryPerDay": 8.75, "maxAtThisDay": 10, "batteryLevelPercentage": -6.73840045078888, "buyPrice": 0.149072, "sellPrice": 0.1, "batteryLevel": -67.3840045078888, "maxBatteryForMonth": 10, "Temperature": 43.2, "ratioPc": "noData"}