{"bought": 223.54, "sold": 267.63, "Time_string": "Last update at 18:46 - 21/10/2024", "produce": 0.584, "consumption": 0.194, "ratioPC": 0.758, "maxBatteryPerDay": 8.75, "maxAtThisDay": 100, "batteryLevelPercentage": -0.4400930342384888, "buyPrice": 0.149072, "sellPrice": 0.1, "batteryLevel": -44.00930342384888, "maxBatteryForMonth": 100, "Temperature": 24.2, "ratioPc": "noData"}