{"bought": 92.21, "sold": 231.89, "Time_string": "Last update at 08:27 - 12/05/2024", "produce": 0.189, "consumption": 0.233, "ratioPC": -0.049000000000000016, "maxBatteryPerDay": 8.75, "maxAtThisDay": 100, "batteryLevelPercentage": 0.6334570462595256, "buyPrice": 0.149072, "sellPrice": 0.1, "batteryLevel": 63.345704625952564, "maxBatteryForMonth": 100, "Temperature": 16.4, "ratioPc": "noData"}