{"bought": 223.65, "sold": 267.67, "Time_string": "Last update at 19:38 - 21/10/2024", "produce": 0.017, "consumption": 0.271, "ratioPC": -0.21600000000000003, "maxBatteryPerDay": 8.75, "maxAtThisDay": 100, "batteryLevelPercentage": -0.44092470752388097, "buyPrice": 0.149072, "sellPrice": 0.1, "batteryLevel": -44.092470752388095, "maxBatteryForMonth": 100, "Temperature": 22.7, "ratioPc": "noData"}