{"bought": 249.35, "sold": 309.13, "Time_string": "Last update at 17:28 - 22/09/2024", "produce": 2.314, "consumption": 5.675, "ratioPC": -2.6870000000000003, "maxBatteryPerDay": 8.75, "maxAtThisDay": 100, "batteryLevelPercentage": -0.41980406783299345, "buyPrice": 0.149072, "sellPrice": 0.1, "batteryLevel": -41.980406783299344, "maxBatteryForMonth": 100, "Temperature": 26.5, "ratioPc": "noData"}