{"bought": 289.96, "sold": 692.84, "Time_string": "Last update at 17:32 - 30/05/2024", "produce": 3.572, "consumption": 4.277, "ratioPC": -0.5869999999999997, "maxBatteryPerDay": 8.75, "maxAtThisDay": 100, "batteryLevelPercentage": 1.748087023720082, "buyPrice": 0.149072, "sellPrice": 0.1, "batteryLevel": 174.8087023720082, "maxBatteryForMonth": 100, "Temperature": 35.9, "ratioPc": "noData"}