{"bought": 263.62, "sold": 208.52, "Time_string": "Last update at 16:09 - 23/08/2023", "produce": 4.324, "consumption": 3.513, "ratioPC": 0.8109999999999999, "maxBatteryPerDay": 8.75, "maxAtThisDay": 10, "batteryLevelPercentage": -12.374128367500267, "buyPrice": 0.149072, "sellPrice": 0.1, "batteryLevel": -123.74128367500268, "maxBatteryForMonth": 10, "Temperature": 41.1, "ratioPc": "noData"}