{"bought": 209.17, "sold": 274.84, "Time_string": "Last update at 03:07 - 19/09/2024", "produce": 0.0, "consumption": 0.135, "ratioPC": -0.128, "maxBatteryPerDay": 8.75, "maxAtThisDay": 100, "batteryLevelPercentage": -0.24802714393044994, "buyPrice": 0.149072, "sellPrice": 0.1, "batteryLevel": -24.802714393044994, "maxBatteryForMonth": 100, "Temperature": 19.0, "ratioPc": "noData"}