{"bought": 33.44, "sold": 38.07, "Time_string": "Last update at 07:43 - 04/07/2023", "produce": 0.058, "consumption": 0.275, "buyPrice": 0.149072, "sellPrice": 0.1, "batteryLevel": -7.902004937211547, "maxBatteryPerDay": 8.75, "batteryLevelPercentage": -0.7902004937211548, "maxAtThisDay": 10, "ratioPC": -0.21700000000000003, "maxBatteryForMonth": 10, "ratioPc": "noData"}