{"bought": 107.64, "sold": 252.46, "Time_string": "Last update at 08:07 - 13/05/2024", "produce": 0.135, "consumption": 0.199, "ratioPC": -0.043, "maxBatteryPerDay": 8.75, "maxAtThisDay": 100, "batteryLevelPercentage": 0.6171440592465386, "buyPrice": 0.149072, "sellPrice": 0.1, "batteryLevel": 61.71440592465386, "maxBatteryForMonth": 100, "Temperature": 15.3, "ratioPc": "noData"}