{"bought": 146.03, "sold": 237.96, "Time_string": "Last update at 18:33 - 15/09/2024", "produce": 2.354, "consumption": 1.756, "ratioPC": 1.026, "maxBatteryPerDay": 8.75, "maxAtThisDay": 100, "batteryLevelPercentage": 0.13597562520124512, "buyPrice": 0.149072, "sellPrice": 0.1, "batteryLevel": 13.597562520124512, "maxBatteryForMonth": 100, "Temperature": 33.0, "ratioPc": "noData"}