{"bought": 280.96, "sold": 209.79, "Time_string": "Last update at 12:07 - 24/08/2023", "produce": 3.28, "consumption": 4.234, "ratioPC": -0.9540000000000002, "maxBatteryPerDay": 8.75, "maxAtThisDay": 10, "batteryLevelPercentage": -14.022934635612321, "buyPrice": 0.149072, "sellPrice": 0.1, "batteryLevel": -140.22934635612322, "maxBatteryForMonth": 10, "Temperature": 35.2, "ratioPc": "noData"}