{"bought": 30.9, "sold": 113.81, "Time_string": "Last update at 17:27 - 08/11/2023", "produce": 0.482, "consumption": 0.16, "ratioPC": 0.32199999999999995, "maxBatteryPerDay": 8.75, "maxAtThisDay": 10, "batteryLevelPercentage": 4.544565847375764, "buyPrice": 0.149072, "sellPrice": 0.1, "batteryLevel": 45.44565847375764, "maxBatteryForMonth": 10, "Temperature": 17.6, "ratioPc": "noData"}