{"bought": 190.38, "sold": 320.13, "Time_string": "Last update at 21:22 - 19/06/2024", "produce": 0.04, "consumption": 6.1, "ratioPC": -6.274, "maxBatteryPerDay": 8.75, "maxAtThisDay": 100, "batteryLevelPercentage": 0.24368577868412558, "buyPrice": 0.149072, "sellPrice": 0.1, "batteryLevel": 24.368577868412558, "maxBatteryForMonth": 100, "Temperature": 19.6, "ratioPc": "noData"}