{"bought": 383.77, "sold": 293.41, "Time_string": "Last update at 13:35 - 31/08/2023", "produce": 4.373, "consumption": 5.255, "ratioPC": -0.8819999999999997, "maxBatteryPerDay": 8.75, "maxAtThisDay": 10, "batteryLevelPercentage": -18.694564666738216, "buyPrice": 0.149072, "sellPrice": 0.1, "batteryLevel": -186.94564666738216, "maxBatteryForMonth": 10, "Temperature": 31.2, "ratioPc": "noData"}