{"bought": 138.28, "sold": 151.93, "Time_string": "Last update at 15:08 - 13/10/2024", "produce": 0.539, "consumption": 0.283, "ratioPC": 0.36500000000000005, "maxBatteryPerDay": 8.75, "maxAtThisDay": 100, "batteryLevelPercentage": -0.3636280562412794, "buyPrice": 0.149072, "sellPrice": 0.1, "batteryLevel": -36.362805624127944, "maxBatteryForMonth": 100, "Temperature": 24.1, "ratioPc": "noData"}