{"bought": 233.59, "sold": 386.31, "Time_string": "Last update at 17:37 - 28/06/2023", "produce": 2.727, "consumption": 1.789, "buyPrice": 0.149072, "sellPrice": 0.1, "batteryLevel": 25.553232800257575, "maxBatteryPerDay": 8.75, "batteryLevelPercentage": 0.25553232800257575, "maxAtThisDay": 100, "ratioPC": 0.938, "maxBatteryForMonth": 100, "ratioPc": "noData"}