{"bought": 57.6, "sold": 105.29, "Time_string": "Last update at 17:04 - 07/07/2023", "produce": 4.282, "consumption": 1.898, "buyPrice": 0.149072, "sellPrice": 0.1, "batteryLevel": 13.030299452613512, "maxBatteryPerDay": 8.75, "batteryLevelPercentage": 1.3030299452613512, "maxAtThisDay": 10, "ratioPC": 2.3840000000000003, "maxBatteryForMonth": 10, "ratioPc": "noData"}