{"bought": 76.89, "sold": 119.75, "Time_string": "Last update at 13:30 - 09/11/2024", "produce": 1.498, "consumption": 0.226, "ratioPC": 4.865, "maxBatteryPerDay": 8.75, "maxAtThisDay": 78.75, "batteryLevelPercentage": 0.04368647854834405, "buyPrice": 0.149072, "sellPrice": 0.1, "batteryLevel": 3.440310185682094, "maxBatteryForMonth": 100, "Temperature": 21.0, "ratioPc": "noData"}