{"bought": 339.47, "sold": 55.47, "Time_string": "Last update at 11:44 - 17/08/2024", "produce": 3.093, "consumption": 3.007, "ratioPC": -1.1280000000000001, "maxBatteryPerDay": 8.75, "maxAtThisDay": 100, "batteryLevelPercentage": -3.0225979285177633, "buyPrice": 0.149072, "sellPrice": 0.1, "batteryLevel": -302.25979285177635, "maxBatteryForMonth": 100, "Temperature": 30.5, "ratioPc": "noData"}