{"bought": 79.35, "sold": 108.95, "Time_string": "Last update at 17:05 - 07/10/2024", "produce": 0.688, "consumption": 0.212, "ratioPC": 0.22499999999999998, "maxBatteryPerDay": 8.75, "maxAtThisDay": 61.25, "batteryLevelPercentage": -0.10227773238736276, "buyPrice": 0.149072, "sellPrice": 0.1, "batteryLevel": -6.264511108725969, "maxBatteryForMonth": 100, "Temperature": 20.9, "ratioPc": "noData"}