{"bought": 148.69, "sold": 238.05, "Time_string": "Last update at 21:18 - 15/09/2024", "produce": 0.0, "consumption": 0.328, "ratioPC": -0.335, "maxBatteryPerDay": 8.75, "maxAtThisDay": 100, "batteryLevelPercentage": 0.10997936030911262, "buyPrice": 0.149072, "sellPrice": 0.1, "batteryLevel": 10.997936030911262, "maxBatteryForMonth": 100, "Temperature": 28.4, "ratioPc": "noData"}