{"bought": 54.31, "sold": 235.1, "Time_string": "Last update at 16:28 - 13/09/2023", "produce": 4.477, "consumption": 0.939, "ratioPC": 3.5380000000000003, "maxBatteryPerDay": 8.75, "maxAtThisDay": 10, "batteryLevelPercentage": 10.33990265106794, "buyPrice": 0.149072, "sellPrice": 0.1, "batteryLevel": 103.39902651067939, "maxBatteryForMonth": 10, "Temperature": 32.0, "ratioPc": "noData"}