{"bought": 23.63, "sold": 63.71, "Time_string": "Last update at 09:55 - 06/11/2023", "produce": 1.913, "consumption": 0.14, "ratioPC": 1.7730000000000001, "maxBatteryPerDay": 8.75, "maxAtThisDay": 10, "batteryLevelPercentage": 1.9107737469142432, "buyPrice": 0.149072, "sellPrice": 0.1, "batteryLevel": 19.10773746914243, "maxBatteryForMonth": 10, "Temperature": 12.9, "ratioPc": "noData"}