{"bought": 244.89, "sold": 200.46, "Time_string": "Last update at 14:46 - 22/08/2023", "produce": 4.644, "consumption": 3.026, "ratioPC": 1.6180000000000003, "maxBatteryPerDay": 8.75, "maxAtThisDay": 10, "batteryLevelPercentage": -11.041806697434794, "buyPrice": 0.149072, "sellPrice": 0.1, "batteryLevel": -110.41806697434794, "maxBatteryForMonth": 10, "Temperature": 40.8, "ratioPc": "noData"}