{"bought": 123.41, "sold": 63.2, "Time_string": "Last update at 14:29 - 12/01/2024", "produce": 4.555, "consumption": 3.774, "ratioPC": 0.7809999999999997, "maxBatteryPerDay": 8.75, "maxAtThisDay": 100, "batteryLevelPercentage": -0.8101437909198239, "buyPrice": 0.149072, "sellPrice": 0.1, "batteryLevel": -81.01437909198239, "maxBatteryForMonth": 100, "Temperature": 15.5, "ratioPc": "noData"}