{"bought": 263.81, "sold": 345.62, "Time_string": "Last update at 07:28 - 25/09/2024", "produce": 0.0, "consumption": 0.201, "ratioPC": -0.151, "maxBatteryPerDay": 8.75, "maxAtThisDay": 100, "batteryLevelPercentage": -0.31962302243211327, "buyPrice": 0.149072, "sellPrice": 0.1, "batteryLevel": -31.962302243211326, "maxBatteryForMonth": 100, "Temperature": 19.0, "ratioPc": "noData"}