{"bought": 177.44, "sold": 367.2, "Time_string": "Last update at 08:11 - 25/06/2023", "produce": 0.185, "consumption": 0.145, "ratioPc": "noData", "buyPrice": 0.149072, "sellPrice": 0.1, "batteryLevel": 68.88392400987439, "maxBatteryPerDay": 8.75, "batteryLevelPercentage": 0.3148979383308544, "maxAtThisDay": 218.75, "ratioPC": 0.04000000000000001}