{"bought": 107.68, "sold": 280.58, "Time_string": "Last update at 19:20 - 13/05/2024", "produce": 1.834, "consumption": 0.845, "ratioPC": 1.0779999999999998, "maxBatteryPerDay": 8.75, "maxAtThisDay": 100, "batteryLevelPercentage": 0.805377739615756, "buyPrice": 0.149072, "sellPrice": 0.1, "batteryLevel": 80.5377739615756, "maxBatteryForMonth": 100, "Temperature": 26.7, "ratioPc": "noData"}