{"bought": 202.06, "sold": 120.16, "Time_string": "Last update at 16:50 - 21/01/2024", "produce": 1.996, "consumption": 4.708, "ratioPC": -2.563, "maxBatteryPerDay": 8.75, "maxAtThisDay": 100, "batteryLevelPercentage": -1.2145465493184502, "buyPrice": 0.149072, "sellPrice": 0.1, "batteryLevel": -121.45465493184503, "maxBatteryForMonth": 100, "Temperature": 16.3, "ratioPc": "noData"}