{"bought": 138.77, "sold": 186.37, "Time_string": "Last update at 14:23 - 14/11/2024", "produce": 0.898, "consumption": 4.811, "ratioPC": 1.074, "maxBatteryPerDay": 8.75, "maxAtThisDay": 100, "batteryLevelPercentage": -0.13749875496404443, "buyPrice": 0.149072, "sellPrice": 0.1, "batteryLevel": -13.749875496404442, "maxBatteryForMonth": 100, "Temperature": 16.4, "ratioPc": "noData"}