{"bought": 142.06, "sold": 160.15, "Time_string": "Last update at 14:41 - 14/07/2023", "produce": 4.745, "consumption": 4.122, "buyPrice": 0.149072, "sellPrice": 0.1, "batteryLevel": -34.628691638939586, "maxBatteryPerDay": 8.75, "batteryLevelPercentage": -3.4628691638939584, "maxAtThisDay": 10, "ratioPC": 0.6230000000000002, "maxBatteryForMonth": 10, "ratioPc": "noData"}