{"bought": 200.39, "sold": 31.7, "Time_string": "Last update at 13:23 - 10/08/2024", "produce": 4.348, "consumption": 5.066, "ratioPC": -0.8159999999999998, "maxBatteryPerDay": 8.75, "maxAtThisDay": 87.5, "batteryLevelPercentage": -2.047144089912449, "buyPrice": 0.149072, "sellPrice": 0.1, "batteryLevel": -179.12510786733927, "maxBatteryForMonth": 100, "Temperature": 34.8, "ratioPc": "noData"}