{"bought": 278.4, "sold": 317.29, "Time_string": "Last update at 18:22 - 26/07/2023", "produce": 3.18, "consumption": 3.469, "buyPrice": 0.149072, "sellPrice": 0.1, "batteryLevel": -65.55654180530212, "maxBatteryPerDay": 8.75, "batteryLevelPercentage": -6.555654180530212, "maxAtThisDay": 10, "ratioPC": -0.2889999999999997, "maxBatteryForMonth": 10, "ratioPc": "noData"}