{"bought": 123.48, "sold": 223.68, "Time_string": "Last update at 14:42 - 14/09/2024", "produce": 4.694, "consumption": 3.229, "ratioPC": 1.4169999999999998, "maxBatteryPerDay": 8.75, "maxAtThisDay": 100, "batteryLevelPercentage": 0.2656829880862939, "buyPrice": 0.149072, "sellPrice": 0.1, "batteryLevel": 26.568298808629393, "maxBatteryForMonth": 100, "Temperature": 31.7, "ratioPc": "noData"}