{"bought": 7.48, "sold": 25.85, "Time_string": "Last update at 14:55 - 02/09/2023", "produce": 1.705, "consumption": 0.297, "ratioPC": 1.4080000000000001, "maxBatteryPerDay": 8.75, "maxAtThisDay": 10, "batteryLevelPercentage": 0.9860613931523023, "buyPrice": 0.149072, "sellPrice": 0.1, "batteryLevel": 9.860613931523023, "maxBatteryForMonth": 10, "Temperature": 27.0, "ratioPc": "noData"}