{"bought": 291.79, "sold": 336.0, "Time_string": "Last update at 10:21 - 28/07/2023", "produce": 1.47, "consumption": 0.792, "buyPrice": 0.149072, "sellPrice": 0.1, "batteryLevel": -66.3955597295267, "maxBatteryPerDay": 8.75, "batteryLevelPercentage": -6.639555972952669, "maxAtThisDay": 10, "ratioPC": 0.6779999999999999, "maxBatteryForMonth": 10, "ratioPc": "noData"}