{"bought": 215.22, "sold": 580.63, "Time_string": "Last update at 00:22 - 25/05/2024", "produce": 0.0, "consumption": 0.156, "ratioPC": -0.159, "maxBatteryPerDay": 8.75, "maxAtThisDay": 100, "batteryLevelPercentage": 1.7427635075668135, "buyPrice": 0.149072, "sellPrice": 0.1, "batteryLevel": 174.27635075668135, "maxBatteryForMonth": 100, "Temperature": 19.6, "ratioPc": "noData"}