{"bought": 73.73, "sold": 131.0, "Time_string": "Last update at 18:57 - 09/07/2023", "produce": 2.3, "consumption": 4.024, "buyPrice": 0.149072, "sellPrice": 0.1, "batteryLevel": 14.146999034023821, "maxBatteryPerDay": 8.75, "batteryLevelPercentage": 1.4146999034023822, "maxAtThisDay": 10, "ratioPC": -1.7240000000000002, "maxBatteryForMonth": 10, "ratioPc": "noData"}