{"bought": 110.71, "sold": 279.1, "Time_string": "Last update at 15:30 - 18/06/2023", "produce": 4.811, "consumption": 1.663, "ratioPc": null, "buyPrice": 0.149072, "sellPrice": 0.1, "batteryLevel": 76.51496511752713, "maxBatteryPerDay": 8.75, "batteryLevelPercentage": 0.48580930233350555, "maxAtThisDay": 157.5, "ratioPC": 3.1479999999999997}