{"bought": 143.94, "sold": 280.77, "Time_string": "Last update at 07:59 - 14/05/2024", "produce": 0.088, "consumption": 0.196, "ratioPC": -0.06300000000000001, "maxBatteryPerDay": 8.75, "maxAtThisDay": 100, "batteryLevelPercentage": 0.4440522915101425, "buyPrice": 0.149072, "sellPrice": 0.1, "batteryLevel": 44.405229151014254, "maxBatteryForMonth": 100, "Temperature": 13.0, "ratioPc": "noData"}