{"bought": 257.13, "sold": 327.49, "Time_string": "Last update at 20:32 - 23/09/2024", "produce": 0.024, "consumption": 0.139, "ratioPC": 0.0, "maxBatteryPerDay": 8.75, "maxAtThisDay": 100, "batteryLevelPercentage": -0.37444210582805626, "buyPrice": 0.149072, "sellPrice": 0.1, "batteryLevel": -37.444210582805624, "maxBatteryForMonth": 100, "Temperature": 22.9, "ratioPc": "noData"}