{"bought": 194.91, "sold": 180.25, "Time_string": "Last update at 15:06 - 19/08/2023", "produce": 4.525, "consumption": 3.019, "ratioPC": 1.5060000000000002, "maxBatteryPerDay": 8.75, "maxAtThisDay": 10, "batteryLevelPercentage": -7.399527422990232, "buyPrice": 0.149072, "sellPrice": 0.1, "batteryLevel": -73.99527422990232, "maxBatteryForMonth": 10, "Temperature": 37.1, "ratioPc": "noData"}