{"bought": 314.9, "sold": 373.84, "Time_string": "Last update at 17:53 - 30/07/2023", "produce": 3.526, "consumption": 1.972, "buyPrice": 0.149072, "sellPrice": 0.1, "batteryLevel": -64.12185252763766, "maxBatteryPerDay": 8.75, "batteryLevelPercentage": -6.4121852527637655, "maxAtThisDay": 10, "ratioPC": 1.5539999999999998, "maxBatteryForMonth": 10, "ratioPc": "noData"}