{"bought": 230.4, "sold": 296.33, "Time_string": "Last update at 12:42 - 23/10/2024", "produce": 3.564, "consumption": 0.366, "ratioPC": 3.691, "maxBatteryPerDay": 8.75, "maxAtThisDay": 100, "batteryLevelPercentage": -0.3161686165074596, "buyPrice": 0.149072, "sellPrice": 0.1, "batteryLevel": -31.61686165074596, "maxBatteryForMonth": 100, "Temperature": 22.7, "ratioPc": "noData"}