{"bought": 243.2, "sold": 391.43, "Time_string": "Last update at 13:37 - 29/06/2023", "produce": 4.39, "consumption": 3.15, "buyPrice": 0.149072, "sellPrice": 0.1, "batteryLevel": 19.377814747236243, "maxBatteryPerDay": 8.75, "batteryLevelPercentage": 0.19377814747236244, "maxAtThisDay": 100, "ratioPC": 1.2399999999999998, "maxBatteryForMonth": 100, "ratioPc": "noData"}