{"bought": 131.08, "sold": 132.77, "Time_string": "Last update at 15:06 - 19/12/2023", "produce": 4.11, "consumption": 2.715, "ratioPC": 3.531, "maxBatteryPerDay": 8.75, "maxAtThisDay": 100, "batteryLevelPercentage": -0.4201565525383708, "buyPrice": 0.149072, "sellPrice": 0.1, "batteryLevel": -42.01565525383708, "maxBatteryForMonth": 100, "Temperature": 15.0, "ratioPc": "noData"}