{"bought": 83.98, "sold": 258.21, "Time_string": "Last update at 17:28 - 16/10/2023", "produce": 2.726, "consumption": 2.376, "ratioPC": 0.3500000000000001, "maxBatteryPerDay": 8.75, "maxAtThisDay": 10, "batteryLevelPercentage": 8.923160244713962, "buyPrice": 0.149072, "sellPrice": 0.1, "batteryLevel": 89.23160244713962, "maxBatteryForMonth": 10, "Temperature": 25.0, "ratioPc": "noData"}