{"bought": 455.0, "sold": 68.43, "Time_string": "Last update at 21:01 - 20/08/2024", "produce": 0.057, "consumption": 0.28, "ratioPC": -3.3930000000000002, "maxBatteryPerDay": 8.75, "maxAtThisDay": 100, "batteryLevelPercentage": -4.090960072984867, "buyPrice": 0.149072, "sellPrice": 0.1, "batteryLevel": -409.09600729848665, "maxBatteryForMonth": 100, "Temperature": 31.9, "ratioPc": "noData"}