{"bought": 317.19, "sold": 48.7, "Time_string": "Last update at 19:14 - 15/08/2024", "produce": 1.872, "consumption": 3.866, "ratioPC": -1.8360000000000003, "maxBatteryPerDay": 8.75, "maxAtThisDay": 100, "batteryLevelPercentage": -2.8452122249651177, "buyPrice": 0.149072, "sellPrice": 0.1, "batteryLevel": -284.52122249651177, "maxBatteryForMonth": 100, "Temperature": 36.8, "ratioPc": "noData"}