{"bought": 256.65, "sold": 310.46, "Time_string": "Last update at 10:56 - 23/09/2024", "produce": 1.854, "consumption": 0.214, "ratioPC": 1.441, "maxBatteryPerDay": 8.75, "maxAtThisDay": 100, "batteryLevelPercentage": -0.48388220457228726, "buyPrice": 0.149072, "sellPrice": 0.1, "batteryLevel": -48.388220457228726, "maxBatteryForMonth": 100, "Temperature": 21.9, "ratioPc": "noData"}