{"bought": 121.18, "sold": 143.37, "Time_string": "Last update at 14:00 - 11/11/2024", "produce": 4.723, "consumption": 1.287, "ratioPC": 3.441, "maxBatteryPerDay": 8.75, "maxAtThisDay": 96.25, "batteryLevelPercentage": -0.2597921799141076, "buyPrice": 0.149072, "sellPrice": 0.1, "batteryLevel": -25.004997316732855, "maxBatteryForMonth": 100, "Temperature": 21.0, "ratioPc": "noData"}