{"bought": 75.21, "sold": 218.52, "Time_string": "Last update at 07:53 - 11/05/2024", "produce": 0.076, "consumption": 0.232, "ratioPC": -0.176, "maxBatteryPerDay": 8.75, "maxAtThisDay": 96.25, "batteryLevelPercentage": 0.7415780175604157, "buyPrice": 0.149072, "sellPrice": 0.1, "batteryLevel": 71.37688419019001, "maxBatteryForMonth": 100, "Temperature": 14.9, "ratioPc": "noData"}