{"bought": 207.69, "sold": 558.29, "Time_string": "Last update at 06:13 - 24/05/2024", "produce": 0.0, "consumption": 0.152, "ratioPC": -0.154, "maxBatteryPerDay": 8.75, "maxAtThisDay": 100, "batteryLevelPercentage": 1.6682030374584094, "buyPrice": 0.149072, "sellPrice": 0.1, "batteryLevel": 166.82030374584093, "maxBatteryForMonth": 100, "Temperature": 13.8, "ratioPc": "noData"}