{"bought": 216.46, "sold": 580.63, "Time_string": "Last update at 07:41 - 25/05/2024", "produce": 0.1, "consumption": 0.14, "ratioPC": -0.11000000000000001, "maxBatteryPerDay": 8.75, "maxAtThisDay": 100, "batteryLevelPercentage": 1.7303635075668133, "buyPrice": 0.149072, "sellPrice": 0.1, "batteryLevel": 173.03635075668134, "maxBatteryForMonth": 100, "Temperature": 14.7, "ratioPc": "noData"}