{"bought": 66.37, "sold": 112.04, "Time_string": "Last update at 10:39 - 09/09/2024", "produce": 1.826, "consumption": 1.241, "ratioPC": 0.15700000000000003, "maxBatteryPerDay": 8.75, "maxAtThisDay": 78.75, "batteryLevelPercentage": 0.11159762236975926, "buyPrice": 0.149072, "sellPrice": 0.1, "batteryLevel": 8.788312761618542, "maxBatteryForMonth": 100, "Temperature": 21.6, "ratioPc": "noData"}