{"bought": 103.71, "sold": 249.96, "Time_string": "Last update at 17:02 - 12/05/2024", "produce": 4.295, "consumption": 0.203, "ratioPC": 3.5749999999999997, "maxBatteryPerDay": 8.75, "maxAtThisDay": 100, "batteryLevelPercentage": 0.639673639583557, "buyPrice": 0.149072, "sellPrice": 0.1, "batteryLevel": 63.967363958355705, "maxBatteryForMonth": 100, "Temperature": 31.0, "ratioPc": "noData"}