{"bought": 91.87, "sold": 34.6, "Time_string": "Last update at 10:33 - 09/01/2024", "produce": 0.412, "consumption": 0.141, "ratioPC": 0.24900000000000003, "maxBatteryPerDay": 8.75, "maxAtThisDay": 78.75, "batteryLevelPercentage": -0.8718697039547099, "buyPrice": 0.149072, "sellPrice": 0.1, "batteryLevel": -68.6597391864334, "maxBatteryForMonth": 100, "Temperature": 9.0, "ratioPc": "noData"}