{"bought": 227.65, "sold": 379.0, "Time_string": "Last update at 22:51 - 27/06/2023", "produce": 0.0, "consumption": 0.317, "buyPrice": 0.149072, "sellPrice": 0.1, "batteryLevel": 26.589562090801735, "maxBatteryPerDay": 8.75, "batteryLevelPercentage": 0.2658956209080173, "maxAtThisDay": 100, "ratioPC": -0.317, "maxBatteryForMonth": 100, "ratioPc": "noData"}