{"bought": 190.03, "sold": 441.49, "Time_string": "Last update at 22:21 - 19/05/2024", "produce": 0.0, "consumption": 0.257, "ratioPC": -0.233, "maxBatteryPerDay": 8.75, "maxAtThisDay": 100, "batteryLevelPercentage": 1.0612890308039065, "buyPrice": 0.149072, "sellPrice": 0.1, "batteryLevel": 106.12890308039064, "maxBatteryForMonth": 100, "Temperature": 17.3, "ratioPc": "noData"}