{"bought": 9.94, "sold": 16.41, "Time_string": "Last update at 15:39 - 02/08/2023", "produce": 4.72, "consumption": 4.755, "ratioPC": -0.03500000000000014, "maxBatteryPerDay": 8.75, "maxAtThisDay": 10, "batteryLevelPercentage": 0.10681034667811531, "buyPrice": 0.149072, "sellPrice": 0.1, "batteryLevel": 1.068103466781153, "maxBatteryForMonth": 10, "Temperature": 36.6, "ratioPc": "noData"}