{"bought": 66.77, "sold": 138.63, "Time_string": "Last update at 20:13 - 09/09/2024", "produce": 0.093, "consumption": 0.155, "ratioPC": -0.15400000000000003, "maxBatteryPerDay": 8.75, "maxAtThisDay": 78.75, "batteryLevelPercentage": 0.33302007765289926, "buyPrice": 0.149072, "sellPrice": 0.1, "batteryLevel": 26.225331115165815, "maxBatteryForMonth": 100, "Temperature": 23.8, "ratioPc": "noData"}