{"bought": 153.58, "sold": 92.33, "Time_string": "Last update at 13:49 - 13/08/2023", "produce": 4.557, "consumption": 3.691, "ratioPC": 0.8660000000000005, "maxBatteryPerDay": 8.75, "maxAtThisDay": 10, "batteryLevelPercentage": -9.16434861006762, "buyPrice": 0.149072, "sellPrice": 0.1, "batteryLevel": -91.6434861006762, "maxBatteryForMonth": 10, "Temperature": 35.8, "ratioPc": "noData"}