{"bought": 96.81, "sold": 69.61, "Time_string": "Last update at 21:16 - 07/06/2024", "produce": 0.111, "consumption": 0.274, "ratioPC": -0.04400000000000001, "maxBatteryPerDay": 8.75, "maxAtThisDay": 61.25, "batteryLevelPercentage": -0.8181949957615332, "buyPrice": 0.149072, "sellPrice": 0.1, "batteryLevel": -50.11444349039391, "maxBatteryForMonth": 100, "Temperature": 21.7, "ratioPc": "noData"}