{"bought": 165.92, "sold": 162.13, "Time_string": "Last update at 14:37 - 23/12/2023", "produce": 4.35, "consumption": 0.162, "ratioPC": 4.2620000000000005, "maxBatteryPerDay": 8.75, "maxAtThisDay": 100, "batteryLevelPercentage": -0.5716047440163142, "buyPrice": 0.149072, "sellPrice": 0.1, "batteryLevel": -57.16047440163142, "maxBatteryForMonth": 100, "Temperature": 15.6, "ratioPc": "noData"}