{"bought": 227.28, "sold": 379.0, "Time_string": "Last update at 21:26 - 27/06/2023", "produce": 0.072, "consumption": 0.207, "buyPrice": 0.149072, "sellPrice": 0.1, "batteryLevel": 26.95956209080174, "maxBatteryPerDay": 8.75, "batteryLevelPercentage": 0.2695956209080174, "maxAtThisDay": 100, "ratioPC": -0.135, "maxBatteryForMonth": 100, "ratioPc": "noData"}