{"bought": 86.34, "sold": 255.22, "Time_string": "Last update at 13:22 - 16/06/2023", "produce": 4.58, "consumption": 4.656, "ratioPc": null, "buyPrice": 0.149072, "sellPrice": 0.1, "batteryLevel": 84.86586025544702, "maxBatteryPerDay": 8.75, "batteryLevelPercentage": 0.6061847161103359, "maxAtThisDay": 140.0, "ratioPC": -0.07599999999999962}