{"bought": 476.62, "sold": 70.78, "Time_string": "Last update at 12:24 - 22/08/2024", "produce": 3.876, "consumption": 3.195, "ratioPC": 0.6400000000000001, "maxBatteryPerDay": 8.75, "maxAtThisDay": 100, "batteryLevelPercentage": -4.291395878501664, "buyPrice": 0.149072, "sellPrice": 0.1, "batteryLevel": -429.1395878501664, "maxBatteryForMonth": 100, "Temperature": 28.8, "ratioPc": "noData"}