{"bought": 38.75, "sold": 134.73, "Time_string": "Last update at 14:21 - 09/09/2023", "produce": 2.74, "consumption": 0.404, "ratioPC": 2.3360000000000003, "maxBatteryPerDay": 8.75, "maxAtThisDay": 10, "batteryLevelPercentage": 5.162914564774067, "buyPrice": 0.149072, "sellPrice": 0.1, "batteryLevel": 51.62914564774067, "maxBatteryForMonth": 10, "Temperature": 28.0, "ratioPc": "noData"}