{"bought": 162.89, "sold": 184.21, "Time_string": "Last update at 19:04 - 16/07/2023", "produce": 2.065, "consumption": 3.348, "buyPrice": 0.149072, "sellPrice": 0.1, "batteryLevel": -39.31883975528601, "maxBatteryPerDay": 8.75, "batteryLevelPercentage": -3.9318839755286006, "maxAtThisDay": 10, "ratioPC": -1.283, "maxBatteryForMonth": 10, "ratioPc": "noData"}