{"bought": 242.92, "sold": 390.5, "Time_string": "Last update at 12:18 - 29/06/2023", "produce": 3.552, "consumption": 1.029, "buyPrice": 0.149072, "sellPrice": 0.1, "batteryLevel": 19.03395513577337, "maxBatteryPerDay": 8.75, "batteryLevelPercentage": 0.19033955135773367, "maxAtThisDay": 100, "ratioPC": 2.523, "maxBatteryForMonth": 100, "ratioPc": "noData"}