{"bought": 165.65, "sold": 442.46, "Time_string": "Last update at 15:00 - 30/10/2023", "produce": 1.295, "consumption": 1.169, "ratioPC": 0.1259999999999999, "maxBatteryPerDay": 8.75, "maxAtThisDay": 10, "batteryLevelPercentage": 13.115959536331436, "buyPrice": 0.149072, "sellPrice": 0.1, "batteryLevel": 131.15959536331437, "maxBatteryForMonth": 10, "Temperature": 20.0, "ratioPc": "noData"}