{"bought": 154.25, "sold": 160.82, "Time_string": "Last update at 08:09 - 15/07/2023", "produce": 0.103, "consumption": 0.167, "buyPrice": 0.149072, "sellPrice": 0.1, "batteryLevel": -46.36924439197166, "maxBatteryPerDay": 8.75, "batteryLevelPercentage": -4.636924439197166, "maxAtThisDay": 10, "ratioPC": -0.06400000000000002, "maxBatteryForMonth": 10, "ratioPc": "noData"}