{"bought": 272.64, "sold": 36.75, "Time_string": "Last update at 14:26 - 13/08/2024", "produce": 4.596, "consumption": 3.11, "ratioPC": 1.9879999999999995, "maxBatteryPerDay": 8.75, "maxAtThisDay": 100, "batteryLevelPercentage": -2.4798748309541696, "buyPrice": 0.149072, "sellPrice": 0.1, "batteryLevel": -247.98748309541696, "maxBatteryForMonth": 100, "Temperature": 32.4, "ratioPc": "noData"}