{"bought": 79.69, "sold": 126.41, "Time_string": "Last update at 00:17 - 10/11/2024", "produce": 0.0, "consumption": 0.251, "ratioPC": -0.211, "maxBatteryPerDay": 8.75, "maxAtThisDay": 87.5, "batteryLevelPercentage": 0.058376571244575966, "buyPrice": 0.149072, "sellPrice": 0.1, "batteryLevel": 5.107949983900397, "maxBatteryForMonth": 100, "Temperature": 15.7, "ratioPc": "noData"}