{"bought": 39.72, "sold": 55.01, "Time_string": "Last update at 11:30 - 05/11/2024", "produce": 3.558, "consumption": 0.0, "ratioPC": 1.1620000000000001, "maxBatteryPerDay": 8.75, "maxAtThisDay": 43.75, "batteryLevelPercentage": -0.06441985311028994, "buyPrice": 0.149072, "sellPrice": 0.1, "batteryLevel": -2.818368573575185, "maxBatteryForMonth": 100, "Temperature": 18.0, "ratioPc": "noData"}