{"bought": 63.83, "sold": 180.13, "Time_string": "Last update at 10:52 - 12/10/2023", "produce": 2.001, "consumption": 1.028, "ratioPC": 0.9729999999999999, "maxBatteryPerDay": 8.75, "maxAtThisDay": 10, "batteryLevelPercentage": 5.700422775571536, "buyPrice": 0.149072, "sellPrice": 0.1, "batteryLevel": 57.00422775571536, "maxBatteryForMonth": 10, "Temperature": 22.7, "ratioPc": "noData"}