{"bought": 33.73, "sold": 84.71, "Time_string": "Last update at 10:04 - 06/10/2023", "produce": 1.005, "consumption": 1.08, "ratioPC": -0.07500000000000018, "maxBatteryPerDay": 8.75, "maxAtThisDay": 10, "batteryLevelPercentage": 2.3094889986047007, "buyPrice": 0.149072, "sellPrice": 0.1, "batteryLevel": 23.094889986047008, "maxBatteryForMonth": 10, "Temperature": 24.1, "ratioPc": "noData"}