{"bought": 324.64, "sold": 381.98, "Time_string": "Last update at 14:25 - 31/07/2023", "produce": 4.509, "consumption": 2.444, "ratioPC": 2.0650000000000004, "maxBatteryPerDay": 8.75, "maxAtThisDay": 10, "batteryLevelPercentage": -6.840140388537082, "buyPrice": 0.149072, "sellPrice": 0.1, "batteryLevel": -68.40140388537083, "maxBatteryForMonth": 10, "Temperature": "36"}