{"bought": 281.19, "sold": 690.16, "Time_string": "Last update at 09:24 - 30/05/2024", "produce": 0.481, "consumption": 0.295, "ratioPC": 0.14500000000000002, "maxBatteryPerDay": 8.75, "maxAtThisDay": 100, "batteryLevelPercentage": 1.817809133841365, "buyPrice": 0.149072, "sellPrice": 0.1, "batteryLevel": 181.7809133841365, "maxBatteryForMonth": 100, "Temperature": 22.6, "ratioPc": "noData"}