{"bought": 191.61, "sold": 466.96, "Time_string": "Last update at 17:50 - 20/05/2024", "produce": 3.535, "consumption": 0.185, "ratioPC": 2.123, "maxBatteryPerDay": 8.75, "maxAtThisDay": 100, "batteryLevelPercentage": 1.2163460663303636, "buyPrice": 0.149072, "sellPrice": 0.1, "batteryLevel": 121.63460663303636, "maxBatteryForMonth": 100, "Temperature": 23.8, "ratioPc": "noData"}