{"bought": 123.18, "sold": 301.16, "Time_string": "Last update at 09:23 - 20/06/2023", "produce": 0.781, "consumption": 0.142, "ratioPc": "noData", "buyPrice": 0.149072, "sellPrice": 0.1, "batteryLevel": 78.84318342814211, "maxBatteryPerDay": 8.75, "batteryLevelPercentage": 0.4505324767322406, "maxAtThisDay": 175.0, "ratioPC": 0.639}