{"bought": 133.75, "sold": 134.84, "Time_string": "Last update at 19:01 - 19/12/2023", "produce": 0.0, "consumption": 0.421, "ratioPC": -0.416, "maxBatteryPerDay": 8.75, "maxAtThisDay": 100, "batteryLevelPercentage": -0.43297064505742183, "buyPrice": 0.149072, "sellPrice": 0.1, "batteryLevel": -43.297064505742185, "maxBatteryForMonth": 100, "Temperature": 11.9, "ratioPc": "noData"}