{"bought": 218.48, "sold": 377.16, "Time_string": "Last update at 14:56 - 27/06/2023", "produce": 4.613, "consumption": 5.385, "buyPrice": 0.149072, "sellPrice": 0.1, "batteryLevel": 34.52525920360631, "maxBatteryPerDay": 8.75, "batteryLevelPercentage": 0.3452525920360631, "maxAtThisDay": 100, "ratioPC": -0.7719999999999994, "maxBatteryForMonth": 100, "ratioPc": "noData"}