{"bought": 264.12, "sold": 345.62, "Time_string": "Last update at 09:25 - 25/09/2024", "produce": 0.111, "consumption": 0.193, "ratioPC": -0.079, "maxBatteryPerDay": 8.75, "maxAtThisDay": 100, "batteryLevelPercentage": -0.32272302243211326, "buyPrice": 0.149072, "sellPrice": 0.1, "batteryLevel": -32.27230224321133, "maxBatteryForMonth": 100, "Temperature": 20.4, "ratioPc": "noData"}