{"bought": 150.33, "sold": 362.97, "Time_string": "Last update at 19:19 - 23/06/2023", "produce": 1.749, "consumption": 4.67, "ratioPc": "noData", "buyPrice": 0.149072, "sellPrice": 0.1, "batteryLevel": 93.15636900289792, "maxBatteryPerDay": 8.75, "batteryLevelPercentage": 0.4628887900765114, "maxAtThisDay": 201.25, "ratioPC": -2.921}