{"bought": 44.37, "sold": 19.95, "Time_string": "Last update at 17:32 - 03/06/2024", "produce": 3.673, "consumption": 3.702, "ratioPC": -0.006000000000000227, "maxBatteryPerDay": 8.75, "maxAtThisDay": 26.25, "batteryLevelPercentage": -1.180464956531072, "buyPrice": 0.149072, "sellPrice": 0.1, "batteryLevel": -30.987205108940643, "maxBatteryForMonth": 100, "Temperature": 32.5, "ratioPc": "noData"}