{"bought": 57.46, "sold": 244.94, "Time_string": "Last update at 13:28 - 14/09/2023", "produce": 4.414, "consumption": 1.48, "ratioPC": 2.9339999999999997, "maxBatteryPerDay": 8.75, "maxAtThisDay": 10, "batteryLevelPercentage": 10.684986369002896, "buyPrice": 0.149072, "sellPrice": 0.1, "batteryLevel": 106.84986369002897, "maxBatteryForMonth": 10, "Temperature": 30.5, "ratioPc": "noData"}