{"bought": 156.12, "sold": 143.94, "Time_string": "Last update at 09:22 - 22/12/2023", "produce": 0.43, "consumption": 0.36, "ratioPC": -0.03200000000000003, "maxBatteryPerDay": 8.75, "maxAtThisDay": 100, "batteryLevelPercentage": -0.5956263174841687, "buyPrice": 0.149072, "sellPrice": 0.1, "batteryLevel": -59.56263174841688, "maxBatteryForMonth": 100, "Temperature": 6.7, "ratioPc": "noData"}