{"bought": 461.25, "sold": 69.59, "Time_string": "Last update at 13:24 - 21/08/2024", "produce": 4.342, "consumption": 6.293, "ratioPC": -2.0709999999999997, "maxBatteryPerDay": 8.75, "maxAtThisDay": 100, "batteryLevelPercentage": -4.1456785982612425, "buyPrice": 0.149072, "sellPrice": 0.1, "batteryLevel": -414.5678598261243, "maxBatteryForMonth": 100, "Temperature": 32.8, "ratioPc": "noData"}