{"bought": 222.45, "sold": 133.85, "Time_string": "Last update at 14:45 - 22/01/2024", "produce": 4.703, "consumption": 0.372, "ratioPC": 4.142, "maxBatteryPerDay": 8.75, "maxAtThisDay": 100, "batteryLevelPercentage": -1.3266117312439627, "buyPrice": 0.149072, "sellPrice": 0.1, "batteryLevel": -132.66117312439627, "maxBatteryForMonth": 100, "Temperature": 16.8, "ratioPc": "noData"}