{"bought": 154.83, "sold": 289.22, "Time_string": "Last update at 04:23 - 18/06/2024", "produce": 0.0, "consumption": 0.161, "ratioPC": -0.126, "maxBatteryPerDay": 8.75, "maxAtThisDay": 100, "batteryLevelPercentage": 0.39183630997102087, "buyPrice": 0.149072, "sellPrice": 0.1, "batteryLevel": 39.183630997102085, "maxBatteryForMonth": 100, "Temperature": 18.0, "ratioPc": "noData"}