{"bought": 180.69, "sold": 410.21, "Time_string": "Last update at 10:52 - 25/11/2023", "produce": 2.867, "consumption": 1.828, "ratioPC": 1.039, "maxBatteryPerDay": 8.75, "maxAtThisDay": 100, "batteryLevelPercentage": 0.9448575399806804, "buyPrice": 0.149072, "sellPrice": 0.1, "batteryLevel": 94.48575399806805, "maxBatteryForMonth": 100, "Temperature": 11.7, "ratioPc": "noData"}