{"bought": 42.65, "sold": 52.75, "Time_string": "Last update at 11:35 - 05/07/2023", "produce": 2.948, "consumption": 2.507, "buyPrice": 0.149072, "sellPrice": 0.1, "batteryLevel": -7.2644145111087255, "maxBatteryPerDay": 8.75, "batteryLevelPercentage": -0.7264414511108725, "maxAtThisDay": 10, "ratioPC": 0.44099999999999984, "maxBatteryForMonth": 10, "ratioPc": "noData"}