{"bought": 69.22, "sold": 115.26, "Time_string": "Last update at 16:14 - 08/11/2024", "produce": 1.256, "consumption": 0.307, "ratioPC": 0.801, "maxBatteryPerDay": 8.75, "maxAtThisDay": 70.0, "batteryLevelPercentage": 0.11569061163157975, "buyPrice": 0.149072, "sellPrice": 0.1, "batteryLevel": 8.098342814210582, "maxBatteryForMonth": 100, "Temperature": 21.5, "ratioPc": "noData"}