{"bought": 160.79, "sold": 170.32, "Time_string": "Last update at 08:34 - 16/07/2023", "produce": 0.175, "consumption": 0.222, "buyPrice": 0.149072, "sellPrice": 0.1, "batteryLevel": -46.53648492003863, "maxBatteryPerDay": 8.75, "batteryLevelPercentage": -4.653648492003863, "maxAtThisDay": 10, "ratioPC": -0.047000000000000014, "maxBatteryForMonth": 10, "ratioPc": "noData"}