{"bought": 107.83, "sold": 147.77, "Time_string": "Last update at 08:33 - 12/07/2023", "produce": 0.181, "consumption": 0.121, "buyPrice": 0.149072, "sellPrice": 0.1, "batteryLevel": -8.703403456048079, "maxBatteryPerDay": 8.75, "batteryLevelPercentage": -0.8703403456048079, "maxAtThisDay": 10, "ratioPC": 0.06, "maxBatteryForMonth": 10, "ratioPc": "noData"}