{"bought": 95.37, "sold": 138.04, "Time_string": "Last update at 03:37 - 11/07/2023", "produce": 0.0, "consumption": 0.093, "buyPrice": 0.149072, "sellPrice": 0.1, "batteryLevel": -2.7704507888805523, "maxBatteryPerDay": 8.75, "batteryLevelPercentage": -0.27704507888805524, "maxAtThisDay": 10, "ratioPC": -0.093, "maxBatteryForMonth": 10, "ratioPc": "noData"}