{"bought": 183.4, "sold": 370.91, "Time_string": "Last update at 19:00 - 25/06/2023", "produce": 2.105, "consumption": 4.303, "ratioPc": "noData", "buyPrice": 0.149072, "sellPrice": 0.1, "batteryLevel": 65.41265428786087, "maxBatteryPerDay": 8.75, "batteryLevelPercentage": 0.29902927674450686, "maxAtThisDay": 218.75, "ratioPC": -2.198}