{"bought": 116.67, "sold": 152.5, "Time_string": "Last update at 21:50 - 12/07/2023", "produce": 0.014, "consumption": 1.286, "buyPrice": 0.149072, "sellPrice": 0.1, "batteryLevel": -14.370440055811969, "maxBatteryPerDay": 8.75, "batteryLevelPercentage": -1.4370440055811968, "maxAtThisDay": 10, "ratioPC": -1.272, "maxBatteryForMonth": 10, "ratioPc": "noData"}