{"bought": 153.83, "sold": 94.85, "Time_string": "Last update at 16:41 - 13/08/2023", "produce": 4.288, "consumption": 3.807, "ratioPC": 0.4810000000000003, "maxBatteryPerDay": 8.75, "maxAtThisDay": 10, "batteryLevelPercentage": -9.020302779864766, "buyPrice": 0.149072, "sellPrice": 0.1, "batteryLevel": -90.20302779864765, "maxBatteryForMonth": 10, "Temperature": 38.0, "ratioPc": "noData"}