{"bought": 226.6, "sold": 269.88, "Time_string": "Last update at 11:29 - 22/10/2024", "produce": 2.696, "consumption": 0.205, "ratioPC": 2.391, "maxBatteryPerDay": 8.75, "maxAtThisDay": 100, "batteryLevelPercentage": -0.4555996565418053, "buyPrice": 0.149072, "sellPrice": 0.1, "batteryLevel": -45.55996565418053, "maxBatteryForMonth": 100, "Temperature": 20.0, "ratioPc": "noData"}