{"bought": 260.32, "sold": 33.66, "Time_string": "Last update at 18:06 - 12/08/2024", "produce": 3.347, "consumption": 4.202, "ratioPC": -0.9300000000000002, "maxBatteryPerDay": 8.75, "maxAtThisDay": 100, "batteryLevelPercentage": -2.377403069657615, "buyPrice": 0.149072, "sellPrice": 0.1, "batteryLevel": -237.7403069657615, "maxBatteryForMonth": 100, "Temperature": 34.8, "ratioPc": "noData"}