{"bought": 195.92, "sold": 370.91, "Time_string": "Last update at 07:29 - 26/06/2023", "produce": 0.056, "consumption": 0.116, "ratioPc": "noData", "buyPrice": 0.149072, "sellPrice": 0.1, "batteryLevel": 52.89265428786089, "maxBatteryPerDay": 8.75, "batteryLevelPercentage": 0.23249518368290503, "maxAtThisDay": 227.5, "ratioPC": -0.060000000000000005}