{"bought": 107.64, "sold": 253.0, "Time_string": "Last update at 10:01 - 13/05/2024", "produce": 1.185, "consumption": 0.189, "ratioPC": 0.942, "maxBatteryPerDay": 8.75, "maxAtThisDay": 100, "batteryLevelPercentage": 0.6207664698937425, "buyPrice": 0.149072, "sellPrice": 0.1, "batteryLevel": 62.076646989374254, "maxBatteryForMonth": 100, "Temperature": 21.0, "ratioPc": "noData"}