{"bought": 197.41, "sold": 110.87, "Time_string": "Last update at 12:05 - 21/01/2024", "produce": 3.841, "consumption": 7.007, "ratioPC": -1.0350000000000001, "maxBatteryPerDay": 8.75, "maxAtThisDay": 100, "batteryLevelPercentage": -1.23036542878609, "buyPrice": 0.149072, "sellPrice": 0.1, "batteryLevel": -123.03654287860898, "maxBatteryForMonth": 100, "Temperature": 14.2, "ratioPc": "noData"}