{"bought": 66.09, "sold": 89.57, "Time_string": "Last update at 08:46 - 07/11/2024", "produce": 0.343, "consumption": 0.128, "ratioPC": 0.05600000000000002, "maxBatteryPerDay": 8.75, "maxAtThisDay": 61.25, "batteryLevelPercentage": -0.09803984377909178, "buyPrice": 0.149072, "sellPrice": 0.1, "batteryLevel": -6.004940431469372, "maxBatteryForMonth": 100, "Temperature": 16.5, "ratioPc": "noData"}