{"bought": 279.35, "sold": 330.12, "Time_string": "Last update at 16:28 - 25/10/2024", "produce": 1.046, "consumption": 0.343, "ratioPC": 0.613, "maxBatteryPerDay": 8.75, "maxAtThisDay": 100, "batteryLevelPercentage": -0.5789996243425998, "buyPrice": 0.149072, "sellPrice": 0.1, "batteryLevel": -57.899962434259976, "maxBatteryForMonth": 100, "Temperature": 22.5, "ratioPc": "noData"}