{"bought": 138.85, "sold": 335.12, "Time_string": "Last update at 06:55 - 22/06/2023", "produce": 0.0, "consumption": 0.117, "ratioPc": "noData", "buyPrice": 0.149072, "sellPrice": 0.1, "batteryLevel": 85.95412149833638, "maxBatteryPerDay": 8.75, "batteryLevelPercentage": 0.4465149168744747, "maxAtThisDay": 192.5, "ratioPC": -0.117}