{"bought": 109.71, "sold": 155.33, "Time_string": "Last update at 07:26 - 12/06/2024", "produce": 0.03, "consumption": 0.111, "ratioPC": -0.104, "maxBatteryPerDay": 8.75, "maxAtThisDay": 100, "batteryLevelPercentage": -0.05512028549962423, "buyPrice": 0.149072, "sellPrice": 0.1, "batteryLevel": -5.512028549962423, "maxBatteryForMonth": 100, "Temperature": 17.4, "ratioPc": "noData"}