{"bought": 142.83, "sold": 73.12, "Time_string": "Last update at 10:37 - 15/01/2024", "produce": 0.295, "consumption": 0.292, "ratioPC": -0.05200000000000002, "maxBatteryPerDay": 8.75, "maxAtThisDay": 100, "batteryLevelPercentage": -0.937798765697113, "buyPrice": 0.149072, "sellPrice": 0.1, "batteryLevel": -93.77987656971129, "maxBatteryForMonth": 100, "Temperature": 14.2, "ratioPc": "noData"}