{"bought": 326.33, "sold": 366.09, "Time_string": "Last update at 17:35 - 28/10/2024", "produce": 0.25, "consumption": 0.109, "ratioPC": 0.20800000000000002, "maxBatteryPerDay": 8.75, "maxAtThisDay": 100, "batteryLevelPercentage": -0.8075068262316196, "buyPrice": 0.149072, "sellPrice": 0.1, "batteryLevel": -80.75068262316196, "maxBatteryForMonth": 100, "Temperature": 18.4, "ratioPc": "noData"}