{"bought": 44.67, "sold": 165.67, "Time_string": "Last update at 12:05 - 12/11/2023", "produce": 3.975, "consumption": 1.389, "ratioPC": 2.5860000000000003, "maxBatteryPerDay": 8.75, "maxAtThisDay": 10, "batteryLevelPercentage": 6.646421702264677, "buyPrice": 0.149072, "sellPrice": 0.1, "batteryLevel": 66.46421702264676, "maxBatteryForMonth": 10, "Temperature": 19.1, "ratioPc": "noData"}