{"bought": 96.79, "sold": 69.61, "Time_string": "Last update at 21:00 - 07/06/2024", "produce": 0.175, "consumption": 0.238, "ratioPC": -0.062, "maxBatteryPerDay": 8.75, "maxAtThisDay": 61.25, "batteryLevelPercentage": -0.8178684651492883, "buyPrice": 0.149072, "sellPrice": 0.1, "batteryLevel": -50.094443490393914, "maxBatteryForMonth": 100, "Temperature": 22.0, "ratioPc": "noData"}