{"bought": 294.47, "sold": 357.29, "Time_string": "Last update at 14:44 - 26/09/2024", "produce": 1.38, "consumption": 0.247, "ratioPC": 4.939, "maxBatteryPerDay": 8.75, "maxAtThisDay": 100, "batteryLevelPercentage": -0.5479387034453151, "buyPrice": 0.149072, "sellPrice": 0.1, "batteryLevel": -54.79387034453151, "maxBatteryForMonth": 100, "Temperature": 27.7, "ratioPc": "noData"}