{"bought": 250.43, "sold": 362.03, "Time_string": "Last update at 09:18 - 22/06/2024", "produce": 0.294, "consumption": 0.136, "ratioPC": 0.010000000000000009, "maxBatteryPerDay": 8.75, "maxAtThisDay": 100, "batteryLevelPercentage": -0.07574198776430223, "buyPrice": 0.149072, "sellPrice": 0.1, "batteryLevel": -7.574198776430222, "maxBatteryForMonth": 100, "Temperature": 21.9, "ratioPc": "noData"}