{"bought": 185.37, "sold": 107.62, "Time_string": "Last update at 12:18 - 20/01/2024", "produce": 4.092, "consumption": 4.675, "ratioPC": -0.665, "maxBatteryPerDay": 8.75, "maxAtThisDay": 100, "batteryLevelPercentage": -1.1317669743479661, "buyPrice": 0.149072, "sellPrice": 0.1, "batteryLevel": -113.17669743479661, "maxBatteryForMonth": 100, "Temperature": 10.3, "ratioPc": "noData"}