{"bought": 585.23, "sold": 92.87, "Time_string": "Last update at 14:58 - 27/08/2024", "produce": 4.434, "consumption": 5.102, "ratioPC": 0.18900000000000006, "maxBatteryPerDay": 8.75, "maxAtThisDay": 100, "batteryLevelPercentage": -5.229312450359559, "buyPrice": 0.149072, "sellPrice": 0.1, "batteryLevel": -522.9312450359558, "maxBatteryForMonth": 100, "Temperature": 35.0, "ratioPc": "noData"}