{"bought": 57.46, "sold": 85.75, "Time_string": "Last update at 08:55 - 07/07/2023", "produce": 0.238, "consumption": 0.109, "buyPrice": 0.149072, "sellPrice": 0.1, "batteryLevel": 0.06253944402705258, "maxBatteryPerDay": 8.75, "batteryLevelPercentage": 0.006253944402705258, "maxAtThisDay": 10, "ratioPC": 0.129, "maxBatteryForMonth": 10, "ratioPc": "noData"}