{"bought": 521.53, "sold": 85.62, "Time_string": "Last update at 13:07 - 24/08/2024", "produce": 4.084, "consumption": 3.058, "ratioPC": -2.2689999999999992, "maxBatteryPerDay": 8.75, "maxAtThisDay": 100, "batteryLevelPercentage": -4.640946667382204, "buyPrice": 0.149072, "sellPrice": 0.1, "batteryLevel": -464.09466673822044, "maxBatteryForMonth": 100, "Temperature": 33.2, "ratioPc": "noData"}