{"bought": 196.63, "sold": 500.8, "Time_string": "Last update at 10:06 - 22/05/2024", "produce": 1.254, "consumption": 1.304, "ratioPC": 0.869, "maxBatteryPerDay": 8.75, "maxAtThisDay": 100, "batteryLevelPercentage": 1.3931504668884838, "buyPrice": 0.149072, "sellPrice": 0.1, "batteryLevel": 139.31504668884838, "maxBatteryForMonth": 100, "Temperature": 18.2, "ratioPc": "noData"}