{"bought": 38.42, "sold": 47.06, "Time_string": "Last update at 12:06 - 05/08/2023", "produce": 3.443, "consumption": 1.676, "ratioPC": 1.7670000000000001, "maxBatteryPerDay": 8.75, "maxAtThisDay": 10, "batteryLevelPercentage": -0.685136202640335, "buyPrice": 0.149072, "sellPrice": 0.1, "batteryLevel": -6.851362026403351, "maxBatteryForMonth": 10, "Temperature": 31.2, "ratioPc": "noData"}