{"bought": 365.12, "sold": 264.79, "Time_string": "Last update at 19:08 - 29/08/2023", "produce": 1.817, "consumption": 1.963, "ratioPC": -0.14600000000000013, "maxBatteryPerDay": 8.75, "maxAtThisDay": 10, "batteryLevelPercentage": -18.749442309756358, "buyPrice": 0.149072, "sellPrice": 0.1, "batteryLevel": -187.49442309756358, "maxBatteryForMonth": 10, "Temperature": 35.9, "ratioPc": "noData"}