{"bought": 138.27, "sold": 148.04, "Time_string": "Last update at 12:57 - 13/10/2024", "produce": 2.062, "consumption": 1.749, "ratioPC": 0.907, "maxBatteryPerDay": 8.75, "maxAtThisDay": 100, "batteryLevelPercentage": -0.38962282923687896, "buyPrice": 0.149072, "sellPrice": 0.1, "batteryLevel": -38.962282923687894, "maxBatteryForMonth": 100, "Temperature": 21.9, "ratioPc": "noData"}