{"bought": 66.17, "sold": 92.54, "Time_string": "Last update at 10:59 - 07/11/2024", "produce": 3.148, "consumption": 0.209, "ratioPC": 1.7229999999999999, "maxBatteryPerDay": 8.75, "maxAtThisDay": 61.25, "batteryLevelPercentage": -0.06681819715113689, "buyPrice": 0.149072, "sellPrice": 0.1, "batteryLevel": -4.092614575507135, "maxBatteryForMonth": 100, "Temperature": 19.0, "ratioPc": "noData"}