{"bought": 217.56, "sold": 283.34, "Time_string": "Last update at 11:23 - 20/09/2024", "produce": 2.53, "consumption": 0.173, "ratioPC": 2.231, "maxBatteryPerDay": 8.75, "maxAtThisDay": 100, "batteryLevelPercentage": -0.2749077170763124, "buyPrice": 0.149072, "sellPrice": 0.1, "batteryLevel": -27.49077170763124, "maxBatteryForMonth": 100, "Temperature": 22.4, "ratioPc": "noData"}