{"bought": 73.8, "sold": 116.85, "Time_string": "Last update at 10:03 - 09/11/2024", "produce": 0.689, "consumption": 0.52, "ratioPC": 0.7749999999999999, "maxBatteryPerDay": 8.75, "maxAtThisDay": 78.75, "batteryLevelPercentage": 0.05822147942572966, "buyPrice": 0.149072, "sellPrice": 0.1, "batteryLevel": 4.584941504776211, "maxBatteryForMonth": 100, "Temperature": 18.0, "ratioPc": "noData"}