{"bought": 75.41, "sold": 323.85, "Time_string": "Last update at 17:22 - 18/09/2023", "produce": 3.132, "consumption": 0.251, "ratioPC": 2.8810000000000002, "maxBatteryPerDay": 8.75, "maxAtThisDay": 10, "batteryLevelPercentage": 14.183401631426426, "buyPrice": 0.149072, "sellPrice": 0.1, "batteryLevel": 141.83401631426426, "maxBatteryForMonth": 10, "Temperature": 24.6, "ratioPc": "noData"}