{"bought": 461.52, "sold": 69.59, "Time_string": "Last update at 13:36 - 21/08/2024", "produce": 4.43, "consumption": 5.774, "ratioPC": -1.9510000000000005, "maxBatteryPerDay": 8.75, "maxAtThisDay": 100, "batteryLevelPercentage": -4.1483785982612424, "buyPrice": 0.149072, "sellPrice": 0.1, "batteryLevel": -414.83785982612426, "maxBatteryForMonth": 100, "Temperature": 33.2, "ratioPc": "noData"}