{"bought": 26.96, "sold": 4.69, "Time_string": "Last update at 11:34 - 02/06/2024", "produce": 2.876, "consumption": 6.864, "ratioPC": -5.9830000000000005, "maxBatteryPerDay": 8.75, "maxAtThisDay": 17.5, "batteryLevelPercentage": -1.3607925297842653, "buyPrice": 0.149072, "sellPrice": 0.1, "batteryLevel": -23.813869271224643, "maxBatteryForMonth": 100, "Temperature": 26.1, "ratioPc": "noData"}