{"bought": 73.0, "sold": 216.96, "Time_string": "Last update at 11:32 - 14/10/2023", "produce": 1.312, "consumption": 0.864, "ratioPC": 0.44800000000000006, "maxBatteryPerDay": 8.75, "maxAtThisDay": 10, "batteryLevelPercentage": 7.254041000321993, "buyPrice": 0.149072, "sellPrice": 0.1, "batteryLevel": 72.54041000321993, "maxBatteryForMonth": 10, "Temperature": 23.1, "ratioPc": "noData"}