{"bought": 300.21, "sold": 352.61, "Time_string": "Last update at 21:38 - 28/07/2023", "produce": 0.015, "consumption": 0.578, "buyPrice": 0.149072, "sellPrice": 0.1, "batteryLevel": -63.673292905441656, "maxBatteryPerDay": 8.75, "batteryLevelPercentage": -6.367329290544165, "maxAtThisDay": 10, "ratioPC": -0.563, "maxBatteryForMonth": 10, "ratioPc": "noData"}