{"bought": 244.71, "sold": 271.63, "Time_string": "Last update at 15:07 - 23/07/2023", "produce": 4.662, "consumption": 0.163, "buyPrice": 0.149072, "sellPrice": 0.1, "batteryLevel": -62.49603627777182, "maxBatteryPerDay": 8.75, "batteryLevelPercentage": -6.249603627777182, "maxAtThisDay": 10, "ratioPC": 4.499, "maxBatteryForMonth": 10, "ratioPc": "noData"}