{"bought": 124.21, "sold": 156.46, "Time_string": "Last update at 17:01 - 13/07/2023", "produce": 3.96, "consumption": 3.744, "buyPrice": 0.149072, "sellPrice": 0.1, "batteryLevel": -19.254005581195656, "maxBatteryPerDay": 8.75, "batteryLevelPercentage": -1.9254005581195657, "maxAtThisDay": 10, "ratioPC": 0.21599999999999975, "maxBatteryForMonth": 10, "ratioPc": "noData"}