{"bought": 75.41, "sold": 320.62, "Time_string": "Last update at 15:43 - 18/09/2023", "produce": 4.4, "consumption": 0.524, "ratioPC": 3.8760000000000003, "maxBatteryPerDay": 8.75, "maxAtThisDay": 10, "batteryLevelPercentage": 13.966727809380703, "buyPrice": 0.149072, "sellPrice": 0.1, "batteryLevel": 139.66727809380703, "maxBatteryForMonth": 10, "Temperature": 24.0, "ratioPc": "noData"}