{"bought": 216.86, "sold": 603.61, "Time_string": "Last update at 17:18 - 25/05/2024", "produce": 3.777, "consumption": 0.192, "ratioPC": 3.742, "maxBatteryPerDay": 8.75, "maxAtThisDay": 100, "batteryLevelPercentage": 1.8805172051089403, "buyPrice": 0.149072, "sellPrice": 0.1, "batteryLevel": 188.05172051089403, "maxBatteryForMonth": 100, "Temperature": 32.7, "ratioPc": "noData"}