{"bought": 214.67, "sold": 580.62, "Time_string": "Last update at 22:01 - 24/05/2024", "produce": 0.0, "consumption": 0.322, "ratioPC": -0.384, "maxBatteryPerDay": 8.75, "maxAtThisDay": 100, "batteryLevelPercentage": 1.7481964258881615, "buyPrice": 0.149072, "sellPrice": 0.1, "batteryLevel": 174.81964258881615, "maxBatteryForMonth": 100, "Temperature": 23.9, "ratioPc": "noData"}