{"bought": 107.66, "sold": 261.45, "Time_string": "Last update at 13:24 - 13/05/2024", "produce": 4.397, "consumption": 0.222, "ratioPC": 4.167, "maxBatteryPerDay": 8.75, "maxAtThisDay": 100, "batteryLevelPercentage": 0.6772504883546204, "buyPrice": 0.149072, "sellPrice": 0.1, "batteryLevel": 67.72504883546205, "maxBatteryForMonth": 100, "Temperature": 27.8, "ratioPc": "noData"}