{"bought": 123.65, "sold": 315.27, "Time_string": "Last update at 16:29 - 20/06/2023", "produce": 5.193, "consumption": 0.441, "ratioPc": "noData", "buyPrice": 0.149072, "sellPrice": 0.1, "batteryLevel": 87.83840828592892, "maxBatteryPerDay": 8.75, "batteryLevelPercentage": 0.5019337616338796, "maxAtThisDay": 175.0, "ratioPC": 4.752}