{"bought": 126.13, "sold": 162.95, "Time_string": "Last update at 13:30 - 12/11/2024", "produce": 4.473, "consumption": 1.754, "ratioPC": 2.7630000000000003, "maxBatteryPerDay": 8.75, "maxAtThisDay": 100, "batteryLevelPercentage": -0.16820404636685637, "buyPrice": 0.149072, "sellPrice": 0.1, "batteryLevel": -16.820404636685637, "maxBatteryForMonth": 100, "Temperature": 20.5, "ratioPc": "noData"}