{"bought": 247.96, "sold": 201.98, "Time_string": "Last update at 19:14 - 22/08/2023", "produce": 1.81, "consumption": 4.371, "ratioPC": -2.5610000000000004, "maxBatteryPerDay": 8.75, "maxAtThisDay": 10, "batteryLevelPercentage": -11.24684254588387, "buyPrice": 0.149072, "sellPrice": 0.1, "batteryLevel": -112.46842545883871, "maxBatteryForMonth": 10, "Temperature": 40.0, "ratioPc": "noData"}