{"bought": 177.14, "sold": 367.2, "Time_string": "Last update at 05:02 - 25/06/2023", "produce": 0.0, "consumption": 0.104, "ratioPc": "noData", "buyPrice": 0.149072, "sellPrice": 0.1, "batteryLevel": 69.1839240098744, "maxBatteryPerDay": 8.75, "batteryLevelPercentage": 0.31626936690228297, "maxAtThisDay": 218.75, "ratioPC": -0.104}