{"bought": 181.88, "sold": 351.52, "Time_string": "Last update at 19:28 - 16/05/2024", "produce": 0.813, "consumption": 0.211, "ratioPC": 0.464, "maxBatteryPerDay": 8.75, "maxAtThisDay": 100, "batteryLevelPercentage": 0.5392551679725233, "buyPrice": 0.149072, "sellPrice": 0.1, "batteryLevel": 53.92551679725233, "maxBatteryForMonth": 100, "Temperature": 21.0, "ratioPc": "noData"}