{"bought": 146.25, "sold": 238.05, "Time_string": "Last update at 19:17 - 15/09/2024", "produce": 0.56, "consumption": 1.736, "ratioPC": -0.6659999999999999, "maxBatteryPerDay": 8.75, "maxAtThisDay": 100, "batteryLevelPercentage": 0.1343793603091126, "buyPrice": 0.149072, "sellPrice": 0.1, "batteryLevel": 13.43793603091126, "maxBatteryForMonth": 100, "Temperature": 32.7, "ratioPc": "noData"}