{"bought": 196.71, "sold": 532.61, "Time_string": "Last update at 19:51 - 22/05/2024", "produce": 1.138, "consumption": 1.166, "ratioPC": -0.06000000000000005, "maxBatteryPerDay": 8.75, "maxAtThisDay": 100, "batteryLevelPercentage": 1.6057372866802617, "buyPrice": 0.149072, "sellPrice": 0.1, "batteryLevel": 160.57372866802618, "maxBatteryForMonth": 100, "Temperature": 26.1, "ratioPc": "noData"}