{"bought": 66.37, "sold": 131.66, "Time_string": "Last update at 16:32 - 09/09/2024", "produce": 4.458, "consumption": 1.852, "ratioPC": 3.555, "maxBatteryPerDay": 8.75, "maxAtThisDay": 78.75, "batteryLevelPercentage": 0.2787268331825591, "buyPrice": 0.149072, "sellPrice": 0.1, "batteryLevel": 21.94973811312653, "maxBatteryForMonth": 100, "Temperature": 29.5, "ratioPc": "noData"}