{"bought": 362.17, "sold": 249.52, "Time_string": "Last update at 20:09 - 28/08/2023", "produce": 0.126, "consumption": 1.228, "ratioPC": -1.1019999999999999, "maxBatteryPerDay": 8.75, "maxAtThisDay": 10, "batteryLevelPercentage": -19.47877954277128, "buyPrice": 0.149072, "sellPrice": 0.1, "batteryLevel": -194.7877954277128, "maxBatteryForMonth": 10, "Temperature": 32.7, "ratioPc": "noData"}