{"bought": 116.06, "sold": 226.42, "Time_string": "Last update at 18:26 - 14/06/2024", "produce": 3.054, "consumption": 2.208, "ratioPC": 0.9209999999999998, "maxBatteryPerDay": 8.75, "maxAtThisDay": 100, "batteryLevelPercentage": 0.3582633680369216, "buyPrice": 0.149072, "sellPrice": 0.1, "batteryLevel": 35.82633680369216, "maxBatteryForMonth": 100, "Temperature": 32.6, "ratioPc": "noData"}