{"bought": 2.98, "sold": 10.04, "Time_string": "Last update at 17:59 - 01/08/2023", "produce": 3.423, "consumption": 3.432, "ratioPC": -0.008999999999999897, "maxBatteryPerDay": 8.75, "maxAtThisDay": 8.75, "batteryLevelPercentage": 0.42914291847467756, "buyPrice": 0.149072, "sellPrice": 0.1, "batteryLevel": 3.7550005366534287, "maxBatteryForMonth": 10, "Temperature": 35.1, "ratioPc": "noData"}