{"bought": 187.25, "sold": 413.59, "Time_string": "Last update at 21:12 - 18/05/2024", "produce": 0.059, "consumption": 0.356, "ratioPC": -0.126, "maxBatteryPerDay": 8.75, "maxAtThisDay": 100, "batteryLevelPercentage": 0.9019311473650317, "buyPrice": 0.149072, "sellPrice": 0.1, "batteryLevel": 90.19311473650316, "maxBatteryForMonth": 100, "Temperature": 20.6, "ratioPc": "noData"}