{"bought": 404.27, "sold": 63.8, "Time_string": "Last update at 10:59 - 19/08/2024", "produce": 2.192, "consumption": 3.514, "ratioPC": -0.9339999999999997, "maxBatteryPerDay": 8.75, "maxAtThisDay": 100, "batteryLevelPercentage": -3.614718890200708, "buyPrice": 0.149072, "sellPrice": 0.1, "batteryLevel": -361.4718890200708, "maxBatteryForMonth": 100, "Temperature": 32.9, "ratioPc": "noData"}