{"bought": 280.58, "sold": 368.53, "Time_string": "Last update at 09:41 - 24/06/2024", "produce": 0.543, "consumption": 0.837, "ratioPC": 0.256, "maxBatteryPerDay": 8.75, "maxAtThisDay": 100, "batteryLevelPercentage": -0.33363889664054935, "buyPrice": 0.149072, "sellPrice": 0.1, "batteryLevel": -33.36388966405494, "maxBatteryForMonth": 100, "Temperature": 24.4, "ratioPc": "noData"}