{"bought": 128.03, "sold": 138.42, "Time_string": "Last update at 08:29 - 11/10/2024", "produce": 0.0, "consumption": 0.127, "ratioPC": -0.129, "maxBatteryPerDay": 8.75, "maxAtThisDay": 96.25, "batteryLevelPercentage": -0.36546016010392973, "buyPrice": 0.149072, "sellPrice": 0.1, "batteryLevel": -35.17554041000324, "maxBatteryForMonth": 100, "Temperature": 17.0, "ratioPc": "noData"}