{"bought": 231.47, "sold": 379.18, "Time_string": "Last update at 09:15 - 28/06/2023", "produce": 0.656, "consumption": 0.267, "buyPrice": 0.149072, "sellPrice": 0.1, "batteryLevel": 22.890309112375206, "maxBatteryPerDay": 8.75, "batteryLevelPercentage": 0.22890309112375207, "maxAtThisDay": 100, "ratioPC": 0.389, "maxBatteryForMonth": 100, "ratioPc": "noData"}