{"bought": 102.43, "sold": 513.29, "Time_string": "Last update at 18:30 - 26/09/2023", "produce": 2.266, "consumption": 0.137, "ratioPC": 2.129, "maxBatteryPerDay": 8.75, "maxAtThisDay": 10, "batteryLevelPercentage": 24.189354835247393, "buyPrice": 0.149072, "sellPrice": 0.1, "batteryLevel": 241.89354835247394, "maxBatteryForMonth": 10, "Temperature": 30.5, "ratioPc": "noData"}