{"bought": 31.69, "sold": 53.57, "Time_string": "Last update at 11:18 - 05/09/2024", "produce": 2.008, "consumption": 3.925, "ratioPC": -1.4410000000000003, "maxBatteryPerDay": 8.75, "maxAtThisDay": 43.75, "batteryLevelPercentage": 0.09704354865913298, "buyPrice": 0.149072, "sellPrice": 0.1, "batteryLevel": 4.245655253837068, "maxBatteryForMonth": 100, "Temperature": 25.6, "ratioPc": "noData"}