{"bought": 85.91, "sold": 128.5, "Time_string": "Last update at 04:59 - 09/10/2024", "produce": 0.0, "consumption": 0.137, "ratioPC": -0.112, "maxBatteryPerDay": 8.75, "maxAtThisDay": 78.75, "batteryLevelPercentage": 0.0036819945108021107, "buyPrice": 0.149072, "sellPrice": 0.1, "batteryLevel": 0.2899570677256662, "maxBatteryForMonth": 100, "Temperature": 18.0, "ratioPc": "noData"}