{"bought": 135.38, "sold": 185.47, "Time_string": "Last update at 23:12 - 13/11/2024", "produce": 0.0, "consumption": 0.126, "ratioPC": -0.164, "maxBatteryPerDay": 8.75, "maxAtThisDay": 100, "batteryLevelPercentage": -0.10963610604271765, "buyPrice": 0.149072, "sellPrice": 0.1, "batteryLevel": -10.963610604271764, "maxBatteryForMonth": 100, "Temperature": 11.0, "ratioPc": "noData"}