{"bought": 194.19, "sold": 175.08, "Time_string": "Last update at 10:14 - 26/12/2023", "produce": 1.448, "consumption": 0.322, "ratioPC": 1.1580000000000001, "maxBatteryPerDay": 8.75, "maxAtThisDay": 100, "batteryLevelPercentage": -0.7674339701620693, "buyPrice": 0.149072, "sellPrice": 0.1, "batteryLevel": -76.74339701620693, "maxBatteryForMonth": 100, "Temperature": 4.5, "ratioPc": "noData"}