{"bought": 298.33, "sold": 389.55, "Time_string": "Last update at 16:44 - 27/09/2024", "produce": 4.475, "consumption": 0.176, "ratioPC": 4.2989999999999995, "maxBatteryPerDay": 8.75, "maxAtThisDay": 100, "batteryLevelPercentage": -0.3701332081141993, "buyPrice": 0.149072, "sellPrice": 0.1, "batteryLevel": -37.01332081141993, "maxBatteryForMonth": 100, "Temperature": 26.0, "ratioPc": "noData"}