{"bought": 226.29, "sold": 308.71, "Time_string": "Last update at 01:25 - 22/09/2024", "produce": 0.0, "consumption": 0.089, "ratioPC": -0.126, "maxBatteryPerDay": 8.75, "maxAtThisDay": 100, "batteryLevelPercentage": -0.19202149833637464, "buyPrice": 0.149072, "sellPrice": 0.1, "batteryLevel": -19.202149833637463, "maxBatteryForMonth": 100, "Temperature": 17.6, "ratioPc": "noData"}