{"bought": 200.65, "sold": 374.7, "Time_string": "Last update at 17:19 - 26/06/2023", "produce": 3.77, "consumption": 3.359, "buyPrice": 0.149072, "sellPrice": 0.1, "batteryLevel": 50.7050499087689, "maxBatteryPerDay": 8.75, "batteryLevelPercentage": 0.507050499087689, "maxAtThisDay": 100, "ratioPC": 0.41100000000000003, "maxBatteryForMonth": 100, "ratioPc": "noData"}