{"bought": 313.12, "sold": 402.53, "Time_string": "Last update at 14:25 - 28/09/2024", "produce": 5.137, "consumption": 0.255, "ratioPC": 4.76, "maxBatteryPerDay": 8.75, "maxAtThisDay": 100, "batteryLevelPercentage": -0.4309611892239991, "buyPrice": 0.149072, "sellPrice": 0.1, "batteryLevel": -43.09611892239991, "maxBatteryForMonth": 100, "Temperature": 27.4, "ratioPc": "noData"}