{"bought": 77.26, "sold": 126.07, "Time_string": "Last update at 16:48 - 09/11/2024", "produce": 1.323, "consumption": 0.274, "ratioPC": 0.4989999999999999, "maxBatteryPerDay": 8.75, "maxAtThisDay": 78.75, "batteryLevelPercentage": 0.0928237749394772, "buyPrice": 0.149072, "sellPrice": 0.1, "batteryLevel": 7.30987227648383, "maxBatteryForMonth": 100, "Temperature": 21.4, "ratioPc": "noData"}