{"bought": 122.79, "sold": 82.41, "Time_string": "Last update at 15:13 - 11/08/2023", "produce": 4.66, "consumption": 3.897, "ratioPC": 0.7630000000000003, "maxBatteryPerDay": 8.75, "maxAtThisDay": 10, "batteryLevelPercentage": -6.750798862294732, "buyPrice": 0.149072, "sellPrice": 0.1, "batteryLevel": -67.50798862294732, "maxBatteryForMonth": 10, "Temperature": 41.2, "ratioPc": "noData"}