{"bought": 175.41, "sold": 215.46, "Time_string": "Last update at 17:36 - 16/11/2024", "produce": 0.255, "consumption": 0.174, "ratioPC": 0.17099999999999999, "maxBatteryPerDay": 8.75, "maxAtThisDay": 100, "batteryLevelPercentage": -0.30875815176558974, "buyPrice": 0.149072, "sellPrice": 0.1, "batteryLevel": -30.875815176558973, "maxBatteryForMonth": 100, "Temperature": 21.8, "ratioPc": "noData"}