{"bought": 268.29, "sold": 209.34, "Time_string": "Last update at 17:48 - 31/12/2023", "produce": 0.272, "consumption": 0.447, "ratioPC": -0.016000000000000014, "maxBatteryPerDay": 8.75, "maxAtThisDay": 100, "batteryLevelPercentage": -1.2786121391005691, "buyPrice": 0.149072, "sellPrice": 0.1, "batteryLevel": -127.8612139100569, "maxBatteryForMonth": 100, "Temperature": 12.4, "ratioPc": "noData"}