{"bought": 244.71, "sold": 264.92, "Time_string": "Last update at 13:29 - 23/07/2023", "produce": 4.372, "consumption": 2.747, "buyPrice": 0.149072, "sellPrice": 0.1, "batteryLevel": -66.99721691531607, "maxBatteryPerDay": 8.75, "batteryLevelPercentage": -6.699721691531607, "maxAtThisDay": 10, "ratioPC": 1.625, "maxBatteryForMonth": 10, "ratioPc": "noData"}