{"bought": 86.86, "sold": 257.2, "Time_string": "Last update at 16:03 - 16/06/2023", "produce": 4.608, "consumption": 3.763, "ratioPc": null, "buyPrice": 0.149072, "sellPrice": 0.1, "batteryLevel": 85.67407749275516, "maxBatteryPerDay": 8.75, "batteryLevelPercentage": 0.6119576963768226, "maxAtThisDay": 140.0, "ratioPC": 0.8449999999999998}