{"bought": 20.67, "sold": 27.41, "Time_string": "Last update at 14:26 - 03/08/2023", "produce": 4.818, "consumption": 1.799, "ratioPC": 3.0189999999999997, "maxBatteryPerDay": 8.75, "maxAtThisDay": 10, "batteryLevelPercentage": -0.22829118815069266, "buyPrice": 0.149072, "sellPrice": 0.1, "batteryLevel": -2.2829118815069265, "maxBatteryForMonth": 10, "Temperature": 33.4, "ratioPc": "noData"}