{"bought": 95.98, "sold": 138.04, "Time_string": "Last update at 08:24 - 11/07/2023", "produce": 0.217, "consumption": 0.126, "buyPrice": 0.149072, "sellPrice": 0.1, "batteryLevel": -3.3804507888805517, "maxBatteryPerDay": 8.75, "batteryLevelPercentage": -0.3380450788880552, "maxAtThisDay": 10, "ratioPC": 0.091, "maxBatteryForMonth": 10, "ratioPc": "noData"}