{"bought": 43.0, "sold": 65.13, "Time_string": "Last update at 17:52 - 05/07/2023", "produce": 3.348, "consumption": 2.083, "buyPrice": 0.149072, "sellPrice": 0.1, "batteryLevel": 0.6902973059997848, "maxBatteryPerDay": 8.75, "batteryLevelPercentage": 0.06902973059997848, "maxAtThisDay": 10, "ratioPC": 1.2649999999999997, "maxBatteryForMonth": 10, "ratioPc": "noData"}