{"bought": 86.85, "sold": 131.21, "Time_string": "Last update at 14:59 - 09/10/2024", "produce": 0.315, "consumption": 0.841, "ratioPC": -0.49799999999999994, "maxBatteryPerDay": 8.75, "maxAtThisDay": 78.75, "batteryLevelPercentage": 0.014830102338957355, "buyPrice": 0.149072, "sellPrice": 0.1, "batteryLevel": 1.1678705591928917, "maxBatteryForMonth": 100, "Temperature": 22.0, "ratioPc": "noData"}