{"bought": 92.02, "sold": 231.89, "Time_string": "Last update at 07:29 - 12/05/2024", "produce": 0.012, "consumption": 0.239, "ratioPC": -0.228, "maxBatteryPerDay": 8.75, "maxAtThisDay": 100, "batteryLevelPercentage": 0.6353570462595256, "buyPrice": 0.149072, "sellPrice": 0.1, "batteryLevel": 63.53570462595256, "maxBatteryForMonth": 100, "Temperature": 14.5, "ratioPc": "noData"}