{"bought": 353.56, "sold": 216.83, "Time_string": "Last update at 08:51 - 27/08/2023", "produce": 0.243, "consumption": 0.155, "ratioPC": 0.088, "maxBatteryPerDay": 8.75, "maxAtThisDay": 10, "batteryLevelPercentage": -20.810679617902757, "buyPrice": 0.149072, "sellPrice": 0.1, "batteryLevel": -208.10679617902758, "maxBatteryForMonth": 10, "Temperature": 19.7, "ratioPc": "noData"}