{"bought": 93.37, "sold": 35.02, "Time_string": "Last update at 13:45 - 09/01/2024", "produce": 0.708, "consumption": 0.371, "ratioPC": 0.30000000000000004, "maxBatteryPerDay": 8.75, "maxAtThisDay": 78.75, "batteryLevelPercentage": -0.8873396334742261, "buyPrice": 0.149072, "sellPrice": 0.1, "batteryLevel": -69.8779961360953, "maxBatteryForMonth": 100, "Temperature": 11.0, "ratioPc": "noData"}