{"bought": 2.08, "sold": 0.06, "Time_string": "Last update at 09:49 - 01/08/2023", "produce": 0.654, "consumption": 0.3, "ratioPC": 0.35400000000000004, "maxBatteryPerDay": 8.75, "maxAtThisDay": 8.75, "batteryLevelPercentage": -0.23311439917815363, "buyPrice": 0.149072, "sellPrice": 0.1, "batteryLevel": -2.039750992808844, "maxBatteryForMonth": 10, "Temperature": "23.5", "ratioPc": "noData"}