{"bought": 9.57, "sold": 28.03, "Time_string": "Last update at 09:45 - 03/11/2024", "produce": 1.635, "consumption": 0.182, "ratioPC": 0.9969999999999999, "maxBatteryPerDay": 8.75, "maxAtThisDay": 26.25, "batteryLevelPercentage": 0.35173312480514374, "buyPrice": 0.149072, "sellPrice": 0.1, "batteryLevel": 9.232994526135023, "maxBatteryForMonth": 100, "Temperature": 16.8, "ratioPc": "noData"}