{"bought": 290.33, "sold": 379.93, "Time_string": "Last update at 13:17 - 25/06/2024", "produce": 4.303, "consumption": 3.73, "ratioPC": 0.4139999999999997, "maxBatteryPerDay": 8.75, "maxAtThisDay": 100, "batteryLevelPercentage": -0.35466578297735313, "buyPrice": 0.149072, "sellPrice": 0.1, "batteryLevel": -35.46657829773531, "maxBatteryForMonth": 100, "Temperature": 31.3, "ratioPc": "noData"}