{"bought": 121.09, "sold": 132.53, "Time_string": "Last update at 08:57 - 11/11/2024", "produce": 0.379, "consumption": 0.245, "ratioPC": 0.063, "maxBatteryPerDay": 8.75, "maxAtThisDay": 96.25, "batteryLevelPercentage": -0.3344067665724852, "buyPrice": 0.149072, "sellPrice": 0.1, "batteryLevel": -32.1866512826017, "maxBatteryForMonth": 100, "Temperature": 15.9, "ratioPc": "noData"}