{"bought": 127.67, "sold": 316.83, "Time_string": "Last update at 19:41 - 20/06/2023", "produce": 1.207, "consumption": 3.517, "ratioPc": "noData", "buyPrice": 0.149072, "sellPrice": 0.1, "batteryLevel": 84.864882472899, "maxBatteryPerDay": 8.75, "batteryLevelPercentage": 0.48494218555942287, "maxAtThisDay": 175.0, "ratioPC": -2.3099999999999996}