{"bought": 301.94, "sold": 213.31, "Time_string": "Last update at 10:38 - 25/08/2023", "produce": 1.612, "consumption": 0.981, "ratioPC": 0.6310000000000001, "maxBatteryPerDay": 8.75, "maxAtThisDay": 10, "batteryLevelPercentage": -15.88480712675754, "buyPrice": 0.149072, "sellPrice": 0.1, "batteryLevel": -158.8480712675754, "maxBatteryForMonth": 10, "Temperature": 31.9, "ratioPc": "noData"}