{"bought": 79.0, "sold": 336.33, "Time_string": "Last update at 13:40 - 19/09/2023", "produce": 4.754, "consumption": 0.149, "ratioPC": 4.6049999999999995, "maxBatteryPerDay": 8.75, "maxAtThisDay": 10, "batteryLevelPercentage": 14.66158098100247, "buyPrice": 0.149072, "sellPrice": 0.1, "batteryLevel": 146.6158098100247, "maxBatteryForMonth": 10, "Temperature": 26.3, "ratioPc": "noData"}