{"bought": 105.43, "sold": 534.14, "Time_string": "Last update at 18:26 - 27/09/2023", "produce": 2.432, "consumption": 0.256, "ratioPC": 2.176, "maxBatteryPerDay": 8.75, "maxAtThisDay": 10, "batteryLevelPercentage": 25.288007835140064, "buyPrice": 0.149072, "sellPrice": 0.1, "batteryLevel": 252.88007835140064, "maxBatteryForMonth": 10, "Temperature": 31.6, "ratioPc": "noData"}