{"bought": 86.62, "sold": 178.88, "Time_string": "Last update at 19:38 - 11/09/2024", "produce": 0.442, "consumption": 6.052, "ratioPC": -5.272, "maxBatteryPerDay": 8.75, "maxAtThisDay": 96.25, "batteryLevelPercentage": 0.3467605898448444, "buyPrice": 0.149072, "sellPrice": 0.1, "batteryLevel": 33.375706772566275, "maxBatteryForMonth": 100, "Temperature": 25.7, "ratioPc": "noData"}