{"bought": 57.46, "sold": 243.44, "Time_string": "Last update at 12:59 - 14/09/2023", "produce": 4.175, "consumption": 0.814, "ratioPC": 3.3609999999999998, "maxBatteryPerDay": 8.75, "maxAtThisDay": 10, "batteryLevelPercentage": 10.584363851025007, "buyPrice": 0.149072, "sellPrice": 0.1, "batteryLevel": 105.84363851025006, "maxBatteryForMonth": 10, "Temperature": 30.0, "ratioPc": "noData"}