{"bought": 243.91, "sold": 140.35, "Time_string": "Last update at 23:10 - 22/01/2024", "produce": 0.0, "consumption": 4.0606, "ratioPC": -4.562, "maxBatteryPerDay": 8.75, "maxAtThisDay": 100, "batteryLevelPercentage": -1.4976086401202104, "buyPrice": 0.149072, "sellPrice": 0.1, "batteryLevel": -149.76086401202105, "maxBatteryForMonth": 100, "Temperature": 10.0, "ratioPc": "noData"}