{"bought": 12.33, "sold": 25.65, "Time_string": "Last update at 20:38 - 02/07/2023", "produce": 0.231, "consumption": 1.293, "buyPrice": 0.149072, "sellPrice": 0.1, "batteryLevel": 4.876450574219168, "maxBatteryPerDay": 8.75, "batteryLevelPercentage": 0.4876450574219168, "maxAtThisDay": 10, "ratioPC": -1.0619999999999998, "maxBatteryForMonth": 10, "ratioPc": "noData"}