{"bought": 124.44, "sold": 156.67, "Time_string": "Last update at 18:34 - 13/07/2023", "produce": 2.785, "consumption": 4.48, "buyPrice": 0.149072, "sellPrice": 0.1, "batteryLevel": -19.343134056026628, "maxBatteryPerDay": 8.75, "batteryLevelPercentage": -1.9343134056026627, "maxAtThisDay": 10, "ratioPC": -1.6950000000000003, "maxBatteryForMonth": 10, "ratioPc": "noData"}