{"bought": 184.55, "sold": 362.99, "Time_string": "Last update at 14:00 - 17/05/2024", "produce": 5.454, "consumption": 0.44, "ratioPC": 4.808, "maxBatteryPerDay": 8.75, "maxAtThisDay": 100, "batteryLevelPercentage": 0.5894978533862829, "buyPrice": 0.149072, "sellPrice": 0.1, "batteryLevel": 58.94978533862829, "maxBatteryForMonth": 100, "Temperature": 23.0, "ratioPc": "noData"}