{"bought": 141.86, "sold": 186.37, "Time_string": "Last update at 15:00 - 14/11/2024", "produce": 0.856, "consumption": 6.914, "ratioPC": -4.442, "maxBatteryPerDay": 8.75, "maxAtThisDay": 100, "batteryLevelPercentage": -0.16839875496404447, "buyPrice": 0.149072, "sellPrice": 0.1, "batteryLevel": -16.839875496404446, "maxBatteryForMonth": 100, "Temperature": 17.0, "ratioPc": "noData"}