{"bought": 146.56, "sold": 238.05, "Time_string": "Last update at 19:36 - 15/09/2024", "produce": 0.56, "consumption": 1.736, "ratioPC": -0.6659999999999999, "maxBatteryPerDay": 8.75, "maxAtThisDay": 100, "batteryLevelPercentage": 0.13127936030911258, "buyPrice": 0.149072, "sellPrice": 0.1, "batteryLevel": 13.127936030911258, "maxBatteryForMonth": 100, "Temperature": 32.4, "ratioPc": "noData"}