{"bought": 27.0, "sold": 79.65, "Time_string": "Last update at 09:23 - 07/11/2023", "produce": 1.068, "consumption": 0.255, "ratioPC": 0.8130000000000001, "maxBatteryPerDay": 8.75, "maxAtThisDay": 10, "batteryLevelPercentage": 2.643055704625953, "buyPrice": 0.149072, "sellPrice": 0.1, "batteryLevel": 26.43055704625953, "maxBatteryForMonth": 10, "Temperature": 9.8, "ratioPc": "noData"}