{"bought": 187.73, "sold": 158.81, "Time_string": "Last update at 10:59 - 18/08/2023", "produce": 2.348, "consumption": 1.1, "ratioPC": 1.2479999999999998, "maxBatteryPerDay": 8.75, "maxAtThisDay": 10, "batteryLevelPercentage": -8.119758613287539, "buyPrice": 0.149072, "sellPrice": 0.1, "batteryLevel": -81.19758613287539, "maxBatteryForMonth": 10, "Temperature": 26.9, "ratioPc": "noData"}