{"bought": 112.56, "sold": 179.28, "Time_string": "Last update at 07:52 - 13/06/2024", "produce": 0.105, "consumption": 0.168, "ratioPC": -0.06000000000000001, "maxBatteryPerDay": 8.75, "maxAtThisDay": 100, "batteryLevelPercentage": 0.07704033487173972, "buyPrice": 0.149072, "sellPrice": 0.1, "batteryLevel": 7.704033487173973, "maxBatteryForMonth": 100, "Temperature": 16.0, "ratioPc": "noData"}