{"bought": 107.64, "sold": 252.46, "Time_string": "Last update at 08:17 - 13/05/2024", "produce": 0.173, "consumption": 0.173, "ratioPC": -0.064, "maxBatteryPerDay": 8.75, "maxAtThisDay": 100, "batteryLevelPercentage": 0.6171440592465386, "buyPrice": 0.149072, "sellPrice": 0.1, "batteryLevel": 61.71440592465386, "maxBatteryForMonth": 100, "Temperature": 15.8, "ratioPc": "noData"}