{"bought": 250.04, "sold": 406.12, "Time_string": "Last update at 17:03 - 30/06/2023", "produce": 4.124, "consumption": 3.22, "buyPrice": 0.149072, "sellPrice": 0.1, "batteryLevel": 22.392113341204237, "maxBatteryPerDay": 8.75, "batteryLevelPercentage": 0.22392113341204237, "maxAtThisDay": 100, "ratioPC": 0.9039999999999995, "maxBatteryForMonth": 100, "ratioPc": "noData"}