{"bought": 244.58, "sold": 398.45, "Time_string": "Last update at 21:09 - 29/06/2023", "produce": 0.146, "consumption": 0.804, "buyPrice": 0.149072, "sellPrice": 0.1, "batteryLevel": 22.70694858860142, "maxBatteryPerDay": 8.75, "batteryLevelPercentage": 0.2270694858860142, "maxAtThisDay": 100, "ratioPC": -0.658, "maxBatteryForMonth": 100, "ratioPc": "noData"}