{"bought": 105.15, "sold": 252.46, "Time_string": "Last update at 21:14 - 12/05/2024", "produce": 0.045, "consumption": 0.18, "ratioPC": -0.131, "maxBatteryPerDay": 8.75, "maxAtThisDay": 100, "batteryLevelPercentage": 0.6420440592465385, "buyPrice": 0.149072, "sellPrice": 0.1, "batteryLevel": 64.20440592465386, "maxBatteryForMonth": 100, "Temperature": 24.3, "ratioPc": "noData"}