{"bought": 181.71, "sold": 136.93, "Time_string": "Last update at 09:29 - 17/08/2023", "produce": 0.562, "consumption": 0.129, "ratioPC": 0.43300000000000005, "maxBatteryPerDay": 8.75, "maxAtThisDay": 10, "batteryLevelPercentage": -8.985505742191693, "buyPrice": 0.149072, "sellPrice": 0.1, "batteryLevel": -89.85505742191692, "maxBatteryForMonth": 10, "Temperature": 22.0, "ratioPc": "noData"}