{"bought": 181.64, "sold": 367.83, "Time_string": "Last update at 13:06 - 25/06/2023", "produce": 4.013, "consumption": 4.726, "ratioPc": "noData", "buyPrice": 0.149072, "sellPrice": 0.1, "batteryLevel": 65.10653858538157, "maxBatteryPerDay": 8.75, "batteryLevelPercentage": 0.29762989067603, "maxAtThisDay": 218.75, "ratioPC": -0.7130000000000001}