{"bought": 383.81, "sold": 300.75, "Time_string": "Last update at 16:28 - 31/08/2023", "produce": 4.349, "consumption": 1.776, "ratioPC": 2.5730000000000004, "maxBatteryPerDay": 8.75, "maxAtThisDay": 10, "batteryLevelPercentage": -18.20618514543308, "buyPrice": 0.149072, "sellPrice": 0.1, "batteryLevel": -182.0618514543308, "maxBatteryForMonth": 10, "Temperature": 34.5, "ratioPc": "noData"}