{"bought": 287.12, "sold": 377.74, "Time_string": "Last update at 21:17 - 24/06/2024", "produce": 0.095, "consumption": 0.22, "ratioPC": -0.085, "maxBatteryPerDay": 8.75, "maxAtThisDay": 100, "batteryLevelPercentage": -0.33725667060212544, "buyPrice": 0.149072, "sellPrice": 0.1, "batteryLevel": -33.725667060212544, "maxBatteryForMonth": 100, "Temperature": 30.1, "ratioPc": "noData"}