{"bought": 117.16, "sold": 556.16, "Time_string": "Last update at 11:53 - 29/09/2023", "produce": 0, "consumption": 0, "ratioPC": 2.0780000000000003, "maxBatteryPerDay": 8.75, "maxAtThisDay": 10, "batteryLevelPercentage": 25.592146399055487, "buyPrice": 0.149072, "sellPrice": 0.1, "batteryLevel": 255.92146399055488, "maxBatteryForMonth": 10, "Temperature": 28.8, "ratioPc": "noData"}