{"bought": 96.64, "sold": 141.48, "Time_string": "Last update at 13:25 - 11/07/2023", "produce": 4.213, "consumption": 3.282, "buyPrice": 0.149072, "sellPrice": 0.1, "batteryLevel": -1.7328410432542825, "maxBatteryPerDay": 8.75, "batteryLevelPercentage": -0.17328410432542823, "maxAtThisDay": 10, "ratioPC": 0.931, "maxBatteryForMonth": 10, "ratioPc": "noData"}