{"bought": 243.02, "sold": 198.29, "Time_string": "Last update at 09:29 - 22/08/2023", "produce": 0.328, "consumption": 0.209, "ratioPC": 0.11900000000000002, "maxBatteryPerDay": 8.75, "maxAtThisDay": 10, "batteryLevelPercentage": -11.000373940109478, "buyPrice": 0.149072, "sellPrice": 0.1, "batteryLevel": -110.00373940109478, "maxBatteryForMonth": 10, "Temperature": 28.4, "ratioPc": "noData"}