{"bought": 134.71, "sold": 146.29, "Time_string": "Last update at 20:43 - 12/10/2024", "produce": 0.0, "consumption": 0.237, "ratioPC": -0.282, "maxBatteryPerDay": 8.75, "maxAtThisDay": 100, "batteryLevelPercentage": -0.36576212300096617, "buyPrice": 0.149072, "sellPrice": 0.1, "batteryLevel": -36.576212300096614, "maxBatteryForMonth": 100, "Temperature": 19.0, "ratioPc": "noData"}