{"bought": 110.71, "sold": 277.27, "Time_string": "Last update at 14:55 - 18/06/2023", "produce": 4.866, "consumption": 1.769, "ratioPc": null, "buyPrice": 0.149072, "sellPrice": 0.1, "batteryLevel": 75.28737039819684, "maxBatteryPerDay": 8.75, "batteryLevelPercentage": 0.4780150501472815, "maxAtThisDay": 157.5, "ratioPC": 3.0969999999999995}