{"bought": 57.42, "sold": 85.71, "Time_string": "Last update at 07:20 - 07/07/2023", "produce": 0.026, "consumption": 0.134, "buyPrice": 0.149072, "sellPrice": 0.1, "batteryLevel": 0.07570677256627079, "maxBatteryPerDay": 8.75, "batteryLevelPercentage": 0.007570677256627079, "maxAtThisDay": 10, "ratioPC": -0.10800000000000001, "maxBatteryForMonth": 10, "ratioPc": "noData"}