{"bought": 118.37, "sold": 285.35, "Time_string": "Last update at 04:49 - 19/06/2023", "produce": 0.0, "consumption": 0.211, "ratioPc": "noData", "buyPrice": 0.149072, "sellPrice": 0.1, "batteryLevel": 73.0475700332725, "maxBatteryPerDay": 8.75, "batteryLevelPercentage": 0.4393838798993835, "maxAtThisDay": 166.25, "ratioPC": -0.211}