{"bought": 128.82, "sold": 173.03, "Time_string": "Last update at 01:09 - 13/11/2024", "produce": 0.0, "consumption": 0.202, "ratioPC": -0.202, "maxBatteryPerDay": 8.75, "maxAtThisDay": 100, "batteryLevelPercentage": -0.12748571428571423, "buyPrice": 0.149072, "sellPrice": 0.1, "batteryLevel": -12.748571428571424, "maxBatteryForMonth": 100, "Temperature": 14.0, "ratioPc": "noData"}