{"bought": 383.54, "sold": 290.41, "Time_string": "Last update at 12:17 - 31/08/2023", "produce": 3.575, "consumption": 1.253, "ratioPC": 2.322, "maxBatteryPerDay": 8.75, "maxAtThisDay": 10, "batteryLevelPercentage": -18.872809702694003, "buyPrice": 0.149072, "sellPrice": 0.1, "batteryLevel": -188.72809702694002, "maxBatteryForMonth": 10, "Temperature": 28.6, "ratioPc": "noData"}