{"bought": 175.91, "sold": 97.24, "Time_string": "Last update at 12:25 - 19/01/2024", "produce": 4.428, "consumption": 0.196, "ratioPC": -0.9300000000000002, "maxBatteryPerDay": 8.75, "maxAtThisDay": 100, "batteryLevelPercentage": -1.106797756788666, "buyPrice": 0.149072, "sellPrice": 0.1, "batteryLevel": -110.67977567886659, "maxBatteryForMonth": 100, "Temperature": 15.4, "ratioPc": "noData"}