{"bought": 230.67, "sold": 626.0, "Time_string": "Last update at 18:52 - 26/05/2024", "produce": 1.803, "consumption": 1.006, "ratioPC": 0.8949999999999999, "maxBatteryPerDay": 8.75, "maxAtThisDay": 100, "batteryLevelPercentage": 1.8926130836106043, "buyPrice": 0.149072, "sellPrice": 0.1, "batteryLevel": 189.26130836106043, "maxBatteryForMonth": 100, "Temperature": 32.1, "ratioPc": "noData"}