{"bought": 233.54, "sold": 258.31, "Time_string": "Last update at 17:21 - 22/07/2023", "produce": 3.847, "consumption": 3.698, "buyPrice": 0.149072, "sellPrice": 0.1, "batteryLevel": -60.26131587420841, "maxBatteryPerDay": 8.75, "batteryLevelPercentage": -6.02613158742084, "maxAtThisDay": 10, "ratioPC": 0.14900000000000002, "maxBatteryForMonth": 10, "ratioPc": "noData"}