{"bought": 44.33, "sold": 115.44, "Time_string": "Last update at 12:31 - 08/10/2023", "produce": 3.509, "consumption": 2.725, "ratioPC": 0.7839999999999998, "maxBatteryPerDay": 8.75, "maxAtThisDay": 10, "batteryLevelPercentage": 3.310908983578405, "buyPrice": 0.149072, "sellPrice": 0.1, "batteryLevel": 33.10908983578405, "maxBatteryForMonth": 10, "Temperature": 29.0, "ratioPc": "noData"}