{"bought": 194.32, "sold": 492.67, "Time_string": "Last update at 16:39 - 21/05/2024", "produce": 4.686, "consumption": 0.202, "ratioPC": 4.515000000000001, "maxBatteryPerDay": 8.75, "maxAtThisDay": 100, "batteryLevelPercentage": 1.361713062144467, "buyPrice": 0.149072, "sellPrice": 0.1, "batteryLevel": 136.1713062144467, "maxBatteryForMonth": 100, "Temperature": 24.6, "ratioPc": "noData"}