{"bought": 191.0, "sold": 182.75, "Time_string": "Last update at 11:36 - 17/10/2024", "produce": 3.543, "consumption": 0.154, "ratioPC": 2.725, "maxBatteryPerDay": 8.75, "maxAtThisDay": 100, "batteryLevelPercentage": -0.6840823226360416, "buyPrice": 0.149072, "sellPrice": 0.1, "batteryLevel": -68.40823226360416, "maxBatteryForMonth": 100, "Temperature": 17.6, "ratioPc": "noData"}