{"bought": 81.27, "sold": 136.77, "Time_string": "Last update at 14:25 - 10/07/2023", "produce": 4.343, "consumption": 2.704, "buyPrice": 0.149072, "sellPrice": 0.1, "batteryLevel": 10.477611892239992, "maxBatteryPerDay": 8.75, "batteryLevelPercentage": 1.047761189223999, "maxAtThisDay": 10, "ratioPC": 1.6389999999999998, "maxBatteryForMonth": 10, "ratioPc": "noData"}