{"bought": 116.31, "sold": 280.76, "Time_string": "Last update at 21:39 - 13/05/2024", "produce": 0.0, "consumption": 7.652, "ratioPC": -7.5200000000000005, "maxBatteryPerDay": 8.75, "maxAtThisDay": 100, "batteryLevelPercentage": 0.7202852098314907, "buyPrice": 0.149072, "sellPrice": 0.1, "batteryLevel": 72.02852098314906, "maxBatteryForMonth": 100, "Temperature": 23.4, "ratioPc": "noData"}