{"bought": 259.87, "sold": 290.02, "Time_string": "Last update at 19:17 - 24/07/2023", "produce": 2.035, "consumption": 4.346, "buyPrice": 0.149072, "sellPrice": 0.1, "batteryLevel": -65.31971557368254, "maxBatteryPerDay": 8.75, "batteryLevelPercentage": -6.531971557368254, "maxAtThisDay": 10, "ratioPC": -2.311, "maxBatteryForMonth": 10, "ratioPc": "noData"}