{"bought": 39.72, "sold": 65.68, "Time_string": "Last update at 14:47 - 05/11/2024", "produce": 1.346, "consumption": 4.855, "ratioPC": -3.5090000000000003, "maxBatteryPerDay": 8.75, "maxAtThisDay": 43.75, "batteryLevelPercentage": 0.09918277802480897, "buyPrice": 0.149072, "sellPrice": 0.1, "batteryLevel": 4.339246538585392, "maxBatteryForMonth": 100, "Temperature": 21.8, "ratioPc": "noData"}