{"bought": 143.42, "sold": 367.03, "Time_string": "Last update at 10:40 - 26/10/2023", "produce": 0.759, "consumption": 0.132, "ratioPC": 0.627, "maxBatteryPerDay": 8.75, "maxAtThisDay": 10, "batteryLevelPercentage": 10.278988515616613, "buyPrice": 0.149072, "sellPrice": 0.1, "batteryLevel": 102.78988515616612, "maxBatteryForMonth": 10, "Temperature": 19.4, "ratioPc": "noData"}