{"bought": 223.06, "sold": 243.62, "Time_string": "Last update at 10:00 - 21/10/2024", "produce": 0.682, "consumption": 1.505, "ratioPC": 0.22, "maxBatteryPerDay": 8.75, "maxAtThisDay": 100, "batteryLevelPercentage": -0.5963561446817645, "buyPrice": 0.149072, "sellPrice": 0.1, "batteryLevel": -59.63561446817644, "maxBatteryForMonth": 100, "Temperature": 18.0, "ratioPc": "noData"}