{"bought": 185.09, "sold": 380.5, "Time_string": "Last update at 20:50 - 17/05/2024", "produce": 0.124, "consumption": 0.223, "ratioPC": -0.032, "maxBatteryPerDay": 8.75, "maxAtThisDay": 100, "batteryLevelPercentage": 0.7015578727058067, "buyPrice": 0.149072, "sellPrice": 0.1, "batteryLevel": 70.15578727058067, "maxBatteryForMonth": 100, "Temperature": 20.3, "ratioPc": "noData"}