{"bought": 107.56, "sold": 155.32, "Time_string": "Last update at 22:03 - 11/06/2024", "produce": 0.0, "consumption": 0.225, "ratioPC": -0.22, "maxBatteryPerDay": 8.75, "maxAtThisDay": 96.25, "batteryLevelPercentage": -0.03499986200340395, "buyPrice": 0.149072, "sellPrice": 0.1, "batteryLevel": -3.3687367178276304, "maxBatteryForMonth": 100, "Temperature": 21.9, "ratioPc": "noData"}