{"bought": 289.52, "sold": 377.75, "Time_string": "Last update at 07:49 - 25/06/2024", "produce": 0.117, "consumption": 0.162, "ratioPC": -0.08700000000000001, "maxBatteryPerDay": 8.75, "maxAtThisDay": 100, "batteryLevelPercentage": -0.36118958892347336, "buyPrice": 0.149072, "sellPrice": 0.1, "batteryLevel": -36.11895889234734, "maxBatteryForMonth": 100, "Temperature": 20.8, "ratioPc": "noData"}