{"bought": 278.28, "sold": 368.44, "Time_string": "Last update at 21:34 - 23/06/2024", "produce": 0.034, "consumption": 0.247, "ratioPC": -0.257, "maxBatteryPerDay": 8.75, "maxAtThisDay": 100, "batteryLevelPercentage": -0.3112426317484167, "buyPrice": 0.149072, "sellPrice": 0.1, "batteryLevel": -31.124263174841673, "maxBatteryForMonth": 100, "Temperature": 31.3, "ratioPc": "noData"}