{"bought": 126.25, "sold": 172.51, "Time_string": "Last update at 16:47 - 12/11/2024", "produce": 1.509, "consumption": 0.315, "ratioPC": 0.7190000000000001, "maxBatteryPerDay": 8.75, "maxAtThisDay": 100, "batteryLevelPercentage": -0.1052739615756144, "buyPrice": 0.149072, "sellPrice": 0.1, "batteryLevel": -10.52739615756144, "maxBatteryForMonth": 100, "Temperature": 20.2, "ratioPc": "noData"}