{"bought": 146.22, "sold": 354.27, "Time_string": "Last update at 09:52 - 23/06/2023", "produce": 0.673, "consumption": 0.105, "ratioPc": "noData", "buyPrice": 0.149072, "sellPrice": 0.1, "batteryLevel": 91.4302629601803, "maxBatteryPerDay": 8.75, "batteryLevelPercentage": 0.45431186564064746, "maxAtThisDay": 201.25, "ratioPC": 0.5680000000000001}