{"bought": 187.75, "sold": 166.52, "Time_string": "Last update at 14:36 - 18/08/2023", "produce": 4.23, "consumption": 2.426, "ratioPC": 1.8040000000000003, "maxBatteryPerDay": 8.75, "maxAtThisDay": 10, "batteryLevelPercentage": -7.604558870881185, "buyPrice": 0.149072, "sellPrice": 0.1, "batteryLevel": -76.04558870881185, "maxBatteryForMonth": 10, "Temperature": 33.6, "ratioPc": "noData"}