{"bought": 114.94, "sold": 285.35, "Time_string": "Last update at 20:48 - 18/06/2023", "produce": 0.216, "consumption": 0.547, "ratioPc": "noData", "buyPrice": 0.149072, "sellPrice": 0.1, "batteryLevel": 76.47757003327251, "maxBatteryPerDay": 8.75, "batteryLevelPercentage": 0.4855718732271271, "maxAtThisDay": 157.5, "ratioPC": -0.33100000000000007}