{"bought": 314.98, "sold": 374.82, "Time_string": "Last update at 19:13 - 30/07/2023", "produce": 2.113, "consumption": 2.577, "buyPrice": 0.149072, "sellPrice": 0.1, "batteryLevel": -63.54445207684881, "maxBatteryPerDay": 8.75, "batteryLevelPercentage": -6.354445207684881, "maxAtThisDay": 10, "ratioPC": -0.46399999999999997, "maxBatteryForMonth": 10, "ratioPc": "noData"}