{"bought": 72.98, "sold": 131.0, "Time_string": "Last update at 18:13 - 09/07/2023", "produce": 2.981, "consumption": 3.469, "buyPrice": 0.149072, "sellPrice": 0.1, "batteryLevel": 14.896999034023821, "maxBatteryPerDay": 8.75, "batteryLevelPercentage": 1.4896999034023821, "maxAtThisDay": 10, "ratioPC": -0.488, "maxBatteryForMonth": 10, "ratioPc": "noData"}