{"bought": 236.01, "sold": 672.68, "Time_string": "Last update at 18:33 - 28/05/2024", "produce": 2.65, "consumption": 0.184, "ratioPC": -0.8029999999999999, "maxBatteryPerDay": 8.75, "maxAtThisDay": 100, "batteryLevelPercentage": 2.152350359557797, "buyPrice": 0.149072, "sellPrice": 0.1, "batteryLevel": 215.23503595577972, "maxBatteryForMonth": 100, "Temperature": 32.5, "ratioPc": "noData"}