{"bought": 123.1, "sold": 566.23, "Time_string": "Last update at 10:26 - 30/09/2023", "produce": 1.574, "consumption": 1.982, "ratioPC": -0.4079999999999999, "maxBatteryPerDay": 8.75, "maxAtThisDay": 10, "batteryLevelPercentage": 25.673658903080387, "buyPrice": 0.149072, "sellPrice": 0.1, "batteryLevel": 256.7365890308039, "maxBatteryForMonth": 10, "Temperature": 25.9, "ratioPc": "noData"}