{"bought": 183.31, "sold": 106.75, "Time_string": "Last update at 10:06 - 20/01/2024", "produce": 1.36, "consumption": 0.307, "ratioPC": 0.758, "maxBatteryPerDay": 8.75, "maxAtThisDay": 100, "batteryLevelPercentage": -1.1170030803906839, "buyPrice": 0.149072, "sellPrice": 0.1, "batteryLevel": -111.70030803906837, "maxBatteryForMonth": 100, "Temperature": 7.1, "ratioPc": "noData"}