{"bought": 191.61, "sold": 468.34, "Time_string": "Last update at 18:14 - 20/05/2024", "produce": 3.329, "consumption": 0.889, "ratioPC": 2.4000000000000004, "maxBatteryPerDay": 8.75, "maxAtThisDay": 100, "batteryLevelPercentage": 1.2256033379843296, "buyPrice": 0.149072, "sellPrice": 0.1, "batteryLevel": 122.56033379843296, "maxBatteryForMonth": 100, "Temperature": 23.5, "ratioPc": "noData"}