{"bought": 132.94, "sold": 156.67, "Time_string": "Last update at 20:52 - 13/07/2023", "produce": 0.106, "consumption": 4.105, "buyPrice": 0.149072, "sellPrice": 0.1, "batteryLevel": -27.843134056026628, "maxBatteryPerDay": 8.75, "batteryLevelPercentage": -2.7843134056026626, "maxAtThisDay": 10, "ratioPC": -3.9990000000000006, "maxBatteryForMonth": 10, "ratioPc": "noData"}