{"bought": 131.97, "sold": 289.21, "Time_string": "Last update at 18:57 - 17/06/2024", "produce": 2.462, "consumption": 7.734, "ratioPC": -5.116, "maxBatteryPerDay": 8.75, "maxAtThisDay": 100, "batteryLevelPercentage": 0.6203692282923686, "buyPrice": 0.149072, "sellPrice": 0.1, "batteryLevel": 62.03692282923686, "maxBatteryForMonth": 100, "Temperature": 30.1, "ratioPc": "noData"}