{"bought": 129.69, "sold": 228.7, "Time_string": "Last update at 07:22 - 15/09/2024", "produce": 0.0, "consumption": 0.197, "ratioPC": -0.164, "maxBatteryPerDay": 8.75, "maxAtThisDay": 100, "batteryLevelPercentage": 0.23725799076956094, "buyPrice": 0.149072, "sellPrice": 0.1, "batteryLevel": 23.725799076956093, "maxBatteryForMonth": 100, "Temperature": 20.0, "ratioPc": "noData"}