{"bought": 165.53, "sold": 350.7, "Time_string": "Last update at 15:06 - 16/05/2024", "produce": 1.658, "consumption": 7.716, "ratioPC": -2.1479999999999997, "maxBatteryPerDay": 8.75, "maxAtThisDay": 100, "batteryLevelPercentage": 0.6972544703230653, "buyPrice": 0.149072, "sellPrice": 0.1, "batteryLevel": 69.72544703230653, "maxBatteryForMonth": 100, "Temperature": 20.1, "ratioPc": "noData"}