{"bought": 190.9, "sold": 180.0, "Time_string": "Last update at 08:57 - 17/10/2024", "produce": 0.076, "consumption": 0.199, "ratioPC": -0.06199999999999999, "maxBatteryPerDay": 8.75, "maxAtThisDay": 100, "batteryLevelPercentage": -0.7015297842653215, "buyPrice": 0.149072, "sellPrice": 0.1, "batteryLevel": -70.15297842653216, "maxBatteryForMonth": 100, "Temperature": 15.0, "ratioPc": "noData"}