{"bought": 202.89, "sold": 200.65, "Time_string": "Last update at 17:29 - 19/07/2023", "produce": 2.808, "consumption": 4.49, "buyPrice": 0.149072, "sellPrice": 0.1, "batteryLevel": -68.29061178490929, "maxBatteryPerDay": 8.75, "batteryLevelPercentage": -6.829061178490929, "maxAtThisDay": 10, "ratioPC": -1.6820000000000004, "maxBatteryForMonth": 10, "ratioPc": "noData"}