{"bought": 11.25, "sold": 17.89, "Time_string": "Last update at 17:50 - 02/08/2023", "produce": 3.348, "consumption": 2.007, "ratioPC": 1.3409999999999997, "maxBatteryPerDay": 8.75, "maxAtThisDay": 10, "batteryLevelPercentage": 0.07509123108296656, "buyPrice": 0.149072, "sellPrice": 0.1, "batteryLevel": 0.7509123108296656, "maxBatteryForMonth": 10, "Temperature": 38.2, "ratioPc": "noData"}