{"bought": 217.22, "sold": 375.2, "Time_string": "Last update at 11:24 - 27/06/2023", "produce": 2.758, "consumption": 4.11, "buyPrice": 0.149072, "sellPrice": 0.1, "batteryLevel": 34.47045830202856, "maxBatteryPerDay": 8.75, "batteryLevelPercentage": 0.3447045830202856, "maxAtThisDay": 100, "ratioPC": -1.3520000000000003, "maxBatteryForMonth": 100, "ratioPc": "noData"}