{"bought": 57.31, "sold": 239.16, "Time_string": "Last update at 09:15 - 14/09/2023", "produce": 0.276, "consumption": 0.13, "ratioPC": 0.14600000000000002, "maxBatteryPerDay": 8.75, "maxAtThisDay": 10, "batteryLevelPercentage": 10.31225426639476, "buyPrice": 0.149072, "sellPrice": 0.1, "batteryLevel": 103.1225426639476, "maxBatteryForMonth": 10, "Temperature": 23.5, "ratioPc": "noData"}