{"bought": 107.89, "sold": 155.32, "Time_string": "Last update at 23:28 - 11/06/2024", "produce": 0.0, "consumption": 0.358, "ratioPC": -0.124, "maxBatteryPerDay": 8.75, "maxAtThisDay": 96.25, "batteryLevelPercentage": -0.03842843343197536, "buyPrice": 0.149072, "sellPrice": 0.1, "batteryLevel": -3.6987367178276287, "maxBatteryForMonth": 100, "Temperature": 20.0, "ratioPc": "noData"}