{"bought": 154.16, "sold": 289.32, "Time_string": "Last update at 08:50 - 18/06/2024", "produce": 0.174, "consumption": 0.0, "ratioPC": 0.118, "maxBatteryPerDay": 8.75, "maxAtThisDay": 100, "batteryLevelPercentage": 0.39920712675754005, "buyPrice": 0.149072, "sellPrice": 0.1, "batteryLevel": 39.920712675754004, "maxBatteryForMonth": 100, "Temperature": 18.7, "ratioPc": "noData"}