{"bought": 122.14, "sold": 152.5, "Time_string": "Last update at 09:15 - 13/07/2023", "produce": 0.247, "consumption": 1.12, "buyPrice": 0.149072, "sellPrice": 0.1, "batteryLevel": -19.840440055811968, "maxBatteryPerDay": 8.75, "batteryLevelPercentage": -1.9840440055811968, "maxAtThisDay": 10, "ratioPC": -0.8730000000000001, "maxBatteryForMonth": 10, "ratioPc": "noData"}