{"bought": 158.35, "sold": 412.57, "Time_string": "Last update at 08:27 - 29/10/2023", "produce": 0.236, "consumption": 0.31, "ratioPC": -0.07400000000000001, "maxBatteryPerDay": 8.75, "maxAtThisDay": 10, "batteryLevelPercentage": 11.840888161425354, "buyPrice": 0.149072, "sellPrice": 0.1, "batteryLevel": 118.40888161425354, "maxBatteryForMonth": 10, "Temperature": 15.4, "ratioPc": "noData"}