{"bought": 89.64, "sold": 393.69, "Time_string": "Last update at 10:31 - 22/09/2023", "produce": 1.025, "consumption": 0.924, "ratioPC": 0.10099999999999987, "maxBatteryPerDay": 8.75, "maxAtThisDay": 10, "batteryLevelPercentage": 17.445386068476978, "buyPrice": 0.149072, "sellPrice": 0.1, "batteryLevel": 174.45386068476978, "maxBatteryForMonth": 10, "Temperature": 19.0, "ratioPc": "noData"}