{"bought": 141.27, "sold": 157.81, "Time_string": "Last update at 11:36 - 14/07/2023", "produce": 2.56, "consumption": 2.803, "buyPrice": 0.149072, "sellPrice": 0.1, "batteryLevel": -35.408402919394675, "maxBatteryPerDay": 8.75, "batteryLevelPercentage": -3.5408402919394675, "maxAtThisDay": 10, "ratioPC": -0.24299999999999988, "maxBatteryForMonth": 10, "ratioPc": "noData"}