{"bought": 266.45, "sold": 364.88, "Time_string": "Last update at 09:44 - 23/06/2024", "produce": 0.601, "consumption": 0.196, "ratioPC": 0.122, "maxBatteryPerDay": 8.75, "maxAtThisDay": 100, "batteryLevelPercentage": -0.2168237093485027, "buyPrice": 0.149072, "sellPrice": 0.1, "batteryLevel": -21.68237093485027, "maxBatteryForMonth": 100, "Temperature": 24.2, "ratioPc": "noData"}