{"bought": 34.58, "sold": 50.42, "Time_string": "Last update at 18:26 - 04/07/2023", "produce": 3.08, "consumption": 1.122, "buyPrice": 0.149072, "sellPrice": 0.1, "batteryLevel": -0.7574176236986148, "maxBatteryPerDay": 8.75, "batteryLevelPercentage": -0.07574176236986148, "maxAtThisDay": 10, "ratioPC": 1.958, "maxBatteryForMonth": 10, "ratioPc": "noData"}