{"bought": 476.85, "sold": 71.29, "Time_string": "Last update at 13:15 - 22/08/2024", "produce": 4.647, "consumption": 3.269, "ratioPC": -1.4880000000000002, "maxBatteryPerDay": 8.75, "maxAtThisDay": 100, "batteryLevelPercentage": -4.290274712890415, "buyPrice": 0.149072, "sellPrice": 0.1, "batteryLevel": -429.02747128904156, "maxBatteryForMonth": 100, "Temperature": 30.5, "ratioPc": "noData"}