{"bought": 274.8, "sold": 350.36, "Time_string": "Last update at 17:53 - 25/09/2024", "produce": 1.063, "consumption": 2.425, "ratioPC": -0.5519999999999998, "maxBatteryPerDay": 8.75, "maxAtThisDay": 100, "batteryLevelPercentage": -0.3977263067511004, "buyPrice": 0.149072, "sellPrice": 0.1, "batteryLevel": -39.77263067511004, "maxBatteryForMonth": 100, "Temperature": 25.1, "ratioPc": "noData"}