{"bought": 30.79, "sold": 110.92, "Time_string": "Last update at 14:40 - 08/11/2023", "produce": 1.679, "consumption": 0.475, "ratioPC": 1.2040000000000002, "maxBatteryPerDay": 8.75, "maxAtThisDay": 10, "batteryLevelPercentage": 4.361699796071696, "buyPrice": 0.149072, "sellPrice": 0.1, "batteryLevel": 43.616997960716965, "maxBatteryForMonth": 10, "Temperature": 17.7, "ratioPc": "noData"}