{"bought": 25.86, "sold": 45.28, "Time_string": "Last update at 15:09 - 04/09/2024", "produce": 4.772, "consumption": 2.353, "ratioPC": 2.411, "maxBatteryPerDay": 8.75, "maxAtThisDay": 35.0, "batteryLevelPercentage": 0.12898811695978166, "buyPrice": 0.149072, "sellPrice": 0.1, "batteryLevel": 4.514584093592358, "maxBatteryForMonth": 100, "Temperature": 31.1, "ratioPc": "noData"}