{"bought": 154.37, "sold": 293.48, "Time_string": "Last update at 14:47 - 18/06/2024", "produce": 0.854, "consumption": 0.979, "ratioPC": -0.20899999999999996, "maxBatteryPerDay": 8.75, "maxAtThisDay": 100, "batteryLevelPercentage": 0.42501310507674134, "buyPrice": 0.149072, "sellPrice": 0.1, "batteryLevel": 42.501310507674134, "maxBatteryForMonth": 100, "Temperature": 23.2, "ratioPc": "noData"}