{"bought": 117.12, "sold": 54.72, "Time_string": "Last update at 15:34 - 11/01/2024", "produce": 3.877, "consumption": 0.197, "ratioPC": 3.451, "maxBatteryPerDay": 8.75, "maxAtThisDay": 96.25, "batteryLevelPercentage": -0.8354587578354885, "buyPrice": 0.149072, "sellPrice": 0.1, "batteryLevel": -80.41290544166577, "maxBatteryForMonth": 100, "Temperature": 13.6, "ratioPc": "noData"}