{"bought": 25.86, "sold": 46.67, "Time_string": "Last update at 15:40 - 04/09/2024", "produce": 4.746, "consumption": 2.393, "ratioPC": 2.776, "maxBatteryPerDay": 8.75, "maxAtThisDay": 35.0, "batteryLevelPercentage": 0.15562912648154686, "buyPrice": 0.149072, "sellPrice": 0.1, "batteryLevel": 5.4470194268541405, "maxBatteryForMonth": 100, "Temperature": 31.7, "ratioPc": "noData"}