{"bought": 188.73, "sold": 107.97, "Time_string": "Last update at 16:15 - 20/01/2024", "produce": 3.08, "consumption": 1.18, "ratioPC": 2.0250000000000004, "maxBatteryPerDay": 8.75, "maxAtThisDay": 100, "batteryLevelPercentage": -1.1630191155951486, "buyPrice": 0.149072, "sellPrice": 0.1, "batteryLevel": -116.30191155951485, "maxBatteryForMonth": 100, "Temperature": 13.0, "ratioPc": "noData"}