{"bought": 112.62, "sold": 180.91, "Time_string": "Last update at 10:40 - 13/06/2024", "produce": 2.195, "consumption": 0.139, "ratioPC": 1.726, "maxBatteryPerDay": 8.75, "maxAtThisDay": 100, "batteryLevelPercentage": 0.08737464849200378, "buyPrice": 0.149072, "sellPrice": 0.1, "batteryLevel": 8.737464849200379, "maxBatteryForMonth": 100, "Temperature": 22.3, "ratioPc": "noData"}