{"bought": 187.03, "sold": 407.26, "Time_string": "Last update at 16:58 - 18/05/2024", "produce": 4.385, "consumption": 0.253, "ratioPC": 4.228, "maxBatteryPerDay": 8.75, "maxAtThisDay": 100, "batteryLevelPercentage": 0.8616684447783618, "buyPrice": 0.149072, "sellPrice": 0.1, "batteryLevel": 86.16684447783618, "maxBatteryForMonth": 100, "Temperature": 26.0, "ratioPc": "noData"}