{"bought": 50.52, "sold": 85.71, "Time_string": "Last update at 18:48 - 06/07/2023", "produce": 2.542, "consumption": 2.699, "buyPrice": 0.149072, "sellPrice": 0.1, "batteryLevel": 6.975706772566269, "maxBatteryPerDay": 8.75, "batteryLevelPercentage": 0.6975706772566269, "maxAtThisDay": 10, "ratioPC": -0.15700000000000003, "maxBatteryForMonth": 10, "ratioPc": "noData"}