{"bought": 106.81, "sold": 127.24, "Time_string": "Last update at 05:47 - 11/06/2024", "produce": 0.0, "consumption": 0.122, "ratioPC": -0.237, "maxBatteryPerDay": 8.75, "maxAtThisDay": 96.25, "batteryLevelPercentage": -0.22291191774845318, "buyPrice": 0.149072, "sellPrice": 0.1, "batteryLevel": -21.45527208328862, "maxBatteryForMonth": 100, "Temperature": 16.0, "ratioPc": "noData"}