{"bought": 174.4, "sold": 170.5, "Time_string": "Last update at 14:48 - 24/12/2023", "produce": 4.14, "consumption": 5.11, "ratioPC": -0.9050000000000002, "maxBatteryPerDay": 8.75, "maxAtThisDay": 100, "batteryLevelPercentage": -0.6002573789846518, "buyPrice": 0.149072, "sellPrice": 0.1, "batteryLevel": -60.02573789846518, "maxBatteryForMonth": 100, "Temperature": 15.8, "ratioPc": "noData"}