{"bought": 69.4, "sold": 50.69, "Time_string": "Last update at 12:57 - 06/06/2024", "produce": 3.985, "consumption": 2.948, "ratioPC": -0.4099999999999997, "maxBatteryPerDay": 8.75, "maxAtThisDay": 52.5, "batteryLevelPercentage": -0.6742151826921605, "buyPrice": 0.149072, "sellPrice": 0.1, "batteryLevel": -35.396297091338425, "maxBatteryForMonth": 100, "Temperature": 32.9, "ratioPc": "noData"}