{"bought": 243.89, "sold": 398.35, "Time_string": "Last update at 19:33 - 29/06/2023", "produce": 1.48, "consumption": 3.075, "buyPrice": 0.149072, "sellPrice": 0.1, "batteryLevel": 23.3298669099496, "maxBatteryPerDay": 8.75, "batteryLevelPercentage": 0.233298669099496, "maxAtThisDay": 100, "ratioPC": -1.5950000000000002, "maxBatteryForMonth": 100, "ratioPc": "noData"}