{"bought": 48.75, "sold": 20.31, "Time_string": "Last update at 09:54 - 04/06/2024", "produce": 0.73, "consumption": 0.233, "ratioPC": 0.42700000000000005, "maxBatteryPerDay": 8.75, "maxAtThisDay": 35.0, "batteryLevelPercentage": -1.003591744736963, "buyPrice": 0.149072, "sellPrice": 0.1, "batteryLevel": -35.12571106579371, "maxBatteryForMonth": 100, "Temperature": 22.8, "ratioPc": "noData"}