{"bought": 232.46, "sold": 32.64, "Time_string": "Last update at 17:14 - 11/08/2024", "produce": 4.189, "consumption": 4.273, "ratioPC": -0.31900000000000084, "maxBatteryPerDay": 8.75, "maxAtThisDay": 96.25, "batteryLevelPercentage": -2.1876835333819344, "buyPrice": 0.149072, "sellPrice": 0.1, "batteryLevel": -210.56454008801117, "maxBatteryForMonth": 100, "Temperature": 35.5, "ratioPc": "noData"}