{"bought": 230.3, "sold": 290.86, "Time_string": "Last update at 09:25 - 23/10/2024", "produce": 0.182, "consumption": 0.038, "ratioPC": 0.045999999999999985, "maxBatteryPerDay": 8.75, "maxAtThisDay": 100, "batteryLevelPercentage": -0.35186229473006336, "buyPrice": 0.149072, "sellPrice": 0.1, "batteryLevel": -35.186229473006335, "maxBatteryForMonth": 100, "Temperature": 18.4, "ratioPc": "noData"}