{"bought": 243.83, "sold": 397.12, "Time_string": "Last update at 18:11 - 29/06/2023", "produce": 3.139, "consumption": 0.942, "buyPrice": 0.149072, "sellPrice": 0.1, "batteryLevel": 22.564762262530877, "maxBatteryPerDay": 8.75, "batteryLevelPercentage": 0.22564762262530877, "maxAtThisDay": 100, "ratioPC": 2.197, "maxBatteryForMonth": 100, "ratioPc": "noData"}