{"bought": 36.87, "sold": 50.9, "Time_string": "Last update at 20:59 - 04/07/2023", "produce": 0.131, "consumption": 2.568, "buyPrice": 0.149072, "sellPrice": 0.1, "batteryLevel": -2.7254255661693705, "maxBatteryPerDay": 8.75, "batteryLevelPercentage": -0.27254255661693705, "maxAtThisDay": 10, "ratioPC": -2.4370000000000003, "maxBatteryForMonth": 10, "ratioPc": "noData"}