{"bought": 147.46, "sold": 335.66, "Time_string": "Last update at 16:39 - 15/05/2024", "produce": 4.718, "consumption": 0.264, "ratioPC": 4.476, "maxBatteryPerDay": 8.75, "maxAtThisDay": 100, "batteryLevelPercentage": 0.7770636256305679, "buyPrice": 0.149072, "sellPrice": 0.1, "batteryLevel": 77.70636256305679, "maxBatteryForMonth": 100, "Temperature": 24.6, "ratioPc": "noData"}