{"bought": 383.69, "sold": 293.41, "Time_string": "Last update at 13:30 - 31/08/2023", "produce": 4.34, "consumption": 5.285, "ratioPC": -0.9450000000000003, "maxBatteryPerDay": 8.75, "maxAtThisDay": 10, "batteryLevelPercentage": -18.686564666738217, "buyPrice": 0.149072, "sellPrice": 0.1, "batteryLevel": -186.86564666738218, "maxBatteryForMonth": 10, "Temperature": 31.0, "ratioPc": "noData"}