{"bought": 154.23, "sold": 290.19, "Time_string": "Last update at 10:02 - 18/06/2024", "produce": 1.334, "consumption": 0.145, "ratioPC": 0.915, "maxBatteryPerDay": 8.75, "maxAtThisDay": 100, "batteryLevelPercentage": 0.4043432328002578, "buyPrice": 0.149072, "sellPrice": 0.1, "batteryLevel": 40.43432328002578, "maxBatteryForMonth": 100, "Temperature": 21.1, "ratioPc": "noData"}