{"bought": 198.47, "sold": 248.12, "Time_string": "Last update at 09:43 - 17/09/2024", "produce": 0.505, "consumption": 1.358, "ratioPC": 0.221, "maxBatteryPerDay": 8.75, "maxAtThisDay": 100, "batteryLevelPercentage": -0.3202693892883977, "buyPrice": 0.149072, "sellPrice": 0.1, "batteryLevel": -32.02693892883977, "maxBatteryForMonth": 100, "Temperature": 22.4, "ratioPc": "noData"}