{"bought": 238.72, "sold": 386.81, "Time_string": "Last update at 21:53 - 28/06/2023", "produce": 0.006, "consumption": 1.716, "buyPrice": 0.149072, "sellPrice": 0.1, "batteryLevel": 20.758641193517263, "maxBatteryPerDay": 8.75, "batteryLevelPercentage": 0.20758641193517263, "maxAtThisDay": 100, "ratioPC": -1.71, "maxBatteryForMonth": 100, "ratioPc": "noData"}