{"bought": 155.19, "sold": 169.27, "Time_string": "Last update at 18:11 - 15/07/2023", "produce": 3.235, "consumption": 1.926, "buyPrice": 0.149072, "sellPrice": 0.1, "batteryLevel": -41.64084254588386, "maxBatteryPerDay": 8.75, "batteryLevelPercentage": -4.164084254588386, "maxAtThisDay": 10, "ratioPC": 1.309, "maxBatteryForMonth": 10, "ratioPc": "noData"}