{"bought": 222.43, "sold": 298.72, "Time_string": "Last update at 12:21 - 21/09/2024", "produce": 3.826, "consumption": 0.294, "ratioPC": 3.4930000000000003, "maxBatteryPerDay": 8.75, "maxAtThisDay": 100, "batteryLevelPercentage": -0.22043609530964886, "buyPrice": 0.149072, "sellPrice": 0.1, "batteryLevel": -22.043609530964886, "maxBatteryForMonth": 100, "Temperature": 23.4, "ratioPc": "noData"}