{"bought": 176.93, "sold": 367.2, "Time_string": "Last update at 03:27 - 25/06/2023", "produce": 0.0, "consumption": 0.124, "ratioPc": "noData", "buyPrice": 0.149072, "sellPrice": 0.1, "batteryLevel": 69.39392400987438, "maxBatteryPerDay": 8.75, "batteryLevelPercentage": 0.31722936690228287, "maxAtThisDay": 218.75, "ratioPC": -0.124}