{"bought": 86.89, "sold": 131.5, "Time_string": "Last update at 16:21 - 09/10/2024", "produce": 0.312, "consumption": 0.206, "ratioPC": 0.16299999999999998, "maxBatteryPerDay": 8.75, "maxAtThisDay": 78.75, "batteryLevelPercentage": 0.016792475267091447, "buyPrice": 0.149072, "sellPrice": 0.1, "batteryLevel": 1.3224074272834514, "maxBatteryForMonth": 100, "Temperature": 21.0, "ratioPc": "noData"}