{"bought": 247.65, "sold": 359.16, "Time_string": "Last update at 18:27 - 21/06/2024", "produce": 3.096, "consumption": 2.643, "ratioPC": 0.5100000000000002, "maxBatteryPerDay": 8.75, "maxAtThisDay": 100, "batteryLevelPercentage": -0.06719442953740469, "buyPrice": 0.149072, "sellPrice": 0.1, "batteryLevel": -6.719442953740469, "maxBatteryForMonth": 100, "Temperature": 31.0, "ratioPc": "noData"}