{"bought": 172.08, "sold": 120.75, "Time_string": "Last update at 21:15 - 15/08/2023", "produce": 0.041, "consumption": 0.149, "ratioPC": -0.10799999999999998, "maxBatteryPerDay": 8.75, "maxAtThisDay": 10, "batteryLevelPercentage": -9.107887302779867, "buyPrice": 0.149072, "sellPrice": 0.1, "batteryLevel": -91.07887302779866, "maxBatteryForMonth": 10, "Temperature": 29.5, "ratioPc": "noData"}