{"bought": 272.73, "sold": 186.77, "Time_string": "Last update at 10:25 - 25/01/2024", "produce": 1.759, "consumption": 0.179, "ratioPC": 1.34, "maxBatteryPerDay": 8.75, "maxAtThisDay": 100, "batteryLevelPercentage": -1.4744154878179672, "buyPrice": 0.149072, "sellPrice": 0.1, "batteryLevel": -147.4415487817967, "maxBatteryForMonth": 100, "Temperature": 14.8, "ratioPc": "noData"}