{"bought": 314.98, "sold": 48.63, "Time_string": "Last update at 15:33 - 15/08/2024", "produce": 4.766, "consumption": 4.786, "ratioPC": -2.0340000000000007, "maxBatteryPerDay": 8.75, "maxAtThisDay": 100, "batteryLevelPercentage": -2.823581796715681, "buyPrice": 0.149072, "sellPrice": 0.1, "batteryLevel": -282.3581796715681, "maxBatteryForMonth": 100, "Temperature": 35.5, "ratioPc": "noData"}