{"bought": 313.12, "sold": 397.3, "Time_string": "Last update at 13:23 - 28/09/2024", "produce": 4.664, "consumption": 0.226, "ratioPC": 4.276000000000001, "maxBatteryPerDay": 8.75, "maxAtThisDay": 100, "batteryLevelPercentage": -0.4660449071589568, "buyPrice": 0.149072, "sellPrice": 0.1, "batteryLevel": -46.60449071589568, "maxBatteryForMonth": 100, "Temperature": 25.8, "ratioPc": "noData"}