{"bought": 213.34, "sold": 374.79, "Time_string": "Last update at 00:20 - 27/06/2023", "produce": 0.0, "consumption": 0.149, "buyPrice": 0.149072, "sellPrice": 0.1, "batteryLevel": 38.075423419555676, "maxBatteryPerDay": 8.75, "batteryLevelPercentage": 0.38075423419555676, "maxAtThisDay": 100, "ratioPC": -0.149, "maxBatteryForMonth": 100, "ratioPc": "noData"}