{"bought": 158.64, "sold": 77.77, "Time_string": "Last update at 16:50 - 16/01/2024", "produce": 0.094, "consumption": 0.363, "ratioPC": -0.264, "maxBatteryPerDay": 8.75, "maxAtThisDay": 100, "batteryLevelPercentage": -1.0647057851239667, "buyPrice": 0.149072, "sellPrice": 0.1, "batteryLevel": -106.47057851239668, "maxBatteryForMonth": 100, "Temperature": 17.2, "ratioPc": "noData"}