{"bought": 230.72, "sold": 343.91, "Time_string": "Last update at 19:11 - 20/06/2024", "produce": 0.759, "consumption": 0.173, "ratioPC": 0.991, "maxBatteryPerDay": 8.75, "maxAtThisDay": 100, "batteryLevelPercentage": -0.00019398948159249585, "buyPrice": 0.149072, "sellPrice": 0.1, "batteryLevel": -0.019398948159249585, "maxBatteryForMonth": 100, "Temperature": 23.8, "ratioPc": "noData"}