{"bought": 333.0, "sold": 366.12, "Time_string": "Last update at 17:30 - 29/10/2024", "produce": 0.027, "consumption": 0.209, "ratioPC": -0.24100000000000002, "maxBatteryPerDay": 8.75, "maxAtThisDay": 100, "batteryLevelPercentage": -0.874005581195664, "buyPrice": 0.149072, "sellPrice": 0.1, "batteryLevel": -87.4005581195664, "maxBatteryForMonth": 100, "Temperature": 17.0, "ratioPc": "noData"}