{"bought": 71.92, "sold": 218.49, "Time_string": "Last update at 20:42 - 10/05/2024", "produce": 0.165, "consumption": 0.327, "ratioPC": -0.138, "maxBatteryPerDay": 8.75, "maxAtThisDay": 87.5, "batteryLevelPercentage": 0.8531058249896505, "buyPrice": 0.149072, "sellPrice": 0.1, "batteryLevel": 74.64675968659442, "maxBatteryForMonth": 100, "Temperature": 27.6, "ratioPc": "noData"}