{"bought": 23.71, "sold": 33.68, "Time_string": "Last update at 20:42 - 03/08/2023", "produce": 0.135, "consumption": 1.013, "ratioPC": -0.8779999999999999, "maxBatteryPerDay": 8.75, "maxAtThisDay": 10, "batteryLevelPercentage": -0.11168906300311257, "buyPrice": 0.149072, "sellPrice": 0.1, "batteryLevel": -1.1168906300311257, "maxBatteryForMonth": 10, "Temperature": 32.9, "ratioPc": "noData"}