{"bought": 30.85, "sold": 14.45, "Time_string": "Last update at 21:35 - 02/06/2024", "produce": 0.0, "consumption": 0.31, "ratioPC": -0.29800000000000004, "maxBatteryPerDay": 8.75, "maxAtThisDay": 17.5, "batteryLevelPercentage": -1.208954139131235, "buyPrice": 0.149072, "sellPrice": 0.1, "batteryLevel": -21.156697434796612, "maxBatteryForMonth": 100, "Temperature": 27.8, "ratioPc": "noData"}