{"bought": 150.42, "sold": 238.05, "Time_string": "Last update at 22:59 - 15/09/2024", "produce": 0.0, "consumption": 0.099, "ratioPC": -0.097, "maxBatteryPerDay": 8.75, "maxAtThisDay": 100, "batteryLevelPercentage": 0.09267936030911272, "buyPrice": 0.149072, "sellPrice": 0.1, "batteryLevel": 9.267936030911272, "maxBatteryForMonth": 100, "Temperature": 25.0, "ratioPc": "noData"}