{"bought": 228.48, "sold": 379.0, "Time_string": "Last update at 23:28 - 27/06/2023", "produce": 0.0, "consumption": 2.938, "buyPrice": 0.149072, "sellPrice": 0.1, "batteryLevel": 25.75956209080175, "maxBatteryPerDay": 8.75, "batteryLevelPercentage": 0.2575956209080175, "maxAtThisDay": 100, "ratioPC": -2.938, "maxBatteryForMonth": 100, "ratioPc": "noData"}