{"bought": 236.43, "sold": 386.81, "Time_string": "Last update at 01:51 - 29/06/2023", "produce": 0.0, "consumption": 0.196, "buyPrice": 0.149072, "sellPrice": 0.1, "batteryLevel": 23.048641193517255, "maxBatteryPerDay": 8.75, "batteryLevelPercentage": 0.23048641193517255, "maxAtThisDay": 100, "ratioPC": -0.196, "maxBatteryForMonth": 100, "ratioPc": "noData"}