{"bought": 105.43, "sold": 533.93, "Time_string": "Last update at 18:18 - 27/09/2023", "produce": 2.651, "consumption": 0.236, "ratioPC": 2.415, "maxBatteryPerDay": 8.75, "maxAtThisDay": 10, "batteryLevelPercentage": 25.273920682623157, "buyPrice": 0.149072, "sellPrice": 0.1, "batteryLevel": 252.73920682623157, "maxBatteryForMonth": 10, "Temperature": 31.7, "ratioPc": "noData"}