{"bought": 196.01, "sold": 500.38, "Time_string": "Last update at 03:59 - 22/05/2024", "produce": 0.0, "consumption": 0.219, "ratioPC": -0.157, "maxBatteryPerDay": 8.75, "maxAtThisDay": 100, "batteryLevelPercentage": 1.3965330363851023, "buyPrice": 0.149072, "sellPrice": 0.1, "batteryLevel": 139.65330363851024, "maxBatteryForMonth": 100, "Temperature": 15.0, "ratioPc": "noData"}