{"bought": 137.29, "sold": 137.69, "Time_string": "Last update at 12:17 - 20/12/2023", "produce": 1.018, "consumption": 0.298, "ratioPC": 0.15700000000000003, "maxBatteryPerDay": 8.75, "maxAtThisDay": 100, "batteryLevelPercentage": -0.4492523666416228, "buyPrice": 0.149072, "sellPrice": 0.1, "batteryLevel": -44.925236664162284, "maxBatteryForMonth": 100, "Temperature": 10.6, "ratioPc": "noData"}