{"bought": 445.95, "sold": 67.29, "Time_string": "Last update at 13:27 - 20/08/2024", "produce": 4.308, "consumption": 5.163, "ratioPC": -1.7700000000000005, "maxBatteryPerDay": 8.75, "maxAtThisDay": 100, "batteryLevelPercentage": -4.008107384351186, "buyPrice": 0.149072, "sellPrice": 0.1, "batteryLevel": -400.8107384351186, "maxBatteryForMonth": 100, "Temperature": 31.9, "ratioPc": "noData"}