{"bought": 141.41, "sold": 353.97, "Time_string": "Last update at 03:23 - 23/06/2023", "produce": 0.0, "consumption": 0.123, "ratioPc": "noData", "buyPrice": 0.149072, "sellPrice": 0.1, "batteryLevel": 96.03901792422457, "maxBatteryPerDay": 8.75, "batteryLevelPercentage": 0.4772125114247183, "maxAtThisDay": 201.25, "ratioPC": -0.123}