{"bought": 181.88, "sold": 351.48, "Time_string": "Last update at 19:23 - 16/05/2024", "produce": 0.667, "consumption": 0.203, "ratioPC": 2.117, "maxBatteryPerDay": 8.75, "maxAtThisDay": 100, "batteryLevelPercentage": 0.5389868412579156, "buyPrice": 0.149072, "sellPrice": 0.1, "batteryLevel": 53.89868412579156, "maxBatteryForMonth": 100, "Temperature": 21.0, "ratioPc": "noData"}