{"bought": 129.77, "sold": 129.42, "Time_string": "Last update at 12:59 - 19/12/2023", "produce": 4.368, "consumption": 4.785, "ratioPC": -0.46800000000000086, "maxBatteryPerDay": 8.75, "maxAtThisDay": 100, "batteryLevelPercentage": -0.42952891488676626, "buyPrice": 0.149072, "sellPrice": 0.1, "batteryLevel": -42.95289148867663, "maxBatteryForMonth": 100, "Temperature": 13.0, "ratioPc": "noData"}