{"bought": 116.06, "sold": 218.37, "Time_string": "Last update at 14:58 - 14/06/2024", "produce": 4.737, "consumption": 0.262, "ratioPC": 4.429, "maxBatteryPerDay": 8.75, "maxAtThisDay": 100, "batteryLevelPercentage": 0.3042626167221209, "buyPrice": 0.149072, "sellPrice": 0.1, "batteryLevel": 30.426261672212092, "maxBatteryForMonth": 100, "Temperature": 33.0, "ratioPc": "noData"}