{"bought": 275.45, "sold": 307.84, "Time_string": "Last update at 10:41 - 24/10/2024", "produce": 1.002, "consumption": 0.148, "ratioPC": -0.3500000000000001, "maxBatteryPerDay": 8.75, "maxAtThisDay": 100, "batteryLevelPercentage": -0.689457604379092, "buyPrice": 0.149072, "sellPrice": 0.1, "batteryLevel": -68.9457604379092, "maxBatteryForMonth": 100, "Temperature": 19.7, "ratioPc": "noData"}