{"bought": 112.62, "sold": 195.67, "Time_string": "Last update at 15:32 - 13/06/2024", "produce": 4.845, "consumption": 1.092, "ratioPC": 3.792, "maxBatteryPerDay": 8.75, "maxAtThisDay": 100, "batteryLevelPercentage": 0.18638720618224738, "buyPrice": 0.149072, "sellPrice": 0.1, "batteryLevel": 18.63872061822474, "maxBatteryForMonth": 100, "Temperature": 30.5, "ratioPc": "noData"}