{"bought": 81.89, "sold": 131.92, "Time_string": "Last update at 11:53 - 10/11/2024", "produce": 4.055, "consumption": 0.299, "ratioPC": 3.522, "maxBatteryPerDay": 8.75, "maxAtThisDay": 87.5, "batteryLevelPercentage": 0.07547600545853193, "buyPrice": 0.149072, "sellPrice": 0.1, "batteryLevel": 6.604150477621545, "maxBatteryForMonth": 100, "Temperature": 19.8, "ratioPc": "noData"}