{"bought": 200.2, "sold": 260.5, "Time_string": "Last update at 18:58 - 17/09/2024", "produce": 0.476, "consumption": 0.759, "ratioPC": -0.621, "maxBatteryPerDay": 8.75, "maxAtThisDay": 100, "batteryLevelPercentage": -0.25452227111731246, "buyPrice": 0.149072, "sellPrice": 0.1, "batteryLevel": -25.452227111731247, "maxBatteryForMonth": 100, "Temperature": 26.1, "ratioPc": "noData"}