{"bought": 230.83, "sold": 379.0, "Time_string": "Last update at 04:40 - 28/06/2023", "produce": 0.0, "consumption": 0.191, "buyPrice": 0.149072, "sellPrice": 0.1, "batteryLevel": 23.409562090801728, "maxBatteryPerDay": 8.75, "batteryLevelPercentage": 0.23409562090801728, "maxAtThisDay": 100, "ratioPC": -0.191, "maxBatteryForMonth": 100, "ratioPc": "noData"}