{"bought": 102.43, "sold": 513.12, "Time_string": "Last update at 18:23 - 26/09/2023", "produce": 2.205, "consumption": 0.151, "ratioPC": 2.0540000000000003, "maxBatteryPerDay": 8.75, "maxAtThisDay": 10, "batteryLevelPercentage": 24.17795094987657, "buyPrice": 0.149072, "sellPrice": 0.1, "batteryLevel": 241.77950949876572, "maxBatteryForMonth": 10, "Temperature": 30.6, "ratioPc": "noData"}