{"bought": 33.96, "sold": 3.87, "Time_string": "Last update at 11:06 - 03/01/2024", "produce": 2.601, "consumption": 3.258, "ratioPC": -0.8380000000000001, "maxBatteryPerDay": 8.75, "maxAtThisDay": 26.25, "batteryLevelPercentage": -1.1948167251874455, "buyPrice": 0.149072, "sellPrice": 0.1, "batteryLevel": -31.363939036170443, "maxBatteryForMonth": 100, "Temperature": 11.3, "ratioPc": "noData"}