{"bought": 230.82, "sold": 627.03, "Time_string": "Last update at 21:23 - 26/05/2024", "produce": 0.064, "consumption": 0.334, "ratioPC": -0.253, "maxBatteryPerDay": 8.75, "maxAtThisDay": 100, "batteryLevelPercentage": 1.8980224965117527, "buyPrice": 0.149072, "sellPrice": 0.1, "batteryLevel": 189.80224965117526, "maxBatteryForMonth": 100, "Temperature": 28.2, "ratioPc": "noData"}