{"bought": 263.06, "sold": 207.68, "Time_string": "Last update at 14:31 - 23/08/2023", "produce": 4.561, "consumption": 3.582, "ratioPC": 0.9790000000000001, "maxBatteryPerDay": 8.75, "maxAtThisDay": 10, "batteryLevelPercentage": -12.374476977567886, "buyPrice": 0.149072, "sellPrice": 0.1, "batteryLevel": -123.74476977567886, "maxBatteryForMonth": 10, "Temperature": 39.5, "ratioPc": "noData"}