{"bought": 111.68, "sold": 43.91, "Time_string": "Last update at 18:23 - 10/01/2024", "produce": 0.029, "consumption": 0.169, "ratioPC": -0.12400000000000001, "maxBatteryPerDay": 8.75, "maxAtThisDay": 87.5, "batteryLevelPercentage": -0.939707827473589, "buyPrice": 0.149072, "sellPrice": 0.1, "batteryLevel": -82.22443490393904, "maxBatteryForMonth": 100, "Temperature": 11.6, "ratioPc": "noData"}