{"bought": 235.57, "sold": 672.49, "Time_string": "Last update at 17:19 - 28/05/2024", "produce": 3.918, "consumption": 3.624, "ratioPC": 0.2400000000000002, "maxBatteryPerDay": 8.75, "maxAtThisDay": 100, "batteryLevelPercentage": 2.1554758076634113, "buyPrice": 0.149072, "sellPrice": 0.1, "batteryLevel": 215.54758076634113, "maxBatteryForMonth": 100, "Temperature": 33.0, "ratioPc": "noData"}