{"bought": 107.37, "sold": 155.32, "Time_string": "Last update at 20:56 - 11/06/2024", "produce": 0.228, "consumption": 0.234, "ratioPC": -0.057999999999999996, "maxBatteryPerDay": 8.75, "maxAtThisDay": 96.25, "batteryLevelPercentage": -0.033025836029378, "buyPrice": 0.149072, "sellPrice": 0.1, "batteryLevel": -3.1787367178276327, "maxBatteryForMonth": 100, "Temperature": 23.1, "ratioPc": "noData"}