{"bought": 215.95, "sold": 281.82, "Time_string": "Last update at 23:42 - 19/09/2024", "produce": 0.0, "consumption": 0.101, "ratioPC": -0.137, "maxBatteryPerDay": 8.75, "maxAtThisDay": 100, "batteryLevelPercentage": -0.26900413223140474, "buyPrice": 0.149072, "sellPrice": 0.1, "batteryLevel": -26.900413223140475, "maxBatteryForMonth": 100, "Temperature": 20.3, "ratioPc": "noData"}