{"bought": 169.25, "sold": 185.4, "Time_string": "Last update at 11:34 - 17/07/2023", "produce": 2.842, "consumption": 2.698, "buyPrice": 0.149072, "sellPrice": 0.1, "batteryLevel": -44.8805677793281, "maxBatteryPerDay": 8.75, "batteryLevelPercentage": -4.48805677793281, "maxAtThisDay": 10, "ratioPC": 0.14400000000000013, "maxBatteryForMonth": 10, "ratioPc": "noData"}