{"bought": 110.32, "sold": 179.27, "Time_string": "Last update at 21:48 - 12/06/2024", "produce": 0.015, "consumption": 0.227, "ratioPC": -0.23800000000000002, "maxBatteryPerDay": 8.75, "maxAtThisDay": 100, "batteryLevelPercentage": 0.09937325319308812, "buyPrice": 0.149072, "sellPrice": 0.1, "batteryLevel": 9.937325319308812, "maxBatteryForMonth": 100, "Temperature": 23.4, "ratioPc": "noData"}