{"bought": 208.01, "sold": 576.19, "Time_string": "Last update at 15:13 - 24/05/2024", "produce": 4.856, "consumption": 0.313, "ratioPC": 4.674, "maxBatteryPerDay": 8.75, "maxAtThisDay": 100, "batteryLevelPercentage": 1.7850792422453583, "buyPrice": 0.149072, "sellPrice": 0.1, "batteryLevel": 178.50792422453583, "maxBatteryForMonth": 100, "Temperature": 30.0, "ratioPc": "noData"}