{"bought": 129.29, "sold": 66.12, "Time_string": "Last update at 12:23 - 13/01/2024", "produce": 0.959, "consumption": 0.224, "ratioPC": 0.774, "maxBatteryPerDay": 8.75, "maxAtThisDay": 100, "batteryLevelPercentage": -0.8493559407534613, "buyPrice": 0.149072, "sellPrice": 0.1, "batteryLevel": -84.93559407534613, "maxBatteryForMonth": 100, "Temperature": 13.4, "ratioPc": "noData"}