{"bought": 301.52, "sold": 381.03, "Time_string": "Last update at 18:30 - 25/06/2024", "produce": 2.95, "consumption": 3.485, "ratioPC": -0.5510000000000002, "maxBatteryPerDay": 8.75, "maxAtThisDay": 100, "batteryLevelPercentage": -0.45918679832564124, "buyPrice": 0.149072, "sellPrice": 0.1, "batteryLevel": -45.91867983256412, "maxBatteryForMonth": 100, "Temperature": 33.5, "ratioPc": "noData"}