{"bought": 462.92, "sold": 69.66, "Time_string": "Last update at 16:13 - 21/08/2024", "produce": 4.0, "consumption": 4.286, "ratioPC": 0.36300000000000043, "maxBatteryPerDay": 8.75, "maxAtThisDay": 100, "batteryLevelPercentage": -4.1619090265106795, "buyPrice": 0.149072, "sellPrice": 0.1, "batteryLevel": -416.190902651068, "maxBatteryForMonth": 100, "Temperature": 35.8, "ratioPc": "noData"}