{"bought": 187.03, "sold": 405.36, "Time_string": "Last update at 16:31 - 18/05/2024", "produce": 4.457, "consumption": 0.209, "ratioPC": 4.426, "maxBatteryPerDay": 8.75, "maxAtThisDay": 100, "batteryLevelPercentage": 0.8489229258344957, "buyPrice": 0.149072, "sellPrice": 0.1, "batteryLevel": 84.89229258344957, "maxBatteryForMonth": 100, "Temperature": 26.0, "ratioPc": "noData"}