{"bought": 522.1, "sold": 86.78, "Time_string": "Last update at 15:48 - 24/08/2024", "produce": 4.542, "consumption": 4.041, "ratioPC": 0.02799999999999958, "maxBatteryPerDay": 8.75, "maxAtThisDay": 100, "batteryLevelPercentage": -4.6388651926585815, "buyPrice": 0.149072, "sellPrice": 0.1, "batteryLevel": -463.8865192658581, "maxBatteryForMonth": 100, "Temperature": 36.8, "ratioPc": "noData"}