{"bought": 68.64, "sold": 24.43, "Time_string": "Last update at 10:44 - 07/01/2024", "produce": 1.18, "consumption": 4.537, "ratioPC": -3.5744000000000002, "maxBatteryPerDay": 8.75, "maxAtThisDay": 61.25, "batteryLevelPercentage": -0.8530929943728055, "buyPrice": 0.149072, "sellPrice": 0.1, "batteryLevel": -52.25194590533434, "maxBatteryForMonth": 100, "Temperature": 6.5, "ratioPc": "noData"}