{"bought": 645.5, "sold": 98.24, "Time_string": "Last update at 12:48 - 29/08/2024", "produce": 1.163, "consumption": 2.48, "ratioPC": -0.9450000000000001, "maxBatteryPerDay": 8.75, "maxAtThisDay": 100, "batteryLevelPercentage": -5.795989588923473, "buyPrice": 0.149072, "sellPrice": 0.1, "batteryLevel": -579.5989588923474, "maxBatteryForMonth": 100, "Temperature": 26.8, "ratioPc": "noData"}