{"bought": 66.87, "sold": 240.56, "Time_string": "Last update at 20:58 - 14/06/2023", "produce": 0.123, "consumption": 1.062, "ratioPc": null, "buyPrice": 0.149072, "sellPrice": 0.1, "batteryLevel": 94.50168616507457, "maxBatteryPerDay": 8.75, "batteryLevelPercentage": 0.7714423360414251, "maxAtThisDay": 122.5, "ratioPC": -0.9390000000000001}