{"bought": 96.23, "sold": 201.7, "Time_string": "Last update at 18:47 - 12/09/2024", "produce": 2.039, "consumption": 1.593, "ratioPC": 0.6619999999999999, "maxBatteryPerDay": 8.75, "maxAtThisDay": 100, "batteryLevelPercentage": 0.39073745840935925, "buyPrice": 0.149072, "sellPrice": 0.1, "batteryLevel": 39.07374584093593, "maxBatteryForMonth": 100, "Temperature": 31.4, "ratioPc": "noData"}