{"bought": 122.89, "sold": 300.79, "Time_string": "Last update at 06:30 - 20/06/2023", "produce": 0.0, "consumption": 0.244, "ratioPc": "noData", "buyPrice": 0.149072, "sellPrice": 0.1, "batteryLevel": 78.88498121713, "maxBatteryPerDay": 8.75, "batteryLevelPercentage": 0.4507713212407429, "maxAtThisDay": 175.0, "ratioPC": -0.244}