{"bought": 169.36, "sold": 185.73, "Time_string": "Last update at 13:21 - 17/07/2023", "produce": 4.125, "consumption": 4.1, "buyPrice": 0.149072, "sellPrice": 0.1, "batteryLevel": -44.76919823977677, "maxBatteryPerDay": 8.75, "batteryLevelPercentage": -4.476919823977677, "maxAtThisDay": 10, "ratioPC": 0.025000000000000355, "maxBatteryForMonth": 10, "ratioPc": "noData"}