{"bought": 122.59, "sold": 247.38, "Time_string": "Last update at 10:23 - 16/06/2024", "produce": 1.426, "consumption": 0.188, "ratioPC": 0.08999999999999986, "maxBatteryPerDay": 8.75, "maxAtThisDay": 100, "batteryLevelPercentage": 0.4335665664913597, "buyPrice": 0.149072, "sellPrice": 0.1, "batteryLevel": 43.35665664913597, "maxBatteryForMonth": 100, "Temperature": 22.8, "ratioPc": "noData"}