{"bought": 226.95, "sold": 320.64, "Time_string": "Last update at 10:32 - 20/06/2024", "produce": 1.688, "consumption": 0.929, "ratioPC": 0.594, "maxBatteryPerDay": 8.75, "maxAtThisDay": 100, "batteryLevelPercentage": -0.11859305570462596, "buyPrice": 0.149072, "sellPrice": 0.1, "batteryLevel": -11.859305570462595, "maxBatteryForMonth": 100, "Temperature": 18.1, "ratioPc": "noData"}