{"bought": 42.35, "sold": 92.96, "Time_string": "Last update at 20:45 - 06/09/2024", "produce": 0.02, "consumption": 3.1, "ratioPC": -0.20400000000000001, "maxBatteryPerDay": 8.75, "maxAtThisDay": 52.5, "batteryLevelPercentage": 0.38112625666344657, "buyPrice": 0.149072, "sellPrice": 0.1, "batteryLevel": 20.009128474830945, "maxBatteryForMonth": 100, "Temperature": 26.5, "ratioPc": "noData"}