{"bought": 64.75, "sold": 107.94, "Time_string": "Last update at 07:56 - 08/07/2023", "produce": 0.113, "consumption": 0.222, "buyPrice": 0.149072, "sellPrice": 0.1, "batteryLevel": 7.6579639368895585, "maxBatteryPerDay": 8.75, "batteryLevelPercentage": 0.7657963936889558, "maxAtThisDay": 10, "ratioPC": -0.109, "maxBatteryForMonth": 10, "ratioPc": "noData"}