{"bought": 217.75, "sold": 192.69, "Time_string": "Last update at 16:09 - 27/12/2023", "produce": 1.655, "consumption": 5.459, "ratioPC": -2.9659999999999997, "maxBatteryPerDay": 8.75, "maxAtThisDay": 100, "batteryLevelPercentage": -0.8849031340560265, "buyPrice": 0.149072, "sellPrice": 0.1, "batteryLevel": -88.49031340560265, "maxBatteryForMonth": 100, "Temperature": 15.8, "ratioPc": "noData"}