{"bought": 81.46, "sold": 359.5, "Time_string": "Last update at 12:19 - 20/09/2023", "produce": 3.852, "consumption": 0.894, "ratioPC": 2.9579999999999997, "maxBatteryPerDay": 8.75, "maxAtThisDay": 10, "batteryLevelPercentage": 15.969863475367607, "buyPrice": 0.149072, "sellPrice": 0.1, "batteryLevel": 159.69863475367606, "maxBatteryForMonth": 10, "Temperature": 24.3, "ratioPc": "noData"}