{"bought": 93.19, "sold": 138.04, "Time_string": "Last update at 22:31 - 10/07/2023", "produce": 0.0, "consumption": 1.248, "buyPrice": 0.149072, "sellPrice": 0.1, "batteryLevel": -0.5904507888805455, "maxBatteryPerDay": 8.75, "batteryLevelPercentage": -0.05904507888805455, "maxAtThisDay": 10, "ratioPC": -1.248, "maxBatteryForMonth": 10, "ratioPc": "noData"}