{"bought": 110.25, "sold": 179.27, "Time_string": "Last update at 21:29 - 12/06/2024", "produce": 0.047, "consumption": 0.322, "ratioPC": -0.199, "maxBatteryPerDay": 8.75, "maxAtThisDay": 100, "batteryLevelPercentage": 0.10007325319308805, "buyPrice": 0.149072, "sellPrice": 0.1, "batteryLevel": 10.007325319308805, "maxBatteryForMonth": 100, "Temperature": 24.0, "ratioPc": "noData"}