{"bought": 65.81, "sold": 275.52, "Time_string": "Last update at 19:58 - 15/09/2023", "produce": 0.205, "consumption": 0.266, "ratioPC": -0.061000000000000026, "maxBatteryPerDay": 8.75, "maxAtThisDay": 10, "batteryLevelPercentage": 11.901344102178811, "buyPrice": 0.149072, "sellPrice": 0.1, "batteryLevel": 119.01344102178811, "maxBatteryForMonth": 10, "Temperature": 25.0, "ratioPc": "noData"}