{"bought": 202.64, "sold": 534.29, "Time_string": "Last update at 11:33 - 23/05/2024", "produce": 3.517, "consumption": 7.663, "ratioPC": -4.843999999999999, "maxBatteryPerDay": 8.75, "maxAtThisDay": 100, "batteryLevelPercentage": 1.5577070086937856, "buyPrice": 0.149072, "sellPrice": 0.1, "batteryLevel": 155.77070086937857, "maxBatteryForMonth": 100, "Temperature": 24.1, "ratioPc": "noData"}