{"bought": 353.92, "sold": 225.45, "Time_string": "Last update at 14:06 - 27/08/2023", "produce": 4.646, "consumption": 0.415, "ratioPC": 4.231, "maxBatteryPerDay": 8.75, "maxAtThisDay": 10, "batteryLevelPercentage": -20.268435547923154, "buyPrice": 0.149072, "sellPrice": 0.1, "batteryLevel": -202.68435547923153, "maxBatteryForMonth": 10, "Temperature": 29.1, "ratioPc": "noData"}