{"bought": 256.78, "sold": 326.54, "Time_string": "Last update at 18:25 - 23/09/2024", "produce": 2.895, "consumption": 0.178, "ratioPC": 1.924, "maxBatteryPerDay": 8.75, "maxAtThisDay": 100, "batteryLevelPercentage": -0.37731486529998903, "buyPrice": 0.149072, "sellPrice": 0.1, "batteryLevel": -37.731486529998904, "maxBatteryForMonth": 100, "Temperature": 26.2, "ratioPc": "noData"}