{"bought": 253.92, "sold": 309.67, "Time_string": "Last update at 21:20 - 22/09/2024", "produce": 0.0, "consumption": 0.334, "ratioPC": -0.232, "maxBatteryPerDay": 8.75, "maxAtThisDay": 100, "batteryLevelPercentage": -0.46188165718578916, "buyPrice": 0.149072, "sellPrice": 0.1, "batteryLevel": -46.188165718578915, "maxBatteryForMonth": 100, "Temperature": 21.7, "ratioPc": "noData"}