{"bought": 71.44, "sold": 116.34, "Time_string": "Last update at 00:19 - 09/11/2024", "produce": 0.0, "consumption": 0.252, "ratioPC": -0.214, "maxBatteryPerDay": 8.75, "maxAtThisDay": 78.75, "batteryLevelPercentage": 0.08384539610985885, "buyPrice": 0.149072, "sellPrice": 0.1, "batteryLevel": 6.602824943651385, "maxBatteryForMonth": 100, "Temperature": 16.3, "ratioPc": "noData"}