{"bought": 358.25, "sold": 58.34, "Time_string": "Last update at 12:18 - 18/08/2024", "produce": 3.628, "consumption": 8.042, "ratioPC": -3.517, "maxBatteryPerDay": 8.75, "maxAtThisDay": 100, "batteryLevelPercentage": -3.1911454867446607, "buyPrice": 0.149072, "sellPrice": 0.1, "batteryLevel": -319.11454867446605, "maxBatteryForMonth": 100, "Temperature": 34.6, "ratioPc": "noData"}