{"bought": 119.11, "sold": 285.37, "Time_string": "Last update at 08:18 - 19/06/2023", "produce": 0.342, "consumption": 1.092, "ratioPc": "noData", "buyPrice": 0.149072, "sellPrice": 0.1, "batteryLevel": 72.32098636900291, "maxBatteryPerDay": 8.75, "batteryLevelPercentage": 0.4350134518436265, "maxAtThisDay": 166.25, "ratioPC": -0.75}