{"bought": 181.92, "sold": 172.71, "Time_string": "Last update at 10:41 - 25/12/2023", "produce": 2.074, "consumption": 2.276, "ratioPC": -0.2469999999999999, "maxBatteryPerDay": 8.75, "maxAtThisDay": 100, "batteryLevelPercentage": -0.6606323280025758, "buyPrice": 0.149072, "sellPrice": 0.1, "batteryLevel": -66.06323280025758, "maxBatteryForMonth": 100, "Temperature": 6.7, "ratioPc": "noData"}