{"bought": 66.37, "sold": 137.89, "Time_string": "Last update at 18:58 - 09/09/2024", "produce": 2.084, "consumption": 0.229, "ratioPC": 1.8320000000000003, "maxBatteryPerDay": 8.75, "maxAtThisDay": 78.75, "batteryLevelPercentage": 0.3317958945160832, "buyPrice": 0.149072, "sellPrice": 0.1, "batteryLevel": 26.12892669314155, "maxBatteryForMonth": 100, "Temperature": 26.1, "ratioPc": "noData"}