{"bought": 522.21, "sold": 87.82, "Time_string": "Last update at 17:24 - 24/08/2024", "produce": 3.753, "consumption": 3.06, "ratioPC": 0.702, "maxBatteryPerDay": 8.75, "maxAtThisDay": 100, "batteryLevelPercentage": -4.6329886980787816, "buyPrice": 0.149072, "sellPrice": 0.1, "batteryLevel": -463.29886980787813, "maxBatteryForMonth": 100, "Temperature": 36.6, "ratioPc": "noData"}