{"bought": 137.12, "sold": 185.47, "Time_string": "Last update at 10:41 - 14/11/2024", "produce": 0.03, "consumption": 0.169, "ratioPC": -0.091, "maxBatteryPerDay": 8.75, "maxAtThisDay": 100, "batteryLevelPercentage": -0.12703610604271773, "buyPrice": 0.149072, "sellPrice": 0.1, "batteryLevel": -12.703610604271773, "maxBatteryForMonth": 100, "Temperature": 13.7, "ratioPc": "noData"}