{"bought": 223.54, "sold": 265.04, "Time_string": "Last update at 17:18 - 21/10/2024", "produce": 2.991, "consumption": 0.198, "ratioPC": 2.962, "maxBatteryPerDay": 8.75, "maxAtThisDay": 100, "batteryLevelPercentage": -0.4574671890093376, "buyPrice": 0.149072, "sellPrice": 0.1, "batteryLevel": -45.74671890093376, "maxBatteryForMonth": 100, "Temperature": 25.7, "ratioPc": "noData"}