{"bought": 137.08, "sold": 68.5, "Time_string": "Last update at 12:08 - 14/01/2024", "produce": 3.028, "consumption": 2.826, "ratioPC": 0.29200000000000026, "maxBatteryPerDay": 8.75, "maxAtThisDay": 100, "batteryLevelPercentage": -0.911290501234303, "buyPrice": 0.149072, "sellPrice": 0.1, "batteryLevel": -91.1290501234303, "maxBatteryForMonth": 100, "Temperature": 14.5, "ratioPc": "noData"}