{"bought": 123.25, "sold": 572.02, "Time_string": "Last update at 14:36 - 30/09/2023", "produce": 4.808, "consumption": 3.399, "ratioPC": 1.4089999999999998, "maxBatteryPerDay": 8.75, "maxAtThisDay": 10, "batteryLevelPercentage": 26.04706182247504, "buyPrice": 0.149072, "sellPrice": 0.1, "batteryLevel": 260.4706182247504, "maxBatteryForMonth": 10, "Temperature": 34.6, "ratioPc": "noData"}