{"bought": 115.19, "sold": 152.5, "Time_string": "Last update at 20:38 - 12/07/2023", "produce": 0.128, "consumption": 1.171, "buyPrice": 0.149072, "sellPrice": 0.1, "batteryLevel": -12.890440055811965, "maxBatteryPerDay": 8.75, "batteryLevelPercentage": -1.2890440055811965, "maxAtThisDay": 10, "ratioPC": -1.0430000000000001, "maxBatteryForMonth": 10, "ratioPc": "noData"}