{"bought": 63.08, "sold": 45.98, "Time_string": "Last update at 16:57 - 05/06/2024", "produce": 3.824, "consumption": 2.178, "ratioPC": 1.8859999999999997, "maxBatteryPerDay": 8.75, "maxAtThisDay": 43.75, "batteryLevelPercentage": -0.7368192949907235, "buyPrice": 0.149072, "sellPrice": 0.1, "batteryLevel": -32.235844155844156, "maxBatteryForMonth": 100, "Temperature": 35.0, "ratioPc": "noData"}