{"bought": 109.11, "sold": 155.33, "Time_string": "Last update at 03:17 - 12/06/2024", "produce": 0.0, "consumption": 0.118, "ratioPC": -0.158, "maxBatteryPerDay": 8.75, "maxAtThisDay": 100, "batteryLevelPercentage": -0.049120285499624286, "buyPrice": 0.149072, "sellPrice": 0.1, "batteryLevel": -4.912028549962429, "maxBatteryForMonth": 100, "Temperature": 18.0, "ratioPc": "noData"}