{"bought": 233.78, "sold": 344.96, "Time_string": "Last update at 08:21 - 21/06/2024", "produce": 0.173, "consumption": 0.17, "ratioPC": -0.016999999999999987, "maxBatteryPerDay": 8.75, "maxAtThisDay": 100, "batteryLevelPercentage": -0.02375041322314047, "buyPrice": 0.149072, "sellPrice": 0.1, "batteryLevel": -2.375041322314047, "maxBatteryForMonth": 100, "Temperature": 16.1, "ratioPc": "noData"}