{"bought": 153.83, "sold": 94.23, "Time_string": "Last update at 15:57 - 13/08/2023", "produce": 4.716, "consumption": 3.756, "ratioPC": 0.9600000000000004, "maxBatteryPerDay": 8.75, "maxAtThisDay": 10, "batteryLevelPercentage": -9.061893420628959, "buyPrice": 0.149072, "sellPrice": 0.1, "batteryLevel": -90.6189342062896, "maxBatteryForMonth": 10, "Temperature": 38.0, "ratioPc": "noData"}