{"bought": 128.82, "sold": 144.33, "Time_string": "Last update at 18:30 - 11/10/2024", "produce": 0.337, "consumption": 0.266, "ratioPC": 0.15599999999999997, "maxBatteryPerDay": 8.75, "maxAtThisDay": 96.25, "batteryLevelPercentage": -0.3324780592381751, "buyPrice": 0.149072, "sellPrice": 0.1, "batteryLevel": -32.001013201674354, "maxBatteryForMonth": 100, "Temperature": 20.0, "ratioPc": "noData"}