{"bought": 83.98, "sold": 258.73, "Time_string": "Last update at 18:15 - 16/10/2023", "produce": 0.709, "consumption": 0.249, "ratioPC": 0.45999999999999996, "maxBatteryPerDay": 8.75, "maxAtThisDay": 10, "batteryLevelPercentage": 8.958042717612967, "buyPrice": 0.149072, "sellPrice": 0.1, "batteryLevel": 89.58042717612967, "maxBatteryForMonth": 10, "Temperature": 24.8, "ratioPc": "noData"}