{"bought": 183.19, "sold": 370.91, "Time_string": "Last update at 18:52 - 25/06/2023", "produce": 2.189, "consumption": 4.179, "ratioPc": "noData", "buyPrice": 0.149072, "sellPrice": 0.1, "batteryLevel": 65.62265428786088, "maxBatteryPerDay": 8.75, "batteryLevelPercentage": 0.29998927674450687, "maxAtThisDay": 218.75, "ratioPC": -1.9900000000000002}