{"bought": 92.56, "sold": 445.39, "Time_string": "Last update at 19:12 - 23/09/2023", "produce": 1.238, "consumption": 0.83, "ratioPC": 0.40800000000000003, "maxBatteryPerDay": 8.75, "maxAtThisDay": 10, "batteryLevelPercentage": 20.62150885478158, "buyPrice": 0.149072, "sellPrice": 0.1, "batteryLevel": 206.2150885478158, "maxBatteryForMonth": 10, "Temperature": 26.8, "ratioPc": "noData"}