{"bought": 187.03, "sold": 396.26, "Time_string": "Last update at 14:40 - 18/05/2024", "produce": 5.074, "consumption": 0.234, "ratioPC": 4.96, "maxBatteryPerDay": 8.75, "maxAtThisDay": 100, "batteryLevelPercentage": 0.7878785982612427, "buyPrice": 0.149072, "sellPrice": 0.1, "batteryLevel": 78.78785982612428, "maxBatteryForMonth": 100, "Temperature": 24.7, "ratioPc": "noData"}