{"bought": 161.29, "sold": 170.92, "Time_string": "Last update at 10:48 - 16/07/2023", "produce": 2.073, "consumption": 1.34, "buyPrice": 0.149072, "sellPrice": 0.1, "batteryLevel": -46.63399484812709, "maxBatteryPerDay": 8.75, "batteryLevelPercentage": -4.663399484812709, "maxAtThisDay": 10, "ratioPC": 0.7329999999999999, "maxBatteryForMonth": 10, "ratioPc": "noData"}