{"bought": 445.13, "sold": 67.09, "Time_string": "Last update at 12:04 - 20/08/2024", "produce": 3.368, "consumption": 3.754, "ratioPC": 1.3250000000000002, "maxBatteryPerDay": 8.75, "maxAtThisDay": 100, "batteryLevelPercentage": -4.001249017924224, "buyPrice": 0.149072, "sellPrice": 0.1, "batteryLevel": -400.12490179242246, "maxBatteryForMonth": 100, "Temperature": 29.1, "ratioPc": "noData"}