{"bought": 86.18, "sold": 254.72, "Time_string": "Last update at 12:20 - 16/06/2023", "produce": 3.695, "consumption": 3.987, "ratioPc": null, "buyPrice": 0.149072, "sellPrice": 0.1, "batteryLevel": 84.69045186218739, "maxBatteryPerDay": 8.75, "batteryLevelPercentage": 0.6049317990156242, "maxAtThisDay": 140.0, "ratioPC": -0.29200000000000026}