{"bought": 6.68, "sold": 4.59, "Time_string": "Last update at 18:52 - 01/09/2024", "produce": 2.101, "consumption": 2.392, "ratioPC": 0.18900000000000006, "maxBatteryPerDay": 8.75, "maxAtThisDay": 8.75, "batteryLevelPercentage": -0.41153725141446507, "buyPrice": 0.149072, "sellPrice": 0.1, "batteryLevel": -3.6009509498765695, "maxBatteryForMonth": 100, "Temperature": 32.1, "ratioPc": "noData"}