{"bought": 70.9, "sold": 218.31, "Time_string": "Last update at 19:09 - 10/05/2024", "produce": 2.069, "consumption": 2.258, "ratioPC": -0.7800000000000002, "maxBatteryPerDay": 8.75, "maxAtThisDay": 87.5, "batteryLevelPercentage": 0.8633830018859534, "buyPrice": 0.149072, "sellPrice": 0.1, "batteryLevel": 75.54601266502092, "maxBatteryForMonth": 100, "Temperature": 29.9, "ratioPc": "noData"}