{"bought": 223.78, "sold": 379.0, "Time_string": "Last update at 20:13 - 27/06/2023", "produce": 0.445, "consumption": 3.403, "buyPrice": 0.149072, "sellPrice": 0.1, "batteryLevel": 30.45956209080174, "maxBatteryPerDay": 8.75, "batteryLevelPercentage": 0.3045956209080174, "maxAtThisDay": 100, "ratioPC": -2.958, "maxBatteryForMonth": 100, "ratioPc": "noData"}