{"bought": 188.04, "sold": 171.89, "Time_string": "Last update at 18:46 - 18/08/2023", "produce": 3.059, "consumption": 1.98, "ratioPC": 1.0790000000000002, "maxBatteryPerDay": 8.75, "maxAtThisDay": 10, "batteryLevelPercentage": -7.273330256520339, "buyPrice": 0.149072, "sellPrice": 0.1, "batteryLevel": -72.73330256520339, "maxBatteryForMonth": 10, "Temperature": 34.2, "ratioPc": "noData"}