{"bought": 120.54, "sold": 246.94, "Time_string": "Last update at 22:18 - 15/06/2024", "produce": 0.0, "consumption": 0.118, "ratioPC": -0.116, "maxBatteryPerDay": 8.75, "maxAtThisDay": 100, "batteryLevelPercentage": 0.45111497263067507, "buyPrice": 0.149072, "sellPrice": 0.1, "batteryLevel": 45.111497263067506, "maxBatteryForMonth": 100, "Temperature": 24.4, "ratioPc": "noData"}