{"bought": 285.62, "sold": 332.94, "Time_string": "Last update at 15:47 - 27/07/2023", "produce": 4.962, "consumption": 3.166, "buyPrice": 0.149072, "sellPrice": 0.1, "batteryLevel": -62.278259096275605, "maxBatteryPerDay": 8.75, "batteryLevelPercentage": -6.22782590962756, "maxAtThisDay": 10, "ratioPC": 1.7959999999999998, "maxBatteryForMonth": 10, "ratioPc": "noData"}