{"bought": 303.98, "sold": 381.14, "Time_string": "Last update at 21:12 - 25/06/2024", "produce": 0.104, "consumption": 0.177, "ratioPC": -0.073, "maxBatteryPerDay": 8.75, "maxAtThisDay": 100, "batteryLevelPercentage": -0.4830488998604707, "buyPrice": 0.149072, "sellPrice": 0.1, "batteryLevel": -48.30488998604707, "maxBatteryForMonth": 100, "Temperature": 29.6, "ratioPc": "noData"}