{"bought": 138.48, "sold": 87.62, "Time_string": "Last update at 14:18 - 12/08/2023", "produce": 4.549, "consumption": 3.545, "ratioPC": 1.0040000000000004, "maxBatteryPerDay": 8.75, "maxAtThisDay": 10, "batteryLevelPercentage": -7.9703033165181925, "buyPrice": 0.149072, "sellPrice": 0.1, "batteryLevel": -79.70303316518192, "maxBatteryForMonth": 10, "Temperature": 38.6, "ratioPc": "noData"}