{"bought": 325.92, "sold": 365.96, "Time_string": "Last update at 16:47 - 28/10/2024", "produce": 0.587, "consumption": 0.196, "ratioPC": 0.624, "maxBatteryPerDay": 8.75, "maxAtThisDay": 100, "batteryLevelPercentage": -0.8042788880540951, "buyPrice": 0.149072, "sellPrice": 0.1, "batteryLevel": -80.42788880540951, "maxBatteryForMonth": 100, "Temperature": 19.2, "ratioPc": "noData"}