{"bought": 50.04, "sold": 127.3, "Time_string": "Last update at 13:40 - 09/10/2023", "produce": 4.536, "consumption": 2.044, "ratioPC": 2.4919999999999995, "maxBatteryPerDay": 8.75, "maxAtThisDay": 10, "batteryLevelPercentage": 3.535497692390255, "buyPrice": 0.149072, "sellPrice": 0.1, "batteryLevel": 35.35497692390255, "maxBatteryForMonth": 10, "Temperature": 29.3, "ratioPc": "noData"}