{"bought": 120.92, "sold": 132.5, "Time_string": "Last update at 08:06 - 11/11/2024", "produce": 0.019, "consumption": 0.267, "ratioPC": -0.257, "maxBatteryPerDay": 8.75, "maxAtThisDay": 96.25, "batteryLevelPercentage": -0.33284961855789386, "buyPrice": 0.149072, "sellPrice": 0.1, "batteryLevel": -32.03677578619728, "maxBatteryForMonth": 100, "Temperature": 15.1, "ratioPc": "noData"}