{"bought": 210.9, "sold": 222.79, "Time_string": "Last update at 18:50 - 19/10/2024", "produce": 0.368, "consumption": 0.103, "ratioPC": 0.348, "maxBatteryPerDay": 8.75, "maxAtThisDay": 100, "batteryLevelPercentage": -0.6144872813137278, "buyPrice": 0.149072, "sellPrice": 0.1, "batteryLevel": -61.448728131372775, "maxBatteryForMonth": 100, "Temperature": 21.2, "ratioPc": "noData"}