{"bought": 222.31, "sold": 120.2, "Time_string": "Last update at 09:26 - 22/01/2024", "produce": 0.404, "consumption": 0.177, "ratioPC": 0.14400000000000002, "maxBatteryPerDay": 8.75, "maxAtThisDay": 100, "batteryLevelPercentage": -1.4167782226038423, "buyPrice": 0.149072, "sellPrice": 0.1, "batteryLevel": -141.67782226038423, "maxBatteryForMonth": 100, "Temperature": 8.0, "ratioPc": "noData"}