{"bought": 212.78, "sold": 374.79, "Time_string": "Last update at 23:40 - 26/06/2023", "produce": 0.0, "consumption": 2.052, "buyPrice": 0.149072, "sellPrice": 0.1, "batteryLevel": 38.63542341955568, "maxBatteryPerDay": 8.75, "batteryLevelPercentage": 0.3863542341955568, "maxAtThisDay": 100, "ratioPC": -2.052, "maxBatteryForMonth": 100, "ratioPc": "noData"}