{"bought": 139.4, "sold": 139.63, "Time_string": "Last update at 18:17 - 20/12/2023", "produce": 0.008, "consumption": 0.646, "ratioPC": -0.492, "maxBatteryPerDay": 8.75, "maxAtThisDay": 100, "batteryLevelPercentage": -0.45733852098314914, "buyPrice": 0.149072, "sellPrice": 0.1, "batteryLevel": -45.73385209831491, "maxBatteryForMonth": 100, "Temperature": 10.0, "ratioPc": "noData"}