{"bought": 75.3, "sold": 218.66, "Time_string": "Last update at 09:42 - 11/05/2024", "produce": 0.675, "consumption": 0.243, "ratioPC": 0.353, "maxBatteryPerDay": 8.75, "maxAtThisDay": 96.25, "batteryLevelPercentage": 0.7416186861330145, "buyPrice": 0.149072, "sellPrice": 0.1, "batteryLevel": 71.38079854030265, "maxBatteryForMonth": 100, "Temperature": 20.1, "ratioPc": "noData"}