{"bought": 77.26, "sold": 126.29, "Time_string": "Last update at 17:02 - 09/11/2024", "produce": 0.812, "consumption": 0.254, "ratioPC": 0.4129999999999999, "maxBatteryPerDay": 8.75, "maxAtThisDay": 78.75, "batteryLevelPercentage": 0.0946978027875313, "buyPrice": 0.149072, "sellPrice": 0.1, "batteryLevel": 7.45745196951809, "maxBatteryForMonth": 100, "Temperature": 21.0, "ratioPc": "noData"}