{"bought": 70.44, "sold": 152.16, "Time_string": "Last update at 14:46 - 10/09/2024", "produce": 4.842, "consumption": 1.093, "ratioPC": 3.216, "maxBatteryPerDay": 8.75, "maxAtThisDay": 87.5, "batteryLevelPercentage": 0.3615026541345313, "buyPrice": 0.149072, "sellPrice": 0.1, "batteryLevel": 31.63148223677149, "maxBatteryForMonth": 100, "Temperature": 28.8, "ratioPc": "noData"}