{"bought": 109.08, "sold": 150.59, "Time_string": "Last update at 14:30 - 12/07/2023", "produce": 4.684, "consumption": 3.468, "buyPrice": 0.149072, "sellPrice": 0.1, "batteryLevel": -8.061700118063754, "maxBatteryPerDay": 8.75, "batteryLevelPercentage": -0.8061700118063755, "maxAtThisDay": 10, "ratioPC": 1.2160000000000002, "maxBatteryForMonth": 10, "ratioPc": "noData"}