{"bought": 280.75, "sold": 370.36, "Time_string": "Last update at 11:37 - 24/06/2024", "produce": 3.042, "consumption": 1.025, "ratioPC": 1.8729999999999998, "maxBatteryPerDay": 8.75, "maxAtThisDay": 100, "batteryLevelPercentage": -0.323062949447247, "buyPrice": 0.149072, "sellPrice": 0.1, "batteryLevel": -32.3062949447247, "maxBatteryForMonth": 100, "Temperature": 29.2, "ratioPc": "noData"}