{"bought": 54.31, "sold": 217.54, "Time_string": "Last update at 10:24 - 13/09/2023", "produce": 1.487, "consumption": 0.816, "ratioPC": 0.6710000000000002, "maxBatteryPerDay": 8.75, "maxAtThisDay": 10, "batteryLevelPercentage": 9.16194837394011, "buyPrice": 0.149072, "sellPrice": 0.1, "batteryLevel": 91.61948373940109, "maxBatteryForMonth": 10, "Temperature": 23.8, "ratioPc": "noData"}