{"bought": 11.06, "sold": 21.13, "Time_string": "Last update at 15:06 - 02/07/2023", "produce": 4.552, "consumption": 0.482, "buyPrice": 0.149072, "sellPrice": 0.1, "batteryLevel": 3.1143586991520866, "maxBatteryPerDay": 8.75, "batteryLevelPercentage": 0.31143586991520866, "maxAtThisDay": 10, "ratioPC": 4.069999999999999, "maxBatteryForMonth": 10, "ratioPc": "noData"}