{"bought": 233.23, "sold": 382.39, "Time_string": "Last update at 14:32 - 28/06/2023", "produce": 3.95, "consumption": 3.756, "buyPrice": 0.149072, "sellPrice": 0.1, "batteryLevel": 23.28363099710205, "maxBatteryPerDay": 8.75, "batteryLevelPercentage": 0.2328363099710205, "maxAtThisDay": 100, "ratioPC": 0.1940000000000004, "maxBatteryForMonth": 100, "ratioPc": "noData"}