{"bought": 118.93, "sold": 246.94, "Time_string": "Last update at 19:00 - 15/06/2024", "produce": 2.487, "consumption": 2.661, "ratioPC": -0.08800000000000008, "maxBatteryPerDay": 8.75, "maxAtThisDay": 100, "batteryLevelPercentage": 0.4672149726306751, "buyPrice": 0.149072, "sellPrice": 0.1, "batteryLevel": 46.721497263067505, "maxBatteryForMonth": 100, "Temperature": 30.0, "ratioPc": "noData"}