{"bought": 92.56, "sold": 417.5, "Time_string": "Last update at 10:48 - 23/09/2023", "produce": 2.063, "consumption": 2.003, "ratioPC": 0.06000000000000005, "maxBatteryPerDay": 8.75, "maxAtThisDay": 10, "batteryLevelPercentage": 18.75060083717935, "buyPrice": 0.149072, "sellPrice": 0.1, "batteryLevel": 187.50600837179348, "maxBatteryForMonth": 10, "Temperature": 20.6, "ratioPc": "noData"}