{"bought": 20.23, "sold": 38.31, "Time_string": "Last update at 11:59 - 04/09/2023", "produce": 3.68, "consumption": 0.836, "ratioPC": 2.8440000000000003, "maxBatteryPerDay": 8.75, "maxAtThisDay": 10, "batteryLevelPercentage": 0.5468991091553075, "buyPrice": 0.149072, "sellPrice": 0.1, "batteryLevel": 5.468991091553075, "maxBatteryForMonth": 10, "Temperature": 22.0, "ratioPc": "noData"}