{"bought": 132.37, "sold": 185.47, "Time_string": "Last update at 17:01 - 13/11/2024", "produce": 0.448, "consumption": 1.063, "ratioPC": -0.41300000000000003, "maxBatteryPerDay": 8.75, "maxAtThisDay": 100, "batteryLevelPercentage": -0.07953610604271773, "buyPrice": 0.149072, "sellPrice": 0.1, "batteryLevel": -7.953610604271773, "maxBatteryForMonth": 100, "Temperature": 15.0, "ratioPc": "noData"}