{"bought": 63.67, "sold": 236.54, "Time_string": "Last update at 16:36 - 14/06/2023", "produce": 4.147, "consumption": 1.584, "ratioPc": null, "buyPrice": 0.149072, "sellPrice": 0.1, "batteryLevel": 95.00500268326714, "maxBatteryPerDay": 8.75, "batteryLevelPercentage": 0.7755510423123848, "maxAtThisDay": 122.5, "ratioPC": 2.563}