{"bought": 1.87, "sold": 0.48, "Time_string": "Last update at 10:25 - 01/09/2023", "produce": 1.217, "consumption": 0.831, "ratioPC": 0.3860000000000001, "maxBatteryPerDay": 8.75, "maxAtThisDay": 8.75, "batteryLevelPercentage": -0.17691519342522885, "buyPrice": 0.149072, "sellPrice": 0.1, "batteryLevel": -1.5480079424707525, "maxBatteryForMonth": 10, "Temperature": 25.8, "ratioPc": "noData"}