{"bought": 162.67, "sold": 184.21, "Time_string": "Last update at 18:51 - 16/07/2023", "produce": 2.399, "consumption": 3.279, "buyPrice": 0.149072, "sellPrice": 0.1, "batteryLevel": -39.09883975528601, "maxBatteryPerDay": 8.75, "batteryLevelPercentage": -3.909883975528601, "maxAtThisDay": 10, "ratioPC": -0.8799999999999999, "maxBatteryForMonth": 10, "ratioPc": "noData"}