{"bought": 156.54, "sold": 77.77, "Time_string": "Last update at 15:19 - 16/01/2024", "produce": 0.175, "consumption": 0.282, "ratioPC": -0.15499999999999997, "maxBatteryPerDay": 8.75, "maxAtThisDay": 100, "batteryLevelPercentage": -1.0437057851239668, "buyPrice": 0.149072, "sellPrice": 0.1, "batteryLevel": -104.37057851239669, "maxBatteryForMonth": 100, "Temperature": 18.7, "ratioPc": "noData"}