{"bought": 131.57, "sold": 174.43, "Time_string": "Last update at 11:48 - 13/11/2024", "produce": 0.766, "consumption": 2.346, "ratioPC": 0.06499999999999995, "maxBatteryPerDay": 8.75, "maxAtThisDay": 100, "batteryLevelPercentage": -0.14559427927444446, "buyPrice": 0.149072, "sellPrice": 0.1, "batteryLevel": -14.559427927444446, "maxBatteryForMonth": 100, "Temperature": 13.0, "ratioPc": "noData"}