{"bought": 361.17, "sold": 236.12, "Time_string": "Last update at 07:57 - 28/08/2023", "produce": 0.019, "consumption": 0.347, "ratioPC": -0.32799999999999996, "maxBatteryPerDay": 8.75, "maxAtThisDay": 10, "batteryLevelPercentage": -20.277674036707097, "buyPrice": 0.149072, "sellPrice": 0.1, "batteryLevel": -202.77674036707097, "maxBatteryForMonth": 10, "Temperature": 20.1, "ratioPc": "noData"}