{"bought": 173.25, "sold": 170.5, "Time_string": "Last update at 13:41 - 24/12/2023", "produce": 4.343, "consumption": 4.783, "ratioPC": -0.49099999999999966, "maxBatteryPerDay": 8.75, "maxAtThisDay": 100, "batteryLevelPercentage": -0.5887573789846517, "buyPrice": 0.149072, "sellPrice": 0.1, "batteryLevel": -58.875737898465175, "maxBatteryForMonth": 100, "Temperature": 14.7, "ratioPc": "noData"}