{"bought": 11.07, "sold": 24.57, "Time_string": "Last update at 16:36 - 02/07/2023", "produce": 3.979, "consumption": 3.745, "buyPrice": 0.149072, "sellPrice": 0.1, "batteryLevel": 5.411968444778363, "maxBatteryPerDay": 8.75, "batteryLevelPercentage": 0.5411968444778363, "maxAtThisDay": 10, "ratioPC": 0.23399999999999999, "maxBatteryForMonth": 10, "ratioPc": "noData"}