{"bought": 276.4, "sold": 681.59, "Time_string": "Last update at 12:44 - 29/05/2024", "produce": 3.964, "consumption": 0.455, "ratioPC": 3.6390000000000002, "maxBatteryPerDay": 8.75, "maxAtThisDay": 100, "batteryLevelPercentage": 1.8082201352366645, "buyPrice": 0.149072, "sellPrice": 0.1, "batteryLevel": 180.82201352366644, "maxBatteryForMonth": 100, "Temperature": 29.5, "ratioPc": "noData"}