{"bought": 1.61, "sold": 4.75, "Time_string": "Last update at 12:51 - 01/11/2023", "produce": 2.296, "consumption": 0.506, "ratioPC": 1.7899999999999998, "maxBatteryPerDay": 8.75, "maxAtThisDay": 8.75, "batteryLevelPercentage": 0.18015768411045857, "buyPrice": 0.149072, "sellPrice": 0.1, "batteryLevel": 1.5763797359665126, "maxBatteryForMonth": 10, "Temperature": 20.7, "ratioPc": "noData"}