{"bought": 5.48, "sold": 13.92, "Time_string": "Last update at 21:43 - 01/07/2023", "produce": 0.024, "consumption": 2.904, "buyPrice": 0.149072, "sellPrice": 0.1, "batteryLevel": 3.8577696683481797, "maxBatteryPerDay": 8.75, "batteryLevelPercentage": 0.4408879620969348, "maxAtThisDay": 8.75, "ratioPC": -2.88, "maxBatteryForMonth": 100, "ratioPc": "noData"}