{"bought": 73.19, "sold": 131.0, "Time_string": "Last update at 18:36 - 09/07/2023", "produce": 2.662, "consumption": 3.342, "buyPrice": 0.149072, "sellPrice": 0.1, "batteryLevel": 14.686999034023827, "maxBatteryPerDay": 8.75, "batteryLevelPercentage": 1.4686999034023827, "maxAtThisDay": 10, "ratioPC": -0.6800000000000002, "maxBatteryForMonth": 10, "ratioPc": "noData"}