{"bought": 71.56, "sold": 242.16, "Time_string": "Last update at 12:49 - 15/06/2023", "produce": 4.129, "consumption": 1.687, "ratioPc": null, "buyPrice": 0.149072, "sellPrice": 0.1, "batteryLevel": 90.88499302350542, "maxBatteryPerDay": 8.75, "batteryLevelPercentage": 0.6924570897028984, "maxAtThisDay": 131.25, "ratioPC": 2.4419999999999993}