{"bought": 137.79, "sold": 185.72, "Time_string": "Last update at 13:16 - 14/11/2024", "produce": 1.059, "consumption": 3.12, "ratioPC": 0.5489999999999999, "maxBatteryPerDay": 8.75, "maxAtThisDay": 100, "batteryLevelPercentage": -0.13205906407641949, "buyPrice": 0.149072, "sellPrice": 0.1, "batteryLevel": -13.205906407641947, "maxBatteryForMonth": 100, "Temperature": 16.0, "ratioPc": "noData"}