{"bought": 95.31, "sold": 467.75, "Time_string": "Last update at 17:35 - 24/09/2023", "produce": 3.284, "consumption": 1.014, "ratioPC": 2.2699999999999996, "maxBatteryPerDay": 8.75, "maxAtThisDay": 10, "batteryLevelPercentage": 21.84645518943866, "buyPrice": 0.149072, "sellPrice": 0.1, "batteryLevel": 218.4645518943866, "maxBatteryForMonth": 10, "Temperature": 31.4, "ratioPc": "noData"}