{"bought": 538.92, "sold": 88.99, "Time_string": "Last update at 12:46 - 25/08/2024", "produce": 3.953, "consumption": 4.956, "ratioPC": -1.0579999999999998, "maxBatteryPerDay": 8.75, "maxAtThisDay": 100, "batteryLevelPercentage": -4.792240141676505, "buyPrice": 0.149072, "sellPrice": 0.1, "batteryLevel": -479.2240141676505, "maxBatteryForMonth": 100, "Temperature": 33.5, "ratioPc": "noData"}