{"bought": 161.58, "sold": 172.07, "Time_string": "Last update at 12:44 - 16/07/2023", "produce": 3.912, "consumption": 2.772, "buyPrice": 0.149072, "sellPrice": 0.1, "batteryLevel": -46.152555543629944, "maxBatteryPerDay": 8.75, "batteryLevelPercentage": -4.615255554362994, "maxAtThisDay": 10, "ratioPC": 1.1400000000000001, "maxBatteryForMonth": 10, "ratioPc": "noData"}