{"bought": 145.9, "sold": 143.4, "Time_string": "Last update at 13:49 - 21/12/2023", "produce": 4.505, "consumption": 4.386, "ratioPC": 0.12699999999999978, "maxBatteryPerDay": 8.75, "maxAtThisDay": 100, "batteryLevelPercentage": -0.4970487281313727, "buyPrice": 0.149072, "sellPrice": 0.1, "batteryLevel": -49.70487281313727, "maxBatteryForMonth": 100, "Temperature": 14.0, "ratioPc": "noData"}