{"bought": 99.14, "sold": 69.63, "Time_string": "Last update at 07:26 - 08/06/2024", "produce": 0.035, "consumption": 0.164, "ratioPC": -0.14800000000000002, "maxBatteryPerDay": 8.75, "maxAtThisDay": 70.0, "batteryLevelPercentage": -0.7490146736380504, "buyPrice": 0.149072, "sellPrice": 0.1, "batteryLevel": -52.431027154663525, "maxBatteryForMonth": 100, "Temperature": 16.4, "ratioPc": "noData"}