{"bought": 189.61, "sold": 441.49, "Time_string": "Last update at 20:27 - 19/05/2024", "produce": 0.185, "consumption": 0.223, "ratioPC": -1.051, "maxBatteryPerDay": 8.75, "maxAtThisDay": 100, "batteryLevelPercentage": 1.0654890308039062, "buyPrice": 0.149072, "sellPrice": 0.1, "batteryLevel": 106.54890308039063, "maxBatteryForMonth": 100, "Temperature": 20.1, "ratioPc": "noData"}