{"bought": 275.67, "sold": 674.64, "Time_string": "Last update at 06:18 - 29/05/2024", "produce": 0.0, "consumption": 0.179, "ratioPC": -0.239, "maxBatteryPerDay": 8.75, "maxAtThisDay": 100, "batteryLevelPercentage": 1.7688983685735746, "buyPrice": 0.149072, "sellPrice": 0.1, "batteryLevel": 176.88983685735747, "maxBatteryForMonth": 100, "Temperature": 16.0, "ratioPc": "noData"}