{"bought": 5.02, "sold": 1.49, "Time_string": "Last update at 14:06 - 01/09/2024", "produce": 4.101, "consumption": 4.021, "ratioPC": 1.2110000000000003, "maxBatteryPerDay": 8.75, "maxAtThisDay": 8.75, "batteryLevelPercentage": -0.4594837700670049, "buyPrice": 0.149072, "sellPrice": 0.1, "batteryLevel": -4.020482988086293, "maxBatteryForMonth": 100, "Temperature": 32.1, "ratioPc": "noData"}