{"bought": 322.34, "sold": 344.67, "Time_string": "Last update at 14:42 - 27/10/2024", "produce": 1.252, "consumption": 3.058, "ratioPC": -1.6560000000000001, "maxBatteryPerDay": 8.75, "maxAtThisDay": 100, "batteryLevelPercentage": -0.911295781904046, "buyPrice": 0.149072, "sellPrice": 0.1, "batteryLevel": -91.1295781904046, "maxBatteryForMonth": 100, "Temperature": 17.7, "ratioPc": "noData"}