{"bought": 231.48, "sold": 381.5, "Time_string": "Last update at 11:55 - 28/06/2023", "produce": 2.773, "consumption": 1.163, "buyPrice": 0.149072, "sellPrice": 0.1, "batteryLevel": 24.436604057099913, "maxBatteryPerDay": 8.75, "batteryLevelPercentage": 0.24436604057099914, "maxAtThisDay": 100, "ratioPC": 1.61, "maxBatteryForMonth": 100, "ratioPc": "noData"}