{"bought": 231.46, "sold": 198.18, "Time_string": "Last update at 16:40 - 21/08/2023", "produce": 3.95, "consumption": 3.609, "ratioPC": 0.3410000000000002, "maxBatteryPerDay": 8.75, "maxAtThisDay": 10, "batteryLevelPercentage": -9.85175292476119, "buyPrice": 0.149072, "sellPrice": 0.1, "batteryLevel": -98.51752924761189, "maxBatteryForMonth": 10, "Temperature": 41.7, "ratioPc": "noData"}