{"bought": 63.31, "sold": 64.87, "Time_string": "Last update at 14:42 - 07/08/2023", "produce": 4.56, "consumption": 3.404, "ratioPC": 1.1559999999999997, "maxBatteryPerDay": 8.75, "maxAtThisDay": 10, "batteryLevelPercentage": -1.9794115058495223, "buyPrice": 0.149072, "sellPrice": 0.1, "batteryLevel": -19.794115058495223, "maxBatteryForMonth": 10, "Temperature": 39.7, "ratioPc": "noData"}