{"bought": 7.48, "sold": 22.0, "Time_string": "Last update at 13:03 - 02/09/2023", "produce": 4.171, "consumption": 0.339, "ratioPC": 3.8320000000000003, "maxBatteryPerDay": 8.75, "maxAtThisDay": 10, "batteryLevelPercentage": 0.7277969303423848, "buyPrice": 0.149072, "sellPrice": 0.1, "batteryLevel": 7.277969303423848, "maxBatteryForMonth": 10, "Temperature": 26.1, "ratioPc": "noData"}