{"bought": 104.83, "sold": 126.96, "Time_string": "Last update at 19:42 - 10/06/2024", "produce": 1.436, "consumption": 1.456, "ratioPC": 1.3319999999999999, "maxBatteryPerDay": 8.75, "maxAtThisDay": 87.5, "batteryLevelPercentage": -0.2247211518115887, "buyPrice": 0.149072, "sellPrice": 0.1, "batteryLevel": -19.66310078351401, "maxBatteryForMonth": 100, "Temperature": 24.3, "ratioPc": "noData"}