{"bought": 334.04, "sold": 462.33, "Time_string": "Last update at 17:33 - 30/09/2024", "produce": 3.334, "consumption": 0.184, "ratioPC": 3.3289999999999997, "maxBatteryPerDay": 8.75, "maxAtThisDay": 100, "batteryLevelPercentage": -0.23901275088547835, "buyPrice": 0.149072, "sellPrice": 0.1, "batteryLevel": -23.901275088547834, "maxBatteryForMonth": 100, "Temperature": 31.4, "ratioPc": "noData"}