{"bought": 119.02, "sold": 246.94, "Time_string": "Last update at 19:15 - 15/06/2024", "produce": 2.236, "consumption": 2.539, "ratioPC": -0.2570000000000001, "maxBatteryPerDay": 8.75, "maxAtThisDay": 100, "batteryLevelPercentage": 0.4663149726306752, "buyPrice": 0.149072, "sellPrice": 0.1, "batteryLevel": 46.631497263067516, "maxBatteryForMonth": 100, "Temperature": 30.0, "ratioPc": "noData"}