{"bought": 102.02, "sold": 101.0, "Time_string": "Last update at 16:18 - 09/06/2024", "produce": 1.116, "consumption": 0.272, "ratioPC": 0.8800000000000001, "maxBatteryPerDay": 8.75, "maxAtThisDay": 78.75, "batteryLevelPercentage": -0.4351429150673541, "buyPrice": 0.149072, "sellPrice": 0.1, "batteryLevel": -34.267504561554134, "maxBatteryForMonth": 100, "Temperature": 24.3, "ratioPc": "noData"}