{"bought": 80.26, "sold": 253.75, "Time_string": "Last update at 21:57 - 15/06/2023", "produce": 0.0, "consumption": 0.355, "ratioPc": null, "buyPrice": 0.149072, "sellPrice": 0.1, "batteryLevel": 89.95975957926369, "maxBatteryPerDay": 8.75, "batteryLevelPercentage": 0.6854076920324853, "maxAtThisDay": 131.25, "ratioPC": -0.355}