{"bought": 128.21, "sold": 156.67, "Time_string": "Last update at 19:44 - 13/07/2023", "produce": 1.338, "consumption": 4.575, "buyPrice": 0.149072, "sellPrice": 0.1, "batteryLevel": -23.113134056026638, "maxBatteryPerDay": 8.75, "batteryLevelPercentage": -2.3113134056026636, "maxAtThisDay": 10, "ratioPC": -3.237, "maxBatteryForMonth": 10, "ratioPc": "noData"}