{"bought": 157.71, "sold": 299.35, "Time_string": "Last update at 19:22 - 18/06/2024", "produce": 2.258, "consumption": 6.447, "ratioPC": -3.989, "maxBatteryPerDay": 8.75, "maxAtThisDay": 100, "batteryLevelPercentage": 0.43099005044542227, "buyPrice": 0.149072, "sellPrice": 0.1, "batteryLevel": 43.099005044542224, "maxBatteryForMonth": 100, "Temperature": 22.6, "ratioPc": "noData"}