{"bought": 130.49, "sold": 144.33, "Time_string": "Last update at 22:26 - 11/10/2024", "produce": 0.0, "consumption": 0.294, "ratioPC": -0.287, "maxBatteryPerDay": 8.75, "maxAtThisDay": 96.25, "batteryLevelPercentage": -0.34982870858882464, "buyPrice": 0.149072, "sellPrice": 0.1, "batteryLevel": -33.67101320167437, "maxBatteryForMonth": 100, "Temperature": 20.0, "ratioPc": "noData"}