{"bought": 119.92, "sold": 323.63, "Time_string": "Last update at 09:59 - 22/10/2023", "produce": 0.38, "consumption": 0.092, "ratioPC": 0.28800000000000003, "maxBatteryPerDay": 8.75, "maxAtThisDay": 10, "batteryLevelPercentage": 9.717643662122999, "buyPrice": 0.149072, "sellPrice": 0.1, "batteryLevel": 97.17643662123, "maxBatteryForMonth": 10, "Temperature": 14.0, "ratioPc": "noData"}