{"bought": 107.37, "sold": 155.32, "Time_string": "Last update at 21:05 - 11/06/2024", "produce": 0.191, "consumption": 0.291, "ratioPC": -0.006000000000000005, "maxBatteryPerDay": 8.75, "maxAtThisDay": 96.25, "batteryLevelPercentage": -0.033025836029378, "buyPrice": 0.149072, "sellPrice": 0.1, "batteryLevel": -3.1787367178276327, "maxBatteryForMonth": 100, "Temperature": 22.9, "ratioPc": "noData"}