{"bought": 99.87, "sold": 258.02, "Time_string": "Last update at 11:31 - 17/06/2023", "produce": 3.002, "consumption": 4.035, "ratioPc": null, "buyPrice": 0.149072, "sellPrice": 0.1, "batteryLevel": 73.21414725770094, "maxBatteryPerDay": 8.75, "batteryLevelPercentage": 0.4921959479509307, "maxAtThisDay": 148.75, "ratioPC": -1.0330000000000004}