{"bought": 289.4, "sold": 692.07, "Time_string": "Last update at 15:44 - 30/05/2024", "produce": 4.54, "consumption": 6.38, "ratioPC": 0.9379999999999997, "maxBatteryPerDay": 8.75, "maxAtThisDay": 100, "batteryLevelPercentage": 1.7485217344638835, "buyPrice": 0.149072, "sellPrice": 0.1, "batteryLevel": 174.85217344638835, "maxBatteryForMonth": 100, "Temperature": 35.7, "ratioPc": "noData"}