{"bought": 121.18, "sold": 136.33, "Time_string": "Last update at 11:57 - 11/11/2024", "produce": 4.083, "consumption": 1.074, "ratioPC": 2.8129999999999997, "maxBatteryPerDay": 8.75, "maxAtThisDay": 96.25, "batteryLevelPercentage": -0.3088576362995167, "buyPrice": 0.149072, "sellPrice": 0.1, "batteryLevel": -29.72754749382848, "maxBatteryForMonth": 100, "Temperature": 19.9, "ratioPc": "noData"}