{"bought": 233.52, "sold": 257.59, "Time_string": "Last update at 15:50 - 22/07/2023", "produce": 0.0, "consumption": 0.0, "buyPrice": 0.149072, "sellPrice": 0.1, "batteryLevel": -60.72430396050234, "maxBatteryPerDay": 8.75, "batteryLevelPercentage": -6.072430396050234, "maxAtThisDay": 10, "ratioPC": 0.7570000000000001, "maxBatteryForMonth": 10, "ratioPc": "noData"}