{"bought": 69.25, "sold": 116.26, "Time_string": "Last update at 17:21 - 08/11/2024", "produce": 0.615, "consumption": 0.213, "ratioPC": 0.4720000000000001, "maxBatteryPerDay": 8.75, "maxAtThisDay": 70.0, "batteryLevelPercentage": 0.12484513715328356, "buyPrice": 0.149072, "sellPrice": 0.1, "batteryLevel": 8.739159600729849, "maxBatteryForMonth": 100, "Temperature": 19.6, "ratioPc": "noData"}