{"bought": 154.81, "sold": 247.25, "Time_string": "Last update at 16:14 - 16/09/2024", "produce": 4.11, "consumption": 9.073, "ratioPC": -2.998, "maxBatteryPerDay": 8.75, "maxAtThisDay": 100, "batteryLevelPercentage": 0.11049450466888487, "buyPrice": 0.149072, "sellPrice": 0.1, "batteryLevel": 11.049450466888487, "maxBatteryForMonth": 100, "Temperature": 33.2, "ratioPc": "noData"}