{"bought": 346.66, "sold": 216.81, "Time_string": "Last update at 20:46 - 26/08/2023", "produce": 0.038, "consumption": 1.142, "ratioPC": -1.1039999999999999, "maxBatteryPerDay": 8.75, "maxAtThisDay": 10, "batteryLevelPercentage": -20.1220212514758, "buyPrice": 0.149072, "sellPrice": 0.1, "batteryLevel": -201.220212514758, "maxBatteryForMonth": 10, "Temperature": 32.2, "ratioPc": "noData"}