{"bought": 196.69, "sold": 506.91, "Time_string": "Last update at 12:24 - 22/05/2024", "produce": 4.123, "consumption": 0.16, "ratioPC": 3.7960000000000003, "maxBatteryPerDay": 8.75, "maxAtThisDay": 100, "batteryLevelPercentage": 1.4335373725448108, "buyPrice": 0.149072, "sellPrice": 0.1, "batteryLevel": 143.35373725448108, "maxBatteryForMonth": 100, "Temperature": 22.4, "ratioPc": "noData"}