{"bought": 95.47, "sold": 257.68, "Time_string": "Last update at 22:26 - 16/06/2023", "produce": 0.0, "consumption": 0.532, "ratioPc": null, "buyPrice": 0.149072, "sellPrice": 0.1, "batteryLevel": 77.38606955028442, "maxBatteryPerDay": 8.75, "batteryLevelPercentage": 0.5527576396448887, "maxAtThisDay": 140.0, "ratioPC": -0.532}