{"bought": 64.92, "sold": 112.86, "Time_string": "Last update at 13:02 - 08/07/2023", "produce": 4.188, "consumption": 0.536, "buyPrice": 0.149072, "sellPrice": 0.1, "batteryLevel": 10.788382526564348, "maxBatteryPerDay": 8.75, "batteryLevelPercentage": 1.0788382526564348, "maxAtThisDay": 10, "ratioPC": 3.6519999999999997, "maxBatteryForMonth": 10, "ratioPc": "noData"}