{"bought": 165.92, "sold": 152.54, "Time_string": "Last update at 11:49 - 23/12/2023", "produce": 3.601, "consumption": 0.347, "ratioPC": 3.0709999999999997, "maxBatteryPerDay": 8.75, "maxAtThisDay": 100, "batteryLevelPercentage": -0.6359360738435119, "buyPrice": 0.149072, "sellPrice": 0.1, "batteryLevel": -63.59360738435119, "maxBatteryForMonth": 100, "Temperature": 11.5, "ratioPc": "noData"}