{"bought": 463.86, "sold": 69.68, "Time_string": "Last update at 17:59 - 21/08/2024", "produce": 3.28, "consumption": 4.205, "ratioPC": -0.8329999999999997, "maxBatteryPerDay": 8.75, "maxAtThisDay": 100, "batteryLevelPercentage": -4.171174863153375, "buyPrice": 0.149072, "sellPrice": 0.1, "batteryLevel": -417.11748631533754, "maxBatteryForMonth": 100, "Temperature": 34.0, "ratioPc": "noData"}