{"bought": 149.35, "sold": 387.78, "Time_string": "Last update at 15:36 - 27/10/2023", "produce": 1.101, "consumption": 2.467, "ratioPC": -1.366, "maxBatteryPerDay": 8.75, "maxAtThisDay": 10, "batteryLevelPercentage": 11.077933347644088, "buyPrice": 0.149072, "sellPrice": 0.1, "batteryLevel": 110.77933347644088, "maxBatteryForMonth": 10, "Temperature": 21.0, "ratioPc": "noData"}