{"bought": 68.92, "sold": 110.62, "Time_string": "Last update at 11:11 - 08/11/2024", "produce": 0.814, "consumption": 0.178, "ratioPC": 0.462, "maxBatteryPerDay": 8.75, "maxAtThisDay": 70.0, "batteryLevelPercentage": 0.07551075606801691, "buyPrice": 0.149072, "sellPrice": 0.1, "batteryLevel": 5.285752924761184, "maxBatteryForMonth": 100, "Temperature": 18.2, "ratioPc": "noData"}