{"bought": 117.75, "sold": 564.27, "Time_string": "Last update at 17:01 - 29/09/2023", "produce": 3.873, "consumption": 2.625, "ratioPC": 1.2480000000000002, "maxBatteryPerDay": 8.75, "maxAtThisDay": 10, "batteryLevelPercentage": 26.077178812922615, "buyPrice": 0.149072, "sellPrice": 0.1, "batteryLevel": 260.77178812922614, "maxBatteryForMonth": 10, "Temperature": 37.0, "ratioPc": "noData"}