{"bought": 336.69, "sold": 366.18, "Time_string": "Last update at 10:08 - 30/10/2024", "produce": 0.284, "consumption": 2.217, "ratioPC": 0.063, "maxBatteryPerDay": 8.75, "maxAtThisDay": 100, "batteryLevelPercentage": -0.9105030911237523, "buyPrice": 0.149072, "sellPrice": 0.1, "batteryLevel": -91.05030911237523, "maxBatteryForMonth": 100, "Temperature": 13.0, "ratioPc": "noData"}