{"bought": 281.79, "sold": 372.82, "Time_string": "Last update at 14:58 - 24/06/2024", "produce": 4.677, "consumption": 3.021, "ratioPC": 1.6069999999999998, "maxBatteryPerDay": 8.75, "maxAtThisDay": 100, "batteryLevelPercentage": -0.31696085649887323, "buyPrice": 0.149072, "sellPrice": 0.1, "batteryLevel": -31.696085649887323, "maxBatteryForMonth": 100, "Temperature": 34.0, "ratioPc": "noData"}