{"bought": 132.75, "sold": 325.25, "Time_string": "Last update at 15:07 - 21/06/2023", "produce": 3.089, "consumption": 0.662, "ratioPc": "noData", "buyPrice": 0.149072, "sellPrice": 0.1, "batteryLevel": 85.4331598153912, "maxBatteryPerDay": 8.75, "batteryLevelPercentage": 0.46494236634226505, "maxAtThisDay": 183.75, "ratioPC": 2.427}