{"bought": 81.61, "sold": 126.41, "Time_string": "Last update at 07:30 - 10/11/2024", "produce": 0.0, "consumption": 0.236, "ratioPC": -0.24, "maxBatteryPerDay": 8.75, "maxAtThisDay": 87.5, "batteryLevelPercentage": 0.036433714101718806, "buyPrice": 0.149072, "sellPrice": 0.1, "batteryLevel": 3.1879499839003955, "maxBatteryForMonth": 100, "Temperature": 13.0, "ratioPc": "noData"}