{"bought": 68.71, "sold": 198.94, "Time_string": "Last update at 10:12 - 13/10/2023", "produce": 0.571, "consumption": 0.134, "ratioPC": 0.43699999999999994, "maxBatteryPerDay": 8.75, "maxAtThisDay": 10, "batteryLevelPercentage": 6.474229151014275, "buyPrice": 0.149072, "sellPrice": 0.1, "batteryLevel": 64.74229151014275, "maxBatteryForMonth": 10, "Temperature": 21.4, "ratioPc": "noData"}