{"bought": 34.23, "sold": 46.94, "Time_string": "Last update at 15:44 - 04/07/2023", "produce": 4.618, "consumption": 6.141, "buyPrice": 0.149072, "sellPrice": 0.1, "batteryLevel": -2.74186004078566, "maxBatteryPerDay": 8.75, "batteryLevelPercentage": -0.274186004078566, "maxAtThisDay": 10, "ratioPC": -1.5229999999999997, "maxBatteryForMonth": 10, "ratioPc": "noData"}