{"bought": 25.86, "sold": 49.75, "Time_string": "Last update at 16:54 - 04/09/2024", "produce": 3.797, "consumption": 1.552, "ratioPC": 2.376, "maxBatteryPerDay": 8.75, "maxAtThisDay": 35.0, "batteryLevelPercentage": 0.21466100369524221, "buyPrice": 0.149072, "sellPrice": 0.1, "batteryLevel": 7.513135129333477, "maxBatteryForMonth": 100, "Temperature": 32.9, "ratioPc": "noData"}