{"bought": 14.32, "sold": 4.59, "Time_string": "Last update at 09:26 - 02/09/2024", "produce": 0.317, "consumption": 1.333, "ratioPC": -0.9950000000000001, "maxBatteryPerDay": 8.75, "maxAtThisDay": 17.5, "batteryLevelPercentage": -0.6423400542786611, "buyPrice": 0.149072, "sellPrice": 0.1, "batteryLevel": -11.24095094987657, "maxBatteryForMonth": 100, "Temperature": 22.9, "ratioPc": "noData"}