{"bought": 17.39, "sold": 35.8, "Time_string": "Last update at 09:16 - 03/10/2023", "produce": 0.283, "consumption": 0.27, "ratioPC": 0.012999999999999956, "maxBatteryPerDay": 8.75, "maxAtThisDay": 10, "batteryLevelPercentage": 0.6625240957389718, "buyPrice": 0.149072, "sellPrice": 0.1, "batteryLevel": 6.6252409573897175, "maxBatteryForMonth": 10, "Temperature": 21.5, "ratioPc": "noData"}