{"bought": 257.14, "sold": 281.98, "Time_string": "Last update at 07:37 - 24/07/2023", "produce": 0.025, "consumption": 0.129, "buyPrice": 0.149072, "sellPrice": 0.1, "batteryLevel": -67.98308253729738, "maxBatteryPerDay": 8.75, "batteryLevelPercentage": -6.798308253729738, "maxAtThisDay": 10, "ratioPC": -0.10400000000000001, "maxBatteryForMonth": 10, "ratioPc": "noData"}