{"bought": 150.91, "sold": 73.89, "Time_string": "Last update at 18:09 - 15/01/2024", "produce": 0.024, "consumption": 0.318, "ratioPC": -0.201, "maxBatteryPerDay": 8.75, "maxAtThisDay": 100, "batteryLevelPercentage": -1.0134334764409143, "buyPrice": 0.149072, "sellPrice": 0.1, "batteryLevel": -101.34334764409144, "maxBatteryForMonth": 100, "Temperature": 17.8, "ratioPc": "noData"}