{"bought": 325.96, "sold": 49.96, "Time_string": "Last update at 11:19 - 16/08/2024", "produce": 2.702, "consumption": 0.823, "ratioPC": 1.713, "maxBatteryPerDay": 8.75, "maxAtThisDay": 100, "batteryLevelPercentage": -2.924459933454975, "buyPrice": 0.149072, "sellPrice": 0.1, "batteryLevel": -292.44599334549747, "maxBatteryForMonth": 100, "Temperature": 28.6, "ratioPc": "noData"}