{"bought": 69.48, "sold": 138.63, "Time_string": "Last update at 03:50 - 10/09/2024", "produce": 0.0, "consumption": 0.129, "ratioPC": -0.126, "maxBatteryPerDay": 8.75, "maxAtThisDay": 87.5, "batteryLevelPercentage": 0.26874664131618065, "buyPrice": 0.149072, "sellPrice": 0.1, "batteryLevel": 23.515331115165807, "maxBatteryForMonth": 100, "Temperature": 16.2, "ratioPc": "noData"}