{"bought": 109.53, "sold": 138.42, "Time_string": "Last update at 16:57 - 10/10/2024", "produce": 4.384, "consumption": 7.878, "ratioPC": -7.4510000000000005, "maxBatteryPerDay": 8.75, "maxAtThisDay": 87.5, "batteryLevelPercentage": -0.19057760468575127, "buyPrice": 0.149072, "sellPrice": 0.1, "batteryLevel": -16.675540410003237, "maxBatteryForMonth": 100, "Temperature": 23.9, "ratioPc": "noData"}