{"bought": 325.75, "sold": 48.74, "Time_string": "Last update at 09:32 - 16/08/2024", "produce": 0.318, "consumption": 0.191, "ratioPC": 0.09300000000000003, "maxBatteryPerDay": 8.75, "maxAtThisDay": 100, "batteryLevelPercentage": -2.9305438982505096, "buyPrice": 0.149072, "sellPrice": 0.1, "batteryLevel": -293.054389825051, "maxBatteryForMonth": 100, "Temperature": 24.1, "ratioPc": "noData"}