{"bought": 268.23, "sold": 209.31, "Time_string": "Last update at 17:25 - 31/12/2023", "produce": 0.535, "consumption": 0.317, "ratioPC": 0.15399999999999997, "maxBatteryPerDay": 8.75, "maxAtThisDay": 100, "batteryLevelPercentage": -1.2782133841365249, "buyPrice": 0.149072, "sellPrice": 0.1, "batteryLevel": -127.82133841365248, "maxBatteryForMonth": 100, "Temperature": 13.2, "ratioPc": "noData"}