{"bought": 244.0, "sold": 398.45, "Time_string": "Last update at 20:16 - 29/06/2023", "produce": 0.544, "consumption": 0.865, "buyPrice": 0.149072, "sellPrice": 0.1, "batteryLevel": 23.286948588601433, "maxBatteryPerDay": 8.75, "batteryLevelPercentage": 0.23286948588601433, "maxAtThisDay": 100, "ratioPC": -0.32099999999999995, "maxBatteryForMonth": 100, "ratioPc": "noData"}