{"bought": 361.41, "sold": 236.12, "Time_string": "Last update at 09:24 - 28/08/2023", "produce": 0.284, "consumption": 0.272, "ratioPC": 0.011999999999999955, "maxBatteryPerDay": 8.75, "maxAtThisDay": 10, "batteryLevelPercentage": -20.301674036707098, "buyPrice": 0.149072, "sellPrice": 0.1, "batteryLevel": -203.01674036707098, "maxBatteryForMonth": 10, "Temperature": 23.8, "ratioPc": "noData"}