{"bought": 233.53, "sold": 650.84, "Time_string": "Last update at 20:35 - 27/05/2024", "produce": 0.16, "consumption": 0.317, "ratioPC": -0.127, "maxBatteryPerDay": 8.75, "maxAtThisDay": 100, "batteryLevelPercentage": 2.0306439733819897, "buyPrice": 0.149072, "sellPrice": 0.1, "batteryLevel": 203.06439733819897, "maxBatteryForMonth": 100, "Temperature": 27.2, "ratioPc": "noData"}