{"bought": 174.79, "sold": 367.2, "Time_string": "Last update at 22:38 - 24/06/2023", "produce": 0.0, "consumption": 1.018, "ratioPc": "noData", "buyPrice": 0.149072, "sellPrice": 0.1, "batteryLevel": 71.5339240098744, "maxBatteryPerDay": 8.75, "batteryLevelPercentage": 0.34063773338035425, "maxAtThisDay": 210.0, "ratioPC": -1.018}