{"bought": 147.83, "sold": 357.72, "Time_string": "Last update at 14:25 - 23/06/2023", "produce": 4.674, "consumption": 2.521, "ratioPc": "noData", "buyPrice": 0.149072, "sellPrice": 0.1, "batteryLevel": 92.13458087367178, "maxBatteryPerDay": 8.75, "batteryLevelPercentage": 0.45781158198097777, "maxAtThisDay": 201.25, "ratioPC": 2.1530000000000005}