{"bought": 198.43, "sold": 247.99, "Time_string": "Last update at 08:20 - 17/09/2024", "produce": 0.022, "consumption": 0.138, "ratioPC": -0.209, "maxBatteryPerDay": 8.75, "maxAtThisDay": 100, "batteryLevelPercentage": -0.3207414511108726, "buyPrice": 0.149072, "sellPrice": 0.1, "batteryLevel": -32.07414511108726, "maxBatteryForMonth": 100, "Temperature": 19.7, "ratioPc": "noData"}