{"bought": 36.64, "sold": 52.42, "Time_string": "Last update at 17:45 - 04/11/2024", "produce": 0.377, "consumption": 0.225, "ratioPC": 0.38, "maxBatteryPerDay": 8.75, "maxAtThisDay": 35.0, "batteryLevelPercentage": -0.042165258590288045, "buyPrice": 0.149072, "sellPrice": 0.1, "batteryLevel": -1.4757840506600814, "maxBatteryForMonth": 100, "Temperature": 20.2, "ratioPc": "noData"}