{"bought": 75.15, "sold": 131.25, "Time_string": "Last update at 20:08 - 09/07/2023", "produce": 0.504, "consumption": 2.064, "buyPrice": 0.149072, "sellPrice": 0.1, "batteryLevel": 12.894703230653633, "maxBatteryPerDay": 8.75, "batteryLevelPercentage": 1.2894703230653632, "maxAtThisDay": 10, "ratioPC": -1.56, "maxBatteryForMonth": 10, "ratioPc": "noData"}