{"bought": 143.56, "sold": 370.8, "Time_string": "Last update at 14:24 - 26/10/2023", "produce": 1.031, "consumption": 0.304, "ratioPC": 0.7269999999999999, "maxBatteryPerDay": 8.75, "maxAtThisDay": 10, "batteryLevelPercentage": 10.51788644413438, "buyPrice": 0.149072, "sellPrice": 0.1, "batteryLevel": 105.17886444134379, "maxBatteryForMonth": 10, "Temperature": 21.4, "ratioPc": "noData"}