{"bought": 130.08, "sold": 316.89, "Time_string": "Last update at 21:48 - 20/06/2023", "produce": 0.009, "consumption": 0.451, "ratioPc": "noData", "buyPrice": 0.149072, "sellPrice": 0.1, "batteryLevel": 82.49513148009012, "maxBatteryPerDay": 8.75, "batteryLevelPercentage": 0.4714007513148007, "maxAtThisDay": 175.0, "ratioPC": -0.442}