{"bought": 228.34, "sold": 309.12, "Time_string": "Last update at 10:27 - 22/09/2024", "produce": 0.519, "consumption": 6.39, "ratioPC": -0.44499999999999995, "maxBatteryPerDay": 8.75, "maxAtThisDay": 100, "batteryLevelPercentage": -0.20977114951164538, "buyPrice": 0.149072, "sellPrice": 0.1, "batteryLevel": -20.977114951164538, "maxBatteryForMonth": 100, "Temperature": 20.4, "ratioPc": "noData"}