{"bought": 170.04, "sold": 117.45, "Time_string": "Last update at 16:17 - 15/08/2023", "produce": 4.485, "consumption": 2.404, "ratioPC": 2.0810000000000004, "maxBatteryPerDay": 8.75, "maxAtThisDay": 10, "batteryLevelPercentage": -9.125256842331222, "buyPrice": 0.149072, "sellPrice": 0.1, "batteryLevel": -91.25256842331221, "maxBatteryForMonth": 10, "Temperature": 35.3, "ratioPc": "noData"}