{"bought": 235.57, "sold": 660.91, "Time_string": "Last update at 13:39 - 28/05/2024", "produce": 4.599, "consumption": 0.153, "ratioPC": 4.382, "maxBatteryPerDay": 8.75, "maxAtThisDay": 100, "batteryLevelPercentage": 2.0777952237844795, "buyPrice": 0.149072, "sellPrice": 0.1, "batteryLevel": 207.77952237844795, "maxBatteryForMonth": 100, "Temperature": 29.3, "ratioPc": "noData"}