{"bought": 191.86, "sold": 470.79, "Time_string": "Last update at 19:50 - 20/05/2024", "produce": 1.208, "consumption": 0.259, "ratioPC": -2.0489999999999995, "maxBatteryPerDay": 8.75, "maxAtThisDay": 100, "batteryLevelPercentage": 1.239538349254052, "buyPrice": 0.149072, "sellPrice": 0.1, "batteryLevel": 123.9538349254052, "maxBatteryForMonth": 100, "Temperature": 21.2, "ratioPc": "noData"}