{"bought": 107.66, "sold": 273.88, "Time_string": "Last update at 16:20 - 13/05/2024", "produce": 4.747, "consumption": 0.909, "ratioPC": 3.8160000000000003, "maxBatteryPerDay": 8.75, "maxAtThisDay": 100, "batteryLevelPercentage": 0.7606330149189654, "buyPrice": 0.149072, "sellPrice": 0.1, "batteryLevel": 76.06330149189654, "maxBatteryForMonth": 100, "Temperature": 30.0, "ratioPc": "noData"}