{"bought": 107.66, "sold": 258.29, "Time_string": "Last update at 12:20 - 13/05/2024", "produce": 3.752, "consumption": 0.354, "ratioPC": 3.4640000000000004, "maxBatteryPerDay": 8.75, "maxAtThisDay": 100, "batteryLevelPercentage": 0.656052677900612, "buyPrice": 0.149072, "sellPrice": 0.1, "batteryLevel": 65.60526779006119, "maxBatteryForMonth": 100, "Temperature": 25.7, "ratioPc": "noData"}