{"bought": 194.19, "sold": 485.92, "Time_string": "Last update at 14:48 - 21/05/2024", "produce": 1.536, "consumption": 0.209, "ratioPC": 1.234, "maxBatteryPerDay": 8.75, "maxAtThisDay": 100, "batteryLevelPercentage": 1.3177329290544169, "buyPrice": 0.149072, "sellPrice": 0.1, "batteryLevel": 131.77329290544168, "maxBatteryForMonth": 100, "Temperature": 23.8, "ratioPc": "noData"}