{"bought": 274.49, "sold": 368.19, "Time_string": "Last update at 18:11 - 23/06/2024", "produce": 3.189, "consumption": 4.47, "ratioPC": -1.1749999999999998, "maxBatteryPerDay": 8.75, "maxAtThisDay": 100, "batteryLevelPercentage": -0.27501967371471525, "buyPrice": 0.149072, "sellPrice": 0.1, "batteryLevel": -27.501967371471522, "maxBatteryForMonth": 100, "Temperature": 36.0, "ratioPc": "noData"}