{"bought": 217.06, "sold": 237.04, "Time_string": "Last update at 12:34 - 21/07/2023", "produce": 3.954, "consumption": 0.121, "buyPrice": 0.149072, "sellPrice": 0.1, "batteryLevel": -58.04958892347324, "maxBatteryPerDay": 8.75, "batteryLevelPercentage": -5.804958892347324, "maxAtThisDay": 10, "ratioPC": 3.833, "maxBatteryForMonth": 10, "ratioPc": "noData"}