{"bought": 75.3, "sold": 225.11, "Time_string": "Last update at 12:29 - 11/05/2024", "produce": 4.109, "consumption": 0.187, "ratioPC": 3.7979999999999996, "maxBatteryPerDay": 8.75, "maxAtThisDay": 96.25, "batteryLevelPercentage": 0.7865721227361243, "buyPrice": 0.149072, "sellPrice": 0.1, "batteryLevel": 75.70756681335196, "maxBatteryForMonth": 100, "Temperature": 26.0, "ratioPc": "noData"}