{"bought": 76.37, "sold": 131.25, "Time_string": "Last update at 21:07 - 09/07/2023", "produce": 0.101, "consumption": 1.45, "buyPrice": 0.149072, "sellPrice": 0.1, "batteryLevel": 11.674703230653634, "maxBatteryPerDay": 8.75, "batteryLevelPercentage": 1.1674703230653634, "maxAtThisDay": 10, "ratioPC": -1.349, "maxBatteryForMonth": 10, "ratioPc": "noData"}