{"bought": 276.38, "sold": 674.67, "Time_string": "Last update at 08:36 - 29/05/2024", "produce": 0.235, "consumption": 0.128, "ratioPC": 0.035, "maxBatteryPerDay": 8.75, "maxAtThisDay": 100, "batteryLevelPercentage": 1.7619996136095306, "buyPrice": 0.149072, "sellPrice": 0.1, "batteryLevel": 176.19996136095307, "maxBatteryForMonth": 100, "Temperature": 18.8, "ratioPc": "noData"}