{"bought": 247.64, "sold": 206.4, "Time_string": "Last update at 14:38 - 30/12/2023", "produce": 4.068, "consumption": 2.604, "ratioPC": 3.5399999999999996, "maxBatteryPerDay": 8.75, "maxAtThisDay": 100, "batteryLevelPercentage": -1.0918341526242352, "buyPrice": 0.149072, "sellPrice": 0.1, "batteryLevel": -109.18341526242352, "maxBatteryForMonth": 100, "Temperature": 15.6, "ratioPc": "noData"}