{"bought": 85.38, "sold": 128.5, "Time_string": "Last update at 00:42 - 09/10/2024", "produce": 0.0, "consumption": 0.03, "ratioPC": -0.084, "maxBatteryPerDay": 8.75, "maxAtThisDay": 78.75, "batteryLevelPercentage": 0.010412153240960856, "buyPrice": 0.149072, "sellPrice": 0.1, "batteryLevel": 0.8199570677256673, "maxBatteryForMonth": 100, "Temperature": 18.0, "ratioPc": "noData"}