{"bought": 92.52, "sold": 416.77, "Time_string": "Last update at 09:15 - 23/09/2023", "produce": 0.188, "consumption": 0.3, "ratioPC": -0.11199999999999999, "maxBatteryPerDay": 8.75, "maxAtThisDay": 10, "batteryLevelPercentage": 18.705631211763443, "buyPrice": 0.149072, "sellPrice": 0.1, "batteryLevel": 187.05631211763443, "maxBatteryForMonth": 10, "Temperature": 17.5, "ratioPc": "noData"}