{"bought": 219.06, "sold": 294.18, "Time_string": "Last update at 21:15 - 20/09/2024", "produce": 0.0, "consumption": 0.309, "ratioPC": -0.192, "maxBatteryPerDay": 8.75, "maxAtThisDay": 100, "batteryLevelPercentage": -0.21719117741762375, "buyPrice": 0.149072, "sellPrice": 0.1, "batteryLevel": -21.719117741762375, "maxBatteryForMonth": 100, "Temperature": 22.8, "ratioPc": "noData"}