{"bought": 323.17, "sold": 48.7, "Time_string": "Last update at 21:13 - 15/08/2024", "produce": 0.022, "consumption": 0.452, "ratioPC": -0.29000000000000004, "maxBatteryPerDay": 8.75, "maxAtThisDay": 100, "batteryLevelPercentage": -2.905012224965118, "buyPrice": 0.149072, "sellPrice": 0.1, "batteryLevel": -290.5012224965118, "maxBatteryForMonth": 100, "Temperature": 33.4, "ratioPc": "noData"}