{"bought": 102.43, "sold": 509.73, "Time_string": "Last update at 16:52 - 26/09/2023", "produce": 3.848, "consumption": 0.866, "ratioPC": 2.9819999999999998, "maxBatteryPerDay": 8.75, "maxAtThisDay": 10, "batteryLevelPercentage": 23.95054405924654, "buyPrice": 0.149072, "sellPrice": 0.1, "batteryLevel": 239.5054405924654, "maxBatteryForMonth": 10, "Temperature": 31.9, "ratioPc": "noData"}