{"bought": 25.86, "sold": 52.97, "Time_string": "Last update at 18:59 - 04/09/2024", "produce": 2.558, "consumption": 1.535, "ratioPC": 1.149, "maxBatteryPerDay": 8.75, "maxAtThisDay": 35.0, "batteryLevelPercentage": 0.27637614805501465, "buyPrice": 0.149072, "sellPrice": 0.1, "batteryLevel": 9.673165181925512, "maxBatteryForMonth": 100, "Temperature": 32.0, "ratioPc": "noData"}