{"bought": 275.31, "sold": 307.36, "Time_string": "Last update at 09:11 - 24/10/2024", "produce": 0.09, "consumption": 0.099, "ratioPC": -0.020000000000000004, "maxBatteryPerDay": 8.75, "maxAtThisDay": 100, "batteryLevelPercentage": -0.6912775249543844, "buyPrice": 0.149072, "sellPrice": 0.1, "batteryLevel": -69.12775249543844, "maxBatteryForMonth": 100, "Temperature": 17.4, "ratioPc": "noData"}