{"bought": 47.66, "sold": 192.27, "Time_string": "Last update at 19:43 - 11/09/2023", "produce": 0.195, "consumption": 1.053, "ratioPC": -0.8579999999999999, "maxBatteryPerDay": 8.75, "maxAtThisDay": 10, "batteryLevelPercentage": 8.131794354405926, "buyPrice": 0.149072, "sellPrice": 0.1, "batteryLevel": 81.31794354405926, "maxBatteryForMonth": 10, "Temperature": 26.3, "ratioPc": "noData"}