{"bought": 233.37, "sold": 382.43, "Time_string": "Last update at 14:44 - 28/06/2023", "produce": 4.072, "consumption": 5.184, "buyPrice": 0.149072, "sellPrice": 0.1, "batteryLevel": 23.17046366856283, "maxBatteryPerDay": 8.75, "batteryLevelPercentage": 0.23170463668562832, "maxAtThisDay": 100, "ratioPC": -1.112, "maxBatteryForMonth": 100, "ratioPc": "noData"}