{"bought": 201.73, "sold": 199.54, "Time_string": "Last update at 14:22 - 19/07/2023", "produce": 4.294, "consumption": 3.483, "buyPrice": 0.149072, "sellPrice": 0.1, "batteryLevel": -67.87521841794569, "maxBatteryPerDay": 8.75, "batteryLevelPercentage": -6.787521841794569, "maxAtThisDay": 10, "ratioPC": 0.8109999999999995, "maxBatteryForMonth": 10, "ratioPc": "noData"}