{"bought": 245.39, "sold": 398.45, "Time_string": "Last update at 02:01 - 30/06/2023", "produce": 0.0, "consumption": 0.135, "buyPrice": 0.149072, "sellPrice": 0.1, "batteryLevel": 21.896948588601447, "maxBatteryPerDay": 8.75, "batteryLevelPercentage": 0.21896948588601448, "maxAtThisDay": 100, "ratioPC": -0.135, "maxBatteryForMonth": 100, "ratioPc": "noData"}