{"bought": 150.31, "sold": 289.21, "Time_string": "Last update at 22:26 - 17/06/2024", "produce": 0.0, "consumption": 5.589, "ratioPC": -5.589, "maxBatteryPerDay": 8.75, "maxAtThisDay": 100, "batteryLevelPercentage": 0.43696922829236856, "buyPrice": 0.149072, "sellPrice": 0.1, "batteryLevel": 43.696922829236854, "maxBatteryForMonth": 100, "Temperature": 23.1, "ratioPc": "noData"}