{"bought": 270.6, "sold": 161.75, "Time_string": "Last update at 09:47 - 24/01/2024", "produce": 0.699, "consumption": 0.185, "ratioPC": 0.15700000000000003, "maxBatteryPerDay": 8.75, "maxAtThisDay": 100, "batteryLevelPercentage": -1.6209538478050876, "buyPrice": 0.149072, "sellPrice": 0.1, "batteryLevel": -162.09538478050877, "maxBatteryForMonth": 100, "Temperature": 11.8, "ratioPc": "noData"}