{"bought": 161.56, "sold": 171.92, "Time_string": "Last update at 12:34 - 16/07/2023", "produce": 3.79, "consumption": 3.382, "buyPrice": 0.149072, "sellPrice": 0.1, "batteryLevel": -46.233178061607816, "maxBatteryPerDay": 8.75, "batteryLevelPercentage": -4.623317806160782, "maxAtThisDay": 10, "ratioPC": 0.4079999999999999, "maxBatteryForMonth": 10, "ratioPc": "noData"}