{"bought": 83.66, "sold": 109.28, "Time_string": "Last update at 08:52 - 08/10/2024", "produce": 0.099, "consumption": 0.162, "ratioPC": -0.137, "maxBatteryPerDay": 8.75, "maxAtThisDay": 70.0, "batteryLevelPercentage": -0.14790202241678035, "buyPrice": 0.149072, "sellPrice": 0.1, "batteryLevel": -10.353141569174625, "maxBatteryForMonth": 100, "Temperature": 15.0, "ratioPc": "noData"}