{"bought": 137.98, "sold": 146.29, "Time_string": "Last update at 08:39 - 13/10/2024", "produce": 0.0, "consumption": 0.253, "ratioPC": -0.453, "maxBatteryPerDay": 8.75, "maxAtThisDay": 100, "batteryLevelPercentage": -0.39846212300096595, "buyPrice": 0.149072, "sellPrice": 0.1, "batteryLevel": -39.846212300096596, "maxBatteryForMonth": 100, "Temperature": 18.0, "ratioPc": "noData"}