{"bought": 148.78, "sold": 238.05, "Time_string": "Last update at 21:38 - 15/09/2024", "produce": 0.0, "consumption": 1.523, "ratioPC": -0.328, "maxBatteryPerDay": 8.75, "maxAtThisDay": 100, "batteryLevelPercentage": 0.10907936030911258, "buyPrice": 0.149072, "sellPrice": 0.1, "batteryLevel": 10.907936030911259, "maxBatteryForMonth": 100, "Temperature": 27.7, "ratioPc": "noData"}