{"bought": 32.81, "sold": 14.46, "Time_string": "Last update at 07:15 - 03/06/2024", "produce": 0.023, "consumption": 0.244, "ratioPC": -0.231, "maxBatteryPerDay": 8.75, "maxAtThisDay": 26.25, "batteryLevelPercentage": -0.8803805435021492, "buyPrice": 0.149072, "sellPrice": 0.1, "batteryLevel": -23.109989266931418, "maxBatteryForMonth": 100, "Temperature": 18.2, "ratioPc": "noData"}