{"bought": 268.23, "sold": 209.34, "Time_string": "Last update at 17:37 - 31/12/2023", "produce": 0.483, "consumption": 0.321, "ratioPC": 0.07100000000000001, "maxBatteryPerDay": 8.75, "maxAtThisDay": 100, "batteryLevelPercentage": -1.278012139100569, "buyPrice": 0.149072, "sellPrice": 0.1, "batteryLevel": -127.8012139100569, "maxBatteryForMonth": 100, "Temperature": 12.8, "ratioPc": "noData"}