{"bought": 321.15, "sold": 337.61, "Time_string": "Last update at 11:05 - 27/10/2024", "produce": 3.75, "consumption": 0.124, "ratioPC": 3.457, "maxBatteryPerDay": 8.75, "maxAtThisDay": 100, "batteryLevelPercentage": -0.9467554470323063, "buyPrice": 0.149072, "sellPrice": 0.1, "batteryLevel": -94.67554470323063, "maxBatteryForMonth": 100, "Temperature": 14.2, "ratioPc": "noData"}