{"bought": 140.65, "sold": 157.92, "Time_string": "Last update at 03:58 - 14/10/2024", "produce": 0.0, "consumption": 0.133, "ratioPC": -0.166, "maxBatteryPerDay": 8.75, "maxAtThisDay": 100, "batteryLevelPercentage": -0.34714613072877554, "buyPrice": 0.149072, "sellPrice": 0.1, "batteryLevel": -34.714613072877555, "maxBatteryForMonth": 100, "Temperature": 17.0, "ratioPc": "noData"}