{"bought": 83.56, "sold": 245.84, "Time_string": "Last update at 11:48 - 16/10/2023", "produce": 1.275, "consumption": 0.821, "ratioPC": 0.45399999999999996, "maxBatteryPerDay": 8.75, "maxAtThisDay": 10, "batteryLevelPercentage": 8.135359879789632, "buyPrice": 0.149072, "sellPrice": 0.1, "batteryLevel": 81.35359879789632, "maxBatteryForMonth": 10, "Temperature": 21.6, "ratioPc": "noData"}