{"bought": 233.78, "sold": 650.84, "Time_string": "Last update at 21:38 - 27/05/2024", "produce": 0.02, "consumption": 0.371, "ratioPC": -0.401, "maxBatteryPerDay": 8.75, "maxAtThisDay": 100, "batteryLevelPercentage": 2.0281439733819897, "buyPrice": 0.149072, "sellPrice": 0.1, "batteryLevel": 202.81439733819897, "maxBatteryForMonth": 100, "Temperature": 25.1, "ratioPc": "noData"}