{"bought": 188.4, "sold": 193.27, "Time_string": "Last update at 15:23 - 18/07/2023", "produce": 4.128, "consumption": 4.622, "buyPrice": 0.149072, "sellPrice": 0.1, "batteryLevel": -58.751239669421494, "maxBatteryPerDay": 8.75, "batteryLevelPercentage": -5.87512396694215, "maxAtThisDay": 10, "ratioPC": -0.4939999999999998, "maxBatteryForMonth": 10, "ratioPc": "noData"}