{"bought": 200.0, "sold": 183.96, "Time_string": "Last update at 20:54 - 19/08/2023", "produce": 0.052, "consumption": 1.277, "ratioPC": -1.2249999999999999, "maxBatteryPerDay": 8.75, "maxAtThisDay": 10, "batteryLevelPercentage": -7.659654395191586, "buyPrice": 0.149072, "sellPrice": 0.1, "batteryLevel": -76.59654395191586, "maxBatteryForMonth": 10, "Temperature": 36.3, "ratioPc": "noData"}