{"bought": 250.39, "sold": 161.56, "Time_string": "Last update at 17:44 - 23/01/2024", "produce": 1.127, "consumption": 0.238, "ratioPC": 0.9809999999999999, "maxBatteryPerDay": 8.75, "maxAtThisDay": 100, "batteryLevelPercentage": -1.4201283996994738, "buyPrice": 0.149072, "sellPrice": 0.1, "batteryLevel": -142.01283996994738, "maxBatteryForMonth": 100, "Temperature": 18.5, "ratioPc": "noData"}