{"bought": 572.15, "sold": 90.53, "Time_string": "Last update at 15:40 - 26/08/2024", "produce": 4.616, "consumption": 5.034, "ratioPC": -0.34499999999999975, "maxBatteryPerDay": 8.75, "maxAtThisDay": 100, "batteryLevelPercentage": -5.114209563164109, "buyPrice": 0.149072, "sellPrice": 0.1, "batteryLevel": -511.42095631641087, "maxBatteryForMonth": 100, "Temperature": 34.7, "ratioPc": "noData"}