{"bought": 107.06, "sold": 128.06, "Time_string": "Last update at 10:05 - 11/06/2024", "produce": 1.459, "consumption": 0.196, "ratioPC": 0.8700000000000001, "maxBatteryPerDay": 8.75, "maxAtThisDay": 96.25, "batteryLevelPercentage": -0.21979430980096432, "buyPrice": 0.149072, "sellPrice": 0.1, "batteryLevel": -21.155202318342816, "maxBatteryForMonth": 100, "Temperature": 21.2, "ratioPc": "noData"}