{"bought": 11.25, "sold": 16.43, "Time_string": "Last update at 17:10 - 02/08/2023", "produce": 4.062, "consumption": 2.713, "ratioPC": 1.3490000000000002, "maxBatteryPerDay": 8.75, "maxAtThisDay": 10, "batteryLevelPercentage": -0.022848019748846225, "buyPrice": 0.149072, "sellPrice": 0.1, "batteryLevel": -0.22848019748846227, "maxBatteryForMonth": 10, "Temperature": 38.8, "ratioPc": "noData"}