{"bought": 204.22, "sold": 534.29, "Time_string": "Last update at 11:57 - 23/05/2024", "produce": 3.519, "consumption": 7.654, "ratioPC": -4.654999999999999, "maxBatteryPerDay": 8.75, "maxAtThisDay": 100, "batteryLevelPercentage": 1.5419070086937856, "buyPrice": 0.149072, "sellPrice": 0.1, "batteryLevel": 154.19070086937856, "maxBatteryForMonth": 100, "Temperature": 24.9, "ratioPc": "noData"}