{"bought": 87.35, "sold": 132.92, "Time_string": "Last update at 20:09 - 09/10/2024", "produce": 0.0, "consumption": 0.163, "ratioPC": -1.1660000000000001, "maxBatteryPerDay": 8.75, "maxAtThisDay": 78.75, "batteryLevelPercentage": 0.023047203354169127, "buyPrice": 0.149072, "sellPrice": 0.1, "batteryLevel": 1.8149672641408188, "maxBatteryForMonth": 100, "Temperature": 20.8, "ratioPc": "noData"}