{"bought": 230.31, "sold": 196.29, "Time_string": "Last update at 12:48 - 21/08/2023", "produce": 3.847, "consumption": 3.616, "ratioPC": 0.23099999999999987, "maxBatteryPerDay": 8.75, "maxAtThisDay": 10, "batteryLevelPercentage": -9.86353729741333, "buyPrice": 0.149072, "sellPrice": 0.1, "batteryLevel": -98.6353729741333, "maxBatteryForMonth": 10, "Temperature": 35.6, "ratioPc": "noData"}