{"bought": 196.69, "sold": 501.08, "Time_string": "Last update at 10:23 - 22/05/2024", "produce": 1.891, "consumption": 0.172, "ratioPC": 1.3519999999999999, "maxBatteryPerDay": 8.75, "maxAtThisDay": 100, "batteryLevelPercentage": 1.3944287538907372, "buyPrice": 0.149072, "sellPrice": 0.1, "batteryLevel": 139.44287538907372, "maxBatteryForMonth": 100, "Temperature": 18.8, "ratioPc": "noData"}