{"bought": 237.59, "sold": 309.13, "Time_string": "Last update at 13:28 - 22/09/2024", "produce": 4.612, "consumption": 6.367, "ratioPC": -0.9879999999999995, "maxBatteryPerDay": 8.75, "maxAtThisDay": 100, "batteryLevelPercentage": -0.30220406783299353, "buyPrice": 0.149072, "sellPrice": 0.1, "batteryLevel": -30.220406783299353, "maxBatteryForMonth": 100, "Temperature": 25.5, "ratioPc": "noData"}