{"bought": 263.01, "sold": 364.4, "Time_string": "Last update at 18:44 - 22/06/2024", "produce": 2.524, "consumption": 3.196, "ratioPC": -0.2629999999999999, "maxBatteryPerDay": 8.75, "maxAtThisDay": 100, "batteryLevelPercentage": -0.18564362992379557, "buyPrice": 0.149072, "sellPrice": 0.1, "batteryLevel": -18.564362992379557, "maxBatteryForMonth": 100, "Temperature": 35.3, "ratioPc": "noData"}