{"bought": 50.5, "sold": 82.63, "Time_string": "Last update at 16:54 - 06/07/2023", "produce": 4.213, "consumption": 1.745, "buyPrice": 0.149072, "sellPrice": 0.1, "batteryLevel": 4.929591070086936, "maxBatteryPerDay": 8.75, "batteryLevelPercentage": 0.49295910700869355, "maxAtThisDay": 10, "ratioPC": 2.468, "maxBatteryForMonth": 10, "ratioPc": "noData"}