{"bought": 138.91, "sold": 335.18, "Time_string": "Last update at 08:33 - 22/06/2023", "produce": 0.238, "consumption": 0.096, "ratioPc": "noData", "buyPrice": 0.149072, "sellPrice": 0.1, "batteryLevel": 85.93437050552751, "maxBatteryPerDay": 8.75, "batteryLevelPercentage": 0.4464123143144286, "maxAtThisDay": 192.5, "ratioPC": 0.142}