{"bought": 101.88, "sold": 94.29, "Time_string": "Last update at 13:14 - 09/06/2024", "produce": 1.471, "consumption": 0.188, "ratioPC": 1.067, "maxBatteryPerDay": 8.75, "maxAtThisDay": 78.75, "batteryLevelPercentage": -0.49052298665521804, "buyPrice": 0.149072, "sellPrice": 0.1, "batteryLevel": -38.62868519909842, "maxBatteryForMonth": 100, "Temperature": 23.2, "ratioPc": "noData"}