{"bought": 257.19, "sold": 282.04, "Time_string": "Last update at 09:44 - 24/07/2023", "produce": 0.502, "consumption": 0.358, "buyPrice": 0.149072, "sellPrice": 0.1, "batteryLevel": -67.99283353010625, "maxBatteryPerDay": 8.75, "batteryLevelPercentage": -6.799283353010625, "maxAtThisDay": 10, "ratioPC": 0.14400000000000002, "maxBatteryForMonth": 10, "ratioPc": "noData"}