{"bought": 279.35, "sold": 332.2, "Time_string": "Last update at 19:30 - 25/10/2024", "produce": 0.1, "consumption": 0.134, "ratioPC": -0.013000000000000012, "maxBatteryPerDay": 8.75, "maxAtThisDay": 100, "batteryLevelPercentage": -0.5650466351829994, "buyPrice": 0.149072, "sellPrice": 0.1, "batteryLevel": -56.504663518299935, "maxBatteryForMonth": 100, "Temperature": 18.5, "ratioPc": "noData"}