{"bought": 112.6, "sold": 180.2, "Time_string": "Last update at 10:00 - 13/06/2024", "produce": 0.871, "consumption": 0.105, "ratioPC": 0.823, "maxBatteryPerDay": 8.75, "maxAtThisDay": 100, "batteryLevelPercentage": 0.08281184930771701, "buyPrice": 0.149072, "sellPrice": 0.1, "batteryLevel": 8.281184930771701, "maxBatteryForMonth": 100, "Temperature": 21.0, "ratioPc": "noData"}