{"bought": 99.31, "sold": 74.66, "Time_string": "Last update at 14:04 - 08/06/2024", "produce": 1.212, "consumption": 0.226, "ratioPC": 0.8580000000000001, "maxBatteryPerDay": 8.75, "maxAtThisDay": 70.0, "batteryLevelPercentage": -0.7032402674067373, "buyPrice": 0.149072, "sellPrice": 0.1, "batteryLevel": -49.22681871847161, "maxBatteryForMonth": 100, "Temperature": 25.0, "ratioPc": "noData"}