{"bought": 44.33, "sold": 117.11, "Time_string": "Last update at 13:45 - 08/10/2023", "produce": 4.583, "consumption": 3.038, "ratioPC": 1.5450000000000004, "maxBatteryPerDay": 8.75, "maxAtThisDay": 10, "batteryLevelPercentage": 3.422935386927122, "buyPrice": 0.149072, "sellPrice": 0.1, "batteryLevel": 34.22935386927122, "maxBatteryForMonth": 10, "Temperature": 32.3, "ratioPc": "noData"}