{"bought": 120.46, "sold": 121.58, "Time_string": "Last update at 08:43 - 18/12/2023", "produce": 0.039, "consumption": 0.397, "ratioPC": -2.519, "maxBatteryPerDay": 8.75, "maxAtThisDay": 100, "batteryLevelPercentage": -0.38902095094987643, "buyPrice": 0.149072, "sellPrice": 0.1, "batteryLevel": -38.902095094987644, "maxBatteryForMonth": 100, "Temperature": 5.7, "ratioPc": "noData"}