{"bought": 170.04, "sold": 116.0, "Time_string": "Last update at 15:39 - 15/08/2023", "produce": 4.604, "consumption": 4.244, "ratioPC": 0.3600000000000003, "maxBatteryPerDay": 8.75, "maxAtThisDay": 10, "batteryLevelPercentage": -9.222525276376514, "buyPrice": 0.149072, "sellPrice": 0.1, "batteryLevel": -92.22525276376514, "maxBatteryForMonth": 10, "Temperature": 35.0, "ratioPc": "noData"}