{"bought": 62.81, "sold": 61.52, "Time_string": "Last update at 12:10 - 07/08/2023", "produce": 3.297, "consumption": 2.191, "ratioPC": 1.1060000000000003, "maxBatteryPerDay": 8.75, "maxAtThisDay": 10, "batteryLevelPercentage": -2.1541351293334765, "buyPrice": 0.149072, "sellPrice": 0.1, "batteryLevel": -21.541351293334763, "maxBatteryForMonth": 10, "Temperature": 35.3, "ratioPc": "noData"}