{"bought": 334.04, "sold": 447.34, "Time_string": "Last update at 13:41 - 30/09/2024", "produce": 4.622, "consumption": 0.172, "ratioPC": 4.412, "maxBatteryPerDay": 8.75, "maxAtThisDay": 100, "batteryLevelPercentage": -0.33956818718471654, "buyPrice": 0.149072, "sellPrice": 0.1, "batteryLevel": -33.95681871847165, "maxBatteryForMonth": 100, "Temperature": 28.4, "ratioPc": "noData"}