{"bought": 104.83, "sold": 127.02, "Time_string": "Last update at 19:48 - 10/06/2024", "produce": 1.29, "consumption": 1.342, "ratioPC": -0.020000000000000018, "maxBatteryPerDay": 8.75, "maxAtThisDay": 87.5, "batteryLevelPercentage": -0.22426116315797556, "buyPrice": 0.149072, "sellPrice": 0.1, "batteryLevel": -19.62285177632286, "maxBatteryForMonth": 100, "Temperature": 24.2, "ratioPc": "noData"}