{"bought": 80.54, "sold": 109.28, "Time_string": "Last update at 19:38 - 07/10/2024", "produce": 0.184, "consumption": 0.262, "ratioPC": -0.085, "maxBatteryPerDay": 8.75, "maxAtThisDay": 61.25, "batteryLevelPercentage": -0.11809210725183077, "buyPrice": 0.149072, "sellPrice": 0.1, "batteryLevel": -7.233141569174634, "maxBatteryForMonth": 100, "Temperature": 19.0, "ratioPc": "noData"}