{"bought": 14.54, "sold": 11.96, "Time_string": "Last update at 15:18 - 02/09/2024", "produce": 4.809, "consumption": 3.698, "ratioPC": 1.3160000000000003, "maxBatteryPerDay": 8.75, "maxAtThisDay": 17.5, "batteryLevelPercentage": -0.37240178475597596, "buyPrice": 0.149072, "sellPrice": 0.1, "batteryLevel": -6.517031233229579, "maxBatteryForMonth": 100, "Temperature": 32.3, "ratioPc": "noData"}