{"bought": 41.54, "sold": 147.23, "Time_string": "Last update at 11:28 - 11/11/2023", "produce": 2.192, "consumption": 1.138, "ratioPC": 1.0540000000000003, "maxBatteryPerDay": 8.75, "maxAtThisDay": 10, "batteryLevelPercentage": 5.7224355479231495, "buyPrice": 0.149072, "sellPrice": 0.1, "batteryLevel": 57.2243554792315, "maxBatteryForMonth": 10, "Temperature": 18.0, "ratioPc": "noData"}