{"bought": 182.91, "sold": 157.87, "Time_string": "Last update at 20:22 - 17/08/2023", "produce": 0.127, "consumption": 3.628, "ratioPC": -3.5010000000000003, "maxBatteryPerDay": 8.75, "maxAtThisDay": 10, "batteryLevelPercentage": -7.70081539122035, "buyPrice": 0.149072, "sellPrice": 0.1, "batteryLevel": -77.0081539122035, "maxBatteryForMonth": 10, "Temperature": 31.3, "ratioPc": "noData"}