{"bought": 184.51, "sold": 351.72, "Time_string": "Last update at 08:09 - 17/05/2024", "produce": 0.193, "consumption": 0.167, "ratioPC": 0.0050000000000000044, "maxBatteryPerDay": 8.75, "maxAtThisDay": 100, "batteryLevelPercentage": 0.5142968015455619, "buyPrice": 0.149072, "sellPrice": 0.1, "batteryLevel": 51.429680154556195, "maxBatteryForMonth": 100, "Temperature": 13.3, "ratioPc": "noData"}