{"bought": 165.62, "sold": 432.75, "Time_string": "Last update at 12:19 - 30/10/2023", "produce": 3.948, "consumption": 0.189, "ratioPC": 3.759, "maxBatteryPerDay": 8.75, "maxAtThisDay": 10, "batteryLevelPercentage": 12.467596436621232, "buyPrice": 0.149072, "sellPrice": 0.1, "batteryLevel": 124.67596436621233, "maxBatteryForMonth": 10, "Temperature": 19.3, "ratioPc": "noData"}