{"bought": 215.19, "sold": 281.82, "Time_string": "Last update at 22:21 - 19/09/2024", "produce": 0.0, "consumption": 1.373, "ratioPC": -1.335, "maxBatteryPerDay": 8.75, "maxAtThisDay": 100, "batteryLevelPercentage": -0.26140413223140485, "buyPrice": 0.149072, "sellPrice": 0.1, "batteryLevel": -26.140413223140484, "maxBatteryForMonth": 100, "Temperature": 21.0, "ratioPc": "noData"}