{"bought": 29.62, "sold": 10.65, "Time_string": "Last update at 15:29 - 02/06/2024", "produce": 4.575, "consumption": 2.813, "ratioPC": 1.9859999999999998, "maxBatteryPerDay": 8.75, "maxAtThisDay": 17.5, "batteryLevelPercentage": -1.2843314984897038, "buyPrice": 0.149072, "sellPrice": 0.1, "batteryLevel": -22.475801223569817, "maxBatteryForMonth": 100, "Temperature": 31.5, "ratioPc": "noData"}