{"bought": 20.73, "sold": 29.61, "Time_string": "Last update at 13:27 - 03/07/2023", "produce": 4.249, "consumption": 5.208, "buyPrice": 0.149072, "sellPrice": 0.1, "batteryLevel": -0.8671149511645382, "maxBatteryPerDay": 8.75, "batteryLevelPercentage": -0.08671149511645382, "maxAtThisDay": 10, "ratioPC": -0.9590000000000005, "maxBatteryForMonth": 10, "ratioPc": "noData"}