{"bought": 258.71, "sold": 289.57, "Time_string": "Last update at 17:01 - 24/07/2023", "produce": 4.134, "consumption": 3.755, "buyPrice": 0.149072, "sellPrice": 0.1, "batteryLevel": -64.46158312761617, "maxBatteryPerDay": 8.75, "batteryLevelPercentage": -6.446158312761616, "maxAtThisDay": 10, "ratioPC": 0.37900000000000045, "maxBatteryForMonth": 10, "ratioPc": "noData"}