{"bought": 220.59, "sold": 243.51, "Time_string": "Last update at 18:49 - 20/10/2024", "produce": 0.378, "consumption": 1.891, "ratioPC": 0.482, "maxBatteryPerDay": 8.75, "maxAtThisDay": 100, "batteryLevelPercentage": -0.5723940431469359, "buyPrice": 0.149072, "sellPrice": 0.1, "batteryLevel": -57.23940431469359, "maxBatteryForMonth": 100, "Temperature": 24.2, "ratioPc": "noData"}