{"bought": 233.3, "sold": 628.21, "Time_string": "Last update at 10:41 - 27/05/2024", "produce": 2.096, "consumption": 0.202, "ratioPC": 1.8439999999999999, "maxBatteryPerDay": 8.75, "maxAtThisDay": 100, "batteryLevelPercentage": 1.8811381345926799, "buyPrice": 0.149072, "sellPrice": 0.1, "batteryLevel": 188.113813459268, "maxBatteryForMonth": 100, "Temperature": 25.0, "ratioPc": "noData"}