{"bought": 66.17, "sold": 98.03, "Time_string": "Last update at 12:47 - 07/11/2024", "produce": 3.719, "consumption": 0.216, "ratioPC": 3.2399999999999998, "maxBatteryPerDay": 8.75, "maxAtThisDay": 61.25, "batteryLevelPercentage": -0.0066911088574101996, "buyPrice": 0.149072, "sellPrice": 0.1, "batteryLevel": -0.4098304175163747, "maxBatteryForMonth": 100, "Temperature": 21.8, "ratioPc": "noData"}