{"bought": 138.97, "sold": 338.35, "Time_string": "Last update at 12:32 - 22/06/2023", "produce": 3.895, "consumption": 2.859, "ratioPc": "noData", "buyPrice": 0.149072, "sellPrice": 0.1, "batteryLevel": 88.0008597187936, "maxBatteryPerDay": 8.75, "batteryLevelPercentage": 0.45714732321451224, "maxAtThisDay": 192.5, "ratioPC": 1.036}