{"bought": 199.99, "sold": 320.13, "Time_string": "Last update at 23:18 - 19/06/2024", "produce": 0.0, "consumption": 4.557, "ratioPC": -4.58, "maxBatteryPerDay": 8.75, "maxAtThisDay": 100, "batteryLevelPercentage": 0.14758577868412545, "buyPrice": 0.149072, "sellPrice": 0.1, "batteryLevel": 14.758577868412544, "maxBatteryForMonth": 100, "Temperature": 17.0, "ratioPc": "noData"}