{"bought": 81.46, "sold": 365.18, "Time_string": "Last update at 13:43 - 20/09/2023", "produce": 4.503, "consumption": 0.161, "ratioPC": 4.3420000000000005, "maxBatteryPerDay": 8.75, "maxAtThisDay": 10, "batteryLevelPercentage": 16.350887410110552, "buyPrice": 0.149072, "sellPrice": 0.1, "batteryLevel": 163.5088741011055, "maxBatteryForMonth": 10, "Temperature": 26.4, "ratioPc": "noData"}