{"bought": 210.94, "sold": 222.84, "Time_string": "Last update at 19:44 - 19/10/2024", "produce": 0.003, "consumption": 0.1, "ratioPC": -0.11199999999999999, "maxBatteryPerDay": 8.75, "maxAtThisDay": 100, "batteryLevelPercentage": -0.6145518729204679, "buyPrice": 0.149072, "sellPrice": 0.1, "batteryLevel": -61.45518729204679, "maxBatteryForMonth": 100, "Temperature": 21.0, "ratioPc": "noData"}