{"bought": 51.58, "sold": 85.71, "Time_string": "Last update at 19:59 - 06/07/2023", "produce": 1.049, "consumption": 2.725, "buyPrice": 0.149072, "sellPrice": 0.1, "batteryLevel": 5.915706772566274, "maxBatteryPerDay": 8.75, "batteryLevelPercentage": 0.5915706772566274, "maxAtThisDay": 10, "ratioPC": -1.6760000000000002, "maxBatteryForMonth": 10, "ratioPc": "noData"}