{"bought": 278.68, "sold": 368.44, "Time_string": "Last update at 23:40 - 23/06/2024", "produce": 0.0, "consumption": 0.163, "ratioPC": -0.158, "maxBatteryPerDay": 8.75, "maxAtThisDay": 100, "batteryLevelPercentage": -0.31524263174841705, "buyPrice": 0.149072, "sellPrice": 0.1, "batteryLevel": -31.524263174841707, "maxBatteryForMonth": 100, "Temperature": 26.3, "ratioPc": "noData"}