{"bought": 14.96, "sold": 35.11, "Time_string": "Last update at 09:36 - 04/11/2023", "produce": 1.366, "consumption": 0.186, "ratioPC": 1.1800000000000002, "maxBatteryPerDay": 8.75, "maxAtThisDay": 10, "batteryLevelPercentage": 0.8592377374691423, "buyPrice": 0.149072, "sellPrice": 0.1, "batteryLevel": 8.592377374691424, "maxBatteryForMonth": 10, "Temperature": 17.6, "ratioPc": "noData"}