{"bought": 294.47, "sold": 364.91, "Time_string": "Last update at 16:39 - 26/09/2024", "produce": 1.273, "consumption": 0.149, "ratioPC": 1.461, "maxBatteryPerDay": 8.75, "maxAtThisDay": 100, "batteryLevelPercentage": -0.49682246431254695, "buyPrice": 0.149072, "sellPrice": 0.1, "batteryLevel": -49.6822464312547, "maxBatteryForMonth": 100, "Temperature": 27.0, "ratioPc": "noData"}