{"bought": 313.12, "sold": 410.32, "Time_string": "Last update at 16:02 - 28/09/2024", "produce": 4.649, "consumption": 0.229, "ratioPC": 4.604, "maxBatteryPerDay": 8.75, "maxAtThisDay": 100, "batteryLevelPercentage": -0.37870456155414844, "buyPrice": 0.149072, "sellPrice": 0.1, "batteryLevel": -37.87045615541484, "maxBatteryForMonth": 100, "Temperature": 29.0, "ratioPc": "noData"}