{"bought": 82.6, "sold": 68.89, "Time_string": "Last update at 15:37 - 08/08/2023", "produce": 0, "consumption": 0, "ratioPC": -0.42900000000000027, "maxBatteryPerDay": 8.75, "maxAtThisDay": 10, "batteryLevelPercentage": -3.6387431576687774, "buyPrice": 0.149072, "sellPrice": 0.1, "batteryLevel": -36.387431576687774, "maxBatteryForMonth": 10, "Temperature": 39.6, "ratioPc": "noData"}