{"bought": 248.19, "sold": 362.02, "Time_string": "Last update at 23:26 - 21/06/2024", "produce": 0.0, "consumption": 0.124, "ratioPC": -0.121, "maxBatteryPerDay": 8.75, "maxAtThisDay": 100, "batteryLevelPercentage": -0.053409069442953976, "buyPrice": 0.149072, "sellPrice": 0.1, "batteryLevel": -5.340906944295398, "maxBatteryForMonth": 100, "Temperature": 22.6, "ratioPc": "noData"}