{"bought": 81.27, "sold": 137.61, "Time_string": "Last update at 15:16 - 10/07/2023", "produce": 4.385, "consumption": 3.804, "buyPrice": 0.149072, "sellPrice": 0.1, "batteryLevel": 11.041097992916193, "maxBatteryPerDay": 8.75, "batteryLevelPercentage": 1.1041097992916193, "maxAtThisDay": 10, "ratioPC": 0.581, "maxBatteryForMonth": 10, "ratioPc": "noData"}