{"bought": 194.15, "sold": 194.73, "Time_string": "Last update at 21:03 - 18/07/2023", "produce": 0.232, "consumption": 2.167, "buyPrice": 0.149072, "sellPrice": 0.1, "batteryLevel": -63.52184716110338, "maxBatteryPerDay": 8.75, "batteryLevelPercentage": -6.352184716110338, "maxAtThisDay": 10, "ratioPC": -1.9349999999999998, "maxBatteryForMonth": 10, "ratioPc": "noData"}