{"bought": 134.55, "sold": 335.12, "Time_string": "Last update at 02:10 - 22/06/2023", "produce": 0.0, "consumption": 0.091, "ratioPc": "noData", "buyPrice": 0.149072, "sellPrice": 0.1, "batteryLevel": 90.25412149833636, "maxBatteryPerDay": 8.75, "batteryLevelPercentage": 0.4688525792121369, "maxAtThisDay": 192.5, "ratioPC": -0.091}