{"bought": 139.06, "sold": 139.59, "Time_string": "Last update at 16:59 - 20/12/2023", "produce": 0.404, "consumption": 0.276, "ratioPC": 0.08800000000000002, "maxBatteryPerDay": 8.75, "maxAtThisDay": 100, "batteryLevelPercentage": -0.45420684769775677, "buyPrice": 0.149072, "sellPrice": 0.1, "batteryLevel": -45.420684769775676, "maxBatteryForMonth": 100, "Temperature": 11.0, "ratioPc": "noData"}