{"bought": 125.56, "sold": 288.03, "Time_string": "Last update at 17:07 - 17/06/2024", "produce": 4.216, "consumption": 1.859, "ratioPC": 2.372, "maxBatteryPerDay": 8.75, "maxAtThisDay": 100, "batteryLevelPercentage": 0.6765535902114411, "buyPrice": 0.149072, "sellPrice": 0.1, "batteryLevel": 67.65535902114411, "maxBatteryForMonth": 100, "Temperature": 32.8, "ratioPc": "noData"}