{"bought": 9.94, "sold": 16.39, "Time_string": "Last update at 15:29 - 02/08/2023", "produce": 4.794, "consumption": 4.565, "ratioPC": 0.2289999999999992, "maxBatteryPerDay": 8.75, "maxAtThisDay": 10, "batteryLevelPercentage": 0.1054687131050768, "buyPrice": 0.149072, "sellPrice": 0.1, "batteryLevel": 1.054687131050768, "maxBatteryForMonth": 10, "Temperature": 36.5, "ratioPc": "noData"}