{"bought": 205.18, "sold": 263.86, "Time_string": "Last update at 12:34 - 18/09/2024", "produce": 3.524, "consumption": 1.158, "ratioPC": 2.278, "maxBatteryPerDay": 8.75, "maxAtThisDay": 100, "batteryLevelPercentage": -0.2817828270902652, "buyPrice": 0.149072, "sellPrice": 0.1, "batteryLevel": -28.17828270902652, "maxBatteryForMonth": 100, "Temperature": 26.6, "ratioPc": "noData"}