{"bought": 131.06, "sold": 324.44, "Time_string": "Last update at 10:05 - 23/10/2023", "produce": 0.363, "consumption": 0.199, "ratioPC": 0.16399999999999998, "maxBatteryPerDay": 8.75, "maxAtThisDay": 10, "batteryLevelPercentage": 8.657979821831063, "buyPrice": 0.149072, "sellPrice": 0.1, "batteryLevel": 86.57979821831063, "maxBatteryForMonth": 10, "Temperature": 14.2, "ratioPc": "noData"}