{"bought": 48.89, "sold": 55.87, "Time_string": "Last update at 12:24 - 06/08/2023", "produce": 3.702, "consumption": 3.805, "ratioPC": -0.1030000000000002, "maxBatteryPerDay": 8.75, "maxAtThisDay": 10, "batteryLevelPercentage": -1.1411466137168624, "buyPrice": 0.149072, "sellPrice": 0.1, "batteryLevel": -11.411466137168624, "maxBatteryForMonth": 10, "Temperature": 35.8, "ratioPc": "noData"}