{"bought": 50.29, "sold": 80.36, "Time_string": "Last update at 15:44 - 06/07/2023", "produce": 4.77, "consumption": 0.415, "buyPrice": 0.149072, "sellPrice": 0.1, "batteryLevel": 3.616836964688197, "maxBatteryPerDay": 8.75, "batteryLevelPercentage": 0.3616836964688197, "maxAtThisDay": 10, "ratioPC": 4.3549999999999995, "maxBatteryForMonth": 10, "ratioPc": "noData"}