{"bought": 110.02, "sold": 78.7, "Time_string": "Last update at 17:45 - 10/08/2023", "produce": 3.288, "consumption": 3.708, "ratioPC": -0.4200000000000004, "maxBatteryPerDay": 8.75, "maxAtThisDay": 10, "batteryLevelPercentage": -5.722671890093377, "buyPrice": 0.149072, "sellPrice": 0.1, "batteryLevel": -57.22671890093377, "maxBatteryForMonth": 10, "Temperature": 42.2, "ratioPc": "noData"}