{"bought": 174.28, "sold": 320.13, "Time_string": "Last update at 18:03 - 19/06/2024", "produce": 0.691, "consumption": 0.224, "ratioPC": 3.667, "maxBatteryPerDay": 8.75, "maxAtThisDay": 100, "batteryLevelPercentage": 0.40468577868412553, "buyPrice": 0.149072, "sellPrice": 0.1, "batteryLevel": 40.46857786841255, "maxBatteryForMonth": 100, "Temperature": 21.9, "ratioPc": "noData"}