{"bought": 188.46, "sold": 193.27, "Time_string": "Last update at 15:27 - 18/07/2023", "produce": 3.97, "consumption": 4.715, "buyPrice": 0.149072, "sellPrice": 0.1, "batteryLevel": -58.8112396694215, "maxBatteryPerDay": 8.75, "batteryLevelPercentage": -5.88112396694215, "maxAtThisDay": 10, "ratioPC": -0.7449999999999997, "maxBatteryForMonth": 10, "ratioPc": "noData"}