{"bought": 325.66, "sold": 358.29, "Time_string": "Last update at 12:47 - 28/10/2024", "produce": 1.336, "consumption": 0.116, "ratioPC": 1.127, "maxBatteryPerDay": 8.75, "maxAtThisDay": 100, "batteryLevelPercentage": -0.8531305355801229, "buyPrice": 0.149072, "sellPrice": 0.1, "batteryLevel": -85.31305355801229, "maxBatteryForMonth": 100, "Temperature": 17.6, "ratioPc": "noData"}