{"bought": 260.68, "sold": 345.55, "Time_string": "Last update at 19:19 - 24/09/2024", "produce": 0.565, "consumption": 0.259, "ratioPC": 0.4069999999999999, "maxBatteryPerDay": 8.75, "maxAtThisDay": 100, "batteryLevelPercentage": -0.28879259418267705, "buyPrice": 0.149072, "sellPrice": 0.1, "batteryLevel": -28.879259418267708, "maxBatteryForMonth": 100, "Temperature": 23.7, "ratioPc": "noData"}