{"bought": 48.25, "sold": 179.33, "Time_string": "Last update at 08:39 - 13/11/2023", "produce": 0.218, "consumption": 0.276, "ratioPC": -0.058000000000000024, "maxBatteryPerDay": 8.75, "maxAtThisDay": 10, "batteryLevelPercentage": 7.204757432649996, "buyPrice": 0.149072, "sellPrice": 0.1, "batteryLevel": 72.04757432649996, "maxBatteryForMonth": 10, "Temperature": 15.7, "ratioPc": "noData"}