{"bought": 57.71, "sold": 247.37, "Time_string": "Last update at 14:27 - 14/09/2023", "produce": 4.708, "consumption": 0.985, "ratioPC": 3.7230000000000003, "maxBatteryPerDay": 8.75, "maxAtThisDay": 10, "batteryLevelPercentage": 10.822994848127077, "buyPrice": 0.149072, "sellPrice": 0.1, "batteryLevel": 108.22994848127078, "maxBatteryForMonth": 10, "Temperature": 31.5, "ratioPc": "noData"}