{"bought": 268.21, "sold": 304.88, "Time_string": "Last update at 16:45 - 25/07/2023", "produce": 4.177, "consumption": 1.697, "buyPrice": 0.149072, "sellPrice": 0.1, "batteryLevel": -63.691378126006214, "maxBatteryPerDay": 8.75, "batteryLevelPercentage": -6.369137812600622, "maxAtThisDay": 10, "ratioPC": 2.4799999999999995, "maxBatteryForMonth": 10, "ratioPc": "noData"}