{"bought": 154.9, "sold": 165.65, "Time_string": "Last update at 15:47 - 15/07/2023", "produce": 4.678, "consumption": 3.751, "buyPrice": 0.149072, "sellPrice": 0.1, "batteryLevel": -43.77919931308361, "maxBatteryPerDay": 8.75, "batteryLevelPercentage": -4.3779199313083605, "maxAtThisDay": 10, "ratioPC": 0.927, "maxBatteryForMonth": 10, "ratioPc": "noData"}