{"bought": 208.01, "sold": 563.3, "Time_string": "Last update at 12:07 - 24/05/2024", "produce": 3.683, "consumption": 1.22, "ratioPC": 3.371, "maxBatteryPerDay": 8.75, "maxAtThisDay": 100, "batteryLevelPercentage": 1.6986109584630242, "buyPrice": 0.149072, "sellPrice": 0.1, "batteryLevel": 169.86109584630242, "maxBatteryForMonth": 100, "Temperature": 25.2, "ratioPc": "noData"}