{"bought": 66.37, "sold": 113.26, "Time_string": "Last update at 11:20 - 09/09/2024", "produce": 2.756, "consumption": 0.139, "ratioPC": 1.912, "maxBatteryPerDay": 8.75, "maxAtThisDay": 78.75, "batteryLevelPercentage": 0.12198995861805766, "buyPrice": 0.149072, "sellPrice": 0.1, "batteryLevel": 9.606709241172041, "maxBatteryForMonth": 100, "Temperature": 23.7, "ratioPc": "noData"}