{"bought": 176.48, "sold": 189.17, "Time_string": "Last update at 21:52 - 17/07/2023", "produce": 0.0, "consumption": 3.834, "buyPrice": 0.149072, "sellPrice": 0.1, "batteryLevel": -49.581588494150495, "maxBatteryPerDay": 8.75, "batteryLevelPercentage": -4.9581588494150495, "maxAtThisDay": 10, "ratioPC": -3.834, "maxBatteryForMonth": 10, "ratioPc": "noData"}