{"bought": 519.98, "sold": 84.33, "Time_string": "Last update at 09:51 - 24/08/2024", "produce": 0.567, "consumption": 0.202, "ratioPC": 0.30200000000000005, "maxBatteryPerDay": 8.75, "maxAtThisDay": 100, "batteryLevelPercentage": -4.634100203928304, "buyPrice": 0.149072, "sellPrice": 0.1, "batteryLevel": -463.41002039283035, "maxBatteryForMonth": 100, "Temperature": 25.7, "ratioPc": "noData"}