{"bought": 149.79, "sold": 362.97, "Time_string": "Last update at 19:11 - 23/06/2023", "produce": 1.999, "consumption": 5.462, "ratioPc": "noData", "buyPrice": 0.149072, "sellPrice": 0.1, "batteryLevel": 93.69636900289794, "maxBatteryPerDay": 8.75, "batteryLevelPercentage": 0.4655720198901761, "maxAtThisDay": 201.25, "ratioPC": -3.4629999999999996}