{"bought": 121.9, "sold": 123.59, "Time_string": "Last update at 13:26 - 18/12/2023", "produce": 4.43, "consumption": 6.193, "ratioPC": -0.4039999999999999, "maxBatteryPerDay": 8.75, "maxAtThisDay": 100, "batteryLevelPercentage": -0.3899375335408394, "buyPrice": 0.149072, "sellPrice": 0.1, "batteryLevel": -38.993753354083935, "maxBatteryForMonth": 100, "Temperature": 14.0, "ratioPc": "noData"}