{"bought": 182.22, "sold": 370.89, "Time_string": "Last update at 17:58 - 25/06/2023", "produce": 3.101, "consumption": 2.789, "ratioPc": "noData", "buyPrice": 0.149072, "sellPrice": 0.1, "batteryLevel": 66.57923795213048, "maxBatteryPerDay": 8.75, "batteryLevelPercentage": 0.3043622306383108, "maxAtThisDay": 218.75, "ratioPC": 0.31199999999999983}