{"bought": 141.34, "sold": 228.7, "Time_string": "Last update at 11:05 - 15/09/2024", "produce": 2.065, "consumption": 5.349, "ratioPC": -4.571, "maxBatteryPerDay": 8.75, "maxAtThisDay": 100, "batteryLevelPercentage": 0.12075799076956088, "buyPrice": 0.149072, "sellPrice": 0.1, "batteryLevel": 12.075799076956088, "maxBatteryForMonth": 100, "Temperature": 25.2, "ratioPc": "noData"}