{"bought": 92.42, "sold": 266.38, "Time_string": "Last update at 09:18 - 18/10/2023", "produce": 0.2, "consumption": 0.154, "ratioPC": 0.04600000000000001, "maxBatteryPerDay": 8.75, "maxAtThisDay": 10, "batteryLevelPercentage": 8.627217559300204, "buyPrice": 0.149072, "sellPrice": 0.1, "batteryLevel": 86.27217559300205, "maxBatteryForMonth": 10, "Temperature": 19.3, "ratioPc": "noData"}