{"bought": 166.44, "sold": 299.35, "Time_string": "Last update at 20:54 - 18/06/2024", "produce": 0.128, "consumption": 6.448, "ratioPC": -6.132, "maxBatteryPerDay": 8.75, "maxAtThisDay": 100, "batteryLevelPercentage": 0.34369005044542233, "buyPrice": 0.149072, "sellPrice": 0.1, "batteryLevel": 34.369005044542234, "maxBatteryForMonth": 100, "Temperature": 21.1, "ratioPc": "noData"}