{"bought": 154.31, "sold": 290.3, "Time_string": "Last update at 10:16 - 18/06/2024", "produce": 0.887, "consumption": 1.204, "ratioPC": 1.189, "maxBatteryPerDay": 8.75, "maxAtThisDay": 100, "batteryLevelPercentage": 0.4042811312654288, "buyPrice": 0.149072, "sellPrice": 0.1, "batteryLevel": 40.42811312654288, "maxBatteryForMonth": 100, "Temperature": 21.5, "ratioPc": "noData"}