{"bought": 66.37, "sold": 136.5, "Time_string": "Last update at 18:13 - 09/09/2024", "produce": 2.932, "consumption": 0.913, "ratioPC": 2.164, "maxBatteryPerDay": 8.75, "maxAtThisDay": 78.75, "batteryLevelPercentage": 0.31995544583974334, "buyPrice": 0.149072, "sellPrice": 0.1, "batteryLevel": 25.196491359879786, "maxBatteryForMonth": 100, "Temperature": 27.6, "ratioPc": "noData"}