{"bought": 107.06, "sold": 128.87, "Time_string": "Last update at 10:48 - 11/06/2024", "produce": 1.928, "consumption": 0.215, "ratioPC": 1.1320000000000001, "maxBatteryPerDay": 8.75, "maxAtThisDay": 96.25, "batteryLevelPercentage": -0.2141489945066204, "buyPrice": 0.149072, "sellPrice": 0.1, "batteryLevel": -20.61184072126221, "maxBatteryForMonth": 100, "Temperature": 22.6, "ratioPc": "noData"}