{"bought": 139.04, "sold": 139.54, "Time_string": "Last update at 16:44 - 20/12/2023", "produce": 0.561, "consumption": 0.333, "ratioPC": 0.286, "maxBatteryPerDay": 8.75, "maxAtThisDay": 100, "batteryLevelPercentage": -0.4543422560910163, "buyPrice": 0.149072, "sellPrice": 0.1, "batteryLevel": -45.43422560910163, "maxBatteryForMonth": 100, "Temperature": 11.5, "ratioPc": "noData"}