{"bought": 226.97, "sold": 333.49, "Time_string": "Last update at 14:54 - 20/06/2024", "produce": 4.639, "consumption": 0.489, "ratioPC": 5.077, "maxBatteryPerDay": 8.75, "maxAtThisDay": 100, "batteryLevelPercentage": -0.03259309863690021, "buyPrice": 0.149072, "sellPrice": 0.1, "batteryLevel": -3.259309863690021, "maxBatteryForMonth": 100, "Temperature": 23.0, "ratioPc": "noData"}