{"bought": 153.62, "sold": 92.89, "Time_string": "Last update at 14:26 - 13/08/2023", "produce": 4.718, "consumption": 5.106, "ratioPC": -0.3879999999999999, "maxBatteryPerDay": 8.75, "maxAtThisDay": 10, "batteryLevelPercentage": -9.13078287002254, "buyPrice": 0.149072, "sellPrice": 0.1, "batteryLevel": -91.3078287002254, "maxBatteryForMonth": 10, "Temperature": 36.4, "ratioPc": "noData"}