{"bought": 257.21, "sold": 282.32, "Time_string": "Last update at 10:35 - 24/07/2023", "produce": 1.763, "consumption": 1.058, "buyPrice": 0.149072, "sellPrice": 0.1, "batteryLevel": -67.82500482988087, "maxBatteryPerDay": 8.75, "batteryLevelPercentage": -6.782500482988087, "maxAtThisDay": 10, "ratioPC": 0.7049999999999998, "maxBatteryForMonth": 10, "ratioPc": "noData"}