{"bought": 186.88, "sold": 380.51, "Time_string": "Last update at 08:33 - 18/05/2024", "produce": 0.178, "consumption": 0.129, "ratioPC": 0.032, "maxBatteryPerDay": 8.75, "maxAtThisDay": 100, "batteryLevelPercentage": 0.6837249543844583, "buyPrice": 0.149072, "sellPrice": 0.1, "batteryLevel": 68.37249543844584, "maxBatteryForMonth": 100, "Temperature": 13.6, "ratioPc": "noData"}