{"bought": 117.12, "sold": 51.39, "Time_string": "Last update at 14:24 - 11/01/2024", "produce": 4.346, "consumption": 2.752, "ratioPC": 3.666, "maxBatteryPerDay": 8.75, "maxAtThisDay": 96.25, "batteryLevelPercentage": -0.8586672762677915, "buyPrice": 0.149072, "sellPrice": 0.1, "batteryLevel": -82.64672534077494, "maxBatteryForMonth": 100, "Temperature": 13.0, "ratioPc": "noData"}