{"bought": 522.03, "sold": 86.68, "Time_string": "Last update at 15:18 - 24/08/2024", "produce": 4.659, "consumption": 3.414, "ratioPC": 0.01100000000000012, "maxBatteryPerDay": 8.75, "maxAtThisDay": 100, "batteryLevelPercentage": -4.6388360094451, "buyPrice": 0.149072, "sellPrice": 0.1, "batteryLevel": -463.88360094451, "maxBatteryForMonth": 100, "Temperature": 36.3, "ratioPc": "noData"}