{"bought": 294.47, "sold": 367.16, "Time_string": "Last update at 19:19 - 26/09/2024", "produce": 0.101, "consumption": 0.16, "ratioPC": -0.04600000000000001, "maxBatteryPerDay": 8.75, "maxAtThisDay": 100, "batteryLevelPercentage": -0.4817290866158638, "buyPrice": 0.149072, "sellPrice": 0.1, "batteryLevel": -48.172908661586376, "maxBatteryForMonth": 100, "Temperature": 23.7, "ratioPc": "noData"}