{"bought": 1.83, "sold": 7.19, "Time_string": "Last update at 15:23 - 01/07/2023", "produce": 4.589, "consumption": 3.465, "buyPrice": 0.149072, "sellPrice": 0.1, "batteryLevel": 2.993172695073522, "maxBatteryPerDay": 8.75, "batteryLevelPercentage": 0.3420768794369739, "maxAtThisDay": 8.75, "ratioPC": 1.1240000000000006, "maxBatteryForMonth": 100, "ratioPc": "noData"}