{"bought": 82.69, "sold": 69.58, "Time_string": "Last update at 16:42 - 08/08/2023", "produce": 4.0, "consumption": 3.706, "ratioPC": 0.29400000000000004, "maxBatteryPerDay": 8.75, "maxAtThisDay": 10, "batteryLevelPercentage": -3.601456799398948, "buyPrice": 0.149072, "sellPrice": 0.1, "batteryLevel": -36.01456799398948, "maxBatteryForMonth": 10, "Temperature": 41.4, "ratioPc": "noData"}