{"bought": 215.5, "sold": 230.63, "Time_string": "Last update at 19:11 - 20/07/2023", "produce": 2.291, "consumption": 0.792, "buyPrice": 0.149072, "sellPrice": 0.1, "batteryLevel": -60.78952452506172, "maxBatteryPerDay": 8.75, "batteryLevelPercentage": -6.078952452506172, "maxAtThisDay": 10, "ratioPC": 1.4989999999999999, "maxBatteryForMonth": 10, "ratioPc": "noData"}