{"bought": 79.0, "sold": 330.33, "Time_string": "Last update at 12:07 - 19/09/2023", "produce": 3.749, "consumption": 0.864, "ratioPC": 2.8850000000000002, "maxBatteryPerDay": 8.75, "maxAtThisDay": 10, "batteryLevelPercentage": 14.25909090909091, "buyPrice": 0.149072, "sellPrice": 0.1, "batteryLevel": 142.5909090909091, "maxBatteryForMonth": 10, "Temperature": 23.3, "ratioPc": "noData"}