{"bought": 446.04, "sold": 67.39, "Time_string": "Last update at 13:53 - 20/08/2024", "produce": 4.583, "consumption": 4.097, "ratioPC": 0.383, "maxBatteryPerDay": 8.75, "maxAtThisDay": 100, "batteryLevelPercentage": -4.008336567564666, "buyPrice": 0.149072, "sellPrice": 0.1, "batteryLevel": -400.83365675646667, "maxBatteryForMonth": 100, "Temperature": 32.8, "ratioPc": "noData"}