{"bought": 546.83, "sold": 88.99, "Time_string": "Last update at 15:30 - 25/08/2024", "produce": 4.062, "consumption": 8.758, "ratioPC": -3.8529999999999998, "maxBatteryPerDay": 8.75, "maxAtThisDay": 100, "batteryLevelPercentage": -4.871340141676506, "buyPrice": 0.149072, "sellPrice": 0.1, "batteryLevel": -487.1340141676506, "maxBatteryForMonth": 100, "Temperature": 37.5, "ratioPc": "noData"}