{"bought": 4.03, "sold": 41.22, "Time_string": "Last update at 16:34 - 02/10/2024", "produce": 3.044, "consumption": 0.116, "ratioPC": 4.180000000000001, "maxBatteryPerDay": 8.75, "maxAtThisDay": 17.5, "batteryLevelPercentage": 1.349775310875665, "buyPrice": 0.149072, "sellPrice": 0.1, "batteryLevel": 23.621067940324135, "maxBatteryForMonth": 100, "Temperature": 30.6, "ratioPc": "noData"}