{"bought": 128.99, "sold": 144.33, "Time_string": "Last update at 19:17 - 11/10/2024", "produce": 0.018, "consumption": 1.326, "ratioPC": -0.22899999999999998, "maxBatteryPerDay": 8.75, "maxAtThisDay": 96.25, "batteryLevelPercentage": -0.33424429300440905, "buyPrice": 0.149072, "sellPrice": 0.1, "batteryLevel": -32.17101320167437, "maxBatteryForMonth": 100, "Temperature": 20.0, "ratioPc": "noData"}