{"bought": 231.86, "sold": 627.04, "Time_string": "Last update at 02:20 - 27/05/2024", "produce": 0.0, "consumption": 0.122, "ratioPC": -0.122, "maxBatteryPerDay": 8.75, "maxAtThisDay": 100, "batteryLevelPercentage": 1.8876895781904046, "buyPrice": 0.149072, "sellPrice": 0.1, "batteryLevel": 188.76895781904045, "maxBatteryForMonth": 100, "Temperature": 21.7, "ratioPc": "noData"}