{"bought": 181.55, "sold": 367.72, "Time_string": "Last update at 12:39 - 25/06/2023", "produce": 3.788, "consumption": 4.125, "ratioPc": "noData", "buyPrice": 0.149072, "sellPrice": 0.1, "batteryLevel": 65.12274873886446, "maxBatteryPerDay": 8.75, "batteryLevelPercentage": 0.297703994234809, "maxAtThisDay": 218.75, "ratioPC": -0.3370000000000002}