{"bought": 31.54, "sold": 53.57, "Time_string": "Last update at 11:10 - 05/09/2024", "produce": 2.397, "consumption": 3.838, "ratioPC": -1.7120000000000002, "maxBatteryPerDay": 8.75, "maxAtThisDay": 43.75, "batteryLevelPercentage": 0.10047212008770447, "buyPrice": 0.149072, "sellPrice": 0.1, "batteryLevel": 4.39565525383707, "maxBatteryForMonth": 100, "Temperature": 25.3, "ratioPc": "noData"}