{"bought": 59.43, "sold": 29.17, "Time_string": "Last update at 17:15 - 04/06/2024", "produce": 3.997, "consumption": 3.522, "ratioPC": 0.5020000000000002, "maxBatteryPerDay": 8.75, "maxAtThisDay": 35.0, "batteryLevelPercentage": -1.1389221239209433, "buyPrice": 0.149072, "sellPrice": 0.1, "batteryLevel": -39.86227433723302, "maxBatteryForMonth": 100, "Temperature": 30.8, "ratioPc": "noData"}