{"bought": 11.23, "sold": 7.02, "Time_string": "Last update at 11:36 - 02/12/2023", "produce": 3.615, "consumption": 6.012, "ratioPC": -2.3969999999999994, "maxBatteryPerDay": 8.75, "maxAtThisDay": 17.5, "batteryLevelPercentage": -0.3726209233505574, "buyPrice": 0.149072, "sellPrice": 0.1, "batteryLevel": -6.520866158634755, "maxBatteryForMonth": 100, "Temperature": 11.6, "ratioPc": "noData"}