{"bought": 188.89, "sold": 109.95, "Time_string": "Last update at 18:37 - 20/01/2024", "produce": 0.025, "consumption": 0.345, "ratioPC": -0.227, "maxBatteryPerDay": 8.75, "maxAtThisDay": 100, "batteryLevelPercentage": -1.151336943222067, "buyPrice": 0.149072, "sellPrice": 0.1, "batteryLevel": -115.13369432220671, "maxBatteryForMonth": 100, "Temperature": 12.0, "ratioPc": "noData"}