{"bought": 11.59, "sold": 25.65, "Time_string": "Last update at 20:07 - 02/07/2023", "produce": 0.666, "consumption": 2.684, "buyPrice": 0.149072, "sellPrice": 0.1, "batteryLevel": 5.616450574219169, "maxBatteryPerDay": 8.75, "batteryLevelPercentage": 0.5616450574219168, "maxAtThisDay": 10, "ratioPC": -2.0180000000000002, "maxBatteryForMonth": 10, "ratioPc": "noData"}