{"bought": 63.08, "sold": 41.66, "Time_string": "Last update at 14:59 - 05/06/2024", "produce": 4.649, "consumption": 4.435, "ratioPC": 0.1719999999999997, "maxBatteryPerDay": 8.75, "maxAtThisDay": 43.75, "batteryLevelPercentage": -0.803057661111026, "buyPrice": 0.149072, "sellPrice": 0.1, "batteryLevel": -35.13377267360739, "maxBatteryForMonth": 100, "Temperature": 33.0, "ratioPc": "noData"}