{"bought": 11.84, "sold": 25.65, "Time_string": "Last update at 20:12 - 02/07/2023", "produce": 0.545, "consumption": 4.288, "buyPrice": 0.149072, "sellPrice": 0.1, "batteryLevel": 5.366450574219169, "maxBatteryPerDay": 8.75, "batteryLevelPercentage": 0.5366450574219168, "maxAtThisDay": 10, "ratioPC": -3.7430000000000003, "maxBatteryForMonth": 10, "ratioPc": "noData"}