{"bought": 63.1, "sold": 46.56, "Time_string": "Last update at 17:59 - 05/06/2024", "produce": 3.189, "consumption": 3.095, "ratioPC": -0.14500000000000002, "maxBatteryPerDay": 8.75, "maxAtThisDay": 43.75, "batteryLevelPercentage": -0.728383323878011, "buyPrice": 0.149072, "sellPrice": 0.1, "batteryLevel": -31.86677041966298, "maxBatteryForMonth": 100, "Temperature": 34.0, "ratioPc": "noData"}