{"bought": 136.56, "sold": 68.49, "Time_string": "Last update at 11:26 - 14/01/2024", "produce": 2.163, "consumption": 2.815, "ratioPC": -0.4209999999999998, "maxBatteryPerDay": 8.75, "maxAtThisDay": 100, "batteryLevelPercentage": -0.9061575829129549, "buyPrice": 0.149072, "sellPrice": 0.1, "batteryLevel": -90.61575829129549, "maxBatteryForMonth": 100, "Temperature": 12.4, "ratioPc": "noData"}