{"bought": 88.6, "sold": 132.92, "Time_string": "Last update at 03:55 - 10/10/2024", "produce": 0.0, "consumption": 0.093, "ratioPC": -0.094, "maxBatteryPerDay": 8.75, "maxAtThisDay": 87.5, "batteryLevelPercentage": 0.006456768733037929, "buyPrice": 0.149072, "sellPrice": 0.1, "batteryLevel": 0.5649672641408188, "maxBatteryForMonth": 100, "Temperature": 15.1, "ratioPc": "noData"}