{"bought": 117.75, "sold": 299.82, "Time_string": "Last update at 09:52 - 21/10/2023", "produce": 0.481, "consumption": 0.165, "ratioPC": 0.31599999999999995, "maxBatteryPerDay": 8.75, "maxAtThisDay": 10, "batteryLevelPercentage": 8.337428893420627, "buyPrice": 0.149072, "sellPrice": 0.1, "batteryLevel": 83.37428893420628, "maxBatteryForMonth": 10, "Temperature": 13.6, "ratioPc": "noData"}