{"bought": 236.57, "sold": 386.81, "Time_string": "Last update at 02:44 - 29/06/2023", "produce": 0.0, "consumption": 0.095, "buyPrice": 0.149072, "sellPrice": 0.1, "batteryLevel": 22.90864119351727, "maxBatteryPerDay": 8.75, "batteryLevelPercentage": 0.22908641193517268, "maxAtThisDay": 100, "ratioPC": -0.095, "maxBatteryForMonth": 100, "ratioPc": "noData"}