{"bought": 270.5, "sold": 33.66, "Time_string": "Last update at 08:39 - 13/08/2024", "produce": 0.142, "consumption": 0.176, "ratioPC": 0.014999999999999986, "maxBatteryPerDay": 8.75, "maxAtThisDay": 100, "batteryLevelPercentage": -2.4792030696576153, "buyPrice": 0.149072, "sellPrice": 0.1, "batteryLevel": -247.9203069657615, "maxBatteryForMonth": 100, "Temperature": 22.0, "ratioPc": "noData"}