{"bought": 95.52, "sold": 178.88, "Time_string": "Last update at 07:27 - 12/09/2024", "produce": 0.0, "consumption": 0.093, "ratioPC": -0.094, "maxBatteryPerDay": 8.75, "maxAtThisDay": 100, "batteryLevelPercentage": 0.24475706772566283, "buyPrice": 0.149072, "sellPrice": 0.1, "batteryLevel": 24.475706772566284, "maxBatteryForMonth": 100, "Temperature": 17.0, "ratioPc": "noData"}