{"bought": 207.02, "sold": 200.65, "Time_string": "Last update at 20:03 - 19/07/2023", "produce": 1.232, "consumption": 1.366, "buyPrice": 0.149072, "sellPrice": 0.1, "batteryLevel": -72.42061178490931, "maxBatteryPerDay": 8.75, "batteryLevelPercentage": -7.242061178490931, "maxAtThisDay": 10, "ratioPC": -0.13400000000000012, "maxBatteryForMonth": 10, "ratioPc": "noData"}