{"bought": 237.84, "sold": 674.62, "Time_string": "Last update at 20:02 - 28/05/2024", "produce": 0.728, "consumption": 7.188, "ratioPC": -5.472, "maxBatteryPerDay": 8.75, "maxAtThisDay": 100, "batteryLevelPercentage": 2.147064205216271, "buyPrice": 0.149072, "sellPrice": 0.1, "batteryLevel": 214.7064205216271, "maxBatteryForMonth": 100, "Temperature": 30.9, "ratioPc": "noData"}