{"bought": 272.75, "sold": 38.46, "Time_string": "Last update at 16:12 - 13/08/2024", "produce": 4.819, "consumption": 3.92, "ratioPC": 0.10899999999999999, "maxBatteryPerDay": 8.75, "maxAtThisDay": 100, "batteryLevelPercentage": -2.46950386390469, "buyPrice": 0.149072, "sellPrice": 0.1, "batteryLevel": -246.95038639046902, "maxBatteryForMonth": 100, "Temperature": 34.2, "ratioPc": "noData"}