{"bought": 92.58, "sold": 268.23, "Time_string": "Last update at 11:29 - 18/10/2023", "produce": 1.137, "consumption": 0.19, "ratioPC": 0.9470000000000001, "maxBatteryPerDay": 8.75, "maxAtThisDay": 10, "batteryLevelPercentage": 8.73531866480627, "buyPrice": 0.149072, "sellPrice": 0.1, "batteryLevel": 87.3531866480627, "maxBatteryForMonth": 10, "Temperature": 21.5, "ratioPc": "noData"}