{"bought": 244.71, "sold": 272.86, "Time_string": "Last update at 15:23 - 23/07/2023", "produce": 4.705, "consumption": 0.118, "buyPrice": 0.149072, "sellPrice": 0.1, "batteryLevel": -61.670931630353124, "maxBatteryPerDay": 8.75, "batteryLevelPercentage": -6.167093163035313, "maxAtThisDay": 10, "ratioPC": 4.587, "maxBatteryForMonth": 10, "ratioPc": "noData"}