{"bought": 244.0, "sold": 199.52, "Time_string": "Last update at 12:29 - 22/08/2023", "produce": 3.002, "consumption": 4.232, "ratioPC": -1.2300000000000004, "maxBatteryPerDay": 8.75, "maxAtThisDay": 10, "batteryLevelPercentage": -11.015863475367606, "buyPrice": 0.149072, "sellPrice": 0.1, "batteryLevel": -110.15863475367607, "maxBatteryForMonth": 10, "Temperature": 37.0, "ratioPc": "noData"}