{"bought": 152.11, "sold": 238.2, "Time_string": "Last update at 10:34 - 16/09/2024", "produce": 1.349, "consumption": 1.406, "ratioPC": -0.1259999999999999, "maxBatteryPerDay": 8.75, "maxAtThisDay": 100, "batteryLevelPercentage": 0.076785585488891, "buyPrice": 0.149072, "sellPrice": 0.1, "batteryLevel": 7.6785585488891, "maxBatteryForMonth": 100, "Temperature": 25.1, "ratioPc": "noData"}