{"bought": 30.73, "sold": 14.45, "Time_string": "Last update at 21:08 - 02/06/2024", "produce": 0.107, "consumption": 0.241, "ratioPC": -0.10800000000000001, "maxBatteryPerDay": 8.75, "maxAtThisDay": 17.5, "batteryLevelPercentage": -1.202096996274092, "buyPrice": 0.149072, "sellPrice": 0.1, "batteryLevel": -21.036697434796608, "maxBatteryForMonth": 100, "Temperature": 28.5, "ratioPc": "noData"}