{"bought": 98.79, "sold": 485.21, "Time_string": "Last update at 15:52 - 25/09/2023", "produce": 4.706, "consumption": 3.296, "ratioPC": 1.4100000000000006, "maxBatteryPerDay": 8.75, "maxAtThisDay": 10, "batteryLevelPercentage": 22.669701298701295, "buyPrice": 0.149072, "sellPrice": 0.1, "batteryLevel": 226.69701298701295, "maxBatteryForMonth": 10, "Temperature": 31.0, "ratioPc": "noData"}