{"bought": 93.19, "sold": 232.7, "Time_string": "Last update at 10:37 - 12/05/2024", "produce": 1.995, "consumption": 7.606, "ratioPC": -5.5329999999999995, "maxBatteryPerDay": 8.75, "maxAtThisDay": 100, "batteryLevelPercentage": 0.6290906622303316, "buyPrice": 0.149072, "sellPrice": 0.1, "batteryLevel": 62.909066223033165, "maxBatteryForMonth": 100, "Temperature": 21.2, "ratioPc": "noData"}