{"bought": 65.27, "sold": 119.92, "Time_string": "Last update at 15:50 - 08/07/2023", "produce": 4.693, "consumption": 3.743, "buyPrice": 0.149072, "sellPrice": 0.1, "batteryLevel": 15.174349039390364, "maxBatteryPerDay": 8.75, "batteryLevelPercentage": 1.5174349039390365, "maxAtThisDay": 10, "ratioPC": 0.9499999999999997, "maxBatteryForMonth": 10, "ratioPc": "noData"}