{"bought": 53.64, "sold": 85.71, "Time_string": "Last update at 21:04 - 06/07/2023", "produce": 0.108, "consumption": 2.151, "buyPrice": 0.149072, "sellPrice": 0.1, "batteryLevel": 3.855706772566272, "maxBatteryPerDay": 8.75, "batteryLevelPercentage": 0.3855706772566272, "maxAtThisDay": 10, "ratioPC": -2.0429999999999997, "maxBatteryForMonth": 10, "ratioPc": "noData"}