{"bought": 78.96, "sold": 326.44, "Time_string": "Last update at 08:47 - 19/09/2023", "produce": 0.117, "consumption": 0.092, "ratioPC": 0.02500000000000001, "maxBatteryPerDay": 8.75, "maxAtThisDay": 10, "batteryLevelPercentage": 14.002143179134913, "buyPrice": 0.149072, "sellPrice": 0.1, "batteryLevel": 140.02143179134913, "maxBatteryForMonth": 10, "Temperature": 17.4, "ratioPc": "noData"}