{"bought": 281.58, "sold": 212.68, "Time_string": "Last update at 16:26 - 24/08/2023", "produce": 4.189, "consumption": 3.533, "ratioPC": 0.6560000000000001, "maxBatteryPerDay": 8.75, "maxAtThisDay": 10, "batteryLevelPercentage": -13.891068584308252, "buyPrice": 0.149072, "sellPrice": 0.1, "batteryLevel": -138.91068584308252, "maxBatteryForMonth": 10, "Temperature": 41.4, "ratioPc": "noData"}