{"bought": 196.56, "sold": 183.96, "Time_string": "Last update at 18:39 - 19/08/2023", "produce": 2.189, "consumption": 5.267, "ratioPC": -3.0780000000000003, "maxBatteryPerDay": 8.75, "maxAtThisDay": 10, "batteryLevelPercentage": -7.3156543951915864, "buyPrice": 0.149072, "sellPrice": 0.1, "batteryLevel": -73.15654395191586, "maxBatteryForMonth": 10, "Temperature": 39.0, "ratioPc": "noData"}