{"bought": 210.92, "sold": 277.46, "Time_string": "Last update at 13:22 - 19/09/2024", "produce": 2.104, "consumption": 3.623, "ratioPC": 2.9130000000000003, "maxBatteryPerDay": 8.75, "maxAtThisDay": 100, "batteryLevelPercentage": -0.24795174412364504, "buyPrice": 0.149072, "sellPrice": 0.1, "batteryLevel": -24.795174412364503, "maxBatteryForMonth": 100, "Temperature": 26.4, "ratioPc": "noData"}