{"bought": 103.71, "sold": 240.97, "Time_string": "Last update at 14:56 - 12/05/2024", "produce": 3.834, "consumption": 0.252, "ratioPC": 3.8469999999999995, "maxBatteryPerDay": 8.75, "maxAtThisDay": 100, "batteryLevelPercentage": 0.5793672104754749, "buyPrice": 0.149072, "sellPrice": 0.1, "batteryLevel": 57.93672104754749, "maxBatteryForMonth": 100, "Temperature": 28.9, "ratioPc": "noData"}