{"bought": 383.52, "sold": 288.14, "Time_string": "Last update at 10:45 - 31/08/2023", "produce": 1.859, "consumption": 1.08, "ratioPC": 0.7789999999999999, "maxBatteryPerDay": 8.75, "maxAtThisDay": 10, "batteryLevelPercentage": -19.023085113233872, "buyPrice": 0.149072, "sellPrice": 0.1, "batteryLevel": -190.23085113233873, "maxBatteryForMonth": 10, "Temperature": 25.2, "ratioPc": "noData"}