{"bought": 125.47, "sold": 269.62, "Time_string": "Last update at 09:41 - 17/06/2024", "produce": 0.526, "consumption": 0.17, "ratioPC": 0.18000000000000002, "maxBatteryPerDay": 8.75, "maxAtThisDay": 100, "batteryLevelPercentage": 0.5539562198132447, "buyPrice": 0.149072, "sellPrice": 0.1, "batteryLevel": 55.39562198132447, "maxBatteryForMonth": 100, "Temperature": 22.4, "ratioPc": "noData"}