{"bought": 205.52, "sold": 550.41, "Time_string": "Last update at 16:35 - 23/05/2024", "produce": 4.611, "consumption": 0.322, "ratioPC": 3.633, "maxBatteryPerDay": 8.75, "maxAtThisDay": 100, "batteryLevelPercentage": 1.6370426746806905, "buyPrice": 0.149072, "sellPrice": 0.1, "batteryLevel": 163.70426746806905, "maxBatteryForMonth": 100, "Temperature": 29.6, "ratioPc": "noData"}