{"bought": 77.7, "sold": 178.88, "Time_string": "Last update at 17:18 - 11/09/2024", "produce": 3.006, "consumption": 5.826, "ratioPC": -1.8479999999999999, "maxBatteryPerDay": 8.75, "maxAtThisDay": 96.25, "batteryLevelPercentage": 0.4394359145201691, "buyPrice": 0.149072, "sellPrice": 0.1, "batteryLevel": 42.29570677256628, "maxBatteryForMonth": 100, "Temperature": 30.4, "ratioPc": "noData"}