{"bought": 196.28, "sold": 500.38, "Time_string": "Last update at 05:37 - 22/05/2024", "produce": 0.0, "consumption": 0.121, "ratioPC": -0.348, "maxBatteryPerDay": 8.75, "maxAtThisDay": 100, "batteryLevelPercentage": 1.3938330363851024, "buyPrice": 0.149072, "sellPrice": 0.1, "batteryLevel": 139.38330363851023, "maxBatteryForMonth": 100, "Temperature": 13.4, "ratioPc": "noData"}