{"bought": 63.08, "sold": 42.27, "Time_string": "Last update at 15:14 - 05/06/2024", "produce": 4.552, "consumption": 2.315, "ratioPC": 2.4570000000000003, "maxBatteryPerDay": 8.75, "maxAtThisDay": 43.75, "batteryLevelPercentage": -0.7937045584875572, "buyPrice": 0.149072, "sellPrice": 0.1, "batteryLevel": -34.724574433830625, "maxBatteryForMonth": 100, "Temperature": 33.2, "ratioPc": "noData"}