{"bought": 208.01, "sold": 560.54, "Time_string": "Last update at 11:09 - 24/05/2024", "produce": 2.697, "consumption": 0.181, "ratioPC": 2.453, "maxBatteryPerDay": 8.75, "maxAtThisDay": 100, "batteryLevelPercentage": 1.6800964151550926, "buyPrice": 0.149072, "sellPrice": 0.1, "batteryLevel": 168.00964151550926, "maxBatteryForMonth": 100, "Temperature": 24.1, "ratioPc": "noData"}