{"bought": 41.83, "sold": 12.45, "Time_string": "Last update at 15:58 - 04/01/2024", "produce": 1.051, "consumption": 1.117, "ratioPC": -0.1499999999999999, "maxBatteryPerDay": 8.75, "maxAtThisDay": 35.0, "batteryLevelPercentage": -0.956523743081004, "buyPrice": 0.149072, "sellPrice": 0.1, "batteryLevel": -33.47833100783514, "maxBatteryForMonth": 100, "Temperature": 17.0, "ratioPc": "noData"}