{"bought": 40.29, "sold": 109.03, "Time_string": "Last update at 16:26 - 07/10/2023", "produce": 3.816, "consumption": 3.335, "ratioPC": 0.48099999999999987, "maxBatteryPerDay": 8.75, "maxAtThisDay": 10, "batteryLevelPercentage": 3.284915423419556, "buyPrice": 0.149072, "sellPrice": 0.1, "batteryLevel": 32.84915423419556, "maxBatteryForMonth": 10, "Temperature": 36.0, "ratioPc": "noData"}