{"bought": 205.99, "sold": 558.28, "Time_string": "Last update at 20:57 - 23/05/2024", "produce": 0.122, "consumption": 0.28, "ratioPC": -0.14399999999999996, "maxBatteryPerDay": 8.75, "maxAtThisDay": 100, "batteryLevelPercentage": 1.6851359557797572, "buyPrice": 0.149072, "sellPrice": 0.1, "batteryLevel": 168.5135955779757, "maxBatteryForMonth": 100, "Temperature": 26.1, "ratioPc": "noData"}