{"bought": 194.17, "sold": 482.91, "Time_string": "Last update at 13:51 - 21/05/2024", "produce": 1.464, "consumption": 0.145, "ratioPC": 5.333, "maxBatteryPerDay": 8.75, "maxAtThisDay": 100, "batteryLevelPercentage": 1.2977413437801872, "buyPrice": 0.149072, "sellPrice": 0.1, "batteryLevel": 129.77413437801872, "maxBatteryForMonth": 100, "Temperature": 22.9, "ratioPc": "noData"}