{"bought": 83.93, "sold": 128.2, "Time_string": "Last update at 18:40 - 08/10/2024", "produce": 1.292, "consumption": 1.337, "ratioPC": 0.532, "maxBatteryPerDay": 8.75, "maxAtThisDay": 70.0, "batteryLevelPercentage": 0.029553029025283957, "buyPrice": 0.149072, "sellPrice": 0.1, "batteryLevel": 2.068712031769877, "maxBatteryForMonth": 100, "Temperature": 22.3, "ratioPc": "noData"}