{"bought": 154.31, "sold": 293.02, "Time_string": "Last update at 13:05 - 18/06/2024", "produce": 1.927, "consumption": 0.969, "ratioPC": 0.778, "maxBatteryPerDay": 8.75, "maxAtThisDay": 100, "batteryLevelPercentage": 0.4225273478587528, "buyPrice": 0.149072, "sellPrice": 0.1, "batteryLevel": 42.252734785875276, "maxBatteryForMonth": 100, "Temperature": 24.9, "ratioPc": "noData"}