{"bought": 509.76, "sold": 75.76, "Time_string": "Last update at 08:38 - 23/08/2024", "produce": 0.188, "consumption": 0.212, "ratioPC": -0.010000000000000009, "maxBatteryPerDay": 8.75, "maxAtThisDay": 100, "batteryLevelPercentage": -4.589389202533004, "buyPrice": 0.149072, "sellPrice": 0.1, "batteryLevel": -458.9389202533004, "maxBatteryForMonth": 100, "Temperature": 21.3, "ratioPc": "noData"}