{"bought": 117.29, "sold": 121.58, "Time_string": "Last update at 20:18 - 17/12/2023", "produce": 0.0, "consumption": 0.352, "ratioPC": -1.721, "maxBatteryPerDay": 8.75, "maxAtThisDay": 100, "batteryLevelPercentage": -0.35732095094987654, "buyPrice": 0.149072, "sellPrice": 0.1, "batteryLevel": -35.732095094987656, "maxBatteryForMonth": 100, "Temperature": 10.7, "ratioPc": "noData"}