{"bought": 187.66, "sold": 157.87, "Time_string": "Last update at 07:54 - 18/08/2023", "produce": 0.035, "consumption": 0.146, "ratioPC": -0.11099999999999999, "maxBatteryPerDay": 8.75, "maxAtThisDay": 10, "batteryLevelPercentage": -8.17581539122035, "buyPrice": 0.149072, "sellPrice": 0.1, "batteryLevel": -81.7581539122035, "maxBatteryForMonth": 10, "Temperature": 18.1, "ratioPc": "noData"}