{"bought": 1.5, "sold": 0.92, "Time_string": "Last update at 10:08 - 01/11/2023", "produce": 1.076, "consumption": 0.256, "ratioPC": 0.8200000000000001, "maxBatteryPerDay": 8.75, "maxAtThisDay": 8.75, "batteryLevelPercentage": -0.10089697787454575, "buyPrice": 0.149072, "sellPrice": 0.1, "batteryLevel": -0.8828485564022753, "maxBatteryForMonth": 10, "Temperature": 15.3, "ratioPc": "noData"}