{"bought": 125.47, "sold": 269.65, "Time_string": "Last update at 09:48 - 17/06/2024", "produce": 0.603, "consumption": 0.168, "ratioPC": 0.356, "maxBatteryPerDay": 8.75, "maxAtThisDay": 100, "batteryLevelPercentage": 0.5541574648492003, "buyPrice": 0.149072, "sellPrice": 0.1, "batteryLevel": 55.41574648492002, "maxBatteryForMonth": 100, "Temperature": 22.6, "ratioPc": "noData"}