{"bought": 217.06, "sold": 232.46, "Time_string": "Last update at 10:31 - 21/07/2023", "produce": 1.727, "consumption": 0.806, "buyPrice": 0.149072, "sellPrice": 0.1, "batteryLevel": -61.12192980573147, "maxBatteryPerDay": 8.75, "batteryLevelPercentage": -6.1121929805731465, "maxAtThisDay": 10, "ratioPC": 0.921, "maxBatteryForMonth": 10, "ratioPc": "noData"}