{"bought": 281.26, "sold": 690.44, "Time_string": "Last update at 10:10 - 30/05/2024", "produce": 1.214, "consumption": 1.439, "ratioPC": 0.7789999999999999, "maxBatteryPerDay": 8.75, "maxAtThisDay": 100, "batteryLevelPercentage": 1.8189874208436196, "buyPrice": 0.149072, "sellPrice": 0.1, "batteryLevel": 181.89874208436197, "maxBatteryForMonth": 100, "Temperature": 25.5, "ratioPc": "noData"}