{"bought": 245.23, "sold": 398.45, "Time_string": "Last update at 21:50 - 29/06/2023", "produce": 0.01, "consumption": 0.816, "buyPrice": 0.149072, "sellPrice": 0.1, "batteryLevel": 22.056948588601443, "maxBatteryPerDay": 8.75, "batteryLevelPercentage": 0.22056948588601444, "maxAtThisDay": 100, "ratioPC": -0.8059999999999999, "maxBatteryForMonth": 100, "ratioPc": "noData"}