{"bought": 7.6, "sold": 29.25, "Time_string": "Last update at 19:15 - 02/09/2023", "produce": 0.543, "consumption": 0.993, "ratioPC": -0.44999999999999996, "maxBatteryPerDay": 8.75, "maxAtThisDay": 10, "batteryLevelPercentage": 1.2021391005688526, "buyPrice": 0.149072, "sellPrice": 0.1, "batteryLevel": 12.021391005688526, "maxBatteryForMonth": 10, "Temperature": 22.8, "ratioPc": "noData"}