{"bought": 25.86, "sold": 38.22, "Time_string": "Last update at 12:52 - 04/09/2024", "produce": 4.135, "consumption": 0.78, "ratioPC": 3.252, "maxBatteryPerDay": 8.75, "maxAtThisDay": 35.0, "batteryLevelPercentage": -0.006325211978104558, "buyPrice": 0.149072, "sellPrice": 0.1, "batteryLevel": -0.22138241923365953, "maxBatteryForMonth": 100, "Temperature": 27.6, "ratioPc": "noData"}