{"bought": 294.47, "sold": 367.14, "Time_string": "Last update at 18:59 - 26/09/2024", "produce": 0.282, "consumption": 0.142, "ratioPC": 0.127, "maxBatteryPerDay": 8.75, "maxAtThisDay": 100, "batteryLevelPercentage": -0.48186324997316776, "buyPrice": 0.149072, "sellPrice": 0.1, "batteryLevel": -48.186324997316774, "maxBatteryForMonth": 100, "Temperature": 24.0, "ratioPc": "noData"}