{"bought": 170.88, "sold": 350.7, "Time_string": "Last update at 16:35 - 16/05/2024", "produce": 5.581, "consumption": 7.913, "ratioPC": -6.443, "maxBatteryPerDay": 8.75, "maxAtThisDay": 100, "batteryLevelPercentage": 0.6437544703230654, "buyPrice": 0.149072, "sellPrice": 0.1, "batteryLevel": 64.37544703230654, "maxBatteryForMonth": 100, "Temperature": 21.0, "ratioPc": "noData"}