{"bought": 44.33, "sold": 92.96, "Time_string": "Last update at 00:12 - 07/09/2024", "produce": 0.0, "consumption": 0.088, "ratioPC": -0.194, "maxBatteryPerDay": 8.75, "maxAtThisDay": 61.25, "batteryLevelPercentage": 0.29435311795642366, "buyPrice": 0.149072, "sellPrice": 0.1, "batteryLevel": 18.029128474830948, "maxBatteryForMonth": 100, "Temperature": 20.8, "ratioPc": "noData"}