{"bought": 364.89, "sold": 256.98, "Time_string": "Last update at 13:39 - 29/08/2023", "produce": 4.457, "consumption": 2.423, "ratioPC": 2.034, "maxBatteryPerDay": 8.75, "maxAtThisDay": 10, "batteryLevelPercentage": -19.250350220027904, "buyPrice": 0.149072, "sellPrice": 0.1, "batteryLevel": -192.50350220027903, "maxBatteryForMonth": 10, "Temperature": 32.3, "ratioPc": "noData"}