{"bought": 190.25, "sold": 441.49, "Time_string": "Last update at 23:16 - 19/05/2024", "produce": 0.0, "consumption": 0.194, "ratioPC": -0.157, "maxBatteryPerDay": 8.75, "maxAtThisDay": 100, "batteryLevelPercentage": 1.0590890308039065, "buyPrice": 0.149072, "sellPrice": 0.1, "batteryLevel": 105.90890308039064, "maxBatteryForMonth": 100, "Temperature": 16.0, "ratioPc": "noData"}