{"bought": 230.42, "sold": 305.99, "Time_string": "Last update at 15:32 - 23/10/2024", "produce": 4.689, "consumption": 0.169, "ratioPC": 4.486, "maxBatteryPerDay": 8.75, "maxAtThisDay": 100, "batteryLevelPercentage": -0.25156771492969826, "buyPrice": 0.149072, "sellPrice": 0.1, "batteryLevel": -25.156771492969824, "maxBatteryForMonth": 100, "Temperature": 25.5, "ratioPc": "noData"}