{"bought": 194.32, "sold": 497.0, "Time_string": "Last update at 17:51 - 21/05/2024", "produce": 3.437, "consumption": 0.192, "ratioPC": 3.324, "maxBatteryPerDay": 8.75, "maxAtThisDay": 100, "batteryLevelPercentage": 1.3907594290007512, "buyPrice": 0.149072, "sellPrice": 0.1, "batteryLevel": 139.07594290007512, "maxBatteryForMonth": 100, "Temperature": 24.1, "ratioPc": "noData"}