{"bought": 184.61, "sold": 369.83, "Time_string": "Last update at 15:59 - 17/05/2024", "produce": 4.717, "consumption": 0.76, "ratioPC": 5.635, "maxBatteryPerDay": 8.75, "maxAtThisDay": 100, "batteryLevelPercentage": 0.6347817215842005, "buyPrice": 0.149072, "sellPrice": 0.1, "batteryLevel": 63.47817215842005, "maxBatteryForMonth": 100, "Temperature": 24.0, "ratioPc": "noData"}