{"bought": 138.91, "sold": 335.16, "Time_string": "Last update at 08:26 - 22/06/2023", "produce": 0.226, "consumption": 0.093, "ratioPc": "noData", "buyPrice": 0.149072, "sellPrice": 0.1, "batteryLevel": 85.92095416979717, "maxBatteryPerDay": 8.75, "batteryLevelPercentage": 0.4463426190638814, "maxAtThisDay": 192.5, "ratioPC": 0.133}