{"bought": 115.1, "sold": 204.46, "Time_string": "Last update at 02:15 - 14/06/2024", "produce": 0.0, "consumption": 0.121, "ratioPC": -0.122, "maxBatteryPerDay": 8.75, "maxAtThisDay": 100, "batteryLevelPercentage": 0.22055200171729097, "buyPrice": 0.149072, "sellPrice": 0.1, "batteryLevel": 22.055200171729098, "maxBatteryForMonth": 100, "Temperature": 19.8, "ratioPc": "noData"}