{"bought": 132.32, "sold": 183.37, "Time_string": "Last update at 15:32 - 13/11/2024", "produce": 0.619, "consumption": 0.426, "ratioPC": 0.452, "maxBatteryPerDay": 8.75, "maxAtThisDay": 100, "batteryLevelPercentage": -0.09312325855962228, "buyPrice": 0.149072, "sellPrice": 0.1, "batteryLevel": -9.312325855962229, "maxBatteryForMonth": 100, "Temperature": 15.5, "ratioPc": "noData"}