{"bought": 199.12, "sold": 114.16, "Time_string": "Last update at 14:07 - 21/01/2024", "produce": 4.66, "consumption": 0.205, "ratioPC": 4.423, "maxBatteryPerDay": 8.75, "maxAtThisDay": 100, "batteryLevelPercentage": -1.2253955565096062, "buyPrice": 0.149072, "sellPrice": 0.1, "batteryLevel": -122.53955565096062, "maxBatteryForMonth": 100, "Temperature": 16.1, "ratioPc": "noData"}