{"bought": 49.31, "sold": 59.75, "Time_string": "Last update at 17:26 - 06/08/2023", "produce": 3.877, "consumption": 2.923, "ratioPC": 0.9539999999999997, "maxBatteryPerDay": 8.75, "maxAtThisDay": 10, "batteryLevelPercentage": -0.9228697005473869, "buyPrice": 0.149072, "sellPrice": 0.1, "batteryLevel": -9.228697005473869, "maxBatteryForMonth": 10, "Temperature": 42.0, "ratioPc": "noData"}