{"bought": 321.15, "sold": 333.82, "Time_string": "Last update at 08:40 - 27/10/2024", "produce": 0.325, "consumption": 0.174, "ratioPC": 0.056999999999999995, "maxBatteryPerDay": 8.75, "maxAtThisDay": 100, "batteryLevelPercentage": -0.9721794032413869, "buyPrice": 0.149072, "sellPrice": 0.1, "batteryLevel": -97.21794032413868, "maxBatteryForMonth": 100, "Temperature": 11.3, "ratioPc": "noData"}