{"bought": 87.58, "sold": 258.9, "Time_string": "Last update at 09:07 - 17/10/2023", "produce": 0.11, "consumption": 0.179, "ratioPC": -0.06899999999999999, "maxBatteryPerDay": 8.75, "maxAtThisDay": 10, "batteryLevelPercentage": 8.609446602983793, "buyPrice": 0.149072, "sellPrice": 0.1, "batteryLevel": 86.09446602983793, "maxBatteryForMonth": 10, "Temperature": 21.2, "ratioPc": "noData"}