{"bought": 174.05, "sold": 307.52, "Time_string": "Last update at 14:09 - 19/06/2024", "produce": 2.082, "consumption": 0.198, "ratioPC": 5.793, "maxBatteryPerDay": 8.75, "maxAtThisDay": 100, "batteryLevelPercentage": 0.32239578190404616, "buyPrice": 0.149072, "sellPrice": 0.1, "batteryLevel": 32.239578190404615, "maxBatteryForMonth": 100, "Temperature": 19.0, "ratioPc": "noData"}