{"bought": 191.53, "sold": 463.97, "Time_string": "Last update at 16:37 - 20/05/2024", "produce": 5.853, "consumption": 0.404, "ratioPC": 3.982, "maxBatteryPerDay": 8.75, "maxAtThisDay": 100, "batteryLevelPercentage": 1.197088644413438, "buyPrice": 0.149072, "sellPrice": 0.1, "batteryLevel": 119.70886444134382, "maxBatteryForMonth": 100, "Temperature": 24.1, "ratioPc": "noData"}