{"bought": 181.45, "sold": 247.99, "Time_string": "Last update at 00:25 - 17/09/2024", "produce": 0.0, "consumption": 5.096, "ratioPC": -5.168, "maxBatteryPerDay": 8.75, "maxAtThisDay": 100, "batteryLevelPercentage": -0.15094145111087243, "buyPrice": 0.149072, "sellPrice": 0.1, "batteryLevel": -15.094145111087244, "maxBatteryForMonth": 100, "Temperature": 23.6, "ratioPc": "noData"}