{"bought": 63.1, "sold": 79.33, "Time_string": "Last update at 11:58 - 05/10/2024", "produce": 3.407, "consumption": 4.939, "ratioPC": -2.9210000000000003, "maxBatteryPerDay": 8.75, "maxAtThisDay": 43.75, "batteryLevelPercentage": -0.22592238458118052, "buyPrice": 0.149072, "sellPrice": 0.1, "batteryLevel": -9.884104325426648, "maxBatteryForMonth": 100, "Temperature": 25.9, "ratioPc": "noData"}