{"bought": 301.23, "sold": 380.99, "Time_string": "Last update at 17:19 - 25/06/2024", "produce": 3.843, "consumption": 3.645, "ratioPC": 0.33999999999999986, "maxBatteryPerDay": 8.75, "maxAtThisDay": 100, "batteryLevelPercentage": -0.456555125040249, "buyPrice": 0.149072, "sellPrice": 0.1, "batteryLevel": -45.6555125040249, "maxBatteryForMonth": 100, "Temperature": 34.7, "ratioPc": "noData"}