{"bought": 223.54, "sold": 249.7, "Time_string": "Last update at 13:05 - 21/10/2024", "produce": 4.296, "consumption": 0.322, "ratioPC": 3.8080000000000003, "maxBatteryPerDay": 8.75, "maxAtThisDay": 100, "batteryLevelPercentage": -0.5603704840613932, "buyPrice": 0.149072, "sellPrice": 0.1, "batteryLevel": -56.03704840613932, "maxBatteryForMonth": 100, "Temperature": 23.1, "ratioPc": "noData"}