{"bought": 23.43, "sold": 57.98, "Time_string": "Last update at 10:08 - 05/09/2023", "produce": 1.07, "consumption": 1.634, "ratioPC": -0.5639999999999998, "maxBatteryPerDay": 8.75, "maxAtThisDay": 10, "batteryLevelPercentage": 1.5463957282387035, "buyPrice": 0.149072, "sellPrice": 0.1, "batteryLevel": 15.463957282387035, "maxBatteryForMonth": 10, "Temperature": 20.3, "ratioPc": "noData"}