{"bought": 67.21, "sold": 123.75, "Time_string": "Last update at 20:56 - 08/07/2023", "produce": 0.131, "consumption": 1.371, "buyPrice": 0.149072, "sellPrice": 0.1, "batteryLevel": 15.803577331759158, "maxBatteryPerDay": 8.75, "batteryLevelPercentage": 1.5803577331759158, "maxAtThisDay": 10, "ratioPC": -1.24, "maxBatteryForMonth": 10, "ratioPc": "noData"}