{"bought": 71.17, "sold": 240.87, "Time_string": "Last update at 11:20 - 15/06/2023", "produce": 2.814, "consumption": 2.914, "ratioPc": null, "buyPrice": 0.149072, "sellPrice": 0.1, "batteryLevel": 90.40963936889558, "maxBatteryPerDay": 8.75, "batteryLevelPercentage": 0.6888353475725377, "maxAtThisDay": 131.25, "ratioPC": -0.10000000000000009}