{"bought": 124.19, "sold": 155.67, "Time_string": "Last update at 15:42 - 13/07/2023", "produce": 4.588, "consumption": 3.71, "buyPrice": 0.149072, "sellPrice": 0.1, "batteryLevel": -19.76395084254588, "maxBatteryPerDay": 8.75, "batteryLevelPercentage": -1.976395084254588, "maxAtThisDay": 10, "ratioPC": 0.8780000000000001, "maxBatteryForMonth": 10, "ratioPc": "noData"}