{"bought": 138.98, "sold": 350.43, "Time_string": "Last update at 16:39 - 22/06/2023", "produce": 4.075, "consumption": 1.83, "ratioPc": "noData", "buyPrice": 0.149072, "sellPrice": 0.1, "batteryLevel": 96.09432649994633, "maxBatteryPerDay": 8.75, "batteryLevelPercentage": 0.4991913064932277, "maxAtThisDay": 192.5, "ratioPC": 2.245}