{"bought": 75.37, "sold": 82.32, "Time_string": "Last update at 09:56 - 06/10/2024", "produce": 0.628, "consumption": 0.165, "ratioPC": 0.42599999999999993, "maxBatteryPerDay": 8.75, "maxAtThisDay": 52.5, "batteryLevelPercentage": -0.383778326356839, "buyPrice": 0.149072, "sellPrice": 0.1, "batteryLevel": -20.148362133734047, "maxBatteryForMonth": 100, "Temperature": 19.8, "ratioPc": "noData"}