{"bought": 147.71, "sold": 355.91, "Time_string": "Last update at 13:07 - 23/06/2023", "produce": 4.257, "consumption": 2.569, "ratioPc": "noData", "buyPrice": 0.149072, "sellPrice": 0.1, "batteryLevel": 91.0404024900719, "maxBatteryPerDay": 8.75, "batteryLevelPercentage": 0.4523746707581212, "maxAtThisDay": 201.25, "ratioPC": 1.6879999999999997}