{"bought": 174.05, "sold": 303.57, "Time_string": "Last update at 13:14 - 19/06/2024", "produce": 5.214, "consumption": 0.168, "ratioPC": 0.43300000000000005, "maxBatteryPerDay": 8.75, "maxAtThisDay": 100, "batteryLevelPercentage": 0.29589851883653495, "buyPrice": 0.149072, "sellPrice": 0.1, "batteryLevel": 29.589851883653495, "maxBatteryForMonth": 100, "Temperature": 17.5, "ratioPc": "noData"}