{"bought": 522.1, "sold": 87.14, "Time_string": "Last update at 16:16 - 24/08/2024", "produce": 4.406, "consumption": 3.357, "ratioPC": 0.5150000000000006, "maxBatteryPerDay": 8.75, "maxAtThisDay": 100, "batteryLevelPercentage": -4.636450252227112, "buyPrice": 0.149072, "sellPrice": 0.1, "batteryLevel": -463.6450252227112, "maxBatteryForMonth": 100, "Temperature": 37.0, "ratioPc": "noData"}