{"bought": 298.32, "sold": 367.16, "Time_string": "Last update at 08:51 - 27/09/2024", "produce": 0.107, "consumption": 0.157, "ratioPC": -0.137, "maxBatteryPerDay": 8.75, "maxAtThisDay": 100, "batteryLevelPercentage": -0.5202290866158634, "buyPrice": 0.149072, "sellPrice": 0.1, "batteryLevel": -52.02290866158634, "maxBatteryForMonth": 100, "Temperature": 17.8, "ratioPc": "noData"}