{"bought": 189.23, "sold": 434.9, "Time_string": "Last update at 16:39 - 19/05/2024", "produce": 5.021, "consumption": 0.261, "ratioPC": 4.803999999999999, "maxBatteryPerDay": 8.75, "maxAtThisDay": 100, "batteryLevelPercentage": 1.025082204572287, "buyPrice": 0.149072, "sellPrice": 0.1, "batteryLevel": 102.5082204572287, "maxBatteryForMonth": 100, "Temperature": 25.4, "ratioPc": "noData"}