{"bought": 694.35, "sold": 108.25, "Time_string": "Last update at 14:33 - 31/08/2024", "produce": 2.867, "consumption": 4.699, "ratioPC": 0.4729999999999994, "maxBatteryPerDay": 8.75, "maxAtThisDay": 100, "batteryLevelPercentage": -6.217340828592895, "buyPrice": 0.149072, "sellPrice": 0.1, "batteryLevel": -621.7340828592895, "maxBatteryForMonth": 100, "Temperature": 32.6, "ratioPc": "noData"}