{"bought": 83.82, "sold": 112.72, "Time_string": "Last update at 12:32 - 08/10/2024", "produce": 4.447, "consumption": 0.265, "ratioPC": 4.497, "maxBatteryPerDay": 8.75, "maxAtThisDay": 70.0, "batteryLevelPercentage": -0.11722188319354794, "buyPrice": 0.149072, "sellPrice": 0.1, "batteryLevel": -8.205531823548355, "maxBatteryForMonth": 100, "Temperature": 21.1, "ratioPc": "noData"}