{"bought": 31.02, "sold": 109.66, "Time_string": "Last update at 15:28 - 07/09/2023", "produce": 1.912, "consumption": 0.987, "ratioPC": 0.9249999999999999, "maxBatteryPerDay": 8.75, "maxAtThisDay": 10, "batteryLevelPercentage": 4.25417688097027, "buyPrice": 0.149072, "sellPrice": 0.1, "batteryLevel": 42.5417688097027, "maxBatteryForMonth": 10, "Temperature": 29.5, "ratioPc": "noData"}