{"bought": 324.58, "sold": 376.29, "Time_string": "Last update at 11:27 - 31/07/2023", "produce": 2.846, "consumption": 3.837, "ratioPC": -0.9910000000000001, "maxBatteryPerDay": 8.75, "maxAtThisDay": 10, "batteryLevelPercentage": -7.215835140066543, "buyPrice": 0.149072, "sellPrice": 0.1, "batteryLevel": -72.15835140066542, "maxBatteryForMonth": 10, "Temperature": "31"}