{"bought": 189.23, "sold": 436.61, "Time_string": "Last update at 17:05 - 19/05/2024", "produce": 1.18, "consumption": 0.164, "ratioPC": 4.486000000000001, "maxBatteryPerDay": 8.75, "maxAtThisDay": 100, "batteryLevelPercentage": 1.0365531716217666, "buyPrice": 0.149072, "sellPrice": 0.1, "batteryLevel": 103.65531716217666, "maxBatteryForMonth": 100, "Temperature": 24.8, "ratioPc": "noData"}