{"bought": 138.77, "sold": 89.1, "Time_string": "Last update at 16:04 - 12/08/2023", "produce": 4.522, "consumption": 5.659, "ratioPC": -1.1369999999999996, "maxBatteryPerDay": 8.75, "maxAtThisDay": 10, "batteryLevelPercentage": -7.900022432113343, "buyPrice": 0.149072, "sellPrice": 0.1, "batteryLevel": -79.00022432113343, "maxBatteryForMonth": 10, "Temperature": 41.1, "ratioPc": "noData"}