{"bought": 23.63, "sold": 63.88, "Time_string": "Last update at 10:02 - 06/11/2023", "produce": 2.032, "consumption": 0.148, "ratioPC": 1.8840000000000001, "maxBatteryPerDay": 8.75, "maxAtThisDay": 10, "batteryLevelPercentage": 1.9221776322850705, "buyPrice": 0.149072, "sellPrice": 0.1, "batteryLevel": 19.221776322850705, "maxBatteryForMonth": 10, "Temperature": 13.1, "ratioPc": "noData"}