{"bought": 47.17, "sold": 44.59, "Time_string": "Last update at 15:39 - 03/10/2024", "produce": 4.722, "consumption": 2.614, "ratioPC": 2.053, "maxBatteryPerDay": 8.75, "maxAtThisDay": 26.25, "batteryLevelPercentage": -0.6574582662516546, "buyPrice": 0.149072, "sellPrice": 0.1, "batteryLevel": -17.258279489105934, "maxBatteryForMonth": 100, "Temperature": 29.6, "ratioPc": "noData"}