{"bought": 109.98, "sold": 78.37, "Time_string": "Last update at 16:15 - 10/08/2023", "produce": 4.227, "consumption": 3.708, "ratioPC": 0.5190000000000001, "maxBatteryPerDay": 8.75, "maxAtThisDay": 10, "batteryLevelPercentage": -5.740808844048514, "buyPrice": 0.149072, "sellPrice": 0.1, "batteryLevel": -57.40808844048514, "maxBatteryForMonth": 10, "Temperature": 42.2, "ratioPc": "noData"}