{"bought": 308.33, "sold": 366.36, "Time_string": "Last update at 20:55 - 29/07/2023", "produce": 0.087, "consumption": 1.268, "buyPrice": 0.149072, "sellPrice": 0.1, "batteryLevel": -62.56956209080175, "maxBatteryPerDay": 8.75, "batteryLevelPercentage": -6.256956209080175, "maxAtThisDay": 10, "ratioPC": -1.181, "maxBatteryForMonth": 10, "ratioPc": "noData"}