{"bought": 475.96, "sold": 69.86, "Time_string": "Last update at 09:57 - 22/08/2024", "produce": 0.339, "consumption": 0.166, "ratioPC": 0.29800000000000004, "maxBatteryPerDay": 8.75, "maxAtThisDay": 100, "batteryLevelPercentage": -4.290967392937641, "buyPrice": 0.149072, "sellPrice": 0.1, "batteryLevel": -429.0967392937641, "maxBatteryForMonth": 100, "Temperature": 24.9, "ratioPc": "noData"}