{"bought": 222.94, "sold": 304.36, "Time_string": "Last update at 14:41 - 21/09/2024", "produce": 1.13, "consumption": 3.228, "ratioPC": 0.133, "maxBatteryPerDay": 8.75, "maxAtThisDay": 100, "batteryLevelPercentage": -0.1877020285499623, "buyPrice": 0.149072, "sellPrice": 0.1, "batteryLevel": -18.770202854996228, "maxBatteryForMonth": 100, "Temperature": 25.0, "ratioPc": "noData"}