{"bought": 137.44, "sold": 138.11, "Time_string": "Last update at 12:46 - 20/12/2023", "produce": 1.442, "consumption": 0.303, "ratioPC": 1.0699999999999998, "maxBatteryPerDay": 8.75, "maxAtThisDay": 100, "batteryLevelPercentage": -0.4479349361382418, "buyPrice": 0.149072, "sellPrice": 0.1, "batteryLevel": -44.79349361382418, "maxBatteryForMonth": 100, "Temperature": 11.5, "ratioPc": "noData"}