{"bought": 458.54, "sold": 69.59, "Time_string": "Last update at 11:11 - 21/08/2024", "produce": 2.313, "consumption": 0.272, "ratioPC": 1.9330000000000003, "maxBatteryPerDay": 8.75, "maxAtThisDay": 100, "batteryLevelPercentage": -4.118578598261243, "buyPrice": 0.149072, "sellPrice": 0.1, "batteryLevel": -411.8578598261243, "maxBatteryForMonth": 100, "Temperature": 28.4, "ratioPc": "noData"}