{"bought": 364.87, "sold": 250.66, "Time_string": "Last update at 11:18 - 29/08/2023", "produce": 2.582, "consumption": 0.944, "ratioPC": 1.638, "maxBatteryPerDay": 8.75, "maxAtThisDay": 10, "batteryLevelPercentage": -19.672306429108083, "buyPrice": 0.149072, "sellPrice": 0.1, "batteryLevel": -196.72306429108082, "maxBatteryForMonth": 10, "Temperature": 28.6, "ratioPc": "noData"}