{"bought": 281.79, "sold": 371.52, "Time_string": "Last update at 14:08 - 24/06/2024", "produce": 4.563, "consumption": 3.018, "ratioPC": 0.4610000000000003, "maxBatteryPerDay": 8.75, "maxAtThisDay": 100, "batteryLevelPercentage": -0.3256814747236237, "buyPrice": 0.149072, "sellPrice": 0.1, "batteryLevel": -32.56814747236237, "maxBatteryForMonth": 100, "Temperature": 33.1, "ratioPc": "noData"}