{"bought": 296.09, "sold": 697.91, "Time_string": "Last update at 14:52 - 31/05/2024", "produce": 4.716, "consumption": 5.546, "ratioPC": 1.1319999999999997, "maxBatteryPerDay": 8.75, "maxAtThisDay": 100, "batteryLevelPercentage": 1.720797434796608, "buyPrice": 0.149072, "sellPrice": 0.1, "batteryLevel": 172.0797434796608, "maxBatteryForMonth": 100, "Temperature": 36.9, "ratioPc": "noData"}