{"bought": 384.23, "sold": 303.77, "Time_string": "Last update at 18:15 - 31/08/2023", "produce": 2.822, "consumption": 1.866, "ratioPC": 0.956, "maxBatteryPerDay": 8.75, "maxAtThisDay": 10, "batteryLevelPercentage": -18.045598475904264, "buyPrice": 0.149072, "sellPrice": 0.1, "batteryLevel": -180.45598475904265, "maxBatteryForMonth": 10, "Temperature": 32.8, "ratioPc": "noData"}