{"bought": 198.99, "sold": 533.29, "Time_string": "Last update at 09:48 - 23/05/2024", "produce": 0.983, "consumption": 0.168, "ratioPC": 0.696, "maxBatteryPerDay": 8.75, "maxAtThisDay": 100, "batteryLevelPercentage": 1.5874988408285924, "buyPrice": 0.149072, "sellPrice": 0.1, "batteryLevel": 158.74988408285924, "maxBatteryForMonth": 100, "Temperature": 20.4, "ratioPc": "noData"}