{"bought": 146.81, "sold": 143.42, "Time_string": "Last update at 15:14 - 21/12/2023", "produce": 3.898, "consumption": 6.521, "ratioPC": -0.23800000000000043, "maxBatteryPerDay": 8.75, "maxAtThisDay": 100, "batteryLevelPercentage": -0.5060145647740691, "buyPrice": 0.149072, "sellPrice": 0.1, "batteryLevel": -50.60145647740691, "maxBatteryForMonth": 100, "Temperature": 15.2, "ratioPc": "noData"}