{"bought": 102.27, "sold": 492.04, "Time_string": "Last update at 08:59 - 26/09/2023", "produce": 0.127, "consumption": 0.204, "ratioPC": -0.07699999999999999, "maxBatteryPerDay": 8.75, "maxAtThisDay": 10, "batteryLevelPercentage": 22.77986916389396, "buyPrice": 0.149072, "sellPrice": 0.1, "batteryLevel": 227.7986916389396, "maxBatteryForMonth": 10, "Temperature": 16.0, "ratioPc": "noData"}