{"bought": 396.38, "sold": 372.01, "Time_string": "Last update at 16:25 - 31/10/2024", "produce": 0.638, "consumption": 0.337, "ratioPC": -0.192, "maxBatteryPerDay": 8.75, "maxAtThisDay": 100, "batteryLevelPercentage": -1.4682944724696794, "buyPrice": 0.149072, "sellPrice": 0.1, "batteryLevel": -146.82944724696793, "maxBatteryForMonth": 100, "Temperature": 18.0, "ratioPc": "noData"}