{"bought": 205.97, "sold": 558.28, "Time_string": "Last update at 20:40 - 23/05/2024", "produce": 0.165, "consumption": 0.239, "ratioPC": -0.094, "maxBatteryPerDay": 8.75, "maxAtThisDay": 100, "batteryLevelPercentage": 1.6853359557797571, "buyPrice": 0.149072, "sellPrice": 0.1, "batteryLevel": 168.53359557797572, "maxBatteryForMonth": 100, "Temperature": 26.7, "ratioPc": "noData"}