{"bought": 155.02, "sold": 166.27, "Time_string": "Last update at 16:28 - 15/07/2023", "produce": 4.458, "consumption": 3.626, "buyPrice": 0.149072, "sellPrice": 0.1, "batteryLevel": -43.48329290544167, "maxBatteryPerDay": 8.75, "batteryLevelPercentage": -4.348329290544167, "maxAtThisDay": 10, "ratioPC": 0.8320000000000003, "maxBatteryForMonth": 10, "ratioPc": "noData"}