{"bought": 196.07, "sold": 500.38, "Time_string": "Last update at 04:25 - 22/05/2024", "produce": 0.0, "consumption": 0.119, "ratioPC": -0.118, "maxBatteryPerDay": 8.75, "maxAtThisDay": 100, "batteryLevelPercentage": 1.3959330363851024, "buyPrice": 0.149072, "sellPrice": 0.1, "batteryLevel": 139.59330363851024, "maxBatteryForMonth": 100, "Temperature": 14.6, "ratioPc": "noData"}