{"bought": 360.08, "sold": 61.63, "Time_string": "Last update at 15:31 - 18/08/2024", "produce": 4.842, "consumption": 3.363, "ratioPC": 1.1969999999999996, "maxBatteryPerDay": 8.75, "maxAtThisDay": 100, "batteryLevelPercentage": -3.187375614468176, "buyPrice": 0.149072, "sellPrice": 0.1, "batteryLevel": -318.7375614468176, "maxBatteryForMonth": 100, "Temperature": 39.5, "ratioPc": "noData"}