{"bought": 116.21, "sold": 121.58, "Time_string": "Last update at 18:59 - 17/12/2023", "produce": 0.0, "consumption": 0.518, "ratioPC": -0.507, "maxBatteryPerDay": 8.75, "maxAtThisDay": 100, "batteryLevelPercentage": -0.34652095094987645, "buyPrice": 0.149072, "sellPrice": 0.1, "batteryLevel": -34.652095094987644, "maxBatteryForMonth": 100, "Temperature": 12.0, "ratioPc": "noData"}