{"bought": 247.04, "sold": 201.98, "Time_string": "Last update at 18:50 - 22/08/2023", "produce": 2.299, "consumption": 5.334, "ratioPC": -3.0349999999999997, "maxBatteryPerDay": 8.75, "maxAtThisDay": 10, "batteryLevelPercentage": -11.15484254588387, "buyPrice": 0.149072, "sellPrice": 0.1, "batteryLevel": -111.5484254588387, "maxBatteryForMonth": 10, "Temperature": 40.2, "ratioPc": "noData"}