{"bought": 11.31, "sold": 18.71, "Time_string": "Last update at 19:01 - 02/08/2023", "produce": 2.265, "consumption": 2.629, "ratioPC": -0.3639999999999999, "maxBatteryPerDay": 8.75, "maxAtThisDay": 10, "batteryLevelPercentage": 0.12409820757754648, "buyPrice": 0.149072, "sellPrice": 0.1, "batteryLevel": 1.2409820757754648, "maxBatteryForMonth": 10, "Temperature": 38.0, "ratioPc": "noData"}