{"bought": 19.67, "sold": 44.25, "Time_string": "Last update at 07:58 - 05/11/2023", "produce": 0.019, "consumption": 0.2, "ratioPC": -0.18100000000000002, "maxBatteryPerDay": 8.75, "maxAtThisDay": 10, "batteryLevelPercentage": 1.001364280347751, "buyPrice": 0.149072, "sellPrice": 0.1, "batteryLevel": 10.01364280347751, "maxBatteryForMonth": 10, "Temperature": 11.0, "ratioPc": "noData"}