{"bought": 481.16, "sold": 75.76, "Time_string": "Last update at 19:50 - 22/08/2024", "produce": 0.54, "consumption": 8.733, "ratioPC": -7.112000000000001, "maxBatteryPerDay": 8.75, "maxAtThisDay": 100, "batteryLevelPercentage": -4.303389202533005, "buyPrice": 0.149072, "sellPrice": 0.1, "batteryLevel": -430.33892025330044, "maxBatteryForMonth": 100, "Temperature": 31.2, "ratioPc": "noData"}