{"bought": 73.67, "sold": 227.21, "Time_string": "Last update at 16:59 - 14/10/2023", "produce": 3.774, "consumption": 1.485, "ratioPC": 2.2889999999999997, "maxBatteryPerDay": 8.75, "maxAtThisDay": 10, "batteryLevelPercentage": 7.8746282065042426, "buyPrice": 0.149072, "sellPrice": 0.1, "batteryLevel": 78.74628206504242, "maxBatteryForMonth": 10, "Temperature": 27.0, "ratioPc": "noData"}