{"bought": 217.89, "sold": 285.38, "Time_string": "Last update at 12:45 - 20/09/2024", "produce": 4.69, "consumption": 0.74, "ratioPC": 3.6239999999999997, "maxBatteryPerDay": 8.75, "maxAtThisDay": 100, "batteryLevelPercentage": -0.2645230546313189, "buyPrice": 0.149072, "sellPrice": 0.1, "batteryLevel": -26.452305463131893, "maxBatteryForMonth": 100, "Temperature": 24.5, "ratioPc": "noData"}