{"bought": 122.79, "sold": 81.33, "Time_string": "Last update at 13:43 - 11/08/2023", "produce": 4.386, "consumption": 3.746, "ratioPC": 0.6400000000000001, "maxBatteryPerDay": 8.75, "maxAtThisDay": 10, "batteryLevelPercentage": -6.823247075238811, "buyPrice": 0.149072, "sellPrice": 0.1, "batteryLevel": -68.23247075238811, "maxBatteryForMonth": 10, "Temperature": 39.4, "ratioPc": "noData"}