{"bought": 89.12, "sold": 138.04, "Time_string": "Last update at 20:35 - 10/07/2023", "produce": 0.325, "consumption": 2.297, "buyPrice": 0.149072, "sellPrice": 0.1, "batteryLevel": 3.4795492111194477, "maxBatteryPerDay": 8.75, "batteryLevelPercentage": 0.34795492111194476, "maxAtThisDay": 10, "ratioPC": -1.9720000000000002, "maxBatteryForMonth": 10, "ratioPc": "noData"}