{"bought": 107.35, "sold": 152.29, "Time_string": "Last update at 18:21 - 11/06/2024", "produce": 3.198, "consumption": 0.147, "ratioPC": 3.0140000000000002, "maxBatteryPerDay": 8.75, "maxAtThisDay": 96.25, "batteryLevelPercentage": -0.05393570473746502, "buyPrice": 0.149072, "sellPrice": 0.1, "batteryLevel": -5.191311580981008, "maxBatteryForMonth": 100, "Temperature": 26.6, "ratioPc": "noData"}