{"bought": 216.97, "sold": 281.82, "Time_string": "Last update at 06:50 - 20/09/2024", "produce": 0.0, "consumption": 0.094, "ratioPC": -0.092, "maxBatteryPerDay": 8.75, "maxAtThisDay": 100, "batteryLevelPercentage": -0.27920413223140483, "buyPrice": 0.149072, "sellPrice": 0.1, "batteryLevel": -27.920413223140486, "maxBatteryForMonth": 100, "Temperature": 18.0, "ratioPc": "noData"}