{"bought": 36.26, "sold": 39.07, "Time_string": "Last update at 12:05 - 04/11/2024", "produce": 1.844, "consumption": 0.117, "ratioPC": 3.6350000000000002, "maxBatteryPerDay": 8.75, "maxAtThisDay": 35.0, "batteryLevelPercentage": -0.2871768043054938, "buyPrice": 0.149072, "sellPrice": 0.1, "batteryLevel": -10.051188150692283, "maxBatteryForMonth": 100, "Temperature": 20.2, "ratioPc": "noData"}