{"bought": 294.47, "sold": 364.62, "Time_string": "Last update at 16:29 - 26/09/2024", "produce": 1.649, "consumption": 0.188, "ratioPC": 5.827, "maxBatteryPerDay": 8.75, "maxAtThisDay": 100, "batteryLevelPercentage": -0.49876783299345306, "buyPrice": 0.149072, "sellPrice": 0.1, "batteryLevel": -49.876783299345306, "maxBatteryForMonth": 100, "Temperature": 27.0, "ratioPc": "noData"}