{"bought": 262.79, "sold": 363.78, "Time_string": "Last update at 16:41 - 22/06/2024", "produce": 4.083, "consumption": 4.271, "ratioPC": 0.04499999999999993, "maxBatteryPerDay": 8.75, "maxAtThisDay": 100, "batteryLevelPercentage": -0.18760269400021515, "buyPrice": 0.149072, "sellPrice": 0.1, "batteryLevel": -18.760269400021514, "maxBatteryForMonth": 100, "Temperature": 35.7, "ratioPc": "noData"}