{"bought": 224.07, "sold": 308.71, "Time_string": "Last update at 19:56 - 21/09/2024", "produce": 0.143, "consumption": 3.297, "ratioPC": -1.095, "maxBatteryPerDay": 8.75, "maxAtThisDay": 100, "batteryLevelPercentage": -0.16982149833637464, "buyPrice": 0.149072, "sellPrice": 0.1, "batteryLevel": -16.982149833637465, "maxBatteryForMonth": 100, "Temperature": 22.1, "ratioPc": "noData"}