{"bought": 41.79, "sold": 10.54, "Time_string": "Last update at 12:50 - 04/01/2024", "produce": 0.457, "consumption": 0.369, "ratioPC": -1.0470000000000002, "maxBatteryPerDay": 8.75, "maxAtThisDay": 35.0, "batteryLevelPercentage": -0.9919883162881982, "buyPrice": 0.149072, "sellPrice": 0.1, "batteryLevel": -34.719591070086935, "maxBatteryForMonth": 100, "Temperature": 16.7, "ratioPc": "noData"}