{"bought": 109.05, "sold": 155.33, "Time_string": "Last update at 02:50 - 12/06/2024", "produce": 0.0, "consumption": 0.156, "ratioPC": -0.229, "maxBatteryPerDay": 8.75, "maxAtThisDay": 100, "batteryLevelPercentage": -0.04852028549962426, "buyPrice": 0.149072, "sellPrice": 0.1, "batteryLevel": -4.8520285499624265, "maxBatteryForMonth": 100, "Temperature": 18.0, "ratioPc": "noData"}