{"bought": 238.6, "sold": 386.81, "Time_string": "Last update at 21:47 - 28/06/2023", "produce": 0.015, "consumption": 1.179, "buyPrice": 0.149072, "sellPrice": 0.1, "batteryLevel": 20.878641193517268, "maxBatteryPerDay": 8.75, "batteryLevelPercentage": 0.20878641193517267, "maxAtThisDay": 100, "ratioPC": -1.1640000000000001, "maxBatteryForMonth": 100, "ratioPc": "noData"}