{"bought": 123.08, "sold": 300.79, "Time_string": "Last update at 07:19 - 20/06/2023", "produce": 0.035, "consumption": 0.268, "ratioPc": "noData", "buyPrice": 0.149072, "sellPrice": 0.1, "batteryLevel": 78.69498121713, "maxBatteryPerDay": 8.75, "batteryLevelPercentage": 0.4496856069550286, "maxAtThisDay": 175.0, "ratioPC": -0.233}