{"bought": 95.98, "sold": 138.52, "Time_string": "Last update at 09:59 - 11/07/2023", "produce": 0.871, "consumption": 0.173, "buyPrice": 0.149072, "sellPrice": 0.1, "batteryLevel": -3.058458731351294, "maxBatteryPerDay": 8.75, "batteryLevelPercentage": -0.3058458731351294, "maxAtThisDay": 10, "ratioPC": 0.698, "maxBatteryForMonth": 10, "ratioPc": "noData"}