{"bought": 138.91, "sold": 335.22, "Time_string": "Last update at 08:51 - 22/06/2023", "produce": 0.288, "consumption": 0.136, "ratioPc": "noData", "buyPrice": 0.149072, "sellPrice": 0.1, "batteryLevel": 85.96120317698833, "maxBatteryPerDay": 8.75, "batteryLevelPercentage": 0.4465517048155238, "maxAtThisDay": 192.5, "ratioPC": 0.15199999999999997}