{"bought": 128.94, "sold": 126.27, "Time_string": "Last update at 10:43 - 19/12/2023", "produce": 2.318, "consumption": 0.391, "ratioPC": 1.9080000000000001, "maxBatteryPerDay": 8.75, "maxAtThisDay": 100, "batteryLevelPercentage": -0.442359643662123, "buyPrice": 0.149072, "sellPrice": 0.1, "batteryLevel": -44.2359643662123, "maxBatteryForMonth": 100, "Temperature": 7.2, "ratioPc": "noData"}