{"bought": 83.23, "sold": 69.62, "Time_string": "Last update at 18:04 - 08/08/2023", "produce": 2.827, "consumption": 3.324, "ratioPC": -0.4969999999999999, "maxBatteryPerDay": 8.75, "maxAtThisDay": 10, "batteryLevelPercentage": -3.6527735322528714, "buyPrice": 0.149072, "sellPrice": 0.1, "batteryLevel": -36.52773532252871, "maxBatteryForMonth": 10, "Temperature": 39.9, "ratioPc": "noData"}