{"bought": 193.79, "sold": 425.13, "Time_string": "Last update at 15:29 - 26/11/2023", "produce": 2.186, "consumption": 0.531, "ratioPC": 1.6549999999999998, "maxBatteryPerDay": 8.75, "maxAtThisDay": 100, "batteryLevelPercentage": 0.913943404529355, "buyPrice": 0.149072, "sellPrice": 0.1, "batteryLevel": 91.3943404529355, "maxBatteryForMonth": 100, "Temperature": 17.5, "ratioPc": "noData"}