{"bought": 239.7, "sold": 386.81, "Time_string": "Last update at 22:35 - 28/06/2023", "produce": 0.0, "consumption": 1.728, "buyPrice": 0.149072, "sellPrice": 0.1, "batteryLevel": 19.778641193517274, "maxBatteryPerDay": 8.75, "batteryLevelPercentage": 0.19778641193517274, "maxAtThisDay": 100, "ratioPC": -1.728, "maxBatteryForMonth": 100, "ratioPc": "noData"}