{"bought": 280.6, "sold": 368.65, "Time_string": "Last update at 10:02 - 24/06/2024", "produce": 0.75, "consumption": 0.129, "ratioPC": 0.552, "maxBatteryPerDay": 8.75, "maxAtThisDay": 100, "batteryLevelPercentage": -0.33303391649672676, "buyPrice": 0.149072, "sellPrice": 0.1, "batteryLevel": -33.303391649672676, "maxBatteryForMonth": 100, "Temperature": 25.1, "ratioPc": "noData"}