{"bought": 184.61, "sold": 372.05, "Time_string": "Last update at 16:29 - 17/05/2024", "produce": 4.661, "consumption": 0.296, "ratioPC": 4.886, "maxBatteryPerDay": 8.75, "maxAtThisDay": 100, "batteryLevelPercentage": 0.6496738542449287, "buyPrice": 0.149072, "sellPrice": 0.1, "batteryLevel": 64.96738542449287, "maxBatteryForMonth": 100, "Temperature": 24.5, "ratioPc": "noData"}