{"bought": 339.42, "sold": 55.47, "Time_string": "Last update at 11:36 - 17/08/2024", "produce": 2.06, "consumption": 3.188, "ratioPC": -1.1540000000000004, "maxBatteryPerDay": 8.75, "maxAtThisDay": 100, "batteryLevelPercentage": -3.0220979285177636, "buyPrice": 0.149072, "sellPrice": 0.1, "batteryLevel": -302.20979285177634, "maxBatteryForMonth": 100, "Temperature": 30.2, "ratioPc": "noData"}