{"bought": 112.33, "sold": 279.75, "Time_string": "Last update at 18:58 - 19/10/2023", "produce": 0.021, "consumption": 0.958, "ratioPC": -0.9369999999999999, "maxBatteryPerDay": 8.75, "maxAtThisDay": 10, "batteryLevelPercentage": 7.533099602876463, "buyPrice": 0.149072, "sellPrice": 0.1, "batteryLevel": 75.33099602876463, "maxBatteryForMonth": 10, "Temperature": 21.0, "ratioPc": "noData"}