{"bought": 66.37, "sold": 130.7, "Time_string": "Last update at 16:14 - 09/09/2024", "produce": 4.599, "consumption": 1.018, "ratioPC": 3.612, "maxBatteryPerDay": 8.75, "maxAtThisDay": 78.75, "batteryLevelPercentage": 0.27054925711832434, "buyPrice": 0.149072, "sellPrice": 0.1, "batteryLevel": 21.30575399806804, "maxBatteryForMonth": 100, "Temperature": 29.2, "ratioPc": "noData"}