{"bought": 167.63, "sold": 350.7, "Time_string": "Last update at 15:43 - 16/05/2024", "produce": 6.0, "consumption": 7.906, "ratioPC": -1.9059999999999997, "maxBatteryPerDay": 8.75, "maxAtThisDay": 100, "batteryLevelPercentage": 0.6762544703230654, "buyPrice": 0.149072, "sellPrice": 0.1, "batteryLevel": 67.62544703230654, "maxBatteryForMonth": 100, "Temperature": 20.7, "ratioPc": "noData"}