{"bought": 217.23, "sold": 281.99, "Time_string": "Last update at 09:46 - 20/09/2024", "produce": 0.527, "consumption": 1.253, "ratioPC": 0.297, "maxBatteryPerDay": 8.75, "maxAtThisDay": 100, "batteryLevelPercentage": -0.28066374369432223, "buyPrice": 0.149072, "sellPrice": 0.1, "batteryLevel": -28.066374369432225, "maxBatteryForMonth": 100, "Temperature": 20.5, "ratioPc": "noData"}