{"bought": 35.16, "sold": 53.67, "Time_string": "Last update at 13:28 - 05/09/2024", "produce": 4.426, "consumption": 3.986, "ratioPC": -0.625, "maxBatteryPerDay": 8.75, "maxAtThisDay": 43.75, "batteryLevelPercentage": 0.019262558456891513, "buyPrice": 0.149072, "sellPrice": 0.1, "batteryLevel": 0.8427369324890037, "maxBatteryForMonth": 100, "Temperature": 30.0, "ratioPc": "noData"}