{"bought": 205.52, "sold": 548.34, "Time_string": "Last update at 16:08 - 23/05/2024", "produce": 4.329, "consumption": 0.267, "ratioPC": 4.074, "maxBatteryPerDay": 8.75, "maxAtThisDay": 100, "batteryLevelPercentage": 1.6231567671997422, "buyPrice": 0.149072, "sellPrice": 0.1, "batteryLevel": 162.31567671997422, "maxBatteryForMonth": 100, "Temperature": 29.1, "ratioPc": "noData"}