{"bought": 93.46, "sold": 178.88, "Time_string": "Last update at 22:03 - 11/09/2024", "produce": 0.0, "consumption": 1.569, "ratioPC": -1.538, "maxBatteryPerDay": 8.75, "maxAtThisDay": 96.25, "batteryLevelPercentage": 0.2756956547799095, "buyPrice": 0.149072, "sellPrice": 0.1, "batteryLevel": 26.535706772566286, "maxBatteryForMonth": 100, "Temperature": 20.9, "ratioPc": "noData"}