{"bought": 35.35, "sold": 126.34, "Time_string": "Last update at 17:33 - 09/11/2023", "produce": 0.183, "consumption": 0.297, "ratioPC": -0.11399999999999999, "maxBatteryPerDay": 8.75, "maxAtThisDay": 10, "batteryLevelPercentage": 4.940099280884405, "buyPrice": 0.149072, "sellPrice": 0.1, "batteryLevel": 49.400992808844045, "maxBatteryForMonth": 10, "Temperature": 18.9, "ratioPc": "noData"}