{"bought": 176.89, "sold": 447.92, "Time_string": "Last update at 17:09 - 31/10/2023", "produce": 0.325, "consumption": 0.219, "ratioPC": 0.10600000000000001, "maxBatteryPerDay": 8.75, "maxAtThisDay": 10, "batteryLevelPercentage": 12.358225501770955, "buyPrice": 0.149072, "sellPrice": 0.1, "batteryLevel": 123.58225501770954, "maxBatteryForMonth": 10, "Temperature": 15.0, "ratioPc": "noData"}