{"bought": 118.45, "sold": 227.12, "Time_string": "Last update at 05:32 - 15/06/2024", "produce": 0.0, "consumption": 0.121, "ratioPC": -0.121, "maxBatteryPerDay": 8.75, "maxAtThisDay": 100, "batteryLevelPercentage": 0.33905908554255676, "buyPrice": 0.149072, "sellPrice": 0.1, "batteryLevel": 33.905908554255674, "maxBatteryForMonth": 100, "Temperature": 20.0, "ratioPc": "noData"}