{"bought": 234.52, "sold": 258.36, "Time_string": "Last update at 18:55 - 22/07/2023", "produce": 2.383, "consumption": 4.122, "buyPrice": 0.149072, "sellPrice": 0.1, "batteryLevel": -61.207775034882474, "maxBatteryPerDay": 8.75, "batteryLevelPercentage": -6.120777503488247, "maxAtThisDay": 10, "ratioPC": -1.7389999999999999, "maxBatteryForMonth": 10, "ratioPc": "noData"}