{"bought": 189.23, "sold": 437.19, "Time_string": "Last update at 17:33 - 19/05/2024", "produce": 0.0, "consumption": 0.179, "ratioPC": 3.0959999999999996, "maxBatteryPerDay": 8.75, "maxAtThisDay": 100, "batteryLevelPercentage": 1.0404439089835782, "buyPrice": 0.149072, "sellPrice": 0.1, "batteryLevel": 104.04439089835782, "maxBatteryForMonth": 100, "Temperature": 23.9, "ratioPc": "noData"}