{"bought": 224.89, "sold": 267.67, "Time_string": "Last update at 23:26 - 21/10/2024", "produce": 0.0, "consumption": 0.196, "ratioPC": -0.198, "maxBatteryPerDay": 8.75, "maxAtThisDay": 100, "batteryLevelPercentage": -0.45332470752388077, "buyPrice": 0.149072, "sellPrice": 0.1, "batteryLevel": -45.332470752388076, "maxBatteryForMonth": 100, "Temperature": 17.6, "ratioPc": "noData"}