{"bought": 16.71, "sold": 3.63, "Time_string": "Last update at 17:14 - 01/06/2024", "produce": 3.773, "consumption": 3.633, "ratioPC": 0.26400000000000023, "maxBatteryPerDay": 8.75, "maxAtThisDay": 8.75, "batteryLevelPercentage": -1.6314211502782934, "buyPrice": 0.149072, "sellPrice": 0.1, "batteryLevel": -14.274935064935066, "maxBatteryForMonth": 100, "Temperature": 34.0, "ratioPc": "noData"}