{"bought": 181.73, "sold": 367.87, "Time_string": "Last update at 13:16 - 25/06/2023", "produce": 4.154, "consumption": 3.294, "ratioPc": "noData", "buyPrice": 0.149072, "sellPrice": 0.1, "batteryLevel": 65.0433712568423, "maxBatteryPerDay": 8.75, "batteryLevelPercentage": 0.2973411257455648, "maxAtThisDay": 218.75, "ratioPC": 0.8599999999999999}