{"bought": 131.08, "sold": 134.79, "Time_string": "Last update at 16:22 - 19/12/2023", "produce": 2.075, "consumption": 3.01, "ratioPC": 1.028, "maxBatteryPerDay": 8.75, "maxAtThisDay": 100, "batteryLevelPercentage": -0.4066060534506818, "buyPrice": 0.149072, "sellPrice": 0.1, "batteryLevel": -40.66060534506818, "maxBatteryForMonth": 100, "Temperature": 14.6, "ratioPc": "noData"}