{"bought": 280.25, "sold": 690.04, "Time_string": "Last update at 05:17 - 30/05/2024", "produce": 0.0, "consumption": 0.158, "ratioPC": -0.156, "maxBatteryPerDay": 8.75, "maxAtThisDay": 100, "batteryLevelPercentage": 1.8264041536975424, "buyPrice": 0.149072, "sellPrice": 0.1, "batteryLevel": 182.64041536975424, "maxBatteryForMonth": 100, "Temperature": 18.3, "ratioPc": "noData"}