{"bought": 216.86, "sold": 608.21, "Time_string": "Last update at 19:22 - 25/05/2024", "produce": 1.543, "consumption": 0.138, "ratioPC": 1.617, "maxBatteryPerDay": 8.75, "maxAtThisDay": 100, "batteryLevelPercentage": 1.9113747772888268, "buyPrice": 0.149072, "sellPrice": 0.1, "batteryLevel": 191.1374777288827, "maxBatteryForMonth": 100, "Temperature": 31.0, "ratioPc": "noData"}