{"bought": 245.35, "sold": 201.1, "Time_string": "Last update at 15:52 - 22/08/2023", "produce": 4.624, "consumption": 3.79, "ratioPC": 0.8339999999999996, "maxBatteryPerDay": 8.75, "maxAtThisDay": 10, "batteryLevelPercentage": -11.044874423097564, "buyPrice": 0.149072, "sellPrice": 0.1, "batteryLevel": -110.44874423097565, "maxBatteryForMonth": 10, "Temperature": 41.0, "ratioPc": "noData"}