{"bought": 298.46, "sold": 700.82, "Time_string": "Last update at 20:25 - 31/05/2024", "produce": 0.219, "consumption": 0.189, "ratioPC": 0.251, "maxBatteryPerDay": 8.75, "maxAtThisDay": 100, "batteryLevelPercentage": 1.7166182032843194, "buyPrice": 0.149072, "sellPrice": 0.1, "batteryLevel": 171.66182032843193, "maxBatteryForMonth": 100, "Temperature": 30.1, "ratioPc": "noData"}