{"bought": 59.43, "sold": 29.27, "Time_string": "Last update at 17:40 - 04/06/2024", "produce": 3.674, "consumption": 3.63, "ratioPC": -0.02300000000000013, "maxBatteryPerDay": 8.75, "maxAtThisDay": 35.0, "batteryLevelPercentage": -1.1370055045308882, "buyPrice": 0.149072, "sellPrice": 0.1, "batteryLevel": -39.79519265858109, "maxBatteryForMonth": 100, "Temperature": 30.3, "ratioPc": "noData"}