{"bought": 29.08, "sold": 45.41, "Time_string": "Last update at 17:22 - 04/08/2023", "produce": 3.978, "consumption": 1.851, "ratioPC": 2.1270000000000002, "maxBatteryPerDay": 8.75, "maxAtThisDay": 10, "batteryLevelPercentage": 0.13817902758398581, "buyPrice": 0.149072, "sellPrice": 0.1, "batteryLevel": 1.3817902758398581, "maxBatteryForMonth": 10, "Temperature": 37.0, "ratioPc": "noData"}