{"bought": 236.31, "sold": 199.98, "Time_string": "Last update at 11:58 - 29/12/2023", "produce": 1.326, "consumption": 0.436, "ratioPC": 0.773, "maxBatteryPerDay": 8.75, "maxAtThisDay": 100, "batteryLevelPercentage": -1.0216005903187722, "buyPrice": 0.149072, "sellPrice": 0.1, "batteryLevel": -102.16005903187721, "maxBatteryForMonth": 100, "Temperature": 11.0, "ratioPc": "noData"}