{"bought": 225.98, "sold": 609.69, "Time_string": "Last update at 12:07 - 26/05/2024", "produce": 3.557, "consumption": 7.74, "ratioPC": -3.5999999999999996, "maxBatteryPerDay": 8.75, "maxAtThisDay": 100, "batteryLevelPercentage": 1.8301028657293121, "buyPrice": 0.149072, "sellPrice": 0.1, "batteryLevel": 183.01028657293122, "maxBatteryForMonth": 100, "Temperature": 28.2, "ratioPc": "noData"}