{"bought": 316.33, "sold": 417.36, "Time_string": "Last update at 02:45 - 29/09/2024", "produce": 0.0, "consumption": 0.089, "ratioPC": -0.126, "maxBatteryPerDay": 8.75, "maxAtThisDay": 100, "batteryLevelPercentage": -0.36357905978319194, "buyPrice": 0.149072, "sellPrice": 0.1, "batteryLevel": -36.357905978319195, "maxBatteryForMonth": 100, "Temperature": 17.0, "ratioPc": "noData"}