{"bought": 71.56, "sold": 250.95, "Time_string": "Last update at 16:08 - 15/06/2023", "produce": 4.58, "consumption": 1.85, "ratioPc": null, "buyPrice": 0.149072, "sellPrice": 0.1, "batteryLevel": 96.78147257700974, "maxBatteryPerDay": 8.75, "batteryLevelPercentage": 0.7373826482057885, "maxAtThisDay": 131.25, "ratioPC": 2.73}