{"bought": 189.19, "sold": 431.29, "Time_string": "Last update at 15:43 - 19/05/2024", "produce": 5.57, "consumption": 0.531, "ratioPC": 5.098, "maxBatteryPerDay": 8.75, "maxAtThisDay": 100, "batteryLevelPercentage": 1.001265718578942, "buyPrice": 0.149072, "sellPrice": 0.1, "batteryLevel": 100.12657185789419, "maxBatteryForMonth": 100, "Temperature": 25.4, "ratioPc": "noData"}