{"bought": 20.25, "sold": 38.6, "Time_string": "Last update at 12:17 - 04/09/2023", "produce": 3.949, "consumption": 3.103, "ratioPC": 0.8459999999999996, "maxBatteryPerDay": 8.75, "maxAtThisDay": 10, "batteryLevelPercentage": 0.5643527959643663, "buyPrice": 0.149072, "sellPrice": 0.1, "batteryLevel": 5.643527959643663, "maxBatteryForMonth": 10, "Temperature": 22.3, "ratioPc": "noData"}