{"bought": 137.92, "sold": 335.12, "Time_string": "Last update at 23:31 - 21/06/2023", "produce": 0.0, "consumption": 0.21, "ratioPc": "noData", "buyPrice": 0.149072, "sellPrice": 0.1, "batteryLevel": 86.88412149833638, "maxBatteryPerDay": 8.75, "batteryLevelPercentage": 0.47283875645353135, "maxAtThisDay": 183.75, "ratioPC": -0.21}