{"bought": 100.31, "sold": 213.01, "Time_string": "Last update at 14:42 - 13/09/2024", "produce": 4.692, "consumption": 1.84, "ratioPC": 2.2230000000000003, "maxBatteryPerDay": 8.75, "maxAtThisDay": 100, "batteryLevelPercentage": 0.42580683696468813, "buyPrice": 0.149072, "sellPrice": 0.1, "batteryLevel": 42.58068369646881, "maxBatteryForMonth": 100, "Temperature": 33.7, "ratioPc": "noData"}