{"bought": 17.12, "sold": 34.83, "Time_string": "Last update at 20:24 - 03/09/2023", "produce": 0.195, "consumption": 0.347, "ratioPC": -0.15199999999999997, "maxBatteryPerDay": 8.75, "maxAtThisDay": 10, "batteryLevelPercentage": 0.6244548674466028, "buyPrice": 0.149072, "sellPrice": 0.1, "batteryLevel": 6.244548674466028, "maxBatteryForMonth": 10, "Temperature": 20.6, "ratioPc": "noData"}