{"bought": 69.22, "sold": 115.34, "Time_string": "Last update at 16:20 - 08/11/2024", "produce": 1.529, "consumption": 0.35, "ratioPC": 0.9490000000000001, "maxBatteryPerDay": 8.75, "maxAtThisDay": 70.0, "batteryLevelPercentage": 0.11645725938760186, "buyPrice": 0.149072, "sellPrice": 0.1, "batteryLevel": 8.15200815713213, "maxBatteryForMonth": 100, "Temperature": 21.3, "ratioPc": "noData"}