{"bought": 14.0, "sold": 29.33, "Time_string": "Last update at 13:48 - 03/09/2023", "produce": 0.117, "consumption": 0.337, "ratioPC": -0.22000000000000003, "maxBatteryPerDay": 8.75, "maxAtThisDay": 10, "batteryLevelPercentage": 0.5675056348610067, "buyPrice": 0.149072, "sellPrice": 0.1, "batteryLevel": 5.675056348610067, "maxBatteryForMonth": 10, "Temperature": 19.0, "ratioPc": "noData"}