{"bought": 122.79, "sold": 82.0, "Time_string": "Last update at 14:40 - 11/08/2023", "produce": 4.591, "consumption": 3.969, "ratioPC": 0.6220000000000003, "maxBatteryPerDay": 8.75, "maxAtThisDay": 10, "batteryLevelPercentage": -6.77830235054202, "buyPrice": 0.149072, "sellPrice": 0.1, "batteryLevel": -67.7830235054202, "maxBatteryForMonth": 10, "Temperature": 40.7, "ratioPc": "noData"}