{"bought": 265.77, "sold": 208.81, "Time_string": "Last update at 18:58 - 23/08/2023", "produce": 1.92, "consumption": 4.097, "ratioPC": -2.1770000000000005, "maxBatteryPerDay": 8.75, "maxAtThisDay": 10, "batteryLevelPercentage": -12.569674680691207, "buyPrice": 0.149072, "sellPrice": 0.1, "batteryLevel": -125.69674680691207, "maxBatteryForMonth": 10, "Temperature": 39.0, "ratioPc": "noData"}