{"bought": 290.16, "sold": 379.67, "Time_string": "Last update at 11:55 - 25/06/2024", "produce": 3.339, "consumption": 4.44, "ratioPC": -1.326, "maxBatteryPerDay": 8.75, "maxAtThisDay": 100, "batteryLevelPercentage": -0.35470990662230323, "buyPrice": 0.149072, "sellPrice": 0.1, "batteryLevel": -35.47099066223032, "maxBatteryForMonth": 100, "Temperature": 28.9, "ratioPc": "noData"}