{"bought": 116.06, "sold": 225.44, "Time_string": "Last update at 17:37 - 14/06/2024", "produce": 3.79, "consumption": 2.197, "ratioPC": 1.6099999999999999, "maxBatteryPerDay": 8.75, "maxAtThisDay": 100, "batteryLevelPercentage": 0.35168936352903274, "buyPrice": 0.149072, "sellPrice": 0.1, "batteryLevel": 35.16893635290327, "maxBatteryForMonth": 100, "Temperature": 33.4, "ratioPc": "noData"}