{"bought": 231.48, "sold": 381.97, "Time_string": "Last update at 12:11 - 28/06/2023", "produce": 2.953, "consumption": 2.064, "buyPrice": 0.149072, "sellPrice": 0.1, "batteryLevel": 24.751887946764015, "maxBatteryPerDay": 8.75, "batteryLevelPercentage": 0.24751887946764015, "maxAtThisDay": 100, "ratioPC": 0.8889999999999998, "maxBatteryForMonth": 100, "ratioPc": "noData"}