{"bought": 202.39, "sold": 31.74, "Time_string": "Last update at 15:30 - 10/08/2024", "produce": 4.72, "consumption": 6.701, "ratioPC": -1.8660000000000005, "maxBatteryPerDay": 8.75, "maxAtThisDay": 87.5, "batteryLevelPercentage": -2.069694573667183, "buyPrice": 0.149072, "sellPrice": 0.1, "batteryLevel": -181.0982751958785, "maxBatteryForMonth": 100, "Temperature": 37.5, "ratioPc": "noData"}