{"bought": 285.73, "sold": 377.23, "Time_string": "Last update at 19:04 - 24/06/2024", "produce": 2.404, "consumption": 0.397, "ratioPC": 2.082, "maxBatteryPerDay": 8.75, "maxAtThisDay": 100, "batteryLevelPercentage": -0.3267778362133734, "buyPrice": 0.149072, "sellPrice": 0.1, "batteryLevel": -32.67778362133734, "maxBatteryForMonth": 100, "Temperature": 35.9, "ratioPc": "noData"}