{"bought": 222.36, "sold": 294.67, "Time_string": "Last update at 10:21 - 21/09/2024", "produce": 1.009, "consumption": 1.326, "ratioPC": 0.705, "maxBatteryPerDay": 8.75, "maxAtThisDay": 100, "batteryLevelPercentage": -0.24690417516367943, "buyPrice": 0.149072, "sellPrice": 0.1, "batteryLevel": -24.690417516367944, "maxBatteryForMonth": 100, "Temperature": 20.7, "ratioPc": "noData"}