{"bought": 183.53, "sold": 351.72, "Time_string": "Last update at 01:55 - 17/05/2024", "produce": 0.0, "consumption": 0.117, "ratioPC": -0.194, "maxBatteryPerDay": 8.75, "maxAtThisDay": 100, "batteryLevelPercentage": 0.5240968015455618, "buyPrice": 0.149072, "sellPrice": 0.1, "batteryLevel": 52.409680154556185, "maxBatteryForMonth": 100, "Temperature": 14.1, "ratioPc": "noData"}