{"bought": 231.03, "sold": 344.94, "Time_string": "Last update at 22:31 - 20/06/2024", "produce": 0.0, "consumption": 0.178, "ratioPC": -0.16, "maxBatteryPerDay": 8.75, "maxAtThisDay": 100, "batteryLevelPercentage": 0.0036154234195555548, "buyPrice": 0.149072, "sellPrice": 0.1, "batteryLevel": 0.36154234195555546, "maxBatteryForMonth": 100, "Temperature": 19.0, "ratioPc": "noData"}