{"bought": 32.87, "sold": 13.63, "Time_string": "Last update at 16:40 - 03/12/2023", "produce": 1.979, "consumption": 5.64, "ratioPC": -3.6609999999999996, "maxBatteryPerDay": 8.75, "maxAtThisDay": 26.25, "batteryLevelPercentage": -0.9038768457044726, "buyPrice": 0.149072, "sellPrice": 0.1, "batteryLevel": -23.726767199742405, "maxBatteryForMonth": 100, "Temperature": 13.7, "ratioPc": "noData"}