{"bought": 344.14, "sold": 216.81, "Time_string": "Last update at 19:52 - 26/08/2023", "produce": 0.211, "consumption": 1.281, "ratioPC": -1.0699999999999998, "maxBatteryPerDay": 8.75, "maxAtThisDay": 10, "batteryLevelPercentage": -19.870021251475798, "buyPrice": 0.149072, "sellPrice": 0.1, "batteryLevel": -198.70021251475796, "maxBatteryForMonth": 10, "Temperature": 33.1, "ratioPc": "noData"}