{"bought": 340.97, "sold": 55.84, "Time_string": "Last update at 14:50 - 17/08/2024", "produce": 4.759, "consumption": 3.314, "ratioPC": 1.4450000000000003, "maxBatteryPerDay": 8.75, "maxAtThisDay": 100, "batteryLevelPercentage": -3.035115906407642, "buyPrice": 0.149072, "sellPrice": 0.1, "batteryLevel": -303.5115906407642, "maxBatteryForMonth": 100, "Temperature": 36.8, "ratioPc": "noData"}