{"bought": 2.12, "sold": 3.12, "Time_string": "Last update at 12:24 - 01/08/2023", "produce": 3.775, "consumption": 1.804, "ratioPC": 1.9709999999999999, "maxBatteryPerDay": 8.75, "maxAtThisDay": 8.75, "batteryLevelPercentage": -0.003091614406844607, "buyPrice": 0.149072, "sellPrice": 0.1, "batteryLevel": -0.02705162605989031, "maxBatteryForMonth": 10, "Temperature": "30", "ratioPc": "noData"}