{"bought": 89.64, "sold": 409.56, "Time_string": "Last update at 16:04 - 22/09/2023", "produce": 3.967, "consumption": 0.187, "ratioPC": 3.7800000000000002, "maxBatteryPerDay": 8.75, "maxAtThisDay": 10, "batteryLevelPercentage": 18.509972308683054, "buyPrice": 0.149072, "sellPrice": 0.1, "batteryLevel": 185.09972308683052, "maxBatteryForMonth": 10, "Temperature": 26.0, "ratioPc": "noData"}