{"bought": 317.02, "sold": 48.7, "Time_string": "Last update at 19:05 - 15/08/2024", "produce": 2.139, "consumption": 3.975, "ratioPC": -1.6940000000000004, "maxBatteryPerDay": 8.75, "maxAtThisDay": 100, "batteryLevelPercentage": -2.8435122249651177, "buyPrice": 0.149072, "sellPrice": 0.1, "batteryLevel": -284.35122249651175, "maxBatteryForMonth": 100, "Temperature": 36.9, "ratioPc": "noData"}