{"bought": 272.73, "sold": 209.56, "Time_string": "Last update at 17:17 - 25/01/2024", "produce": 1.399, "consumption": 0.134, "ratioPC": 1.534, "maxBatteryPerDay": 8.75, "maxAtThisDay": 100, "batteryLevelPercentage": -1.3215363421702264, "buyPrice": 0.149072, "sellPrice": 0.1, "batteryLevel": -132.15363421702264, "maxBatteryForMonth": 100, "Temperature": 21.4, "ratioPc": "noData"}