{"bought": 70.37, "sold": 139.04, "Time_string": "Last update at 10:36 - 10/09/2024", "produce": 1.034, "consumption": 0.103, "ratioPC": -0.622, "maxBatteryPerDay": 8.75, "maxAtThisDay": 87.5, "batteryLevelPercentage": 0.2617184685444425, "buyPrice": 0.149072, "sellPrice": 0.1, "batteryLevel": 22.900365997638715, "maxBatteryForMonth": 100, "Temperature": 20.8, "ratioPc": "noData"}