{"bought": 123.41, "sold": 59.43, "Time_string": "Last update at 13:03 - 12/01/2024", "produce": 4.358, "consumption": 3.136, "ratioPC": 1.0679999999999996, "maxBatteryPerDay": 8.75, "maxAtThisDay": 100, "batteryLevelPercentage": -0.8354335837716002, "buyPrice": 0.149072, "sellPrice": 0.1, "batteryLevel": -83.54335837716002, "maxBatteryForMonth": 100, "Temperature": 14.0, "ratioPc": "noData"}