{"bought": 118.64, "sold": 227.12, "Time_string": "Last update at 06:51 - 15/06/2024", "produce": 0.0, "consumption": 0.161, "ratioPC": -0.118, "maxBatteryPerDay": 8.75, "maxAtThisDay": 100, "batteryLevelPercentage": 0.33715908554255675, "buyPrice": 0.149072, "sellPrice": 0.1, "batteryLevel": 33.71590855425568, "maxBatteryForMonth": 100, "Temperature": 19.1, "ratioPc": "noData"}