{"bought": 39.56, "sold": 54.6, "Time_string": "Last update at 18:52 - 05/08/2023", "produce": 2.813, "consumption": 2.424, "ratioPC": 0.38900000000000023, "maxBatteryPerDay": 8.75, "maxAtThisDay": 10, "batteryLevelPercentage": -0.2933403456048083, "buyPrice": 0.149072, "sellPrice": 0.1, "batteryLevel": -2.933403456048083, "maxBatteryForMonth": 10, "Temperature": 38.0, "ratioPc": "noData"}