{"bought": 29.62, "sold": 8.53, "Time_string": "Last update at 14:23 - 02/06/2024", "produce": 4.549, "consumption": 2.67, "ratioPC": 1.9060000000000001, "maxBatteryPerDay": 8.75, "maxAtThisDay": 17.5, "batteryLevelPercentage": -1.365596160628038, "buyPrice": 0.149072, "sellPrice": 0.1, "batteryLevel": -23.897932810990664, "maxBatteryForMonth": 100, "Temperature": 30.4, "ratioPc": "noData"}