{"bought": 44.81, "sold": 65.96, "Time_string": "Last update at 20:31 - 05/07/2023", "produce": 0.211, "consumption": 1.781, "buyPrice": 0.149072, "sellPrice": 0.1, "batteryLevel": -0.5629247611892296, "maxBatteryPerDay": 8.75, "batteryLevelPercentage": -0.05629247611892296, "maxAtThisDay": 10, "ratioPC": -1.5699999999999998, "maxBatteryForMonth": 10, "ratioPc": "noData"}