{"bought": 154.29, "sold": 161.13, "Time_string": "Last update at 10:16 - 15/07/2023", "produce": 1.099, "consumption": 1.0, "buyPrice": 0.149072, "sellPrice": 0.1, "batteryLevel": -46.20129118815069, "maxBatteryPerDay": 8.75, "batteryLevelPercentage": -4.620129118815069, "maxAtThisDay": 10, "ratioPC": 0.09899999999999998, "maxBatteryForMonth": 10, "ratioPc": "noData"}