{"bought": 459.55, "sold": 69.59, "Time_string": "Last update at 11:40 - 21/08/2024", "produce": 3.055, "consumption": 4.585, "ratioPC": -1.8369999999999997, "maxBatteryPerDay": 8.75, "maxAtThisDay": 100, "batteryLevelPercentage": -4.128678598261243, "buyPrice": 0.149072, "sellPrice": 0.1, "batteryLevel": -412.8678598261243, "maxBatteryForMonth": 100, "Temperature": 29.3, "ratioPc": "noData"}