{"bought": 122.92, "sold": 124.36, "Time_string": "Last update at 15:27 - 18/12/2023", "produce": 2.757, "consumption": 2.974, "ratioPC": -1.7280000000000002, "maxBatteryPerDay": 8.75, "maxAtThisDay": 100, "batteryLevelPercentage": -0.39497224428464106, "buyPrice": 0.149072, "sellPrice": 0.1, "batteryLevel": -39.49722442846411, "maxBatteryForMonth": 100, "Temperature": 15.4, "ratioPc": "noData"}