{"bought": 113.89, "sold": 204.45, "Time_string": "Last update at 22:23 - 13/06/2024", "produce": 0.0, "consumption": 0.222, "ratioPC": -0.259, "maxBatteryPerDay": 8.75, "maxAtThisDay": 100, "batteryLevelPercentage": 0.23258492003863906, "buyPrice": 0.149072, "sellPrice": 0.1, "batteryLevel": 23.258492003863907, "maxBatteryForMonth": 100, "Temperature": 25.2, "ratioPc": "noData"}