{"bought": 174.05, "sold": 302.74, "Time_string": "Last update at 12:56 - 19/06/2024", "produce": 1.469, "consumption": 0.176, "ratioPC": 5.834, "maxBatteryPerDay": 8.75, "maxAtThisDay": 100, "batteryLevelPercentage": 0.2903307395084252, "buyPrice": 0.149072, "sellPrice": 0.1, "batteryLevel": 29.03307395084252, "maxBatteryForMonth": 100, "Temperature": 17.3, "ratioPc": "noData"}