{"bought": 146.12, "sold": 353.97, "Time_string": "Last update at 06:38 - 23/06/2023", "produce": 0.0, "consumption": 0.147, "ratioPc": "noData", "buyPrice": 0.149072, "sellPrice": 0.1, "batteryLevel": 91.32901792422456, "maxBatteryPerDay": 8.75, "batteryLevelPercentage": 0.45380878471664376, "maxAtThisDay": 201.25, "ratioPC": -0.147}