{"bought": 140.98, "sold": 157.02, "Time_string": "Last update at 10:29 - 14/07/2023", "produce": 1.493, "consumption": 0.971, "buyPrice": 0.149072, "sellPrice": 0.1, "batteryLevel": -35.64834818074486, "maxBatteryPerDay": 8.75, "batteryLevelPercentage": -3.564834818074486, "maxAtThisDay": 10, "ratioPC": 0.5220000000000001, "maxBatteryForMonth": 10, "ratioPc": "noData"}