{"bought": 293.07, "sold": 693.3, "Time_string": "Last update at 20:25 - 30/05/2024", "produce": 0.256, "consumption": 0.214, "ratioPC": 0.15099999999999997, "maxBatteryPerDay": 8.75, "maxAtThisDay": 100, "batteryLevelPercentage": 1.7200727809380698, "buyPrice": 0.149072, "sellPrice": 0.1, "batteryLevel": 172.00727809380697, "maxBatteryForMonth": 100, "Temperature": 31.1, "ratioPc": "noData"}