{"bought": 256.78, "sold": 322.76, "Time_string": "Last update at 16:16 - 23/09/2024", "produce": 1.723, "consumption": 0.272, "ratioPC": 1.572, "maxBatteryPerDay": 8.75, "maxAtThisDay": 100, "batteryLevelPercentage": -0.40267173983041715, "buyPrice": 0.149072, "sellPrice": 0.1, "batteryLevel": -40.267173983041715, "maxBatteryForMonth": 100, "Temperature": 28.0, "ratioPc": "noData"}