{"bought": 81.92, "sold": 68.48, "Time_string": "Last update at 14:30 - 08/08/2023", "produce": 4.334, "consumption": 3.333, "ratioPC": 1.0009999999999994, "maxBatteryPerDay": 8.75, "maxAtThisDay": 10, "batteryLevelPercentage": -3.598246645916068, "buyPrice": 0.149072, "sellPrice": 0.1, "batteryLevel": -35.982466459160676, "maxBatteryForMonth": 10, "Temperature": 38.5, "ratioPc": "noData"}