{"bought": 110.57, "sold": 179.27, "Time_string": "Last update at 22:49 - 12/06/2024", "produce": 0.0, "consumption": 0.132, "ratioPC": -0.223, "maxBatteryPerDay": 8.75, "maxAtThisDay": 100, "batteryLevelPercentage": 0.09687325319308812, "buyPrice": 0.149072, "sellPrice": 0.1, "batteryLevel": 9.687325319308812, "maxBatteryForMonth": 100, "Temperature": 20.5, "ratioPc": "noData"}