{"bought": 65.98, "sold": 111.93, "Time_string": "Last update at 09:39 - 09/09/2024", "produce": 0.389, "consumption": 0.095, "ratioPC": 0.198, "maxBatteryPerDay": 8.75, "maxAtThisDay": 78.75, "batteryLevelPercentage": 0.11561298939811336, "buyPrice": 0.149072, "sellPrice": 0.1, "batteryLevel": 9.104522915101427, "maxBatteryForMonth": 100, "Temperature": 18.6, "ratioPc": "noData"}