{"bought": 220.59, "sold": 233.51, "Time_string": "Last update at 14:52 - 20/10/2024", "produce": 2.641, "consumption": 0.172, "ratioPC": 2.7640000000000002, "maxBatteryPerDay": 8.75, "maxAtThisDay": 100, "batteryLevelPercentage": -0.6394757217988624, "buyPrice": 0.149072, "sellPrice": 0.1, "batteryLevel": -63.94757217988624, "maxBatteryForMonth": 100, "Temperature": 24.0, "ratioPc": "noData"}