{"bought": 194.17, "sold": 479.26, "Time_string": "Last update at 12:58 - 21/05/2024", "produce": 3.923, "consumption": 0.0, "ratioPC": 2.986, "maxBatteryPerDay": 8.75, "maxAtThisDay": 100, "batteryLevelPercentage": 1.2732565310722337, "buyPrice": 0.149072, "sellPrice": 0.1, "batteryLevel": 127.32565310722336, "maxBatteryForMonth": 100, "Temperature": 21.9, "ratioPc": "noData"}