{"bought": 206.23, "sold": 184.25, "Time_string": "Last update at 10:29 - 20/08/2023", "produce": 1.425, "consumption": 1.125, "ratioPC": 0.30000000000000004, "maxBatteryPerDay": 8.75, "maxAtThisDay": 10, "batteryLevelPercentage": -8.263200708382525, "buyPrice": 0.149072, "sellPrice": 0.1, "batteryLevel": -82.63200708382526, "maxBatteryForMonth": 10, "Temperature": 32.5, "ratioPc": "noData"}