{"bought": 116.56, "sold": 227.11, "Time_string": "Last update at 21:29 - 14/06/2024", "produce": 0.096, "consumption": 0.269, "ratioPC": -0.11500000000000002, "maxBatteryPerDay": 8.75, "maxAtThisDay": 100, "batteryLevelPercentage": 0.35789200386390463, "buyPrice": 0.149072, "sellPrice": 0.1, "batteryLevel": 35.78920038639046, "maxBatteryForMonth": 100, "Temperature": 27.0, "ratioPc": "noData"}