{"bought": 132.8, "sold": 144.33, "Time_string": "Last update at 10:57 - 12/10/2024", "produce": 0.172, "consumption": 0.407, "ratioPC": -0.15700000000000003, "maxBatteryPerDay": 8.75, "maxAtThisDay": 100, "batteryLevelPercentage": -0.3598101320167437, "buyPrice": 0.149072, "sellPrice": 0.1, "batteryLevel": -35.98101320167437, "maxBatteryForMonth": 100, "Temperature": 19.0, "ratioPc": "noData"}