{"bought": 38.75, "sold": 136.69, "Time_string": "Last update at 14:58 - 09/09/2023", "produce": 5.291, "consumption": 3.001, "ratioPC": 2.2900000000000005, "maxBatteryPerDay": 8.75, "maxAtThisDay": 10, "batteryLevelPercentage": 5.294394654931845, "buyPrice": 0.149072, "sellPrice": 0.1, "batteryLevel": 52.943946549318454, "maxBatteryForMonth": 10, "Temperature": 28.0, "ratioPc": "noData"}