{"bought": 325.88, "sold": 362.32, "Time_string": "Last update at 14:50 - 28/10/2024", "produce": 3.085, "consumption": 0.121, "ratioPC": 3.8440000000000003, "maxBatteryPerDay": 8.75, "maxAtThisDay": 100, "batteryLevelPercentage": -0.828296619083396, "buyPrice": 0.149072, "sellPrice": 0.1, "batteryLevel": -82.8296619083396, "maxBatteryForMonth": 100, "Temperature": 19.0, "ratioPc": "noData"}