{"bought": 44.48, "sold": 121.96, "Time_string": "Last update at 17:15 - 08/10/2023", "produce": 3.372, "consumption": 2.569, "ratioPC": 0.8029999999999999, "maxBatteryPerDay": 8.75, "maxAtThisDay": 10, "batteryLevelPercentage": 3.7332815283889667, "buyPrice": 0.149072, "sellPrice": 0.1, "batteryLevel": 37.332815283889666, "maxBatteryForMonth": 10, "Temperature": 34.8, "ratioPc": "noData"}