{"bought": 95.71, "sold": 178.95, "Time_string": "Last update at 09:27 - 12/09/2024", "produce": 0.513, "consumption": 0.15, "ratioPC": 0.33499999999999996, "maxBatteryPerDay": 8.75, "maxAtThisDay": 100, "batteryLevelPercentage": 0.2433266394762262, "buyPrice": 0.149072, "sellPrice": 0.1, "batteryLevel": 24.33266394762262, "maxBatteryForMonth": 100, "Temperature": 19.9, "ratioPc": "noData"}