{"bought": 121.61, "sold": 215.75, "Time_string": "Last update at 02:10 - 14/09/2024", "produce": 0.0, "consumption": 0.126, "ratioPC": -0.131, "maxBatteryPerDay": 8.75, "maxAtThisDay": 100, "batteryLevelPercentage": 0.23118721691531632, "buyPrice": 0.149072, "sellPrice": 0.1, "batteryLevel": 23.118721691531633, "maxBatteryForMonth": 100, "Temperature": 22.0, "ratioPc": "noData"}