{"bought": 374.33, "sold": 287.62, "Time_string": "Last update at 17:32 - 30/08/2023", "produce": 3.002, "consumption": 3.97, "ratioPC": -0.9680000000000004, "maxBatteryPerDay": 8.75, "maxAtThisDay": 10, "batteryLevelPercentage": -18.138967586132875, "buyPrice": 0.149072, "sellPrice": 0.1, "batteryLevel": -181.38967586132875, "maxBatteryForMonth": 10, "Temperature": 34.5, "ratioPc": "noData"}