{"bought": 76.28, "sold": 228.9, "Time_string": "Last update at 14:13 - 11/05/2024", "produce": 4.5, "consumption": 6.278, "ratioPC": -1.6160000000000005, "maxBatteryPerDay": 8.75, "maxAtThisDay": 96.25, "batteryLevelPercentage": 0.8028048045117917, "buyPrice": 0.149072, "sellPrice": 0.1, "batteryLevel": 77.26996243425995, "maxBatteryForMonth": 100, "Temperature": 28.2, "ratioPc": "noData"}