{"bought": 75.35, "sold": 312.29, "Time_string": "Last update at 12:06 - 18/09/2023", "produce": 3.071, "consumption": 0.832, "ratioPC": 2.2390000000000003, "maxBatteryPerDay": 8.75, "maxAtThisDay": 10, "batteryLevelPercentage": 13.413937426210154, "buyPrice": 0.149072, "sellPrice": 0.1, "batteryLevel": 134.13937426210154, "maxBatteryForMonth": 10, "Temperature": 22.1, "ratioPc": "noData"}