{"bought": 276.48, "sold": 687.22, "Time_string": "Last update at 14:33 - 29/05/2024", "produce": 4.679, "consumption": 4.063, "ratioPC": 0.49600000000000044, "maxBatteryPerDay": 8.75, "maxAtThisDay": 100, "batteryLevelPercentage": 1.845187120317699, "buyPrice": 0.149072, "sellPrice": 0.1, "batteryLevel": 184.5187120317699, "maxBatteryForMonth": 100, "Temperature": 32.5, "ratioPc": "noData"}