{"bought": 64.87, "sold": 111.88, "Time_string": "Last update at 00:08 - 09/09/2024", "produce": 0.0, "consumption": 0.133, "ratioPC": -0.198, "maxBatteryPerDay": 8.75, "maxAtThisDay": 78.75, "batteryLevelPercentage": 0.12928231207333918, "buyPrice": 0.149072, "sellPrice": 0.1, "batteryLevel": 10.18098207577546, "maxBatteryForMonth": 100, "Temperature": 20.9, "ratioPc": "noData"}