{"bought": 190.33, "sold": 194.57, "Time_string": "Last update at 17:46 - 18/07/2023", "produce": 2.993, "consumption": 1.94, "buyPrice": 0.149072, "sellPrice": 0.1, "batteryLevel": -59.809177846946454, "maxBatteryPerDay": 8.75, "batteryLevelPercentage": -5.980917784694645, "maxAtThisDay": 10, "ratioPC": 1.053, "maxBatteryForMonth": 10, "ratioPc": "noData"}