{"bought": 249.22, "sold": 398.64, "Time_string": "Last update at 09:33 - 30/06/2023", "produce": 0.618, "consumption": 0.267, "buyPrice": 0.149072, "sellPrice": 0.1, "batteryLevel": 18.19440377804014, "maxBatteryPerDay": 8.75, "batteryLevelPercentage": 0.1819440377804014, "maxAtThisDay": 100, "ratioPC": 0.351, "maxBatteryForMonth": 100, "ratioPc": "noData"}