{"bought": 112.62, "sold": 185.7, "Time_string": "Last update at 12:30 - 13/06/2024", "produce": 3.994, "consumption": 1.012, "ratioPC": 2.848, "maxBatteryPerDay": 8.75, "maxAtThisDay": 100, "batteryLevelPercentage": 0.11950677256627656, "buyPrice": 0.149072, "sellPrice": 0.1, "batteryLevel": 11.950677256627657, "maxBatteryForMonth": 100, "Temperature": 26.0, "ratioPc": "noData"}