{"bought": 10.74, "sold": 15.27, "Time_string": "Last update at 11:26 - 02/07/2023", "produce": 2.691, "consumption": 1.034, "buyPrice": 0.149072, "sellPrice": 0.1, "batteryLevel": -0.49662766985080964, "maxBatteryPerDay": 8.75, "batteryLevelPercentage": -0.028378723991474838, "maxAtThisDay": 17.5, "ratioPC": 1.6569999999999998, "maxBatteryForMonth": 100, "ratioPc": "noData"}