{"bought": 343.97, "sold": 57.5, "Time_string": "Last update at 19:30 - 17/08/2024", "produce": 0.821, "consumption": 4.36, "ratioPC": -3.7749999999999995, "maxBatteryPerDay": 8.75, "maxAtThisDay": 100, "batteryLevelPercentage": -3.0539803477514225, "buyPrice": 0.149072, "sellPrice": 0.1, "batteryLevel": -305.39803477514226, "maxBatteryForMonth": 100, "Temperature": 39.0, "ratioPc": "noData"}