{"bought": 121.14, "sold": 132.97, "Time_string": "Last update at 10:00 - 11/11/2024", "produce": 1.843, "consumption": 1.046, "ratioPC": 0.20399999999999996, "maxBatteryPerDay": 8.75, "maxAtThisDay": 96.25, "batteryLevelPercentage": -0.33185965606787765, "buyPrice": 0.149072, "sellPrice": 0.1, "batteryLevel": -31.941491896533222, "maxBatteryForMonth": 100, "Temperature": 17.0, "ratioPc": "noData"}