{"bought": 331.6, "sold": 55.08, "Time_string": "Last update at 19:55 - 16/08/2024", "produce": 0.871, "consumption": 5.679, "ratioPC": -4.7010000000000005, "maxBatteryPerDay": 8.75, "maxAtThisDay": 100, "batteryLevelPercentage": -2.9465141139851885, "buyPrice": 0.149072, "sellPrice": 0.1, "batteryLevel": -294.65141139851886, "maxBatteryForMonth": 100, "Temperature": 37.0, "ratioPc": "noData"}