{"bought": 121.18, "sold": 136.17, "Time_string": "Last update at 11:48 - 11/11/2024", "produce": 3.993, "consumption": 1.18, "ratioPC": 2.804, "maxBatteryPerDay": 8.75, "maxAtThisDay": 96.25, "batteryLevelPercentage": -0.30997276030827625, "buyPrice": 0.149072, "sellPrice": 0.1, "batteryLevel": -29.83487817967159, "maxBatteryForMonth": 100, "Temperature": 19.6, "ratioPc": "noData"}