{"bought": 406.55, "sold": 65.16, "Time_string": "Last update at 17:20 - 19/08/2024", "produce": 4.005, "consumption": 4.081, "ratioPC": -0.005999999999999339, "maxBatteryPerDay": 8.75, "maxAtThisDay": 100, "batteryLevelPercentage": -3.6283957819040467, "buyPrice": 0.149072, "sellPrice": 0.1, "batteryLevel": -362.83957819040467, "maxBatteryForMonth": 100, "Temperature": 36.7, "ratioPc": "noData"}