{"bought": 68.52, "sold": 80.97, "Time_string": "Last update at 16:33 - 05/10/2024", "produce": 3.439, "consumption": 5.78, "ratioPC": -2.0879999999999996, "maxBatteryPerDay": 8.75, "maxAtThisDay": 43.75, "batteryLevelPercentage": -0.3246620524693724, "buyPrice": 0.149072, "sellPrice": 0.1, "batteryLevel": -14.203964795535043, "maxBatteryForMonth": 100, "Temperature": 31.6, "ratioPc": "noData"}