{"bought": 159.57, "sold": 247.58, "Time_string": "Last update at 17:47 - 16/09/2024", "produce": 2.709, "consumption": 1.832, "ratioPC": 1.115, "maxBatteryPerDay": 8.75, "maxAtThisDay": 100, "batteryLevelPercentage": 0.06510820006439844, "buyPrice": 0.149072, "sellPrice": 0.1, "batteryLevel": 6.510820006439843, "maxBatteryForMonth": 100, "Temperature": 33.2, "ratioPc": "noData"}