{"bought": 321.15, "sold": 334.13, "Time_string": "Last update at 09:24 - 27/10/2024", "produce": 1.244, "consumption": 1.182, "ratioPC": 0.17700000000000002, "maxBatteryPerDay": 8.75, "maxAtThisDay": 100, "batteryLevelPercentage": -0.9700998712031768, "buyPrice": 0.149072, "sellPrice": 0.1, "batteryLevel": -97.00998712031767, "maxBatteryForMonth": 100, "Temperature": 12.4, "ratioPc": "noData"}