{"bought": 128.37, "sold": 173.03, "Time_string": "Last update at 00:02 - 13/11/2024", "produce": 0.0, "consumption": 0.204, "ratioPC": -0.247, "maxBatteryPerDay": 8.75, "maxAtThisDay": 100, "batteryLevelPercentage": -0.12298571428571435, "buyPrice": 0.149072, "sellPrice": 0.1, "batteryLevel": -12.298571428571435, "maxBatteryForMonth": 100, "Temperature": 15.0, "ratioPc": "noData"}