{"bought": 80.12, "sold": 109.26, "Time_string": "Last update at 19:08 - 07/10/2024", "produce": 0.035, "consumption": 2.316, "ratioPC": -0.193, "maxBatteryPerDay": 8.75, "maxAtThisDay": 61.25, "batteryLevelPercentage": -0.1114540066106939, "buyPrice": 0.149072, "sellPrice": 0.1, "batteryLevel": -6.826557904905002, "maxBatteryForMonth": 100, "Temperature": 19.0, "ratioPc": "noData"}