{"bought": 63.67, "sold": 224.47, "Time_string": "Last update at 13:00 - 14/06/2023", "produce": 4.294, "consumption": 0.936, "ratioPc": null, "buyPrice": 0.149072, "sellPrice": 0.1, "batteryLevel": 86.9082440699796, "maxBatteryPerDay": 8.75, "batteryLevelPercentage": 0.7094550536324865, "maxAtThisDay": 122.5, "ratioPC": 3.3579999999999997}