{"bought": 86.46, "sold": 255.95, "Time_string": "Last update at 14:16 - 16/06/2023", "produce": 4.66, "consumption": 4.011, "ratioPc": null, "buyPrice": 0.149072, "sellPrice": 0.1, "batteryLevel": 85.23555650960607, "maxBatteryPerDay": 8.75, "batteryLevelPercentage": 0.6088254036400433, "maxAtThisDay": 140.0, "ratioPC": 0.649}