{"bought": 73.0, "sold": 216.28, "Time_string": "Last update at 11:08 - 14/10/2023", "produce": 2.138, "consumption": 0.889, "ratioPC": 1.2489999999999999, "maxBatteryPerDay": 8.75, "maxAtThisDay": 10, "batteryLevelPercentage": 7.208425458838681, "buyPrice": 0.149072, "sellPrice": 0.1, "batteryLevel": 72.08425458838681, "maxBatteryForMonth": 10, "Temperature": 22.3, "ratioPc": "noData"}