{"bought": 100.16, "sold": 258.02, "Time_string": "Last update at 11:49 - 17/06/2023", "produce": 3.259, "consumption": 4.209, "ratioPc": null, "buyPrice": 0.149072, "sellPrice": 0.1, "batteryLevel": 72.92414725770095, "maxBatteryPerDay": 8.75, "batteryLevelPercentage": 0.490246368118998, "maxAtThisDay": 148.75, "ratioPC": -0.9499999999999997}