{"bought": 239.6, "sold": 386.81, "Time_string": "Last update at 22:29 - 28/06/2023", "produce": 0.0, "consumption": 1.072, "buyPrice": 0.149072, "sellPrice": 0.1, "batteryLevel": 19.878641193517268, "maxBatteryPerDay": 8.75, "batteryLevelPercentage": 0.19878641193517269, "maxAtThisDay": 100, "ratioPC": -1.072, "maxBatteryForMonth": 100, "ratioPc": "noData"}