{"bought": 333.22, "sold": 55.08, "Time_string": "Last update at 20:17 - 16/08/2024", "produce": 0.164, "consumption": 4.276, "ratioPC": -4.169, "maxBatteryPerDay": 8.75, "maxAtThisDay": 100, "batteryLevelPercentage": -2.9627141139851885, "buyPrice": 0.149072, "sellPrice": 0.1, "batteryLevel": -296.27141139851886, "maxBatteryForMonth": 100, "Temperature": 36.1, "ratioPc": "noData"}