{"bought": 51.77, "sold": 209.46, "Time_string": "Last update at 13:28 - 14/11/2023", "produce": 4.56, "consumption": 0.903, "ratioPC": 3.6569999999999996, "maxBatteryPerDay": 8.75, "maxAtThisDay": 10, "batteryLevelPercentage": 8.87392841043254, "buyPrice": 0.149072, "sellPrice": 0.1, "batteryLevel": 88.7392841043254, "maxBatteryForMonth": 10, "Temperature": 24.0, "ratioPc": "noData"}