{"bought": 74.69, "sold": 163.99, "Time_string": "Last update at 10:34 - 11/09/2024", "produce": 1.003, "consumption": 1.398, "ratioPC": 0.1030000000000002, "maxBatteryPerDay": 8.75, "maxAtThisDay": 96.25, "batteryLevelPercentage": 0.3669324137277341, "buyPrice": 0.149072, "sellPrice": 0.1, "batteryLevel": 35.31724482129441, "maxBatteryForMonth": 100, "Temperature": 22.2, "ratioPc": "noData"}