{"bought": 122.63, "sold": 267.35, "Time_string": "Last update at 17:28 - 16/06/2024", "produce": 4.024, "consumption": 2.046, "ratioPC": 2.1130000000000004, "maxBatteryPerDay": 8.75, "maxAtThisDay": 100, "batteryLevelPercentage": 0.5671286787592575, "buyPrice": 0.149072, "sellPrice": 0.1, "batteryLevel": 56.71286787592575, "maxBatteryForMonth": 100, "Temperature": 31.5, "ratioPc": "noData"}