{"bought": 86.19, "sold": 128.5, "Time_string": "Last update at 07:06 - 09/10/2024", "produce": 0.0, "consumption": 0.089, "ratioPC": -0.089, "maxBatteryPerDay": 8.75, "maxAtThisDay": 78.75, "batteryLevelPercentage": 0.00012643895524654057, "buyPrice": 0.149072, "sellPrice": 0.1, "batteryLevel": 0.00995706772566507, "maxBatteryForMonth": 100, "Temperature": 18.0, "ratioPc": "noData"}