{"bought": 143.98, "sold": 299.24, "Time_string": "Last update at 15:33 - 14/05/2024", "produce": 4.939, "consumption": 2.393, "ratioPC": 4.5969999999999995, "maxBatteryPerDay": 8.75, "maxAtThisDay": 100, "batteryLevelPercentage": 0.5675521519802512, "buyPrice": 0.149072, "sellPrice": 0.1, "batteryLevel": 56.75521519802513, "maxBatteryForMonth": 100, "Temperature": 23.6, "ratioPc": "noData"}