{"bought": 12.0, "sold": 1.36, "Time_string": "Last update at 13:52 - 01/06/2024", "produce": 4.47, "consumption": 6.545, "ratioPC": -2.1550000000000002, "maxBatteryPerDay": 8.75, "maxAtThisDay": 8.75, "batteryLevelPercentage": -1.2671644766095769, "buyPrice": 0.149072, "sellPrice": 0.1, "batteryLevel": -11.087689170333798, "maxBatteryForMonth": 100, "Temperature": 30.7, "ratioPc": "noData"}