{"bought": 239.19, "sold": 258.36, "Time_string": "Last update at 20:58 - 22/07/2023", "produce": 0.15, "consumption": 2.052, "buyPrice": 0.149072, "sellPrice": 0.1, "batteryLevel": -65.87777503488246, "maxBatteryPerDay": 8.75, "batteryLevelPercentage": -6.587777503488246, "maxAtThisDay": 10, "ratioPC": -1.9020000000000001, "maxBatteryForMonth": 10, "ratioPc": "noData"}