{"bought": 403.81, "sold": 63.54, "Time_string": "Last update at 10:12 - 19/08/2024", "produce": 0.845, "consumption": 0.159, "ratioPC": 0.577, "maxBatteryPerDay": 8.75, "maxAtThisDay": 100, "batteryLevelPercentage": -3.6118630138456584, "buyPrice": 0.149072, "sellPrice": 0.1, "batteryLevel": -361.18630138456587, "maxBatteryForMonth": 100, "Temperature": 30.6, "ratioPc": "noData"}