{"bought": 236.4, "sold": 200.19, "Time_string": "Last update at 12:42 - 29/12/2023", "produce": 1.126, "consumption": 0.445, "ratioPC": -0.07700000000000018, "maxBatteryPerDay": 8.75, "maxAtThisDay": 100, "batteryLevelPercentage": -1.0210918750670817, "buyPrice": 0.149072, "sellPrice": 0.1, "batteryLevel": -102.10918750670817, "maxBatteryForMonth": 100, "Temperature": 12.4, "ratioPc": "noData"}