{"bought": 138.48, "sold": 87.35, "Time_string": "Last update at 14:06 - 12/08/2023", "produce": 4.525, "consumption": 3.54, "ratioPC": 0.9850000000000003, "maxBatteryPerDay": 8.75, "maxAtThisDay": 10, "batteryLevelPercentage": -7.988415369754213, "buyPrice": 0.149072, "sellPrice": 0.1, "batteryLevel": -79.88415369754213, "maxBatteryForMonth": 10, "Temperature": 38.2, "ratioPc": "noData"}