{"bought": 10.73, "sold": 34.69, "Time_string": "Last update at 18:23 - 03/11/2023", "produce": 0.098, "consumption": 0.553, "ratioPC": -0.45500000000000007, "maxBatteryPerDay": 8.75, "maxAtThisDay": 10, "batteryLevelPercentage": 1.254063432435333, "buyPrice": 0.149072, "sellPrice": 0.1, "batteryLevel": 12.54063432435333, "maxBatteryForMonth": 10, "Temperature": 16.6, "ratioPc": "noData"}