{"bought": 7.06, "sold": 4.59, "Time_string": "Last update at 19:05 - 01/09/2024", "produce": 0.274, "consumption": 2.336, "ratioPC": -1.8929999999999998, "maxBatteryPerDay": 8.75, "maxAtThisDay": 8.75, "batteryLevelPercentage": -0.4549658228430365, "buyPrice": 0.149072, "sellPrice": 0.1, "batteryLevel": -3.9809509498765694, "maxBatteryForMonth": 100, "Temperature": 32.0, "ratioPc": "noData"}