{"bought": 296.07, "sold": 697.83, "Time_string": "Last update at 14:47 - 31/05/2024", "produce": 4.699, "consumption": 3.567, "ratioPC": 1.23, "maxBatteryPerDay": 8.75, "maxAtThisDay": 100, "batteryLevelPercentage": 1.7204607813673924, "buyPrice": 0.149072, "sellPrice": 0.1, "batteryLevel": 172.04607813673925, "maxBatteryForMonth": 100, "Temperature": 36.8, "ratioPc": "noData"}