{"bought": 200.96, "sold": 260.5, "Time_string": "Last update at 20:00 - 17/09/2024", "produce": 0.158, "consumption": 1.249, "ratioPC": -1.0470000000000002, "maxBatteryPerDay": 8.75, "maxAtThisDay": 100, "batteryLevelPercentage": -0.2621222711173127, "buyPrice": 0.149072, "sellPrice": 0.1, "batteryLevel": -26.212227111731266, "maxBatteryForMonth": 100, "Temperature": 25.0, "ratioPc": "noData"}