{"bought": 55.77, "sold": 155.57, "Time_string": "Last update at 17:28 - 10/10/2023", "produce": 3.183, "consumption": 1.677, "ratioPC": 1.5059999999999998, "maxBatteryPerDay": 8.75, "maxAtThisDay": 10, "batteryLevelPercentage": 4.858896747880218, "buyPrice": 0.149072, "sellPrice": 0.1, "batteryLevel": 48.58896747880218, "maxBatteryForMonth": 10, "Temperature": 31.1, "ratioPc": "noData"}