{"bought": 25.86, "sold": 44.17, "Time_string": "Last update at 09:44 - 03/10/2024", "produce": 0.445, "consumption": 6.566, "ratioPC": -6.106, "maxBatteryPerDay": 8.75, "maxAtThisDay": 26.25, "batteryLevelPercentage": 0.14361818897356093, "buyPrice": 0.149072, "sellPrice": 0.1, "batteryLevel": 3.7699774605559746, "maxBatteryForMonth": 100, "Temperature": 20.5, "ratioPc": "noData"}