{"bought": 158.44, "sold": 144.77, "Time_string": "Last update at 11:42 - 22/12/2023", "produce": 3.475, "consumption": 2.723, "ratioPC": -1.419, "maxBatteryPerDay": 8.75, "maxAtThisDay": 100, "batteryLevelPercentage": -0.6132585381560587, "buyPrice": 0.149072, "sellPrice": 0.1, "batteryLevel": -61.32585381560587, "maxBatteryForMonth": 100, "Temperature": 11.4, "ratioPc": "noData"}