{"bought": 30.86, "sold": 53.57, "Time_string": "Last update at 10:48 - 05/09/2024", "produce": 1.707, "consumption": 3.858, "ratioPC": 0.2809999999999999, "maxBatteryPerDay": 8.75, "maxAtThisDay": 43.75, "batteryLevelPercentage": 0.1160149772305616, "buyPrice": 0.149072, "sellPrice": 0.1, "batteryLevel": 5.07565525383707, "maxBatteryForMonth": 100, "Temperature": 24.4, "ratioPc": "noData"}