{"bought": 44.67, "sold": 159.61, "Time_string": "Last update at 08:50 - 12/11/2023", "produce": 0.32, "consumption": 0.236, "ratioPC": 0.08400000000000002, "maxBatteryPerDay": 8.75, "maxAtThisDay": 10, "batteryLevelPercentage": 6.239906729634003, "buyPrice": 0.149072, "sellPrice": 0.1, "batteryLevel": 62.399067296340036, "maxBatteryForMonth": 10, "Temperature": 13.7, "ratioPc": "noData"}