{"bought": 277.58, "sold": 307.92, "Time_string": "Last update at 10:29 - 26/07/2023", "produce": 1.61, "consumption": 0.746, "buyPrice": 0.149072, "sellPrice": 0.1, "batteryLevel": -71.02209509498763, "maxBatteryPerDay": 8.75, "batteryLevelPercentage": -7.102209509498763, "maxAtThisDay": 10, "ratioPC": 0.8640000000000001, "maxBatteryForMonth": 10, "ratioPc": "noData"}