{"bought": 218.23, "sold": 294.17, "Time_string": "Last update at 19:39 - 20/09/2024", "produce": 0.358, "consumption": 0.206, "ratioPC": -0.02200000000000002, "maxBatteryPerDay": 8.75, "maxAtThisDay": 100, "batteryLevelPercentage": -0.20895825909627547, "buyPrice": 0.149072, "sellPrice": 0.1, "batteryLevel": -20.895825909627547, "maxBatteryForMonth": 100, "Temperature": 23.3, "ratioPc": "noData"}