{"bought": 233.57, "sold": 650.84, "Time_string": "Last update at 20:53 - 27/05/2024", "produce": 0.122, "consumption": 0.242, "ratioPC": -0.089, "maxBatteryPerDay": 8.75, "maxAtThisDay": 100, "batteryLevelPercentage": 2.0302439733819897, "buyPrice": 0.149072, "sellPrice": 0.1, "batteryLevel": 203.02439733819898, "maxBatteryForMonth": 100, "Temperature": 27.2, "ratioPc": "noData"}