{"bought": 180.4, "sold": 220.78, "Time_string": "Last update at 16:38 - 17/11/2024", "produce": 1.34, "consumption": 0.29, "ratioPC": 0.39399999999999996, "maxBatteryPerDay": 8.75, "maxAtThisDay": 100, "batteryLevelPercentage": -0.3229706987227647, "buyPrice": 0.149072, "sellPrice": 0.1, "batteryLevel": -32.29706987227647, "maxBatteryForMonth": 100, "Temperature": 19.4, "ratioPc": "noData"}