{"bought": 164.69, "sold": 341.14, "Time_string": "Last update at 09:14 - 16/05/2024", "produce": 0.274, "consumption": 0.125, "ratioPC": 0.07399999999999998, "maxBatteryPerDay": 8.75, "maxAtThisDay": 100, "batteryLevelPercentage": 0.6415243855318232, "buyPrice": 0.149072, "sellPrice": 0.1, "batteryLevel": 64.15243855318232, "maxBatteryForMonth": 100, "Temperature": 13.5, "ratioPc": "noData"}