{"bought": 274.95, "sold": 350.61, "Time_string": "Last update at 18:15 - 25/09/2024", "produce": 2.789, "consumption": 2.64, "ratioPC": 0.7849999999999999, "maxBatteryPerDay": 8.75, "maxAtThisDay": 100, "batteryLevelPercentage": -0.397549264784802, "buyPrice": 0.149072, "sellPrice": 0.1, "batteryLevel": -39.7549264784802, "maxBatteryForMonth": 100, "Temperature": 25.0, "ratioPc": "noData"}