{"bought": 22.17, "sold": 53.13, "Time_string": "Last update at 09:34 - 04/10/2023", "produce": 0.44, "consumption": 1.191, "ratioPC": -0.7510000000000001, "maxBatteryPerDay": 8.75, "maxAtThisDay": 10, "batteryLevelPercentage": 1.3470495867768597, "buyPrice": 0.149072, "sellPrice": 0.1, "batteryLevel": 13.470495867768598, "maxBatteryForMonth": 10, "Temperature": 22.1, "ratioPc": "noData"}