{"bought": 70.51, "sold": 218.23, "Time_string": "Last update at 18:00 - 10/05/2024", "produce": 3.443, "consumption": 2.566, "ratioPC": 0.9540000000000002, "maxBatteryPerDay": 8.75, "maxAtThisDay": 87.5, "batteryLevelPercentage": 0.8672268265382784, "buyPrice": 0.149072, "sellPrice": 0.1, "batteryLevel": 75.88234732209936, "maxBatteryForMonth": 100, "Temperature": 31.0, "ratioPc": "noData"}