{"bought": 214.23, "sold": 374.79, "Time_string": "Last update at 05:30 - 27/06/2023", "produce": 0.0, "consumption": 0.125, "buyPrice": 0.149072, "sellPrice": 0.1, "batteryLevel": 37.18542341955569, "maxBatteryPerDay": 8.75, "batteryLevelPercentage": 0.3718542341955569, "maxAtThisDay": 100, "ratioPC": -0.125, "maxBatteryForMonth": 100, "ratioPc": "noData"}