{"bought": 216.86, "sold": 587.12, "Time_string": "Last update at 12:49 - 25/05/2024", "produce": 4.077, "consumption": 0.293, "ratioPC": 3.75, "maxBatteryPerDay": 8.75, "maxAtThisDay": 100, "batteryLevelPercentage": 1.7698995170119134, "buyPrice": 0.149072, "sellPrice": 0.1, "batteryLevel": 176.98995170119133, "maxBatteryForMonth": 100, "Temperature": 27.6, "ratioPc": "noData"}