{"bought": 118.93, "sold": 246.94, "Time_string": "Last update at 18:53 - 15/06/2024", "produce": 2.572, "consumption": 2.66, "ratioPC": 0.07799999999999985, "maxBatteryPerDay": 8.75, "maxAtThisDay": 100, "batteryLevelPercentage": 0.4672149726306751, "buyPrice": 0.149072, "sellPrice": 0.1, "batteryLevel": 46.721497263067505, "maxBatteryForMonth": 100, "Temperature": 30.1, "ratioPc": "noData"}