{"bought": 244.08, "sold": 398.45, "Time_string": "Last update at 20:24 - 29/06/2023", "produce": 0.348, "consumption": 0.902, "buyPrice": 0.149072, "sellPrice": 0.1, "batteryLevel": 23.20694858860142, "maxBatteryPerDay": 8.75, "batteryLevelPercentage": 0.2320694858860142, "maxAtThisDay": 100, "ratioPC": -0.554, "maxBatteryForMonth": 100, "ratioPc": "noData"}