{"bought": 121.94, "sold": 215.75, "Time_string": "Last update at 04:45 - 14/09/2024", "produce": 0.0, "consumption": 0.129, "ratioPC": -0.149, "maxBatteryPerDay": 8.75, "maxAtThisDay": 100, "batteryLevelPercentage": 0.22788721691531635, "buyPrice": 0.149072, "sellPrice": 0.1, "batteryLevel": 22.788721691531634, "maxBatteryForMonth": 100, "Temperature": 21.0, "ratioPc": "noData"}