{"bought": 1.87, "sold": 1.85, "Time_string": "Last update at 11:44 - 01/09/2023", "produce": 1.749, "consumption": 0.714, "ratioPC": 1.0350000000000001, "maxBatteryPerDay": 8.75, "maxAtThisDay": 8.75, "batteryLevelPercentage": -0.07188445085021236, "buyPrice": 0.149072, "sellPrice": 0.1, "batteryLevel": -0.6289889449393582, "maxBatteryForMonth": 10, "Temperature": 28.5, "ratioPc": "noData"}