{"bought": 170.0, "sold": 112.08, "Time_string": "Last update at 13:48 - 15/08/2023", "produce": 4.544, "consumption": 5.215, "ratioPC": -0.6710000000000003, "maxBatteryPerDay": 8.75, "maxAtThisDay": 10, "batteryLevelPercentage": -9.481485456692068, "buyPrice": 0.149072, "sellPrice": 0.1, "batteryLevel": -94.81485456692069, "maxBatteryForMonth": 10, "Temperature": 33.6, "ratioPc": "noData"}