{"bought": 123.12, "sold": 568.56, "Time_string": "Last update at 12:10 - 30/09/2023", "produce": 3.636, "consumption": 1.986, "ratioPC": 1.6500000000000001, "maxBatteryPerDay": 8.75, "maxAtThisDay": 10, "batteryLevelPercentage": 25.827959214339376, "buyPrice": 0.149072, "sellPrice": 0.1, "batteryLevel": 258.27959214339376, "maxBatteryForMonth": 10, "Temperature": 29.5, "ratioPc": "noData"}