{"bought": 58.52, "sold": 107.94, "Time_string": "Last update at 19:36 - 07/07/2023", "produce": 1.639, "consumption": 3.585, "buyPrice": 0.149072, "sellPrice": 0.1, "batteryLevel": 13.887963936889555, "maxBatteryPerDay": 8.75, "batteryLevelPercentage": 1.3887963936889556, "maxAtThisDay": 10, "ratioPC": -1.946, "maxBatteryForMonth": 10, "ratioPc": "noData"}