{"bought": 35.29, "sold": 4.2, "Time_string": "Last update at 12:17 - 03/01/2024", "produce": 4.14, "consumption": 2.362, "ratioPC": 0.7279999999999998, "maxBatteryPerDay": 8.75, "maxAtThisDay": 26.25, "batteryLevelPercentage": -1.2370502665378698, "buyPrice": 0.149072, "sellPrice": 0.1, "batteryLevel": -32.47256949661908, "maxBatteryForMonth": 100, "Temperature": 14.6, "ratioPc": "noData"}