{"bought": 143.98, "sold": 280.83, "Time_string": "Last update at 09:24 - 14/05/2024", "produce": 0.361, "consumption": 0.216, "ratioPC": 0.118, "maxBatteryPerDay": 8.75, "maxAtThisDay": 100, "batteryLevelPercentage": 0.44405478158205425, "buyPrice": 0.149072, "sellPrice": 0.1, "batteryLevel": 44.405478158205426, "maxBatteryForMonth": 100, "Temperature": 15.8, "ratioPc": "noData"}