{"bought": 227.54, "sold": 308.71, "Time_string": "Last update at 07:59 - 22/09/2024", "produce": 0.0, "consumption": 0.171, "ratioPC": -0.144, "maxBatteryPerDay": 8.75, "maxAtThisDay": 100, "batteryLevelPercentage": -0.20452149833637465, "buyPrice": 0.149072, "sellPrice": 0.1, "batteryLevel": -20.452149833637463, "maxBatteryForMonth": 100, "Temperature": 16.0, "ratioPc": "noData"}