{"bought": 218.69, "sold": 193.29, "Time_string": "Last update at 17:36 - 27/12/2023", "produce": 0.173, "consumption": 2.052, "ratioPC": -0.4169999999999999, "maxBatteryPerDay": 8.75, "maxAtThisDay": 100, "batteryLevelPercentage": -0.8902782333369111, "buyPrice": 0.149072, "sellPrice": 0.1, "batteryLevel": -89.02782333369112, "maxBatteryForMonth": 100, "Temperature": 13.8, "ratioPc": "noData"}