{"bought": 361.44, "sold": 237.08, "Time_string": "Last update at 11:12 - 28/08/2023", "produce": 2.501, "consumption": 1.043, "ratioPC": 1.458, "maxBatteryPerDay": 8.75, "maxAtThisDay": 10, "batteryLevelPercentage": -20.240275625201242, "buyPrice": 0.149072, "sellPrice": 0.1, "batteryLevel": -202.40275625201244, "maxBatteryForMonth": 10, "Temperature": 28.2, "ratioPc": "noData"}