{"bought": 112.62, "sold": 204.24, "Time_string": "Last update at 18:10 - 13/06/2024", "produce": 3.218, "consumption": 2.975, "ratioPC": 0.33499999999999996, "maxBatteryPerDay": 8.75, "maxAtThisDay": 100, "batteryLevelPercentage": 0.24387620478694857, "buyPrice": 0.149072, "sellPrice": 0.1, "batteryLevel": 24.387620478694856, "maxBatteryForMonth": 100, "Temperature": 31.0, "ratioPc": "noData"}