{"bought": 333.14, "sold": 366.12, "Time_string": "Last update at 18:03 - 29/10/2024", "produce": 0.025, "consumption": 0.204, "ratioPC": -0.377, "maxBatteryPerDay": 8.75, "maxAtThisDay": 100, "batteryLevelPercentage": -0.8754055811956638, "buyPrice": 0.149072, "sellPrice": 0.1, "batteryLevel": -87.54055811956638, "maxBatteryForMonth": 100, "Temperature": 16.9, "ratioPc": "noData"}