{"bought": 76.94, "sold": 54.13, "Time_string": "Last update at 18:58 - 06/06/2024", "produce": 1.851, "consumption": 7.567, "ratioPC": -5.635999999999999, "maxBatteryPerDay": 8.75, "maxAtThisDay": 52.5, "batteryLevelPercentage": -0.7738797589659455, "buyPrice": 0.149072, "sellPrice": 0.1, "batteryLevel": -40.62868734571214, "maxBatteryForMonth": 100, "Temperature": 33.0, "ratioPc": "noData"}