{"bought": 304.0, "sold": 381.14, "Time_string": "Last update at 21:20 - 25/06/2024", "produce": 0.079, "consumption": 0.219, "ratioPC": -0.073, "maxBatteryPerDay": 8.75, "maxAtThisDay": 100, "batteryLevelPercentage": -0.48324889986047054, "buyPrice": 0.149072, "sellPrice": 0.1, "batteryLevel": -48.324889986047054, "maxBatteryForMonth": 100, "Temperature": 29.3, "ratioPc": "noData"}