{"bought": 572.41, "sold": 90.63, "Time_string": "Last update at 16:58 - 26/08/2024", "produce": 3.638, "consumption": 4.24, "ratioPC": -0.16999999999999993, "maxBatteryPerDay": 8.75, "maxAtThisDay": 100, "batteryLevelPercentage": -5.116138746377589, "buyPrice": 0.149072, "sellPrice": 0.1, "batteryLevel": -511.6138746377589, "maxBatteryForMonth": 100, "Temperature": 36.0, "ratioPc": "noData"}