{"bought": 231.48, "sold": 379.62, "Time_string": "Last update at 09:58 - 28/06/2023", "produce": 1.09, "consumption": 0.201, "buyPrice": 0.149072, "sellPrice": 0.1, "batteryLevel": 23.175468498443706, "maxBatteryPerDay": 8.75, "batteryLevelPercentage": 0.23175468498443708, "maxAtThisDay": 100, "ratioPC": 0.889, "maxBatteryForMonth": 100, "ratioPc": "noData"}