{"bought": 48.09, "sold": 65.68, "Time_string": "Last update at 17:30 - 05/11/2024", "produce": 0.641, "consumption": 4.932, "ratioPC": -4.013, "maxBatteryPerDay": 8.75, "maxAtThisDay": 43.75, "batteryLevelPercentage": -0.09213150768947685, "buyPrice": 0.149072, "sellPrice": 0.1, "batteryLevel": -4.030753461414612, "maxBatteryForMonth": 100, "Temperature": 21.0, "ratioPc": "noData"}