{"bought": 57.31, "sold": 240.52, "Time_string": "Last update at 11:04 - 14/09/2023", "produce": 2.36, "consumption": 0.8, "ratioPC": 1.5599999999999998, "maxBatteryPerDay": 8.75, "maxAtThisDay": 10, "batteryLevelPercentage": 10.403485349361384, "buyPrice": 0.149072, "sellPrice": 0.1, "batteryLevel": 104.03485349361384, "maxBatteryForMonth": 10, "Temperature": 28.1, "ratioPc": "noData"}