{"bought": 184.61, "sold": 377.42, "Time_string": "Last update at 17:50 - 17/05/2024", "produce": 3.733, "consumption": 0.148, "ratioPC": 0.71, "maxBatteryPerDay": 8.75, "maxAtThisDay": 100, "batteryLevelPercentage": 0.6856967156810131, "buyPrice": 0.149072, "sellPrice": 0.1, "batteryLevel": 68.56967156810131, "maxBatteryForMonth": 100, "Temperature": 25.0, "ratioPc": "noData"}