{"bought": 96.0, "sold": 139.27, "Time_string": "Last update at 11:02 - 11/07/2023", "produce": 2.191, "consumption": 1.679, "buyPrice": 0.149072, "sellPrice": 0.1, "batteryLevel": -2.5753461414618357, "maxBatteryPerDay": 8.75, "batteryLevelPercentage": -0.25753461414618356, "maxAtThisDay": 10, "ratioPC": 0.5119999999999998, "maxBatteryForMonth": 10, "ratioPc": "noData"}