{"bought": 75.66, "sold": 24.83, "Time_string": "Last update at 13:37 - 07/01/2024", "produce": 4.652, "consumption": 3.593, "ratioPC": 0.9210000000000003, "maxBatteryPerDay": 8.75, "maxAtThisDay": 61.25, "batteryLevelPercentage": -0.9633243949506388, "buyPrice": 0.149072, "sellPrice": 0.1, "batteryLevel": -59.003619190726624, "maxBatteryForMonth": 100, "Temperature": 12.6, "ratioPc": "noData"}