{"bought": 34.73, "sold": 111.56, "Time_string": "Last update at 08:34 - 08/09/2023", "produce": 0.096, "consumption": 0.15, "ratioPC": -0.05399999999999999, "maxBatteryPerDay": 8.75, "maxAtThisDay": 10, "batteryLevelPercentage": 4.01063207040893, "buyPrice": 0.149072, "sellPrice": 0.1, "batteryLevel": 40.106320704089306, "maxBatteryForMonth": 10, "Temperature": 19.1, "ratioPc": "noData"}