{"bought": 23.01, "sold": 44.17, "Time_string": "Last update at 09:16 - 03/10/2024", "produce": 0.173, "consumption": 6.441, "ratioPC": -6.164, "maxBatteryPerDay": 8.75, "maxAtThisDay": 26.25, "batteryLevelPercentage": 0.2521896175449894, "buyPrice": 0.149072, "sellPrice": 0.1, "batteryLevel": 6.6199774605559725, "maxBatteryForMonth": 100, "Temperature": 19.5, "ratioPc": "noData"}