{"bought": 190.33, "sold": 194.44, "Time_string": "Last update at 17:36 - 18/07/2023", "produce": 3.839, "consumption": 1.801, "buyPrice": 0.149072, "sellPrice": 0.1, "batteryLevel": -59.89638402919394, "maxBatteryPerDay": 8.75, "batteryLevelPercentage": -5.989638402919394, "maxAtThisDay": 10, "ratioPC": 2.0380000000000003, "maxBatteryForMonth": 10, "ratioPc": "noData"}