{"bought": 63.67, "sold": 238.6, "Time_string": "Last update at 17:25 - 14/06/2023", "produce": 3.898, "consumption": 1.661, "ratioPc": null, "buyPrice": 0.149072, "sellPrice": 0.1, "batteryLevel": 96.38688526349681, "maxBatteryPerDay": 8.75, "batteryLevelPercentage": 0.7868317164367087, "maxAtThisDay": 122.5, "ratioPC": 2.237}