{"bought": 142.06, "sold": 160.46, "Time_string": "Last update at 15:51 - 14/07/2023", "produce": 4.732, "consumption": 4.537, "buyPrice": 0.149072, "sellPrice": 0.1, "batteryLevel": -34.420738435118594, "maxBatteryPerDay": 8.75, "batteryLevelPercentage": -3.442073843511859, "maxAtThisDay": 10, "ratioPC": 0.19500000000000028, "maxBatteryForMonth": 10, "ratioPc": "noData"}