{"bought": 139.07, "sold": 353.97, "Time_string": "Last update at 19:06 - 22/06/2023", "produce": 2.199, "consumption": 2.581, "ratioPc": "noData", "buyPrice": 0.149072, "sellPrice": 0.1, "batteryLevel": 98.37901792422457, "maxBatteryPerDay": 8.75, "batteryLevelPercentage": 0.5110598333725952, "maxAtThisDay": 192.5, "ratioPC": -0.3820000000000001}