{"bought": 44.71, "sold": 179.33, "Time_string": "Last update at 17:43 - 12/11/2023", "produce": 0.108, "consumption": 0.333, "ratioPC": -0.22500000000000003, "maxBatteryPerDay": 8.75, "maxAtThisDay": 10, "batteryLevelPercentage": 7.558757432649995, "buyPrice": 0.149072, "sellPrice": 0.1, "batteryLevel": 75.58757432649995, "maxBatteryForMonth": 10, "Temperature": 21.3, "ratioPc": "noData"}