{"bought": 73.87, "sold": 117.22, "Time_string": "Last update at 10:52 - 09/11/2024", "produce": 1.131, "consumption": 0.268, "ratioPC": 0.5069999999999999, "maxBatteryPerDay": 8.75, "maxAtThisDay": 78.75, "batteryLevelPercentage": 0.06048436464493137, "buyPrice": 0.149072, "sellPrice": 0.1, "batteryLevel": 4.763143715788345, "maxBatteryForMonth": 100, "Temperature": 18.9, "ratioPc": "noData"}