{"bought": 182.5, "sold": 415.19, "Time_string": "Last update at 13:22 - 25/11/2023", "produce": 4.539, "consumption": 5.779, "ratioPC": -1.2400000000000002, "maxBatteryPerDay": 8.75, "maxAtThisDay": 100, "batteryLevelPercentage": 0.96016421594934, "buyPrice": 0.149072, "sellPrice": 0.1, "batteryLevel": 96.016421594934, "maxBatteryForMonth": 100, "Temperature": 17.4, "ratioPc": "noData"}