{"bought": 122.91, "sold": 58.74, "Time_string": "Last update at 11:42 - 12/01/2024", "produce": 3.37, "consumption": 3.234, "ratioPC": -0.4339999999999997, "maxBatteryPerDay": 8.75, "maxAtThisDay": 100, "batteryLevelPercentage": -0.8350622195985832, "buyPrice": 0.149072, "sellPrice": 0.1, "batteryLevel": -83.50622195985832, "maxBatteryForMonth": 100, "Temperature": 11.4, "ratioPc": "noData"}