{"bought": 108.96, "sold": 76.46, "Time_string": "Last update at 12:13 - 10/08/2023", "produce": 3.224, "consumption": 2.875, "ratioPC": 0.3490000000000002, "maxBatteryPerDay": 8.75, "maxAtThisDay": 10, "batteryLevelPercentage": -5.766934850273693, "buyPrice": 0.149072, "sellPrice": 0.1, "batteryLevel": -57.66934850273693, "maxBatteryForMonth": 10, "Temperature": 34.4, "ratioPc": "noData"}