{"bought": 217.91, "sold": 289.2, "Time_string": "Last update at 14:21 - 20/09/2024", "produce": 1.899, "consumption": 1.572, "ratioPC": 4.216, "maxBatteryPerDay": 8.75, "maxAtThisDay": 100, "batteryLevelPercentage": -0.23909785338628325, "buyPrice": 0.149072, "sellPrice": 0.1, "batteryLevel": -23.909785338628325, "maxBatteryForMonth": 100, "Temperature": 27.4, "ratioPc": "noData"}