{"bought": 175.91, "sold": 104.02, "Time_string": "Last update at 14:39 - 19/01/2024", "produce": 3.768, "consumption": 0.0, "ratioPC": 1.2750000000000001, "maxBatteryPerDay": 8.75, "maxAtThisDay": 100, "batteryLevelPercentage": -1.0613163786626596, "buyPrice": 0.149072, "sellPrice": 0.1, "batteryLevel": -106.13163786626596, "maxBatteryForMonth": 100, "Temperature": 14.3, "ratioPc": "noData"}