{"bought": 43.25, "sold": 149.1, "Time_string": "Last update at 08:38 - 10/09/2023", "produce": 0.14, "consumption": 0.181, "ratioPC": -0.04099999999999998, "maxBatteryPerDay": 8.75, "maxAtThisDay": 10, "batteryLevelPercentage": 5.676878287002253, "buyPrice": 0.149072, "sellPrice": 0.1, "batteryLevel": 56.768782870022534, "maxBatteryForMonth": 10, "Temperature": 18.3, "ratioPc": "noData"}