{"bought": 136.57, "sold": 185.47, "Time_string": "Last update at 07:03 - 14/11/2024", "produce": 0.0, "consumption": 0.152, "ratioPC": -0.158, "maxBatteryPerDay": 8.75, "maxAtThisDay": 100, "batteryLevelPercentage": -0.12153610604271763, "buyPrice": 0.149072, "sellPrice": 0.1, "batteryLevel": -12.153610604271762, "maxBatteryForMonth": 100, "Temperature": 12.0, "ratioPc": "noData"}