{"bought": 23.29, "sold": 4.29, "Time_string": "Last update at 10:37 - 02/06/2024", "produce": 1.922, "consumption": 0.186, "ratioPC": 1.6460000000000001, "maxBatteryPerDay": 8.75, "maxAtThisDay": 17.5, "batteryLevelPercentage": -1.1664111991904198, "buyPrice": 0.149072, "sellPrice": 0.1, "batteryLevel": -20.412195985832348, "maxBatteryForMonth": 100, "Temperature": 24.2, "ratioPc": "noData"}