{"bought": 184.51, "sold": 351.95, "Time_string": "Last update at 09:12 - 17/05/2024", "produce": 0.386, "consumption": 0.123, "ratioPC": 0.195, "maxBatteryPerDay": 8.75, "maxAtThisDay": 100, "batteryLevelPercentage": 0.5158396801545561, "buyPrice": 0.149072, "sellPrice": 0.1, "batteryLevel": 51.58396801545561, "maxBatteryForMonth": 100, "Temperature": 15.4, "ratioPc": "noData"}