{"bought": 210.9, "sold": 221.42, "Time_string": "Last update at 17:25 - 19/10/2024", "produce": 2.727, "consumption": 0.15, "ratioPC": 2.2849999999999997, "maxBatteryPerDay": 8.75, "maxAtThisDay": 100, "batteryLevelPercentage": -0.6236774712890417, "buyPrice": 0.149072, "sellPrice": 0.1, "batteryLevel": -62.36774712890417, "maxBatteryForMonth": 100, "Temperature": 22.6, "ratioPc": "noData"}