{"bought": 169.92, "sold": 188.02, "Time_string": "Last update at 16:05 - 17/07/2023", "produce": 4.447, "consumption": 3.538, "buyPrice": 0.149072, "sellPrice": 0.1, "batteryLevel": -43.793027798647614, "maxBatteryPerDay": 8.75, "batteryLevelPercentage": -4.379302779864761, "maxAtThisDay": 10, "ratioPC": 0.9090000000000003, "maxBatteryForMonth": 10, "ratioPc": "noData"}