{"bought": 291.79, "sold": 343.02, "Time_string": "Last update at 13:43 - 28/07/2023", "produce": 4.563, "consumption": 1.297, "buyPrice": 0.149072, "sellPrice": 0.1, "batteryLevel": -61.686425888161466, "maxBatteryPerDay": 8.75, "batteryLevelPercentage": -6.168642588816146, "maxAtThisDay": 10, "ratioPC": 3.266, "maxBatteryForMonth": 10, "ratioPc": "noData"}