{"bought": 302.51, "sold": 396.45, "Time_string": "Last update at 10:48 - 28/09/2024", "produce": 2.158, "consumption": 7.566, "ratioPC": -6.736, "maxBatteryPerDay": 8.75, "maxAtThisDay": 100, "batteryLevelPercentage": -0.3656468498443706, "buyPrice": 0.149072, "sellPrice": 0.1, "batteryLevel": -36.564684984437065, "maxBatteryForMonth": 100, "Temperature": 20.4, "ratioPc": "noData"}