{"bought": 121.6, "sold": 123.54, "Time_string": "Last update at 12:29 - 18/12/2023", "produce": 4.121, "consumption": 4.448, "ratioPC": -0.13999999999999968, "maxBatteryPerDay": 8.75, "maxAtThisDay": 100, "batteryLevelPercentage": -0.3872729419340989, "buyPrice": 0.149072, "sellPrice": 0.1, "batteryLevel": -38.72729419340989, "maxBatteryForMonth": 100, "Temperature": 13.0, "ratioPc": "noData"}