{"bought": 131.19, "sold": 173.17, "Time_string": "Last update at 10:11 - 13/11/2024", "produce": 0.445, "consumption": 0.382, "ratioPC": -0.07399999999999995, "maxBatteryPerDay": 8.75, "maxAtThisDay": 100, "batteryLevelPercentage": -0.1502465707845873, "buyPrice": 0.149072, "sellPrice": 0.1, "batteryLevel": -15.02465707845873, "maxBatteryForMonth": 100, "Temperature": 12.2, "ratioPc": "noData"}