{"bought": 256.78, "sold": 323.54, "Time_string": "Last update at 16:35 - 23/09/2024", "produce": 2.525, "consumption": 0.357, "ratioPC": 1.978, "maxBatteryPerDay": 8.75, "maxAtThisDay": 100, "batteryLevelPercentage": -0.39743936889556664, "buyPrice": 0.149072, "sellPrice": 0.1, "batteryLevel": -39.743936889556664, "maxBatteryForMonth": 100, "Temperature": 28.0, "ratioPc": "noData"}