{"bought": 82.3, "sold": 230.03, "Time_string": "Last update at 18:21 - 11/05/2024", "produce": 3.158, "consumption": 1.055, "ratioPC": 0.944, "maxBatteryPerDay": 8.75, "maxAtThisDay": 96.25, "batteryLevelPercentage": 0.7481349132781997, "buyPrice": 0.149072, "sellPrice": 0.1, "batteryLevel": 72.00798540302672, "maxBatteryForMonth": 100, "Temperature": 29.6, "ratioPc": "noData"}