{"bought": 196.71, "sold": 530.19, "Time_string": "Last update at 18:07 - 22/05/2024", "produce": 3.17, "consumption": 0.877, "ratioPC": 3.1279999999999997, "maxBatteryPerDay": 8.75, "maxAtThisDay": 100, "batteryLevelPercentage": 1.5895035204464958, "buyPrice": 0.149072, "sellPrice": 0.1, "batteryLevel": 158.95035204464958, "maxBatteryForMonth": 100, "Temperature": 27.9, "ratioPc": "noData"}