{"bought": 117.08, "sold": 227.11, "Time_string": "Last update at 23:44 - 14/06/2024", "produce": 0.0, "consumption": 0.167, "ratioPC": -0.165, "maxBatteryPerDay": 8.75, "maxAtThisDay": 100, "batteryLevelPercentage": 0.35269200386390465, "buyPrice": 0.149072, "sellPrice": 0.1, "batteryLevel": 35.269200386390466, "maxBatteryForMonth": 100, "Temperature": 23.3, "ratioPc": "noData"}