{"bought": 361.46, "sold": 239.95, "Time_string": "Last update at 12:36 - 28/08/2023", "produce": 4.019, "consumption": 1.048, "ratioPC": 2.971, "maxBatteryPerDay": 8.75, "maxAtThisDay": 10, "batteryLevelPercentage": -20.049751207470216, "buyPrice": 0.149072, "sellPrice": 0.1, "batteryLevel": -200.49751207470214, "maxBatteryForMonth": 10, "Temperature": 29.6, "ratioPc": "noData"}