{"bought": 57.39, "sold": 85.71, "Time_string": "Last update at 07:04 - 07/07/2023", "produce": 0.0, "consumption": 0.083, "buyPrice": 0.149072, "sellPrice": 0.1, "batteryLevel": 0.10570677256627192, "maxBatteryPerDay": 8.75, "batteryLevelPercentage": 0.010570677256627192, "maxAtThisDay": 10, "ratioPC": -0.083, "maxBatteryForMonth": 10, "ratioPc": "noData"}