{"bought": 260.23, "sold": 333.41, "Time_string": "Last update at 13:35 - 24/09/2024", "produce": 3.169, "consumption": 0.465, "ratioPC": 5.5360000000000005, "maxBatteryPerDay": 8.75, "maxAtThisDay": 100, "batteryLevelPercentage": -0.365729752066116, "buyPrice": 0.149072, "sellPrice": 0.1, "batteryLevel": -36.5729752066116, "maxBatteryForMonth": 100, "Temperature": 25.2, "ratioPc": "noData"}