{"bought": 76.68, "sold": 117.5, "Time_string": "Last update at 12:19 - 09/11/2024", "produce": 4.313, "consumption": 1.886, "ratioPC": -0.08699999999999997, "maxBatteryPerDay": 8.75, "maxAtThisDay": 78.75, "batteryLevelPercentage": 0.027186951314459994, "buyPrice": 0.149072, "sellPrice": 0.1, "batteryLevel": 2.1409724160137245, "maxBatteryForMonth": 100, "Temperature": 20.3, "ratioPc": "noData"}