{"bought": 82.3, "sold": 229.6, "Time_string": "Last update at 17:51 - 11/05/2024", "produce": 3.56, "consumption": 2.455, "ratioPC": 0.5470000000000002, "maxBatteryPerDay": 8.75, "maxAtThisDay": 96.25, "batteryLevelPercentage": 0.7451380175046591, "buyPrice": 0.149072, "sellPrice": 0.1, "batteryLevel": 71.71953418482344, "maxBatteryForMonth": 100, "Temperature": 30.1, "ratioPc": "noData"}