{"bought": 20.6, "sold": 1.47, "Time_string": "Last update at 10:53 - 02/01/2024", "produce": 2.105, "consumption": 3.216, "ratioPC": -1.2690000000000001, "maxBatteryPerDay": 8.75, "maxAtThisDay": 17.5, "batteryLevelPercentage": -1.120794247075239, "buyPrice": 0.149072, "sellPrice": 0.1, "batteryLevel": -19.613899323816682, "maxBatteryForMonth": 100, "Temperature": 10.8, "ratioPc": "noData"}