{"bought": 280.69, "sold": 690.04, "Time_string": "Last update at 07:39 - 30/05/2024", "produce": 0.069, "consumption": 0.124, "ratioPC": -0.131, "maxBatteryPerDay": 8.75, "maxAtThisDay": 100, "batteryLevelPercentage": 1.8220041536975424, "buyPrice": 0.149072, "sellPrice": 0.1, "batteryLevel": 182.20041536975424, "maxBatteryForMonth": 100, "Temperature": 17.6, "ratioPc": "noData"}