{"bought": 176.54, "sold": 171.96, "Time_string": "Last update at 17:05 - 24/12/2023", "produce": 1.247, "consumption": 0.293, "ratioPC": 1.0779999999999998, "maxBatteryPerDay": 8.75, "maxAtThisDay": 100, "batteryLevelPercentage": -0.6118634539014703, "buyPrice": 0.149072, "sellPrice": 0.1, "batteryLevel": -61.18634539014704, "maxBatteryForMonth": 100, "Temperature": 15.9, "ratioPc": "noData"}