{"bought": 276.4, "sold": 676.88, "Time_string": "Last update at 11:08 - 29/05/2024", "produce": 2.512, "consumption": 0.272, "ratioPC": 2.2910000000000004, "maxBatteryPerDay": 8.75, "maxAtThisDay": 100, "batteryLevelPercentage": 1.7766246645916066, "buyPrice": 0.149072, "sellPrice": 0.1, "batteryLevel": 177.66246645916067, "maxBatteryForMonth": 100, "Temperature": 26.3, "ratioPc": "noData"}