{"bought": 361.44, "sold": 239.18, "Time_string": "Last update at 12:12 - 28/08/2023", "produce": 3.609, "consumption": 1.028, "ratioPC": 2.581, "maxBatteryPerDay": 8.75, "maxAtThisDay": 10, "batteryLevelPercentage": -20.099404100032196, "buyPrice": 0.149072, "sellPrice": 0.1, "batteryLevel": -200.99404100032197, "maxBatteryForMonth": 10, "Temperature": 29.2, "ratioPc": "noData"}