{"bought": 167.52, "sold": 165.59, "Time_string": "Last update at 16:56 - 23/12/2023", "produce": 1.467, "consumption": 0.247, "ratioPC": -1.2100000000000002, "maxBatteryPerDay": 8.75, "maxAtThisDay": 100, "batteryLevelPercentage": -0.5643944832027478, "buyPrice": 0.149072, "sellPrice": 0.1, "batteryLevel": -56.43944832027478, "maxBatteryForMonth": 100, "Temperature": 15.1, "ratioPc": "noData"}