{"bought": 205.52, "sold": 542.3, "Time_string": "Last update at 14:30 - 23/05/2024", "produce": 4.827, "consumption": 1.114, "ratioPC": 3.7969999999999997, "maxBatteryPerDay": 8.75, "maxAtThisDay": 100, "batteryLevelPercentage": 1.5826394332939784, "buyPrice": 0.149072, "sellPrice": 0.1, "batteryLevel": 158.26394332939785, "maxBatteryForMonth": 100, "Temperature": 28.0, "ratioPc": "noData"}