{"bought": 224.9, "sold": 193.58, "Time_string": "Last update at 10:49 - 28/12/2023", "produce": 0.883, "consumption": 2.314, "ratioPC": -1.4687999999999999, "maxBatteryPerDay": 8.75, "maxAtThisDay": 100, "batteryLevelPercentage": -0.9504328646560048, "buyPrice": 0.149072, "sellPrice": 0.1, "batteryLevel": -95.04328646560049, "maxBatteryForMonth": 100, "Temperature": 8.7, "ratioPc": "noData"}