{"bought": 195.61, "sold": 370.91, "Time_string": "Last update at 04:56 - 26/06/2023", "produce": 0.0, "consumption": 0.123, "ratioPc": "noData", "buyPrice": 0.149072, "sellPrice": 0.1, "batteryLevel": 53.20265428786087, "maxBatteryPerDay": 8.75, "batteryLevelPercentage": 0.23385782104554226, "maxAtThisDay": 227.5, "ratioPC": -0.123}