{"bought": 243.07, "sold": 391.41, "Time_string": "Last update at 13:21 - 29/06/2023", "produce": 4.225, "consumption": 4.998, "buyPrice": 0.149072, "sellPrice": 0.1, "batteryLevel": 19.49439841150587, "maxBatteryPerDay": 8.75, "batteryLevelPercentage": 0.1949439841150587, "maxAtThisDay": 100, "ratioPC": -0.7730000000000006, "maxBatteryForMonth": 100, "ratioPc": "noData"}