{"bought": 1.5, "sold": 1.09, "Time_string": "Last update at 10:18 - 01/11/2023", "produce": 1.233, "consumption": 0.2, "ratioPC": 1.0330000000000001, "maxBatteryPerDay": 8.75, "maxAtThisDay": 8.75, "batteryLevelPercentage": -0.08786396602217145, "buyPrice": 0.149072, "sellPrice": 0.1, "batteryLevel": -0.7688097026940002, "maxBatteryForMonth": 10, "Temperature": 15.6, "ratioPc": "noData"}