{"bought": 510.37, "sold": 83.29, "Time_string": "Last update at 16:49 - 23/08/2024", "produce": 4.047, "consumption": 3.028, "ratioPC": 1.1610000000000005, "maxBatteryPerDay": 8.75, "maxAtThisDay": 100, "batteryLevelPercentage": -4.544976698508103, "buyPrice": 0.149072, "sellPrice": 0.1, "batteryLevel": -454.4976698508103, "maxBatteryForMonth": 100, "Temperature": 35.8, "ratioPc": "noData"}