{"bought": 248.54, "sold": 206.61, "Time_string": "Last update at 15:30 - 30/12/2023", "produce": 3.124, "consumption": 4.786, "ratioPC": -1.2420000000000004, "maxBatteryPerDay": 8.75, "maxAtThisDay": 100, "batteryLevelPercentage": -1.0994254373725447, "buyPrice": 0.149072, "sellPrice": 0.1, "batteryLevel": -109.94254373725448, "maxBatteryForMonth": 100, "Temperature": 16.5, "ratioPc": "noData"}