{"bought": 647.18, "sold": 99.38, "Time_string": "Last update at 14:50 - 29/08/2024", "produce": 2.091, "consumption": 3.489, "ratioPC": -1.1920000000000002, "maxBatteryPerDay": 8.75, "maxAtThisDay": 100, "batteryLevelPercentage": -5.805142277557153, "buyPrice": 0.149072, "sellPrice": 0.1, "batteryLevel": -580.5142277557153, "maxBatteryForMonth": 100, "Temperature": 28.8, "ratioPc": "noData"}