{"bought": 20.18, "sold": 26.73, "Time_string": "Last update at 10:44 - 03/07/2023", "produce": 2.022, "consumption": 0.341, "buyPrice": 0.149072, "sellPrice": 0.1, "batteryLevel": -2.249067296340023, "maxBatteryPerDay": 8.75, "batteryLevelPercentage": -0.2249067296340023, "maxAtThisDay": 10, "ratioPC": 1.6809999999999998, "maxBatteryForMonth": 10, "ratioPc": "noData"}