{"bought": 224.42, "sold": 193.29, "Time_string": "Last update at 09:22 - 28/12/2023", "produce": 0.131, "consumption": 0.213, "ratioPC": -0.09899999999999999, "maxBatteryPerDay": 8.75, "maxAtThisDay": 100, "batteryLevelPercentage": -0.947578233336911, "buyPrice": 0.149072, "sellPrice": 0.1, "batteryLevel": -94.7578233336911, "maxBatteryForMonth": 100, "Temperature": 6.4, "ratioPc": "noData"}