{"bought": 27.87, "sold": 1.54, "Time_string": "Last update at 15:42 - 02/01/2024", "produce": 2.499, "consumption": 8.613, "ratioPC": -1.5969999999999995, "maxBatteryPerDay": 8.75, "maxAtThisDay": 17.5, "batteryLevelPercentage": -1.5335395513577332, "buyPrice": 0.149072, "sellPrice": 0.1, "batteryLevel": -26.836942148760333, "maxBatteryForMonth": 100, "Temperature": 18.0, "ratioPc": "noData"}