{"bought": 33.41, "sold": 3.2, "Time_string": "Last update at 10:06 - 03/01/2024", "produce": 1.195, "consumption": 0.192, "ratioPC": 0.6759999999999999, "maxBatteryPerDay": 8.75, "maxAtThisDay": 26.25, "batteryLevelPercentage": -1.190986144119556, "buyPrice": 0.149072, "sellPrice": 0.1, "batteryLevel": -31.263386283138345, "maxBatteryForMonth": 100, "Temperature": 8.3, "ratioPc": "noData"}