{"bought": 256.78, "sold": 325.8, "Time_string": "Last update at 17:57 - 23/09/2024", "produce": 1.218, "consumption": 0.192, "ratioPC": 1.3940000000000001, "maxBatteryPerDay": 8.75, "maxAtThisDay": 100, "batteryLevelPercentage": -0.3822789095202313, "buyPrice": 0.149072, "sellPrice": 0.1, "batteryLevel": -38.22789095202313, "maxBatteryForMonth": 100, "Temperature": 27.1, "ratioPc": "noData"}