{"bought": 151.66, "sold": 238.17, "Time_string": "Last update at 09:36 - 16/09/2024", "produce": 0.437, "consumption": 0.14, "ratioPC": 0.19, "maxBatteryPerDay": 8.75, "maxAtThisDay": 100, "batteryLevelPercentage": 0.08108434045293535, "buyPrice": 0.149072, "sellPrice": 0.1, "batteryLevel": 8.108434045293535, "maxBatteryForMonth": 100, "Temperature": 22.8, "ratioPc": "noData"}