{"bought": 173.59, "sold": 299.57, "Time_string": "Last update at 08:58 - 19/06/2024", "produce": 0.717, "consumption": 0.187, "ratioPC": 0.832, "maxBatteryPerDay": 8.75, "maxAtThisDay": 100, "batteryLevelPercentage": 0.2736658473757646, "buyPrice": 0.149072, "sellPrice": 0.1, "batteryLevel": 27.36658473757646, "maxBatteryForMonth": 100, "Temperature": 16.9, "ratioPc": "noData"}