{"bought": 290.33, "sold": 379.88, "Time_string": "Last update at 13:10 - 25/06/2024", "produce": 4.255, "consumption": 3.841, "ratioPC": 0.3210000000000002, "maxBatteryPerDay": 8.75, "maxAtThisDay": 100, "batteryLevelPercentage": -0.3550011913706129, "buyPrice": 0.149072, "sellPrice": 0.1, "batteryLevel": -35.50011913706129, "maxBatteryForMonth": 100, "Temperature": 31.2, "ratioPc": "noData"}