{"bought": 255.4, "sold": 208.02, "Time_string": "Last update at 09:38 - 31/12/2023", "produce": 0.272, "consumption": 0.31, "ratioPC": -0.04100000000000001, "maxBatteryPerDay": 8.75, "maxAtThisDay": 100, "batteryLevelPercentage": -1.158566920682623, "buyPrice": 0.149072, "sellPrice": 0.1, "batteryLevel": -115.8566920682623, "maxBatteryForMonth": 100, "Temperature": 7.6, "ratioPc": "noData"}