{"bought": 210.91, "sold": 222.84, "Time_string": "Last update at 19:30 - 19/10/2024", "produce": 0.043, "consumption": 0.139, "ratioPC": -0.07400000000000001, "maxBatteryPerDay": 8.75, "maxAtThisDay": 100, "batteryLevelPercentage": -0.6142518729204679, "buyPrice": 0.149072, "sellPrice": 0.1, "batteryLevel": -61.425187292046786, "maxBatteryForMonth": 100, "Temperature": 21.0, "ratioPc": "noData"}