{"bought": 138.28, "sold": 148.5, "Time_string": "Last update at 13:27 - 13/10/2024", "produce": 2.235, "consumption": 0.3, "ratioPC": 0.3129999999999997, "maxBatteryPerDay": 8.75, "maxAtThisDay": 100, "batteryLevelPercentage": -0.38663707201889025, "buyPrice": 0.149072, "sellPrice": 0.1, "batteryLevel": -38.663707201889025, "maxBatteryForMonth": 100, "Temperature": 22.5, "ratioPc": "noData"}