{"bought": 324.62, "sold": 377.75, "Time_string": "Last update at 12:31 - 31/07/2023", "produce": 3.879, "consumption": 1.438, "ratioPC": 2.441, "maxBatteryPerDay": 8.75, "maxAtThisDay": 10, "batteryLevelPercentage": -7.121895889234736, "buyPrice": 0.149072, "sellPrice": 0.1, "batteryLevel": -71.21895889234736, "maxBatteryForMonth": 10, "Temperature": "33.0"}