{"bought": 272.75, "sold": 40.17, "Time_string": "Last update at 17:56 - 13/08/2024", "produce": 3.308, "consumption": 3.353, "ratioPC": 0.16000000000000014, "maxBatteryPerDay": 8.75, "maxAtThisDay": 100, "batteryLevelPercentage": -2.4580328968552108, "buyPrice": 0.149072, "sellPrice": 0.1, "batteryLevel": -245.8032896855211, "maxBatteryForMonth": 100, "Temperature": 34.1, "ratioPc": "noData"}