{"bought": 127.63, "sold": 173.03, "Time_string": "Last update at 21:23 - 12/11/2024", "produce": 0.0, "consumption": 0.413, "ratioPC": -0.399, "maxBatteryPerDay": 8.75, "maxAtThisDay": 100, "batteryLevelPercentage": -0.11558571428571426, "buyPrice": 0.149072, "sellPrice": 0.1, "batteryLevel": -11.558571428571426, "maxBatteryForMonth": 100, "Temperature": 15.6, "ratioPc": "noData"}