{"bought": 476.94, "sold": 72.53, "Time_string": "Last update at 14:23 - 22/08/2024", "produce": 4.589, "consumption": 3.497, "ratioPC": 1.1439999999999997, "maxBatteryPerDay": 8.75, "maxAtThisDay": 100, "batteryLevelPercentage": -4.282856584737576, "buyPrice": 0.149072, "sellPrice": 0.1, "batteryLevel": -428.2856584737576, "maxBatteryForMonth": 100, "Temperature": 32.4, "ratioPc": "noData"}