{"bought": 317.19, "sold": 374.82, "Time_string": "Last update at 20:35 - 30/07/2023", "produce": 0.127, "consumption": 2.759, "buyPrice": 0.149072, "sellPrice": 0.1, "batteryLevel": -65.75445207684879, "maxBatteryPerDay": 8.75, "batteryLevelPercentage": -6.575445207684879, "maxAtThisDay": 10, "ratioPC": -2.6319999999999997, "maxBatteryForMonth": 10, "ratioPc": "noData"}