{"bought": 111.21, "sold": 552.02, "Time_string": "Last update at 17:28 - 28/09/2023", "produce": 3.292, "consumption": 1.77, "ratioPC": 1.5219999999999998, "maxBatteryPerDay": 8.75, "maxAtThisDay": 10, "batteryLevelPercentage": 25.909428249436512, "buyPrice": 0.149072, "sellPrice": 0.1, "batteryLevel": 259.09428249436513, "maxBatteryForMonth": 10, "Temperature": 34.5, "ratioPc": "noData"}