{"bought": 170.02, "sold": 112.12, "Time_string": "Last update at 13:54 - 15/08/2023", "produce": 4.555, "consumption": 5.186, "ratioPC": -0.6310000000000002, "maxBatteryPerDay": 8.75, "maxAtThisDay": 10, "batteryLevelPercentage": -9.480802189545992, "buyPrice": 0.149072, "sellPrice": 0.1, "batteryLevel": -94.80802189545992, "maxBatteryForMonth": 10, "Temperature": 33.8, "ratioPc": "noData"}