{"bought": 236.79, "sold": 386.81, "Time_string": "Last update at 20:55 - 28/06/2023", "produce": 0.261, "consumption": 2.584, "buyPrice": 0.149072, "sellPrice": 0.1, "batteryLevel": 22.68864119351727, "maxBatteryPerDay": 8.75, "batteryLevelPercentage": 0.2268864119351727, "maxAtThisDay": 100, "ratioPC": -2.323, "maxBatteryForMonth": 100, "ratioPc": "noData"}