{"bought": 250.39, "sold": 152.35, "Time_string": "Last update at 14:02 - 23/01/2024", "produce": 4.562, "consumption": 0.27, "ratioPC": 4.443, "maxBatteryPerDay": 8.75, "maxAtThisDay": 100, "batteryLevelPercentage": -1.4819106257378984, "buyPrice": 0.149072, "sellPrice": 0.1, "batteryLevel": -148.19106257378985, "maxBatteryForMonth": 100, "Temperature": 19.0, "ratioPc": "noData"}