{"bought": 276.02, "sold": 674.64, "Time_string": "Last update at 07:50 - 29/05/2024", "produce": 0.111, "consumption": 1.26, "ratioPC": -0.07500000000000001, "maxBatteryPerDay": 8.75, "maxAtThisDay": 100, "batteryLevelPercentage": 1.765398368573575, "buyPrice": 0.149072, "sellPrice": 0.1, "batteryLevel": 176.5398368573575, "maxBatteryForMonth": 100, "Temperature": 16.9, "ratioPc": "noData"}