{"bought": 149.77, "sold": 393.09, "Time_string": "Last update at 18:17 - 27/10/2023", "produce": 1.195, "consumption": 0.269, "ratioPC": 0.926, "maxBatteryPerDay": 8.75, "maxAtThisDay": 10, "batteryLevelPercentage": 11.392137061285817, "buyPrice": 0.149072, "sellPrice": 0.1, "batteryLevel": 113.92137061285817, "maxBatteryForMonth": 10, "Temperature": 19.7, "ratioPc": "noData"}