{"bought": 299.77, "sold": 352.61, "Time_string": "Last update at 20:43 - 28/07/2023", "produce": 0.145, "consumption": 0.552, "buyPrice": 0.149072, "sellPrice": 0.1, "batteryLevel": -63.23329290544166, "maxBatteryPerDay": 8.75, "batteryLevelPercentage": -6.323329290544166, "maxAtThisDay": 10, "ratioPC": -0.40700000000000003, "maxBatteryForMonth": 10, "ratioPc": "noData"}