{"bought": 66.09, "sold": 89.59, "Time_string": "Last update at 08:55 - 07/11/2024", "produce": 0.343, "consumption": 0.128, "ratioPC": 0.05600000000000002, "maxBatteryPerDay": 8.75, "maxAtThisDay": 61.25, "batteryLevelPercentage": -0.09782080156308517, "buyPrice": 0.149072, "sellPrice": 0.1, "batteryLevel": -5.991524095738967, "maxBatteryForMonth": 100, "Temperature": 16.9, "ratioPc": "noData"}