{"bought": 46.79, "sold": 92.97, "Time_string": "Last update at 09:45 - 07/09/2024", "produce": 0.577, "consumption": 1.355, "ratioPC": 0.322, "maxBatteryPerDay": 8.75, "maxAtThisDay": 61.25, "batteryLevelPercentage": 0.2542993737583044, "buyPrice": 0.149072, "sellPrice": 0.1, "batteryLevel": 15.575836642696146, "maxBatteryForMonth": 100, "Temperature": 19.5, "ratioPc": "noData"}