{"bought": 278.65, "sold": 690.04, "Time_string": "Last update at 23:49 - 29/05/2024", "produce": 0.0, "consumption": 0.222, "ratioPC": -0.222, "maxBatteryPerDay": 8.75, "maxAtThisDay": 100, "batteryLevelPercentage": 1.8424041536975426, "buyPrice": 0.149072, "sellPrice": 0.1, "batteryLevel": 184.24041536975426, "maxBatteryForMonth": 100, "Temperature": 23.4, "ratioPc": "noData"}