{"bought": 314.06, "sold": 369.17, "Time_string": "Last update at 13:42 - 30/07/2023", "produce": 4.505, "consumption": 3.649, "buyPrice": 0.149072, "sellPrice": 0.1, "batteryLevel": -66.41456692068263, "maxBatteryPerDay": 8.75, "batteryLevelPercentage": -6.641456692068263, "maxAtThisDay": 10, "ratioPC": 0.8559999999999999, "maxBatteryForMonth": 10, "ratioPc": "noData"}