{"bought": 275.49, "sold": 309.8, "Time_string": "Last update at 11:54 - 24/10/2024", "produce": 3.233, "consumption": 0.096, "ratioPC": 3.379, "maxBatteryPerDay": 8.75, "maxAtThisDay": 100, "batteryLevelPercentage": -0.6767095953633142, "buyPrice": 0.149072, "sellPrice": 0.1, "batteryLevel": -67.67095953633142, "maxBatteryForMonth": 100, "Temperature": 21.8, "ratioPc": "noData"}