{"bought": 222.31, "sold": 120.27, "Time_string": "Last update at 09:42 - 22/01/2024", "produce": 0.625, "consumption": 0.294, "ratioPC": 0.267, "maxBatteryPerDay": 8.75, "maxAtThisDay": 100, "batteryLevelPercentage": -1.4163086508532792, "buyPrice": 0.149072, "sellPrice": 0.1, "batteryLevel": -141.6308650853279, "maxBatteryForMonth": 100, "Temperature": 8.0, "ratioPc": "noData"}