{"bought": 353.6, "sold": 217.58, "Time_string": "Last update at 10:46 - 27/08/2023", "produce": 2.107, "consumption": 0.897, "ratioPC": 1.2100000000000002, "maxBatteryPerDay": 8.75, "maxAtThisDay": 10, "batteryLevelPercentage": -20.764368358913817, "buyPrice": 0.149072, "sellPrice": 0.1, "batteryLevel": -207.64368358913816, "maxBatteryForMonth": 10, "Temperature": 22.8, "ratioPc": "noData"}