{"bought": 75.35, "sold": 316.54, "Time_string": "Last update at 13:40 - 18/09/2023", "produce": 4.211, "consumption": 0.055, "ratioPC": 4.156000000000001, "maxBatteryPerDay": 8.75, "maxAtThisDay": 10, "batteryLevelPercentage": 13.699034560480843, "buyPrice": 0.149072, "sellPrice": 0.1, "batteryLevel": 136.99034560480843, "maxBatteryForMonth": 10, "Temperature": 23.7, "ratioPc": "noData"}