{"bought": 11.05, "sold": 16.36, "Time_string": "Last update at 12:41 - 02/07/2023", "produce": 3.781, "consumption": 2.811, "buyPrice": 0.149072, "sellPrice": 0.1, "batteryLevel": -0.07543737254481186, "maxBatteryPerDay": 8.75, "batteryLevelPercentage": -0.004310707002560678, "maxAtThisDay": 17.5, "ratioPC": 0.9700000000000002, "maxBatteryForMonth": 100, "ratioPc": "noData"}