{"bought": 24.52, "sold": 33.68, "Time_string": "Last update at 21:27 - 03/08/2023", "produce": 0.025, "consumption": 1.177, "ratioPC": -1.1520000000000001, "maxBatteryPerDay": 8.75, "maxAtThisDay": 10, "batteryLevelPercentage": -0.19268906300311245, "buyPrice": 0.149072, "sellPrice": 0.1, "batteryLevel": -1.9268906300311244, "maxBatteryForMonth": 10, "Temperature": 31.1, "ratioPc": "noData"}