{"bought": 115.31, "sold": 283.92, "Time_string": "Last update at 12:35 - 20/10/2023", "produce": 4.507, "consumption": 1.123, "ratioPC": 3.3839999999999995, "maxBatteryPerDay": 8.75, "maxAtThisDay": 10, "batteryLevelPercentage": 7.514830202854998, "buyPrice": 0.149072, "sellPrice": 0.1, "batteryLevel": 75.14830202854998, "maxBatteryForMonth": 10, "Temperature": 19.6, "ratioPc": "noData"}