{"bought": 76.89, "sold": 121.62, "Time_string": "Last update at 14:31 - 09/11/2024", "produce": 4.568, "consumption": 0.587, "ratioPC": 1.0130000000000001, "maxBatteryPerDay": 8.75, "maxAtThisDay": 78.75, "batteryLevelPercentage": 0.059615715256801476, "buyPrice": 0.149072, "sellPrice": 0.1, "batteryLevel": 4.694737576473116, "maxBatteryForMonth": 100, "Temperature": 21.5, "ratioPc": "noData"}