{"bought": 195.06, "sold": 183.48, "Time_string": "Last update at 14:17 - 26/12/2023", "produce": 4.39, "consumption": 4.577, "ratioPC": -0.14800000000000058, "maxBatteryPerDay": 8.75, "maxAtThisDay": 100, "batteryLevelPercentage": -0.7197853600944513, "buyPrice": 0.149072, "sellPrice": 0.1, "batteryLevel": -71.97853600944512, "maxBatteryForMonth": 100, "Temperature": 12.3, "ratioPc": "noData"}