{"bought": 154.54, "sold": 289.22, "Time_string": "Last update at 02:28 - 18/06/2024", "produce": 0.0, "consumption": 0.123, "ratioPC": -0.164, "maxBatteryPerDay": 8.75, "maxAtThisDay": 100, "batteryLevelPercentage": 0.39473630997102105, "buyPrice": 0.149072, "sellPrice": 0.1, "batteryLevel": 39.473630997102106, "maxBatteryForMonth": 100, "Temperature": 19.0, "ratioPc": "noData"}