{"bought": 68.97, "sold": 112.41, "Time_string": "Last update at 13:42 - 08/11/2024", "produce": 0.715, "consumption": 0.391, "ratioPC": 0.778, "maxBatteryPerDay": 8.75, "maxAtThisDay": 70.0, "batteryLevelPercentage": 0.09195021389472394, "buyPrice": 0.149072, "sellPrice": 0.1, "batteryLevel": 6.436514972630675, "maxBatteryForMonth": 100, "Temperature": 20.7, "ratioPc": "noData"}