{"bought": 146.22, "sold": 354.04, "Time_string": "Last update at 09:10 - 23/06/2023", "produce": 0.269, "consumption": 0.14, "ratioPc": "noData", "buyPrice": 0.149072, "sellPrice": 0.1, "batteryLevel": 91.27597509928088, "maxBatteryPerDay": 8.75, "batteryLevelPercentage": 0.45354521788462554, "maxAtThisDay": 201.25, "ratioPC": 0.129}