{"bought": 129.38, "sold": 173.03, "Time_string": "Last update at 03:24 - 13/11/2024", "produce": 0.0, "consumption": 1.133, "ratioPC": -0.235, "maxBatteryPerDay": 8.75, "maxAtThisDay": 100, "batteryLevelPercentage": -0.13308571428571425, "buyPrice": 0.149072, "sellPrice": 0.1, "batteryLevel": -13.308571428571426, "maxBatteryForMonth": 100, "Temperature": 13.0, "ratioPc": "noData"}