{"bought": 92.56, "sold": 417.73, "Time_string": "Last update at 10:57 - 23/09/2023", "produce": 2.407, "consumption": 1.011, "ratioPC": 1.3960000000000001, "maxBatteryPerDay": 8.75, "maxAtThisDay": 10, "batteryLevelPercentage": 18.766029623269294, "buyPrice": 0.149072, "sellPrice": 0.1, "batteryLevel": 187.66029623269293, "maxBatteryForMonth": 10, "Temperature": 20.9, "ratioPc": "noData"}