{"bought": 125.56, "sold": 286.81, "Time_string": "Last update at 16:33 - 17/06/2024", "produce": 4.316, "consumption": 1.951, "ratioPC": 3.1420000000000003, "maxBatteryPerDay": 8.75, "maxAtThisDay": 100, "batteryLevelPercentage": 0.6683696254159063, "buyPrice": 0.149072, "sellPrice": 0.1, "batteryLevel": 66.83696254159062, "maxBatteryForMonth": 100, "Temperature": 33.0, "ratioPc": "noData"}