{"bought": 395.72, "sold": 371.46, "Time_string": "Last update at 13:57 - 31/10/2024", "produce": 1.058, "consumption": 0.321, "ratioPC": 1.0230000000000001, "maxBatteryPerDay": 8.75, "maxAtThisDay": 100, "batteryLevelPercentage": -1.4653839647955353, "buyPrice": 0.149072, "sellPrice": 0.1, "batteryLevel": -146.53839647955354, "maxBatteryForMonth": 100, "Temperature": 18.0, "ratioPc": "noData"}