{"bought": 324.87, "sold": 216.25, "Time_string": "Last update at 10:56 - 26/08/2023", "produce": 1.059, "consumption": 0.937, "ratioPC": 0.12199999999999989, "maxBatteryPerDay": 8.75, "maxAtThisDay": 10, "batteryLevelPercentage": -17.980586991520877, "buyPrice": 0.149072, "sellPrice": 0.1, "batteryLevel": -179.80586991520877, "maxBatteryForMonth": 10, "Temperature": 32.9, "ratioPc": "noData"}