{"bought": 271.47, "sold": 35.42, "Time_string": "Last update at 12:53 - 13/08/2024", "produce": 4.263, "consumption": 2.797, "ratioPC": 0.2360000000000002, "maxBatteryPerDay": 8.75, "maxAtThisDay": 100, "batteryLevelPercentage": -2.477096694214876, "buyPrice": 0.149072, "sellPrice": 0.1, "batteryLevel": -247.70966942148763, "maxBatteryForMonth": 100, "Temperature": 29.9, "ratioPc": "noData"}