{"bought": 325.61, "sold": 354.04, "Time_string": "Last update at 11:02 - 28/10/2024", "produce": 3.668, "consumption": 0.124, "ratioPC": 3.0189999999999997, "maxBatteryPerDay": 8.75, "maxAtThisDay": 100, "batteryLevelPercentage": -0.8811402490071913, "buyPrice": 0.149072, "sellPrice": 0.1, "batteryLevel": -88.11402490071913, "maxBatteryForMonth": 100, "Temperature": 15.0, "ratioPc": "noData"}