{"bought": 125.57, "sold": 316.83, "Time_string": "Last update at 18:55 - 20/06/2023", "produce": 1.03, "consumption": 4.025, "ratioPc": "noData", "buyPrice": 0.149072, "sellPrice": 0.1, "batteryLevel": 86.964882472899, "maxBatteryPerDay": 8.75, "batteryLevelPercentage": 0.4969421855594229, "maxAtThisDay": 175.0, "ratioPC": -2.995}