{"bought": 383.81, "sold": 296.39, "Time_string": "Last update at 14:45 - 31/08/2023", "produce": 4.664, "consumption": 3.697, "ratioPC": 0.9669999999999996, "maxBatteryPerDay": 8.75, "maxAtThisDay": 10, "batteryLevelPercentage": -18.498661264355484, "buyPrice": 0.149072, "sellPrice": 0.1, "batteryLevel": -184.98661264355482, "maxBatteryForMonth": 10, "Temperature": 32.8, "ratioPc": "noData"}