{"bought": 509.82, "sold": 79.05, "Time_string": "Last update at 11:50 - 23/08/2024", "produce": 3.203, "consumption": 2.552, "ratioPC": 2.8619999999999997, "maxBatteryPerDay": 8.75, "maxAtThisDay": 100, "batteryLevelPercentage": -4.567919330256521, "buyPrice": 0.149072, "sellPrice": 0.1, "batteryLevel": -456.79193302565204, "maxBatteryForMonth": 100, "Temperature": 27.7, "ratioPc": "noData"}