{"bought": 108.23, "sold": 269.04, "Time_string": "Last update at 05:50 - 18/06/2023", "produce": 0.0, "consumption": 0.098, "ratioPc": null, "buyPrice": 0.149072, "sellPrice": 0.1, "batteryLevel": 72.2465482451433, "maxBatteryPerDay": 8.75, "batteryLevelPercentage": 0.4587082428263067, "maxAtThisDay": 157.5, "ratioPC": -0.098}