{"bought": 124.35, "sold": 65.39, "Time_string": "Last update at 18:18 - 12/01/2024", "produce": 0.102, "consumption": 0.19, "ratioPC": -0.04299999999999998, "maxBatteryPerDay": 8.75, "maxAtThisDay": 100, "batteryLevelPercentage": -0.804852903295052, "buyPrice": 0.149072, "sellPrice": 0.1, "batteryLevel": -80.4852903295052, "maxBatteryForMonth": 100, "Temperature": 13.7, "ratioPc": "noData"}