{"bought": 235.46, "sold": 309.12, "Time_string": "Last update at 12:13 - 22/09/2024", "produce": 1.783, "consumption": 5.304, "ratioPC": -1.7329999999999997, "maxBatteryPerDay": 8.75, "maxAtThisDay": 100, "batteryLevelPercentage": -0.2809711495116454, "buyPrice": 0.149072, "sellPrice": 0.1, "batteryLevel": -28.097114951164542, "maxBatteryForMonth": 100, "Temperature": 23.4, "ratioPc": "noData"}