{"bought": 121.83, "sold": 215.75, "Time_string": "Last update at 03:51 - 14/09/2024", "produce": 0.0, "consumption": 0.191, "ratioPC": -0.124, "maxBatteryPerDay": 8.75, "maxAtThisDay": 100, "batteryLevelPercentage": 0.22898721691531634, "buyPrice": 0.149072, "sellPrice": 0.1, "batteryLevel": 22.898721691531634, "maxBatteryForMonth": 100, "Temperature": 21.1, "ratioPc": "noData"}