{"bought": 39.56, "sold": 54.48, "Time_string": "Last update at 18:26 - 05/08/2023", "produce": 3.015, "consumption": 1.849, "ratioPC": 1.1660000000000001, "maxBatteryPerDay": 8.75, "maxAtThisDay": 10, "batteryLevelPercentage": -0.30139014704303974, "buyPrice": 0.149072, "sellPrice": 0.1, "batteryLevel": -3.0139014704303975, "maxBatteryForMonth": 10, "Temperature": 38.0, "ratioPc": "noData"}