{"bought": 289.28, "sold": 692.05, "Time_string": "Last update at 15:37 - 30/05/2024", "produce": 4.563, "consumption": 3.625, "ratioPC": 0.09999999999999964, "maxBatteryPerDay": 8.75, "maxAtThisDay": 100, "batteryLevelPercentage": 1.7495875711065794, "buyPrice": 0.149072, "sellPrice": 0.1, "batteryLevel": 174.95875711065793, "maxBatteryForMonth": 100, "Temperature": 35.6, "ratioPc": "noData"}