{"bought": 177.44, "sold": 367.6, "Time_string": "Last update at 09:55 - 25/06/2023", "produce": 0.755, "consumption": 0.115, "ratioPc": "noData", "buyPrice": 0.149072, "sellPrice": 0.1, "batteryLevel": 69.15225072448214, "maxBatteryPerDay": 8.75, "batteryLevelPercentage": 0.3161245747404898, "maxAtThisDay": 218.75, "ratioPC": 0.64}