{"bought": 191.46, "sold": 441.61, "Time_string": "Last update at 09:25 - 20/05/2024", "produce": 0.383, "consumption": 0.163, "ratioPC": 0.172, "maxBatteryPerDay": 8.75, "maxAtThisDay": 100, "batteryLevelPercentage": 1.0477940109477297, "buyPrice": 0.149072, "sellPrice": 0.1, "batteryLevel": 104.77940109477296, "maxBatteryForMonth": 100, "Temperature": 14.8, "ratioPc": "noData"}