{"bought": 81.89, "sold": 127.92, "Time_string": "Last update at 10:26 - 10/11/2024", "produce": 1.833, "consumption": 0.315, "ratioPC": 1.4289999999999998, "maxBatteryPerDay": 8.75, "maxAtThisDay": 87.5, "batteryLevelPercentage": 0.04481009521765129, "buyPrice": 0.149072, "sellPrice": 0.1, "batteryLevel": 3.9208833315444878, "maxBatteryForMonth": 100, "Temperature": 17.4, "ratioPc": "noData"}