{"bought": 14.54, "sold": 13.08, "Time_string": "Last update at 16:13 - 02/09/2024", "produce": 4.607, "consumption": 2.81, "ratioPC": 1.1720000000000002, "maxBatteryPerDay": 8.75, "maxAtThisDay": 17.5, "batteryLevelPercentage": -0.329469510418743, "buyPrice": 0.149072, "sellPrice": 0.1, "batteryLevel": -5.765716432328002, "maxBatteryForMonth": 100, "Temperature": 33.2, "ratioPc": "noData"}