{"bought": 20.18, "sold": 27.84, "Time_string": "Last update at 11:16 - 03/07/2023", "produce": 2.647, "consumption": 0.327, "buyPrice": 0.149072, "sellPrice": 0.1, "batteryLevel": -1.5044606633036395, "maxBatteryPerDay": 8.75, "batteryLevelPercentage": -0.15044606633036395, "maxAtThisDay": 10, "ratioPC": 2.32, "maxBatteryForMonth": 10, "ratioPc": "noData"}