{"bought": 104.87, "sold": 127.23, "Time_string": "Last update at 21:09 - 10/06/2024", "produce": 0.113, "consumption": 0.3, "ratioPC": -0.05199999999999999, "maxBatteryPerDay": 8.75, "maxAtThisDay": 87.5, "batteryLevelPercentage": -0.22310834572747207, "buyPrice": 0.149072, "sellPrice": 0.1, "batteryLevel": -19.521980251153806, "maxBatteryForMonth": 100, "Temperature": 21.8, "ratioPc": "noData"}