{"bought": 51.75, "sold": 107.5, "Time_string": "Last update at 08:39 - 08/09/2024", "produce": 0.114, "consumption": 0.239, "ratioPC": -0.10200000000000001, "maxBatteryPerDay": 8.75, "maxAtThisDay": 70.0, "batteryLevelPercentage": 0.2908972078688726, "buyPrice": 0.149072, "sellPrice": 0.1, "batteryLevel": 20.36280455082108, "maxBatteryForMonth": 100, "Temperature": 16.3, "ratioPc": "noData"}