{"bought": 374.64, "sold": 287.62, "Time_string": "Last update at 17:52 - 30/08/2023", "produce": 3.137, "consumption": 4.269, "ratioPC": -1.1320000000000001, "maxBatteryPerDay": 8.75, "maxAtThisDay": 10, "batteryLevelPercentage": -18.169967586132877, "buyPrice": 0.149072, "sellPrice": 0.1, "batteryLevel": -181.69967586132876, "maxBatteryForMonth": 10, "Temperature": 34.1, "ratioPc": "noData"}