{"bought": 194.82, "sold": 500.37, "Time_string": "Last update at 21:08 - 21/05/2024", "produce": 0.076, "consumption": 0.231, "ratioPC": -0.11699999999999999, "maxBatteryPerDay": 8.75, "maxAtThisDay": 100, "batteryLevelPercentage": 1.4083659547064509, "buyPrice": 0.149072, "sellPrice": 0.1, "batteryLevel": 140.83659547064508, "maxBatteryForMonth": 100, "Temperature": 20.7, "ratioPc": "noData"}