{"bought": 20.81, "sold": 35.92, "Time_string": "Last update at 16:43 - 03/07/2023", "produce": 4.011, "consumption": 2.333, "buyPrice": 0.149072, "sellPrice": 0.1, "batteryLevel": 3.285738971772034, "maxBatteryPerDay": 8.75, "batteryLevelPercentage": 0.32857389717720337, "maxAtThisDay": 10, "ratioPC": 1.678, "maxBatteryForMonth": 10, "ratioPc": "noData"}