{"bought": 205.07, "sold": 374.79, "Time_string": "Last update at 20:30 - 26/06/2023", "produce": 0.308, "consumption": 2.848, "buyPrice": 0.149072, "sellPrice": 0.1, "batteryLevel": 46.34542341955569, "maxBatteryPerDay": 8.75, "batteryLevelPercentage": 0.46345423419555687, "maxAtThisDay": 100, "ratioPC": -2.54, "maxBatteryForMonth": 100, "ratioPc": "noData"}