{"bought": 61.08, "sold": 111.63, "Time_string": "Last update at 18:25 - 08/09/2024", "produce": 2.708, "consumption": 1.668, "ratioPC": 1.0850000000000002, "maxBatteryPerDay": 8.75, "maxAtThisDay": 70.0, "batteryLevelPercentage": 0.19718968398779485, "buyPrice": 0.149072, "sellPrice": 0.1, "batteryLevel": 13.80327787914564, "maxBatteryForMonth": 100, "Temperature": 28.6, "ratioPc": "noData"}