{"bought": 112.92, "sold": 119.27, "Time_string": "Last update at 11:15 - 17/12/2023", "produce": 3.049, "consumption": 4.549, "ratioPC": -0.2, "maxBatteryPerDay": 8.75, "maxAtThisDay": 100, "batteryLevelPercentage": -0.32911681871847165, "buyPrice": 0.149072, "sellPrice": 0.1, "batteryLevel": -32.911681871847165, "maxBatteryForMonth": 100, "Temperature": 10.5, "ratioPc": "noData"}