{"bought": 112.62, "sold": 182.67, "Time_string": "Last update at 11:31 - 13/06/2024", "produce": 3.095, "consumption": 0.23, "ratioPC": 2.81, "maxBatteryPerDay": 8.75, "maxAtThisDay": 100, "batteryLevelPercentage": 0.09918102393474271, "buyPrice": 0.149072, "sellPrice": 0.1, "batteryLevel": 9.918102393474271, "maxBatteryForMonth": 100, "Temperature": 24.1, "ratioPc": "noData"}