{"bought": 196.61, "sold": 500.5, "Time_string": "Last update at 09:35 - 22/05/2024", "produce": 0.487, "consumption": 0.165, "ratioPC": 0.251, "maxBatteryPerDay": 8.75, "maxAtThisDay": 100, "batteryLevelPercentage": 1.3913380165289255, "buyPrice": 0.149072, "sellPrice": 0.1, "batteryLevel": 139.13380165289254, "maxBatteryForMonth": 100, "Temperature": 16.8, "ratioPc": "noData"}