{"bought": 223.54, "sold": 257.11, "Time_string": "Last update at 15:15 - 21/10/2024", "produce": 4.62, "consumption": 0.237, "ratioPC": 4.405, "maxBatteryPerDay": 8.75, "maxAtThisDay": 100, "batteryLevelPercentage": -0.5106629601803155, "buyPrice": 0.149072, "sellPrice": 0.1, "batteryLevel": -51.06629601803155, "maxBatteryForMonth": 100, "Temperature": 25.0, "ratioPc": "noData"}