{"bought": 260.61, "sold": 337.88, "Time_string": "Last update at 15:34 - 24/09/2024", "produce": 6.0, "consumption": 3.356, "ratioPC": 0.5020000000000002, "maxBatteryPerDay": 8.75, "maxAtThisDay": 100, "batteryLevelPercentage": -0.3395442417087045, "buyPrice": 0.149072, "sellPrice": 0.1, "batteryLevel": -33.95442417087045, "maxBatteryForMonth": 100, "Temperature": 26.0, "ratioPc": "noData"}