{"bought": 350.92, "sold": 57.5, "Time_string": "Last update at 08:53 - 18/08/2024", "produce": 0.152, "consumption": 0.353, "ratioPC": -0.025999999999999995, "maxBatteryPerDay": 8.75, "maxAtThisDay": 100, "batteryLevelPercentage": -3.1234803477514226, "buyPrice": 0.149072, "sellPrice": 0.1, "batteryLevel": -312.34803477514225, "maxBatteryForMonth": 100, "Temperature": 24.6, "ratioPc": "noData"}