{"bought": 89.69, "sold": 135.96, "Time_string": "Last update at 11:51 - 10/10/2024", "produce": 3.125, "consumption": 0.054, "ratioPC": 2.992, "maxBatteryPerDay": 8.75, "maxAtThisDay": 87.5, "batteryLevelPercentage": 0.01730571765896457, "buyPrice": 0.149072, "sellPrice": 0.1, "batteryLevel": 1.5142502951593997, "maxBatteryForMonth": 100, "Temperature": 18.8, "ratioPc": "noData"}