{"bought": 298.51, "sold": 700.82, "Time_string": "Last update at 20:44 - 31/05/2024", "produce": 0.153, "consumption": 0.222, "ratioPC": -0.04600000000000001, "maxBatteryPerDay": 8.75, "maxAtThisDay": 100, "batteryLevelPercentage": 1.7161182032843192, "buyPrice": 0.149072, "sellPrice": 0.1, "batteryLevel": 171.61182032843192, "maxBatteryForMonth": 100, "Temperature": 29.5, "ratioPc": "noData"}