{"bought": 211.63, "sold": 578.88, "Time_string": "Last update at 17:49 - 24/05/2024", "produce": 3.297, "consumption": 5.509, "ratioPC": -1.9710000000000005, "maxBatteryPerDay": 8.75, "maxAtThisDay": 100, "batteryLevelPercentage": 1.7669242138027261, "buyPrice": 0.149072, "sellPrice": 0.1, "batteryLevel": 176.6924213802726, "maxBatteryForMonth": 100, "Temperature": 30.2, "ratioPc": "noData"}