{"bought": 165.92, "sold": 155.52, "Time_string": "Last update at 12:50 - 23/12/2023", "produce": 4.261, "consumption": 0.384, "ratioPC": 2.7809999999999997, "maxBatteryPerDay": 8.75, "maxAtThisDay": 100, "batteryLevelPercentage": -0.6159457336052375, "buyPrice": 0.149072, "sellPrice": 0.1, "batteryLevel": -61.59457336052375, "maxBatteryForMonth": 100, "Temperature": 13.7, "ratioPc": "noData"}