{"bought": 226.78, "sold": 320.14, "Time_string": "Last update at 07:35 - 20/06/2024", "produce": 0.063, "consumption": 0.163, "ratioPC": -0.126, "maxBatteryPerDay": 8.75, "maxAtThisDay": 100, "batteryLevelPercentage": -0.12024713963722235, "buyPrice": 0.149072, "sellPrice": 0.1, "batteryLevel": -12.024713963722235, "maxBatteryForMonth": 100, "Temperature": 13.6, "ratioPc": "noData"}