{"bought": 164.69, "sold": 341.1, "Time_string": "Last update at 08:20 - 16/05/2024", "produce": 0.143, "consumption": 0.127, "ratioPC": -0.012999999999999998, "maxBatteryPerDay": 8.75, "maxAtThisDay": 100, "batteryLevelPercentage": 0.6412560588172161, "buyPrice": 0.149072, "sellPrice": 0.1, "batteryLevel": 64.12560588172161, "maxBatteryForMonth": 100, "Temperature": 11.7, "ratioPc": "noData"}