{"bought": 218.65, "sold": 377.16, "Time_string": "Last update at 15:09 - 27/06/2023", "produce": 4.008, "consumption": 5.398, "buyPrice": 0.149072, "sellPrice": 0.1, "batteryLevel": 34.355259203606295, "maxBatteryPerDay": 8.75, "batteryLevelPercentage": 0.3435525920360629, "maxAtThisDay": 100, "ratioPC": -1.3899999999999997, "maxBatteryForMonth": 100, "ratioPc": "noData"}