{"bought": 122.49, "sold": 246.95, "Time_string": "Last update at 07:23 - 16/06/2024", "produce": 0.034, "consumption": 0.165, "ratioPC": -0.10800000000000001, "maxBatteryPerDay": 8.75, "maxAtThisDay": 100, "batteryLevelPercentage": 0.431682054309327, "buyPrice": 0.149072, "sellPrice": 0.1, "batteryLevel": 43.1682054309327, "maxBatteryForMonth": 100, "Temperature": 16.4, "ratioPc": "noData"}