{"bought": 203.11, "sold": 374.79, "Time_string": "Last update at 19:47 - 26/06/2023", "produce": 1.148, "consumption": 2.813, "buyPrice": 0.149072, "sellPrice": 0.1, "batteryLevel": 48.305423419555666, "maxBatteryPerDay": 8.75, "batteryLevelPercentage": 0.48305423419555665, "maxAtThisDay": 100, "ratioPC": -1.6650000000000003, "maxBatteryForMonth": 100, "ratioPc": "noData"}