{"bought": 208.47, "sold": 374.79, "Time_string": "Last update at 03:15 - 27/06/2023", "produce": 0.0, "consumption": 0.096, "buyPrice": 0.149072, "sellPrice": 0.1, "batteryLevel": 42.94542341955568, "maxBatteryPerDay": 8.75, "batteryLevelPercentage": 0.4294542341955568, "maxAtThisDay": 100, "ratioPC": -0.096, "maxBatteryForMonth": 100, "ratioPc": "noData"}