{"bought": 71.56, "sold": 240.91, "Time_string": "Last update at 11:53 - 15/06/2023", "produce": 0.0, "consumption": 0.0, "ratioPc": null, "buyPrice": 0.149072, "sellPrice": 0.1, "batteryLevel": 90.04647204035632, "maxBatteryPerDay": 8.75, "batteryLevelPercentage": 0.6860683584027149, "maxAtThisDay": 131.25, "ratioPC": 0.0}