{"bought": 107.66, "sold": 276.86, "Time_string": "Last update at 17:13 - 13/05/2024", "produce": 3.885, "consumption": 0.879, "ratioPC": 1.3670000000000004, "maxBatteryPerDay": 8.75, "maxAtThisDay": 100, "batteryLevelPercentage": 0.7806233551572396, "buyPrice": 0.149072, "sellPrice": 0.1, "batteryLevel": 78.06233551572396, "maxBatteryForMonth": 100, "Temperature": 29.6, "ratioPc": "noData"}