{"bought": 264.48, "sold": 208.81, "Time_string": "Last update at 18:02 - 23/08/2023", "produce": 2.93, "consumption": 3.685, "ratioPC": -0.7549999999999999, "maxBatteryPerDay": 8.75, "maxAtThisDay": 10, "batteryLevelPercentage": -12.440674680691211, "buyPrice": 0.149072, "sellPrice": 0.1, "batteryLevel": -124.40674680691211, "maxBatteryForMonth": 10, "Temperature": 40.0, "ratioPc": "noData"}