{"bought": 140.35, "sold": 352.67, "Time_string": "Last update at 12:22 - 25/10/2023", "produce": 1.224, "consumption": 1.43, "ratioPC": -0.20599999999999996, "maxBatteryPerDay": 8.75, "maxAtThisDay": 10, "batteryLevelPercentage": 9.622695610174949, "buyPrice": 0.149072, "sellPrice": 0.1, "batteryLevel": 96.2269561017495, "maxBatteryForMonth": 10, "Temperature": 21.4, "ratioPc": "noData"}