{"bought": 231.05, "sold": 307.36, "Time_string": "Last update at 16:01 - 23/10/2024", "produce": 4.123, "consumption": 6.966, "ratioPC": -2.5870000000000006, "maxBatteryPerDay": 8.75, "maxAtThisDay": 100, "batteryLevelPercentage": -0.24867752495438453, "buyPrice": 0.149072, "sellPrice": 0.1, "batteryLevel": -24.867752495438452, "maxBatteryForMonth": 100, "Temperature": 26.0, "ratioPc": "noData"}