{"bought": 216.19, "sold": 580.63, "Time_string": "Last update at 06:23 - 25/05/2024", "produce": 0.0, "consumption": 0.155, "ratioPC": -0.158, "maxBatteryPerDay": 8.75, "maxAtThisDay": 100, "batteryLevelPercentage": 1.7330635075668135, "buyPrice": 0.149072, "sellPrice": 0.1, "batteryLevel": 173.30635075668135, "maxBatteryForMonth": 100, "Temperature": 14.0, "ratioPc": "noData"}