{"bought": 28.52, "sold": 40.16, "Time_string": "Last update at 14:58 - 04/08/2023", "produce": 4.5902, "consumption": 6.305, "ratioPC": -1.7147999999999994, "maxBatteryPerDay": 8.75, "maxAtThisDay": 10, "batteryLevelPercentage": -0.1579997853386285, "buyPrice": 0.149072, "sellPrice": 0.1, "batteryLevel": -1.5799978533862848, "maxBatteryForMonth": 10, "Temperature": 35.0, "ratioPc": "noData"}