{"bought": 236.06, "sold": 198.27, "Time_string": "Last update at 20:44 - 21/08/2023", "produce": 0.099, "consumption": 2.553, "ratioPC": -2.4539999999999997, "maxBatteryPerDay": 8.75, "maxAtThisDay": 10, "batteryLevelPercentage": -10.305715573682516, "buyPrice": 0.149072, "sellPrice": 0.1, "batteryLevel": -103.05715573682517, "maxBatteryForMonth": 10, "Temperature": 35.8, "ratioPc": "noData"}