{"bought": 215.89, "sold": 192.69, "Time_string": "Last update at 15:33 - 27/12/2023", "produce": 2.735, "consumption": 4.633, "ratioPC": -0.7349999999999999, "maxBatteryPerDay": 8.75, "maxAtThisDay": 100, "batteryLevelPercentage": -0.8663031340560263, "buyPrice": 0.149072, "sellPrice": 0.1, "batteryLevel": -86.63031340560264, "maxBatteryForMonth": 100, "Temperature": 15.6, "ratioPc": "noData"}