{"bought": 23.83, "sold": 1.54, "Time_string": "Last update at 13:14 - 02/01/2024", "produce": 4.109, "consumption": 5.974, "ratioPC": 0.6779999999999995, "maxBatteryPerDay": 8.75, "maxAtThisDay": 17.5, "batteryLevelPercentage": -1.3026824085005904, "buyPrice": 0.149072, "sellPrice": 0.1, "batteryLevel": -22.79694214876033, "maxBatteryForMonth": 100, "Temperature": 16.2, "ratioPc": "noData"}