{"bought": 150.18, "sold": 73.87, "Time_string": "Last update at 15:57 - 15/01/2024", "produce": 0.463, "consumption": 0.982, "ratioPC": -0.5780000000000001, "maxBatteryPerDay": 8.75, "maxAtThisDay": 100, "batteryLevelPercentage": -1.0062676397982184, "buyPrice": 0.149072, "sellPrice": 0.1, "batteryLevel": -100.62676397982185, "maxBatteryForMonth": 100, "Temperature": 20.0, "ratioPc": "noData"}