{"bought": 233.05, "sold": 344.96, "Time_string": "Last update at 03:33 - 21/06/2024", "produce": 0.0, "consumption": 0.158, "ratioPC": -0.162, "maxBatteryPerDay": 8.75, "maxAtThisDay": 100, "batteryLevelPercentage": -0.016450413223140573, "buyPrice": 0.149072, "sellPrice": 0.1, "batteryLevel": -1.6450413223140572, "maxBatteryForMonth": 100, "Temperature": 15.4, "ratioPc": "noData"}