{"bought": 50.04, "sold": 132.84, "Time_string": "Last update at 15:53 - 09/10/2023", "produce": 4.526, "consumption": 1.671, "ratioPC": 2.8549999999999995, "maxBatteryPerDay": 8.75, "maxAtThisDay": 10, "batteryLevelPercentage": 3.907130192121928, "buyPrice": 0.149072, "sellPrice": 0.1, "batteryLevel": 39.07130192121928, "maxBatteryForMonth": 10, "Temperature": 31.9, "ratioPc": "noData"}