{"bought": 199.95, "sold": 257.34, "Time_string": "Last update at 16:35 - 17/09/2024", "produce": 4.304, "consumption": 1.494, "ratioPC": 0.20999999999999996, "maxBatteryPerDay": 8.75, "maxAtThisDay": 100, "batteryLevelPercentage": -0.2732200815713213, "buyPrice": 0.149072, "sellPrice": 0.1, "batteryLevel": -27.32200815713213, "maxBatteryForMonth": 100, "Temperature": 29.0, "ratioPc": "noData"}