{"bought": 635.92, "sold": 97.33, "Time_string": "Last update at 18:18 - 28/08/2024", "produce": 2.539, "consumption": 2.862, "ratioPC": -0.12700000000000022, "maxBatteryPerDay": 8.75, "maxAtThisDay": 100, "batteryLevelPercentage": -5.706294021680799, "buyPrice": 0.149072, "sellPrice": 0.1, "batteryLevel": -570.6294021680799, "maxBatteryForMonth": 100, "Temperature": 30.7, "ratioPc": "noData"}