{"bought": 99.21, "sold": 258.02, "Time_string": "Last update at 11:00 - 17/06/2023", "produce": 2.434, "consumption": 3.814, "ratioPc": null, "buyPrice": 0.149072, "sellPrice": 0.1, "batteryLevel": 73.87414725770095, "maxBatteryPerDay": 8.75, "batteryLevelPercentage": 0.49663292274084675, "maxAtThisDay": 148.75, "ratioPC": -1.38}