{"bought": 326.37, "sold": 366.11, "Time_string": "Last update at 18:02 - 28/10/2024", "produce": 0.132, "consumption": 0.328, "ratioPC": -0.11400000000000002, "maxBatteryPerDay": 8.75, "maxAtThisDay": 100, "batteryLevelPercentage": -0.8077726628743156, "buyPrice": 0.149072, "sellPrice": 0.1, "batteryLevel": -80.77726628743156, "maxBatteryForMonth": 100, "Temperature": 18.0, "ratioPc": "noData"}