{"bought": 200.44, "sold": 374.29, "Time_string": "Last update at 16:17 - 26/06/2023", "produce": 4.362, "consumption": 5.294, "buyPrice": 0.149072, "sellPrice": 0.1, "batteryLevel": 50.64001502629603, "maxBatteryPerDay": 8.75, "batteryLevelPercentage": 0.5064001502629603, "maxAtThisDay": 100, "ratioPC": -0.9319999999999995, "maxBatteryForMonth": 100, "ratioPc": "noData"}