{"bought": 103.34, "sold": 215.75, "Time_string": "Last update at 16:56 - 13/09/2024", "produce": 3.647, "consumption": 6.296, "ratioPC": -2.551, "maxBatteryPerDay": 8.75, "maxAtThisDay": 100, "batteryLevelPercentage": 0.41388721691531627, "buyPrice": 0.149072, "sellPrice": 0.1, "batteryLevel": 41.38872169153163, "maxBatteryForMonth": 100, "Temperature": 34.9, "ratioPc": "noData"}