{"bought": 139.02, "sold": 89.81, "Time_string": "Last update at 18:08 - 12/08/2023", "produce": 3.16, "consumption": 3.49, "ratioPC": -0.33000000000000007, "maxBatteryPerDay": 8.75, "maxAtThisDay": 10, "batteryLevelPercentage": -7.877394440270476, "buyPrice": 0.149072, "sellPrice": 0.1, "batteryLevel": -78.77394440270476, "maxBatteryForMonth": 10, "Temperature": 39.9, "ratioPc": "noData"}