{"bought": 109.98, "sold": 167.24, "Time_string": "Last update at 15:08 - 12/06/2024", "produce": 4.931, "consumption": 0.19, "ratioPC": 4.534, "maxBatteryPerDay": 8.75, "maxAtThisDay": 100, "batteryLevelPercentage": 0.022073993774820052, "buyPrice": 0.149072, "sellPrice": 0.1, "batteryLevel": 2.2073993774820053, "maxBatteryForMonth": 100, "Temperature": 29.1, "ratioPc": "noData"}