{"bought": 104.81, "sold": 111.54, "Time_string": "Last update at 14:05 - 10/06/2024", "produce": 2.217, "consumption": 0.183, "ratioPC": 1.629, "maxBatteryPerDay": 8.75, "maxAtThisDay": 87.5, "batteryLevelPercentage": -0.3427096643616124, "buyPrice": 0.149072, "sellPrice": 0.1, "batteryLevel": -29.987095631641083, "maxBatteryForMonth": 100, "Temperature": 27.0, "ratioPc": "noData"}