{"bought": 158.46, "sold": 421.11, "Time_string": "Last update at 15:11 - 29/10/2023", "produce": 3.159, "consumption": 2.525, "ratioPC": 0.6339999999999999, "maxBatteryPerDay": 8.75, "maxAtThisDay": 10, "batteryLevelPercentage": 12.402765697112804, "buyPrice": 0.149072, "sellPrice": 0.1, "batteryLevel": 124.02765697112804, "maxBatteryForMonth": 10, "Temperature": 21.8, "ratioPc": "noData"}