{"bought": 80.94, "sold": 126.41, "Time_string": "Last update at 04:50 - 10/11/2024", "produce": 0.0, "consumption": 0.202, "ratioPC": -0.198, "maxBatteryPerDay": 8.75, "maxAtThisDay": 87.5, "batteryLevelPercentage": 0.04409085695886168, "buyPrice": 0.149072, "sellPrice": 0.1, "batteryLevel": 3.8579499839003972, "maxBatteryForMonth": 100, "Temperature": 14.0, "ratioPc": "noData"}