{"bought": 80.37, "sold": 67.98, "Time_string": "Last update at 12:58 - 08/08/2023", "produce": 1.823, "consumption": 3.628, "ratioPC": -1.8050000000000002, "maxBatteryPerDay": 8.75, "maxAtThisDay": 10, "batteryLevelPercentage": -3.4767874852420304, "buyPrice": 0.149072, "sellPrice": 0.1, "batteryLevel": -34.767874852420306, "maxBatteryForMonth": 10, "Temperature": 34.9, "ratioPc": "noData"}