{"bought": 99.58, "sold": 147.77, "Time_string": "Last update at 20:31 - 11/07/2023", "produce": 0.334, "consumption": 4.566, "buyPrice": 0.149072, "sellPrice": 0.1, "batteryLevel": -0.4534034560480791, "maxBatteryPerDay": 8.75, "batteryLevelPercentage": -0.04534034560480791, "maxAtThisDay": 10, "ratioPC": -4.232, "maxBatteryForMonth": 10, "ratioPc": "noData"}