{"bought": 277.58, "sold": 308.32, "Time_string": "Last update at 10:48 - 26/07/2023", "produce": 2.086, "consumption": 0.76, "buyPrice": 0.149072, "sellPrice": 0.1, "batteryLevel": -70.75376838037994, "maxBatteryPerDay": 8.75, "batteryLevelPercentage": -7.075376838037994, "maxAtThisDay": 10, "ratioPC": 1.3259999999999998, "maxBatteryForMonth": 10, "ratioPc": "noData"}