{"bought": 159.94, "sold": 299.35, "Time_string": "Last update at 19:52 - 18/06/2024", "produce": 1.38, "consumption": 7.695, "ratioPC": -4.442, "maxBatteryPerDay": 8.75, "maxAtThisDay": 100, "batteryLevelPercentage": 0.40869005044542234, "buyPrice": 0.149072, "sellPrice": 0.1, "batteryLevel": 40.869005044542234, "maxBatteryForMonth": 100, "Temperature": 22.1, "ratioPc": "noData"}