{"bought": 107.66, "sold": 266.0, "Time_string": "Last update at 14:23 - 13/05/2024", "produce": 4.368, "consumption": 0.206, "ratioPC": 4.768, "maxBatteryPerDay": 8.75, "maxAtThisDay": 100, "batteryLevelPercentage": 0.7077726521412473, "buyPrice": 0.149072, "sellPrice": 0.1, "batteryLevel": 70.77726521412472, "maxBatteryForMonth": 100, "Temperature": 29.4, "ratioPc": "noData"}