{"bought": 42.65, "sold": 53.38, "Time_string": "Last update at 12:02 - 05/07/2023", "produce": 3.575, "consumption": 1.977, "buyPrice": 0.149072, "sellPrice": 0.1, "batteryLevel": -6.8417999356015855, "maxBatteryPerDay": 8.75, "batteryLevelPercentage": -0.6841799935601586, "maxAtThisDay": 10, "ratioPC": 1.598, "maxBatteryForMonth": 10, "ratioPc": "noData"}