{"bought": 153.94, "sold": 95.16, "Time_string": "Last update at 18:10 - 13/08/2023", "produce": 3.269, "consumption": 3.665, "ratioPC": -0.3959999999999999, "maxBatteryPerDay": 8.75, "maxAtThisDay": 10, "batteryLevelPercentage": -9.010507459482666, "buyPrice": 0.149072, "sellPrice": 0.1, "batteryLevel": -90.10507459482666, "maxBatteryForMonth": 10, "Temperature": 35.8, "ratioPc": "noData"}