{"bought": 31.04, "sold": 109.98, "Time_string": "Last update at 15:58 - 07/09/2023", "produce": 1.36, "consumption": 0.9606, "ratioPC": 0.3994000000000001, "maxBatteryPerDay": 8.75, "maxAtThisDay": 10, "batteryLevelPercentage": 4.273643018138886, "buyPrice": 0.149072, "sellPrice": 0.1, "batteryLevel": 42.73643018138886, "maxBatteryForMonth": 10, "Temperature": 30.0, "ratioPc": "noData"}