{"bought": 298.33, "sold": 395.07, "Time_string": "Last update at 18:42 - 27/09/2024", "produce": 1.877, "consumption": 0.113, "ratioPC": 2.0269999999999997, "maxBatteryPerDay": 8.75, "maxAtThisDay": 100, "batteryLevelPercentage": -0.3331041214983361, "buyPrice": 0.149072, "sellPrice": 0.1, "batteryLevel": -33.31041214983361, "maxBatteryForMonth": 100, "Temperature": 25.3, "ratioPc": "noData"}