{"bought": 41.18, "sold": 86.33, "Time_string": "Last update at 16:50 - 06/09/2024", "produce": 4.097, "consumption": 1.535, "ratioPC": 2.6689999999999996, "maxBatteryPerDay": 8.75, "maxAtThisDay": 52.5, "batteryLevelPercentage": 0.31869739390872803, "buyPrice": 0.149072, "sellPrice": 0.1, "batteryLevel": 16.73161318020822, "maxBatteryForMonth": 100, "Temperature": 30.8, "ratioPc": "noData"}