{"bought": 69.25, "sold": 116.34, "Time_string": "Last update at 17:54 - 08/11/2024", "produce": 0.139, "consumption": 0.241, "ratioPC": 0.0050000000000000044, "maxBatteryPerDay": 8.75, "maxAtThisDay": 70.0, "batteryLevelPercentage": 0.12561178490930547, "buyPrice": 0.149072, "sellPrice": 0.1, "batteryLevel": 8.792824943651382, "maxBatteryForMonth": 100, "Temperature": 19.1, "ratioPc": "noData"}