{"bought": 231.47, "sold": 379.0, "Time_string": "Last update at 08:29 - 28/06/2023", "produce": 0.356, "consumption": 0.238, "buyPrice": 0.149072, "sellPrice": 0.1, "batteryLevel": 22.76956209080174, "maxBatteryPerDay": 8.75, "batteryLevelPercentage": 0.22769562090801743, "maxAtThisDay": 100, "ratioPC": 0.118, "maxBatteryForMonth": 100, "ratioPc": "noData"}