{"bought": 218.37, "sold": 375.79, "Time_string": "Last update at 13:34 - 27/06/2023", "produce": 4.324, "consumption": 3.3, "buyPrice": 0.149072, "sellPrice": 0.1, "batteryLevel": 33.7162402060749, "maxBatteryPerDay": 8.75, "batteryLevelPercentage": 0.337162402060749, "maxAtThisDay": 100, "ratioPC": 1.024, "maxBatteryForMonth": 100, "ratioPc": "noData"}