{"bought": 86.61, "sold": 256.22, "Time_string": "Last update at 14:47 - 16/06/2023", "produce": 4.841, "consumption": 3.74, "ratioPc": null, "buyPrice": 0.149072, "sellPrice": 0.1, "batteryLevel": 85.2666770419663, "maxBatteryPerDay": 8.75, "batteryLevelPercentage": 0.6090476931569022, "maxAtThisDay": 140.0, "ratioPC": 1.101}