{"bought": 157.98, "sold": 362.97, "Time_string": "Last update at 01:55 - 24/06/2023", "produce": 0.0, "consumption": 0.122, "ratioPc": "noData", "buyPrice": 0.149072, "sellPrice": 0.1, "batteryLevel": 85.50636900289794, "maxBatteryPerDay": 8.75, "batteryLevelPercentage": 0.4071731857280854, "maxAtThisDay": 210.0, "ratioPC": -0.122}