{"bought": 258.79, "sold": 290.02, "Time_string": "Last update at 18:22 - 24/07/2023", "produce": 3.08, "consumption": 3.3, "buyPrice": 0.149072, "sellPrice": 0.1, "batteryLevel": -64.23971557368256, "maxBatteryPerDay": 8.75, "batteryLevelPercentage": -6.423971557368256, "maxAtThisDay": 10, "ratioPC": -0.21999999999999975, "maxBatteryForMonth": 10, "ratioPc": "noData"}