{"bought": 152.12, "sold": 243.21, "Time_string": "Last update at 13:38 - 16/09/2024", "produce": 4.25, "consumption": 1.729, "ratioPC": 2.5710000000000006, "maxBatteryPerDay": 8.75, "maxAtThisDay": 100, "batteryLevelPercentage": 0.11029350649350647, "buyPrice": 0.149072, "sellPrice": 0.1, "batteryLevel": 11.029350649350647, "maxBatteryForMonth": 100, "Temperature": 31.3, "ratioPc": "noData"}