{"bought": 175.0, "sold": 136.75, "Time_string": "Last update at 18:46 - 16/08/2023", "produce": 2.487, "consumption": 2.88, "ratioPC": -0.3929999999999998, "maxBatteryPerDay": 8.75, "maxAtThisDay": 10, "batteryLevelPercentage": -8.32658044434904, "buyPrice": 0.149072, "sellPrice": 0.1, "batteryLevel": -83.2658044434904, "maxBatteryForMonth": 10, "Temperature": 34.2, "ratioPc": "noData"}