{"bought": 231.48, "sold": 381.08, "Time_string": "Last update at 11:41 - 28/06/2023", "produce": 2.54, "consumption": 1.049, "buyPrice": 0.149072, "sellPrice": 0.1, "batteryLevel": 24.15486100676182, "maxBatteryPerDay": 8.75, "batteryLevelPercentage": 0.24154861006761819, "maxAtThisDay": 100, "ratioPC": 1.491, "maxBatteryForMonth": 100, "ratioPc": "noData"}