{"bought": 57.6, "sold": 105.54, "Time_string": "Last update at 17:09 - 07/07/2023", "produce": 4.217, "consumption": 1.15, "buyPrice": 0.149072, "sellPrice": 0.1, "batteryLevel": 13.198003649243326, "maxBatteryPerDay": 8.75, "batteryLevelPercentage": 1.3198003649243326, "maxAtThisDay": 10, "ratioPC": 3.0669999999999997, "maxBatteryForMonth": 10, "ratioPc": "noData"}