{"bought": 211.52, "sold": 184.88, "Time_string": "Last update at 10:47 - 27/12/2023", "produce": 2.064, "consumption": 0.4, "ratioPC": 1.5219999999999998, "maxBatteryPerDay": 8.75, "maxAtThisDay": 100, "batteryLevelPercentage": -0.8749939250831815, "buyPrice": 0.149072, "sellPrice": 0.1, "batteryLevel": -87.49939250831815, "maxBatteryForMonth": 100, "Temperature": 6.3, "ratioPc": "noData"}