{"bought": 96.0, "sold": 139.38, "Time_string": "Last update at 11:09 - 11/07/2023", "produce": 2.313, "consumption": 0.961, "buyPrice": 0.149072, "sellPrice": 0.1, "batteryLevel": -2.50155629494472, "maxBatteryPerDay": 8.75, "batteryLevelPercentage": -0.250155629494472, "maxAtThisDay": 10, "ratioPC": 1.3520000000000003, "maxBatteryForMonth": 10, "ratioPc": "noData"}