{"bought": 69.32, "sold": 116.34, "Time_string": "Last update at 18:17 - 08/11/2024", "produce": 0.019, "consumption": 0.245, "ratioPC": -0.208, "maxBatteryPerDay": 8.75, "maxAtThisDay": 70.0, "batteryLevelPercentage": 0.12461178490930556, "buyPrice": 0.149072, "sellPrice": 0.1, "batteryLevel": 8.72282494365139, "maxBatteryForMonth": 100, "Temperature": 18.7, "ratioPc": "noData"}