{"bought": 234.0, "sold": 307.36, "Time_string": "Last update at 16:59 - 23/10/2024", "produce": 3.705, "consumption": 7.057, "ratioPC": -3.7880000000000003, "maxBatteryPerDay": 8.75, "maxAtThisDay": 100, "batteryLevelPercentage": -0.2781775249543844, "buyPrice": 0.149072, "sellPrice": 0.1, "batteryLevel": -27.81775249543844, "maxBatteryForMonth": 100, "Temperature": 26.0, "ratioPc": "noData"}