{"bought": 133.83, "sold": 146.29, "Time_string": "Last update at 18:55 - 12/10/2024", "produce": 0.112, "consumption": 0.101, "ratioPC": 0.022999999999999993, "maxBatteryPerDay": 8.75, "maxAtThisDay": 100, "batteryLevelPercentage": -0.3569621230009662, "buyPrice": 0.149072, "sellPrice": 0.1, "batteryLevel": -35.69621230009662, "maxBatteryForMonth": 100, "Temperature": 19.0, "ratioPc": "noData"}