{"bought": 281.73, "sold": 351.21, "Time_string": "Last update at 08:18 - 26/09/2024", "produce": 0.0, "consumption": 0.163, "ratioPC": -0.269, "maxBatteryPerDay": 8.75, "maxAtThisDay": 100, "batteryLevelPercentage": -0.46132436406568644, "buyPrice": 0.149072, "sellPrice": 0.1, "batteryLevel": -46.132436406568644, "maxBatteryForMonth": 100, "Temperature": 18.3, "ratioPc": "noData"}