{"bought": 139.06, "sold": 139.61, "Time_string": "Last update at 17:07 - 20/12/2023", "produce": 0.457, "consumption": 0.299, "ratioPC": 0.128, "maxBatteryPerDay": 8.75, "maxAtThisDay": 100, "batteryLevelPercentage": -0.45407268434045295, "buyPrice": 0.149072, "sellPrice": 0.1, "batteryLevel": -45.40726843404529, "maxBatteryForMonth": 100, "Temperature": 10.9, "ratioPc": "noData"}