{"bought": 48.66, "sold": 55.87, "Time_string": "Last update at 11:51 - 06/08/2023", "produce": 3.228, "consumption": 3.924, "ratioPC": -0.6959999999999997, "maxBatteryPerDay": 8.75, "maxAtThisDay": 10, "batteryLevelPercentage": -1.118146613716862, "buyPrice": 0.149072, "sellPrice": 0.1, "batteryLevel": -11.18146613716862, "maxBatteryForMonth": 10, "Temperature": 34.5, "ratioPc": "noData"}