{"bought": 88.86, "sold": 132.92, "Time_string": "Last update at 05:46 - 10/10/2024", "produce": 0.0, "consumption": 0.151, "ratioPC": -0.151, "maxBatteryPerDay": 8.75, "maxAtThisDay": 87.5, "batteryLevelPercentage": 0.003485340161609299, "buyPrice": 0.149072, "sellPrice": 0.1, "batteryLevel": 0.30496726414081365, "maxBatteryForMonth": 100, "Temperature": 14.2, "ratioPc": "noData"}