{"bought": 171.19, "sold": 367.2, "Time_string": "Last update at 02:31 - 25/06/2023", "produce": 0.0, "consumption": 0.094, "ratioPc": "noData", "buyPrice": 0.149072, "sellPrice": 0.1, "batteryLevel": 75.13392400987439, "maxBatteryPerDay": 8.75, "batteryLevelPercentage": 0.3434693669022829, "maxAtThisDay": 218.75, "ratioPC": -0.094}