{"bought": 218.19, "sold": 294.05, "Time_string": "Last update at 18:53 - 20/09/2024", "produce": 0.594, "consumption": 0.202, "ratioPC": 0.531, "maxBatteryPerDay": 8.75, "maxAtThisDay": 100, "batteryLevelPercentage": -0.20936323924009884, "buyPrice": 0.149072, "sellPrice": 0.1, "batteryLevel": -20.936323924009884, "maxBatteryForMonth": 100, "Temperature": 24.2, "ratioPc": "noData"}