{"bought": 266.45, "sold": 364.7, "Time_string": "Last update at 08:18 - 23/06/2024", "produce": 0.169, "consumption": 0.169, "ratioPC": -0.01999999999999999, "maxBatteryPerDay": 8.75, "maxAtThisDay": 100, "batteryLevelPercentage": -0.21803117956423762, "buyPrice": 0.149072, "sellPrice": 0.1, "batteryLevel": -21.803117956423762, "maxBatteryForMonth": 100, "Temperature": 20.2, "ratioPc": "noData"}