{"bought": 73.67, "sold": 228.88, "Time_string": "Last update at 17:54 - 14/10/2023", "produce": 2.369, "consumption": 1.417, "ratioPC": 0.9520000000000002, "maxBatteryPerDay": 8.75, "maxAtThisDay": 10, "batteryLevelPercentage": 7.986654609852958, "buyPrice": 0.149072, "sellPrice": 0.1, "batteryLevel": 79.86654609852958, "maxBatteryForMonth": 10, "Temperature": 26.1, "ratioPc": "noData"}