{"bought": 325.88, "sold": 359.96, "Time_string": "Last update at 14:15 - 28/10/2024", "produce": 3.457, "consumption": 0.227, "ratioPC": 2.4539999999999997, "maxBatteryPerDay": 8.75, "maxAtThisDay": 100, "batteryLevelPercentage": -0.8441278952452507, "buyPrice": 0.149072, "sellPrice": 0.1, "batteryLevel": -84.41278952452507, "maxBatteryForMonth": 100, "Temperature": 19.0, "ratioPc": "noData"}