{"bought": 117.12, "sold": 58.08, "Time_string": "Last update at 17:54 - 11/01/2024", "produce": 0.162, "consumption": 0.135, "ratioPC": 0.132, "maxBatteryPerDay": 8.75, "maxAtThisDay": 96.25, "batteryLevelPercentage": -0.8120411536515434, "buyPrice": 0.149072, "sellPrice": 0.1, "batteryLevel": -78.15896103896105, "maxBatteryForMonth": 100, "Temperature": 11.2, "ratioPc": "noData"}