{"bought": 160.12, "sold": 149.06, "Time_string": "Last update at 17:49 - 22/12/2023", "produce": 0.07, "consumption": 0.225, "ratioPC": -0.14700000000000002, "maxBatteryPerDay": 8.75, "maxAtThisDay": 100, "batteryLevelPercentage": -0.6012804980143823, "buyPrice": 0.149072, "sellPrice": 0.1, "batteryLevel": -60.12804980143824, "maxBatteryForMonth": 100, "Temperature": 14.4, "ratioPc": "noData"}