{"bought": 244.71, "sold": 269.25, "Time_string": "Last update at 14:38 - 23/07/2023", "produce": 4.716, "consumption": 0.104, "buyPrice": 0.149072, "sellPrice": 0.1, "batteryLevel": -64.09258022968768, "maxBatteryPerDay": 8.75, "batteryLevelPercentage": -6.409258022968769, "maxAtThisDay": 10, "ratioPC": 4.612, "maxBatteryForMonth": 10, "ratioPc": "noData"}