{"bought": 135.11, "sold": 185.47, "Time_string": "Last update at 22:03 - 13/11/2024", "produce": 0.0, "consumption": 0.197, "ratioPC": -0.163, "maxBatteryPerDay": 8.75, "maxAtThisDay": 100, "batteryLevelPercentage": -0.10693610604271782, "buyPrice": 0.149072, "sellPrice": 0.1, "batteryLevel": -10.693610604271782, "maxBatteryForMonth": 100, "Temperature": 11.0, "ratioPc": "noData"}