{"bought": 173.67, "sold": 189.17, "Time_string": "Last update at 20:48 - 17/07/2023", "produce": 0.278, "consumption": 1.249, "buyPrice": 0.149072, "sellPrice": 0.1, "batteryLevel": -46.77158849415049, "maxBatteryPerDay": 8.75, "batteryLevelPercentage": -4.677158849415049, "maxAtThisDay": 10, "ratioPC": -0.9710000000000001, "maxBatteryForMonth": 10, "ratioPc": "noData"}