{"bought": 77.31, "sold": 131.25, "Time_string": "Last update at 21:49 - 09/07/2023", "produce": 0.017, "consumption": 1.39, "buyPrice": 0.149072, "sellPrice": 0.1, "batteryLevel": 10.734703230653636, "maxBatteryPerDay": 8.75, "batteryLevelPercentage": 1.0734703230653637, "maxAtThisDay": 10, "ratioPC": -1.373, "maxBatteryForMonth": 10, "ratioPc": "noData"}