{"bought": 155.31, "sold": 170.32, "Time_string": "Last update at 19:47 - 15/07/2023", "produce": 1.377, "consumption": 2.247, "buyPrice": 0.149072, "sellPrice": 0.1, "batteryLevel": -41.05648492003864, "maxBatteryPerDay": 8.75, "batteryLevelPercentage": -4.105648492003864, "maxAtThisDay": 10, "ratioPC": -0.8699999999999999, "maxBatteryForMonth": 10, "ratioPc": "noData"}