{"bought": 75.41, "sold": 323.46, "Time_string": "Last update at 17:03 - 18/09/2023", "produce": 1.532, "consumption": 1.358, "ratioPC": 0.17399999999999993, "maxBatteryPerDay": 8.75, "maxAtThisDay": 10, "batteryLevelPercentage": 14.157239776752169, "buyPrice": 0.149072, "sellPrice": 0.1, "batteryLevel": 141.5723977675217, "maxBatteryForMonth": 10, "Temperature": 24.9, "ratioPc": "noData"}