{"bought": 285.73, "sold": 376.7, "Time_string": "Last update at 18:48 - 24/06/2024", "produce": 2.483, "consumption": 0.401, "ratioPC": 2.239, "maxBatteryPerDay": 8.75, "maxAtThisDay": 100, "batteryLevelPercentage": -0.3303331651819258, "buyPrice": 0.149072, "sellPrice": 0.1, "batteryLevel": -33.03331651819258, "maxBatteryForMonth": 100, "Temperature": 36.2, "ratioPc": "noData"}