{"bought": 223.79, "sold": 307.0, "Time_string": "Last update at 17:31 - 21/09/2024", "produce": 1.798, "consumption": 0.15, "ratioPC": 1.8669999999999998, "maxBatteryPerDay": 8.75, "maxAtThisDay": 100, "batteryLevelPercentage": -0.17849246538585362, "buyPrice": 0.149072, "sellPrice": 0.1, "batteryLevel": -17.849246538585362, "maxBatteryForMonth": 100, "Temperature": 24.5, "ratioPc": "noData"}