{"bought": 73.54, "sold": 225.32, "Time_string": "Last update at 15:37 - 14/10/2023", "produce": 5.884, "consumption": 2.077, "ratioPC": 3.8070000000000004, "maxBatteryPerDay": 8.75, "maxAtThisDay": 10, "batteryLevelPercentage": 7.760843833852097, "buyPrice": 0.149072, "sellPrice": 0.1, "batteryLevel": 77.60843833852097, "maxBatteryForMonth": 10, "Temperature": 26.6, "ratioPc": "noData"}