{"bought": 225.79, "sold": 194.65, "Time_string": "Last update at 12:05 - 28/12/2023", "produce": 3.792, "consumption": 2.563, "ratioPC": 2.0170000000000003, "maxBatteryPerDay": 8.75, "maxAtThisDay": 100, "batteryLevelPercentage": -0.9521551250402487, "buyPrice": 0.149072, "sellPrice": 0.1, "batteryLevel": -95.21551250402487, "maxBatteryForMonth": 100, "Temperature": 11.3, "ratioPc": "noData"}