{"bought": 186.55, "sold": 370.91, "Time_string": "Last update at 20:08 - 25/06/2023", "produce": 0.524, "consumption": 3.73, "ratioPc": "noData", "buyPrice": 0.149072, "sellPrice": 0.1, "batteryLevel": 62.26265428786087, "maxBatteryPerDay": 8.75, "batteryLevelPercentage": 0.28462927674450683, "maxAtThisDay": 218.75, "ratioPC": -3.206}