{"bought": 121.62, "sold": 123.54, "Time_string": "Last update at 12:34 - 18/12/2023", "produce": 4.165, "consumption": 4.452, "ratioPC": -0.32699999999999996, "maxBatteryPerDay": 8.75, "maxAtThisDay": 100, "batteryLevelPercentage": -0.387472941934099, "buyPrice": 0.149072, "sellPrice": 0.1, "batteryLevel": -38.7472941934099, "maxBatteryForMonth": 100, "Temperature": 13.1, "ratioPc": "noData"}