{"bought": 179.29, "sold": 215.57, "Time_string": "Last update at 10:15 - 17/11/2024", "produce": 0.02, "consumption": 0.129, "ratioPC": -0.10700000000000001, "maxBatteryPerDay": 8.75, "maxAtThisDay": 100, "batteryLevelPercentage": -0.34682025330041855, "buyPrice": 0.149072, "sellPrice": 0.1, "batteryLevel": -34.68202533004185, "maxBatteryForMonth": 100, "Temperature": 18.2, "ratioPc": "noData"}