{"bought": 281.79, "sold": 374.54, "Time_string": "Last update at 16:13 - 24/06/2024", "produce": 4.497, "consumption": 2.412, "ratioPC": 1.517, "maxBatteryPerDay": 8.75, "maxAtThisDay": 100, "batteryLevelPercentage": -0.3054228077707421, "buyPrice": 0.149072, "sellPrice": 0.1, "batteryLevel": -30.54228077707421, "maxBatteryForMonth": 100, "Temperature": 35.2, "ratioPc": "noData"}