{"bought": 87.94, "sold": 132.92, "Time_string": "Last update at 23:00 - 09/10/2024", "produce": 0.0, "consumption": 0.172, "ratioPC": -0.251, "maxBatteryPerDay": 8.75, "maxAtThisDay": 78.75, "batteryLevelPercentage": 0.015555139862105593, "buyPrice": 0.149072, "sellPrice": 0.1, "batteryLevel": 1.2249672641408154, "maxBatteryForMonth": 100, "Temperature": 19.0, "ratioPc": "noData"}