{"bought": 164.74, "sold": 363.12, "Time_string": "Last update at 09:26 - 24/06/2023", "produce": 0.384, "consumption": 0.102, "ratioPc": "noData", "buyPrice": 0.149072, "sellPrice": 0.1, "batteryLevel": 78.84699152087583, "maxBatteryPerDay": 8.75, "batteryLevelPercentage": 0.375461864385123, "maxAtThisDay": 210.0, "ratioPC": 0.28200000000000003}