{"bought": 41.18, "sold": 87.53, "Time_string": "Last update at 17:16 - 06/09/2024", "produce": 4.006, "consumption": 1.559, "ratioPC": 2.4979999999999998, "maxBatteryPerDay": 8.75, "maxAtThisDay": 52.5, "batteryLevelPercentage": 0.33403034902916834, "buyPrice": 0.149072, "sellPrice": 0.1, "batteryLevel": 17.536593324031337, "maxBatteryForMonth": 100, "Temperature": 30.7, "ratioPc": "noData"}