{"bought": 81.48, "sold": 137.71, "Time_string": "Last update at 15:32 - 10/07/2023", "produce": 4.329, "consumption": 5.71, "buyPrice": 0.149072, "sellPrice": 0.1, "batteryLevel": 10.898179671568101, "maxBatteryPerDay": 8.75, "batteryLevelPercentage": 1.0898179671568102, "maxAtThisDay": 10, "ratioPC": -1.3810000000000002, "maxBatteryForMonth": 10, "ratioPc": "noData"}