{"bought": 1.48, "sold": 0.03, "Time_string": "Last update at 09:27 - 01/10/2023", "produce": 0.289, "consumption": 0.099, "ratioPC": 0.18999999999999997, "maxBatteryPerDay": 8.75, "maxAtThisDay": 8.75, "batteryLevelPercentage": -0.16684291387479108, "buyPrice": 0.149072, "sellPrice": 0.1, "batteryLevel": -1.459875496404422, "maxBatteryForMonth": 10, "Temperature": 23.4, "ratioPc": "noData"}