{"bought": 219.16, "sold": 379.0, "Time_string": "Last update at 18:23 - 27/06/2023", "produce": 2.797, "consumption": 3.3, "buyPrice": 0.149072, "sellPrice": 0.1, "batteryLevel": 35.079562090801744, "maxBatteryPerDay": 8.75, "batteryLevelPercentage": 0.3507956209080174, "maxAtThisDay": 100, "ratioPC": -0.5029999999999997, "maxBatteryForMonth": 100, "ratioPc": "noData"}