{"bought": 147.44, "sold": 311.12, "Time_string": "Last update at 08:53 - 15/05/2024", "produce": 0.0, "consumption": 0.115, "ratioPC": 0.096, "maxBatteryPerDay": 8.75, "maxAtThisDay": 100, "batteryLevelPercentage": 0.6126451862187401, "buyPrice": 0.149072, "sellPrice": 0.1, "batteryLevel": 61.264518621874004, "maxBatteryForMonth": 100, "Temperature": 13.8, "ratioPc": "noData"}