{"bought": 109.94, "sold": 138.42, "Time_string": "Last update at 17:02 - 10/10/2024", "produce": 4.333, "consumption": 9.061, "ratioPC": -3.4939999999999998, "maxBatteryPerDay": 8.75, "maxAtThisDay": 87.5, "batteryLevelPercentage": -0.1952633189714655, "buyPrice": 0.149072, "sellPrice": 0.1, "batteryLevel": -17.085540410003233, "maxBatteryForMonth": 100, "Temperature": 23.9, "ratioPc": "noData"}