{"bought": 7.5, "sold": 0.1, "Time_string": "Last update at 13:09 - 01/01/2024", "produce": 4.658, "consumption": 3.294, "ratioPC": 0.7480000000000002, "maxBatteryPerDay": 8.75, "maxAtThisDay": 8.75, "batteryLevelPercentage": -0.849476379582637, "buyPrice": 0.149072, "sellPrice": 0.1, "batteryLevel": -7.432918321348073, "maxBatteryForMonth": 100, "Temperature": 13.1, "ratioPc": "noData"}