{"bought": 244.12, "sold": 258.36, "Time_string": "Last update at 07:28 - 23/07/2023", "produce": 0.013, "consumption": 0.143, "buyPrice": 0.149072, "sellPrice": 0.1, "batteryLevel": -70.80777503488247, "maxBatteryPerDay": 8.75, "batteryLevelPercentage": -7.080777503488247, "maxAtThisDay": 10, "ratioPC": -0.12999999999999998, "maxBatteryForMonth": 10, "ratioPc": "noData"}