{"bought": 95.08, "sold": 257.68, "Time_string": "Last update at 21:36 - 16/06/2023", "produce": 0.037, "consumption": 0.493, "ratioPc": null, "buyPrice": 0.149072, "sellPrice": 0.1, "batteryLevel": 77.77606955028442, "maxBatteryPerDay": 8.75, "batteryLevelPercentage": 0.555543353930603, "maxAtThisDay": 140.0, "ratioPC": -0.456}