{"bought": 303.44, "sold": 358.9, "Time_string": "Last update at 13:47 - 29/07/2023", "produce": 0.0, "consumption": 0.0, "buyPrice": 0.149072, "sellPrice": 0.1, "batteryLevel": -62.68385531823549, "maxBatteryPerDay": 8.75, "batteryLevelPercentage": -6.268385531823549, "maxAtThisDay": 10, "ratioPC": 2.9829999999999997, "maxBatteryForMonth": 10, "ratioPc": "noData"}