{"bought": 289.52, "sold": 377.88, "Time_string": "Last update at 09:30 - 25/06/2024", "produce": 0.423, "consumption": 0.128, "ratioPC": 0.21700000000000003, "maxBatteryPerDay": 8.75, "maxAtThisDay": 100, "batteryLevelPercentage": -0.36031752710099796, "buyPrice": 0.149072, "sellPrice": 0.1, "batteryLevel": -36.031752710099795, "maxBatteryForMonth": 100, "Temperature": 24.5, "ratioPc": "noData"}