{"bought": 247.65, "sold": 362.02, "Time_string": "Last update at 20:36 - 21/06/2024", "produce": 0.177, "consumption": 0.169, "ratioPC": 0.021999999999999992, "maxBatteryPerDay": 8.75, "maxAtThisDay": 100, "batteryLevelPercentage": -0.04800906944295406, "buyPrice": 0.149072, "sellPrice": 0.1, "batteryLevel": -4.800906944295406, "maxBatteryForMonth": 100, "Temperature": 29.2, "ratioPc": "noData"}