{"bought": 226.56, "sold": 267.67, "Time_string": "Last update at 09:17 - 22/10/2024", "produce": 0.1, "consumption": 0.242, "ratioPC": -0.20400000000000001, "maxBatteryPerDay": 8.75, "maxAtThisDay": 100, "batteryLevelPercentage": -0.4700247075238809, "buyPrice": 0.149072, "sellPrice": 0.1, "batteryLevel": -47.00247075238809, "maxBatteryForMonth": 100, "Temperature": 16.6, "ratioPc": "noData"}