{"bought": 103.71, "sold": 241.72, "Time_string": "Last update at 15:05 - 12/05/2024", "produce": 4.494, "consumption": 0.175, "ratioPC": 3.582, "maxBatteryPerDay": 8.75, "maxAtThisDay": 100, "batteryLevelPercentage": 0.5843983363743693, "buyPrice": 0.149072, "sellPrice": 0.1, "batteryLevel": 58.439833637436934, "maxBatteryForMonth": 100, "Temperature": 29.1, "ratioPc": "noData"}