{"bought": 47.26, "sold": 52.49, "Time_string": "Last update at 19:50 - 03/10/2024", "produce": 0.12, "consumption": 1.229, "ratioPC": 0.013999999999999985, "maxBatteryPerDay": 8.75, "maxAtThisDay": 26.25, "batteryLevelPercentage": -0.4590029285944278, "buyPrice": 0.149072, "sellPrice": 0.1, "batteryLevel": -12.04882687560373, "maxBatteryForMonth": 100, "Temperature": 28.2, "ratioPc": "noData"}