{"bought": 256.59, "sold": 309.75, "Time_string": "Last update at 09:36 - 23/09/2024", "produce": 0.503, "consumption": 0.202, "ratioPC": 0.20600000000000002, "maxBatteryPerDay": 8.75, "maxAtThisDay": 100, "batteryLevelPercentage": -0.48804500375657367, "buyPrice": 0.149072, "sellPrice": 0.1, "batteryLevel": -48.80450037565737, "maxBatteryForMonth": 100, "Temperature": 19.2, "ratioPc": "noData"}