{"bought": 181.42, "sold": 367.72, "Time_string": "Last update at 12:27 - 25/06/2023", "produce": 3.665, "consumption": 4.194, "ratioPc": "noData", "buyPrice": 0.149072, "sellPrice": 0.1, "batteryLevel": 65.25274873886448, "maxBatteryPerDay": 8.75, "batteryLevelPercentage": 0.2982982799490948, "maxAtThisDay": 218.75, "ratioPC": -0.5289999999999999}