{"bought": 188.02, "sold": 370.91, "Time_string": "Last update at 02:39 - 26/06/2023", "produce": 0.0, "consumption": 0.208, "ratioPc": "noData", "buyPrice": 0.149072, "sellPrice": 0.1, "batteryLevel": 60.79265428786087, "maxBatteryPerDay": 8.75, "batteryLevelPercentage": 0.26722045840817965, "maxAtThisDay": 227.5, "ratioPC": -0.208}