{"bought": 105.41, "sold": 514.39, "Time_string": "Last update at 09:55 - 27/09/2023", "produce": 0.812, "consumption": 0.128, "ratioPC": 0.684, "maxBatteryPerDay": 8.75, "maxAtThisDay": 10, "batteryLevelPercentage": 23.965144681764517, "buyPrice": 0.149072, "sellPrice": 0.1, "batteryLevel": 239.65144681764517, "maxBatteryForMonth": 10, "Temperature": 21.8, "ratioPc": "noData"}