{"bought": 249.79, "sold": 403.29, "Time_string": "Last update at 14:04 - 30/06/2023", "produce": 4.0606, "consumption": 3.401, "buyPrice": 0.149072, "sellPrice": 0.1, "batteryLevel": 20.743701835354756, "maxBatteryPerDay": 8.75, "batteryLevelPercentage": 0.20743701835354755, "maxAtThisDay": 100, "ratioPC": 0.6596000000000002, "maxBatteryForMonth": 100, "ratioPc": "noData"}