{"bought": 107.35, "sold": 154.65, "Time_string": "Last update at 19:24 - 11/06/2024", "produce": 1.895, "consumption": 0.182, "ratioPC": 1.706, "maxBatteryPerDay": 8.75, "maxAtThisDay": 96.25, "batteryLevelPercentage": -0.03748762560826524, "buyPrice": 0.149072, "sellPrice": 0.1, "batteryLevel": -3.608183964795529, "maxBatteryForMonth": 100, "Temperature": 25.6, "ratioPc": "noData"}