{"bought": 218.07, "sold": 291.78, "Time_string": "Last update at 15:54 - 20/09/2024", "produce": 1.017, "consumption": 1.617, "ratioPC": -0.22599999999999998, "maxBatteryPerDay": 8.75, "maxAtThisDay": 100, "batteryLevelPercentage": -0.22339078029408627, "buyPrice": 0.149072, "sellPrice": 0.1, "batteryLevel": -22.339078029408626, "maxBatteryForMonth": 100, "Temperature": 28.9, "ratioPc": "noData"}