{"bought": 339.96, "sold": 55.47, "Time_string": "Last update at 12:46 - 17/08/2024", "produce": 3.97, "consumption": 4.231, "ratioPC": -0.17500000000000027, "maxBatteryPerDay": 8.75, "maxAtThisDay": 100, "batteryLevelPercentage": -3.027497928517763, "buyPrice": 0.149072, "sellPrice": 0.1, "batteryLevel": -302.7497928517763, "maxBatteryForMonth": 100, "Temperature": 33.3, "ratioPc": "noData"}