{"bought": 215.5, "sold": 223.23, "Time_string": "Last update at 16:47 - 20/07/2023", "produce": 4.063, "consumption": 0.221, "buyPrice": 0.149072, "sellPrice": 0.1, "batteryLevel": -65.75356874530428, "maxBatteryPerDay": 8.75, "batteryLevelPercentage": -6.575356874530428, "maxAtThisDay": 10, "ratioPC": 3.8419999999999996, "maxBatteryForMonth": 10, "ratioPc": "noData"}