{"bought": 187.75, "sold": 166.29, "Time_string": "Last update at 14:27 - 18/08/2023", "produce": 0, "consumption": 0, "ratioPC": 2.3649999999999998, "maxBatteryPerDay": 8.75, "maxAtThisDay": 10, "batteryLevelPercentage": -7.619987656971128, "buyPrice": 0.149072, "sellPrice": 0.1, "batteryLevel": -76.19987656971128, "maxBatteryForMonth": 10, "Temperature": 33.5, "ratioPc": "noData"}