{"bought": 14.25, "sold": 1.0, "Time_string": "Last update at 17:14 - 01/01/2024", "produce": 1.115, "consumption": 0.354, "ratioPC": 0.7969999999999999, "maxBatteryPerDay": 8.75, "maxAtThisDay": 8.75, "batteryLevelPercentage": -1.5519066529692267, "buyPrice": 0.149072, "sellPrice": 0.1, "batteryLevel": -13.579183213480734, "maxBatteryForMonth": 100, "Temperature": 14.8, "ratioPc": "noData"}