{"bought": 206.19, "sold": 183.96, "Time_string": "Last update at 09:14 - 20/08/2023", "produce": 0.277, "consumption": 0.282, "ratioPC": -0.004999999999999949, "maxBatteryPerDay": 8.75, "maxAtThisDay": 10, "batteryLevelPercentage": -8.278654395191586, "buyPrice": 0.149072, "sellPrice": 0.1, "batteryLevel": -82.78654395191586, "maxBatteryForMonth": 10, "Temperature": 27.9, "ratioPc": "noData"}