{"bought": 278.34, "sold": 690.04, "Time_string": "Last update at 22:28 - 29/05/2024", "produce": 0.0, "consumption": 0.211, "ratioPC": -0.222, "maxBatteryPerDay": 8.75, "maxAtThisDay": 100, "batteryLevelPercentage": 1.8455041536975427, "buyPrice": 0.149072, "sellPrice": 0.1, "batteryLevel": 184.55041536975426, "maxBatteryForMonth": 100, "Temperature": 26.1, "ratioPc": "noData"}