{"bought": 75.66, "sold": 25.14, "Time_string": "Last update at 13:51 - 07/01/2024", "produce": 4.677, "consumption": 2.342, "ratioPC": 0.45199999999999996, "maxBatteryPerDay": 8.75, "maxAtThisDay": 61.25, "batteryLevelPercentage": -0.9599292406025413, "buyPrice": 0.149072, "sellPrice": 0.1, "batteryLevel": -58.795665986905654, "maxBatteryForMonth": 100, "Temperature": 12.8, "ratioPc": "noData"}