{"bought": 81.21, "sold": 131.94, "Time_string": "Last update at 11:40 - 10/07/2023", "produce": 2.832, "consumption": 1.962, "buyPrice": 0.149072, "sellPrice": 0.1, "batteryLevel": 7.297566813351949, "maxBatteryPerDay": 8.75, "batteryLevelPercentage": 0.7297566813351949, "maxAtThisDay": 10, "ratioPC": 0.8699999999999999, "maxBatteryForMonth": 10, "ratioPc": "noData"}