{"bought": 99.18, "sold": 70.44, "Time_string": "Last update at 10:02 - 08/06/2024", "produce": 1.678, "consumption": 0.148, "ratioPC": 0.46799999999999997, "maxBatteryPerDay": 8.75, "maxAtThisDay": 70.0, "batteryLevelPercentage": -0.741823793679756, "buyPrice": 0.149072, "sellPrice": 0.1, "batteryLevel": -51.92766555758292, "maxBatteryForMonth": 100, "Temperature": 20.0, "ratioPc": "noData"}