{"bought": 289.78, "sold": 692.84, "Time_string": "Last update at 17:13 - 30/05/2024", "produce": 3.778, "consumption": 4.399, "ratioPC": -0.49600000000000044, "maxBatteryPerDay": 8.75, "maxAtThisDay": 100, "batteryLevelPercentage": 1.749887023720082, "buyPrice": 0.149072, "sellPrice": 0.1, "batteryLevel": 174.98870237200822, "maxBatteryForMonth": 100, "Temperature": 36.6, "ratioPc": "noData"}