{"bought": 572.7, "sold": 90.63, "Time_string": "Last update at 17:29 - 26/08/2024", "produce": 0.845, "consumption": 4.264, "ratioPC": -0.6200000000000001, "maxBatteryPerDay": 8.75, "maxAtThisDay": 100, "batteryLevelPercentage": -5.11903874637759, "buyPrice": 0.149072, "sellPrice": 0.1, "batteryLevel": -511.903874637759, "maxBatteryForMonth": 100, "Temperature": 35.0, "ratioPc": "noData"}