{"bought": 109.98, "sold": 166.4, "Time_string": "Last update at 14:57 - 12/06/2024", "produce": 4.95, "consumption": 0.416, "ratioPC": 2.369, "maxBatteryPerDay": 8.75, "maxAtThisDay": 100, "batteryLevelPercentage": 0.016439132768058327, "buyPrice": 0.149072, "sellPrice": 0.1, "batteryLevel": 1.6439132768058329, "maxBatteryForMonth": 100, "Temperature": 28.9, "ratioPc": "noData"}