{"bought": 229.51, "sold": 624.54, "Time_string": "Last update at 17:03 - 26/05/2024", "produce": 3.821, "consumption": 0.375, "ratioPC": 3.313, "maxBatteryPerDay": 8.75, "maxAtThisDay": 100, "batteryLevelPercentage": 1.8944191585274228, "buyPrice": 0.149072, "sellPrice": 0.1, "batteryLevel": 189.44191585274228, "maxBatteryForMonth": 100, "Temperature": 33.9, "ratioPc": "noData"}