{"bought": 1.51, "sold": 5.96, "Time_string": "Last update at 13:53 - 01/07/2023", "produce": 4.439, "consumption": 3.658, "buyPrice": 0.149072, "sellPrice": 0.1, "batteryLevel": 2.4880680476548243, "maxBatteryPerDay": 8.75, "batteryLevelPercentage": 0.2843506340176942, "maxAtThisDay": 8.75, "ratioPC": 0.7810000000000001, "maxBatteryForMonth": 100, "ratioPc": "noData"}