{"bought": 33.81, "sold": 46.27, "Time_string": "Last update at 14:42 - 04/07/2023", "produce": 4.671, "consumption": 6.344, "buyPrice": 0.149072, "sellPrice": 0.1, "batteryLevel": -2.7713072877535687, "maxBatteryPerDay": 8.75, "batteryLevelPercentage": -0.2771307287753569, "maxAtThisDay": 10, "ratioPC": -1.673, "maxBatteryForMonth": 10, "ratioPc": "noData"}