{"bought": 81.45, "sold": 355.62, "Time_string": "Last update at 09:30 - 20/09/2023", "produce": 0.433, "consumption": 0.147, "ratioPC": 0.28600000000000003, "maxBatteryPerDay": 8.75, "maxAtThisDay": 10, "batteryLevelPercentage": 15.71058656219813, "buyPrice": 0.149072, "sellPrice": 0.1, "batteryLevel": 157.1058656219813, "maxBatteryForMonth": 10, "Temperature": 17.5, "ratioPc": "noData"}