{"bought": 128.74, "sold": 144.12, "Time_string": "Last update at 16:52 - 11/10/2024", "produce": 0.838, "consumption": 0.425, "ratioPC": 0.44099999999999995, "maxBatteryPerDay": 8.75, "maxAtThisDay": 96.25, "batteryLevelPercentage": -0.333110490668503, "buyPrice": 0.149072, "sellPrice": 0.1, "batteryLevel": -32.06188472684342, "maxBatteryForMonth": 100, "Temperature": 20.1, "ratioPc": "noData"}