{"bought": 230.4, "sold": 299.96, "Time_string": "Last update at 13:47 - 23/10/2024", "produce": 4.551, "consumption": 0.224, "ratioPC": 4.139, "maxBatteryPerDay": 8.75, "maxAtThisDay": 100, "batteryLevelPercentage": -0.2918179671568103, "buyPrice": 0.149072, "sellPrice": 0.1, "batteryLevel": -29.18179671568103, "maxBatteryForMonth": 100, "Temperature": 23.8, "ratioPc": "noData"}