{"bought": 233.59, "sold": 385.6, "Time_string": "Last update at 16:58 - 28/06/2023", "produce": 3.11, "consumption": 1.917, "buyPrice": 0.149072, "sellPrice": 0.1, "batteryLevel": 25.07695288182893, "maxBatteryPerDay": 8.75, "batteryLevelPercentage": 0.2507695288182893, "maxAtThisDay": 100, "ratioPC": 1.1929999999999998, "maxBatteryForMonth": 100, "ratioPc": "noData"}