{"bought": 233.3, "sold": 627.58, "Time_string": "Last update at 10:24 - 27/05/2024", "produce": 1.685, "consumption": 0.368, "ratioPC": -0.15399999999999991, "maxBatteryPerDay": 8.75, "maxAtThisDay": 100, "batteryLevelPercentage": 1.8769119888376087, "buyPrice": 0.149072, "sellPrice": 0.1, "batteryLevel": 187.69119888376088, "maxBatteryForMonth": 100, "Temperature": 24.2, "ratioPc": "noData"}