{"bought": 55.62, "sold": 138.48, "Time_string": "Last update at 08:58 - 10/10/2023", "produce": 0.112, "consumption": 0.092, "ratioPC": 0.020000000000000004, "maxBatteryPerDay": 8.75, "maxAtThisDay": 10, "batteryLevelPercentage": 3.7274708597187933, "buyPrice": 0.149072, "sellPrice": 0.1, "batteryLevel": 37.27470859718793, "maxBatteryForMonth": 10, "Temperature": 18.9, "ratioPc": "noData"}