{"bought": 218.68, "sold": 378.22, "Time_string": "Last update at 16:06 - 27/06/2023", "produce": 4.437, "consumption": 5.123, "buyPrice": 0.149072, "sellPrice": 0.1, "batteryLevel": 35.03632499731674, "maxBatteryPerDay": 8.75, "batteryLevelPercentage": 0.3503632499731674, "maxAtThisDay": 100, "ratioPC": -0.6859999999999999, "maxBatteryForMonth": 100, "ratioPc": "noData"}