{"bought": 224.15, "sold": 267.67, "Time_string": "Last update at 20:35 - 21/10/2024", "produce": 0.0, "consumption": 0.253, "ratioPC": -0.278, "maxBatteryPerDay": 8.75, "maxAtThisDay": 100, "batteryLevelPercentage": -0.44592470752388097, "buyPrice": 0.149072, "sellPrice": 0.1, "batteryLevel": -44.592470752388095, "maxBatteryForMonth": 100, "Temperature": 21.4, "ratioPc": "noData"}