{"bought": 298.46, "sold": 700.79, "Time_string": "Last update at 20:15 - 31/05/2024", "produce": 0.444, "consumption": 0.193, "ratioPC": -0.17900000000000005, "maxBatteryPerDay": 8.75, "maxAtThisDay": 100, "batteryLevelPercentage": 1.7164169582483628, "buyPrice": 0.149072, "sellPrice": 0.1, "batteryLevel": 171.6416958248363, "maxBatteryForMonth": 100, "Temperature": 30.5, "ratioPc": "noData"}