{"bought": 102.33, "sold": 492.56, "Time_string": "Last update at 10:27 - 26/09/2023", "produce": 1.654, "consumption": 1.999, "ratioPC": -0.3450000000000002, "maxBatteryPerDay": 8.75, "maxAtThisDay": 10, "batteryLevelPercentage": 22.80875163679296, "buyPrice": 0.149072, "sellPrice": 0.1, "batteryLevel": 228.0875163679296, "maxBatteryForMonth": 10, "Temperature": 21.4, "ratioPc": "noData"}