{"bought": 123.18, "sold": 300.91, "Time_string": "Last update at 08:47 - 20/06/2023", "produce": 0.553, "consumption": 0.136, "ratioPc": "noData", "buyPrice": 0.149072, "sellPrice": 0.1, "batteryLevel": 78.6754792315123, "maxBatteryPerDay": 8.75, "batteryLevelPercentage": 0.44957416703721315, "maxAtThisDay": 175.0, "ratioPC": 0.41700000000000004}