{"bought": 513.13, "sold": 84.16, "Time_string": "Last update at 20:06 - 23/08/2024", "produce": 0.228, "consumption": 2.3, "ratioPC": -3.7329999999999997, "maxBatteryPerDay": 8.75, "maxAtThisDay": 100, "batteryLevelPercentage": -4.566740592465386, "buyPrice": 0.149072, "sellPrice": 0.1, "batteryLevel": -456.6740592465386, "maxBatteryForMonth": 100, "Temperature": 32.8, "ratioPc": "noData"}