{"bought": 155.6, "sold": 95.16, "Time_string": "Last update at 20:06 - 13/08/2023", "produce": 0.537, "consumption": 3.115, "ratioPC": -2.5780000000000003, "maxBatteryPerDay": 8.75, "maxAtThisDay": 10, "batteryLevelPercentage": -9.176507459482666, "buyPrice": 0.149072, "sellPrice": 0.1, "batteryLevel": -91.76507459482666, "maxBatteryForMonth": 10, "Temperature": 33.7, "ratioPc": "noData"}