{"bought": 75.66, "sold": 28.79, "Time_string": "Last update at 15:30 - 07/01/2024", "produce": 4.192, "consumption": 2.29, "ratioPC": 1.0180000000000002, "maxBatteryPerDay": 8.75, "maxAtThisDay": 61.25, "batteryLevelPercentage": -0.9199540361813933, "buyPrice": 0.149072, "sellPrice": 0.1, "batteryLevel": -56.347184716110334, "maxBatteryForMonth": 100, "Temperature": 13.5, "ratioPc": "noData"}