{"bought": 314.18, "sold": 48.51, "Time_string": "Last update at 14:35 - 15/08/2024", "produce": 4.737, "consumption": 8.953, "ratioPC": -4.3740000000000006, "maxBatteryPerDay": 8.75, "maxAtThisDay": 100, "batteryLevelPercentage": -2.8163867768595043, "buyPrice": 0.149072, "sellPrice": 0.1, "batteryLevel": -281.6386776859504, "maxBatteryForMonth": 100, "Temperature": 34.6, "ratioPc": "noData"}