{"bought": 146.17, "sold": 353.97, "Time_string": "Last update at 07:09 - 23/06/2023", "produce": 0.0, "consumption": 0.117, "ratioPc": "noData", "buyPrice": 0.149072, "sellPrice": 0.1, "batteryLevel": 91.27901792422458, "maxBatteryPerDay": 8.75, "batteryLevelPercentage": 0.4535603375116749, "maxAtThisDay": 201.25, "ratioPC": -0.117}