{"bought": 130.17, "sold": 316.89, "Time_string": "Last update at 01:33 - 21/06/2023", "produce": 0.0, "consumption": 0.103, "ratioPc": "noData", "buyPrice": 0.149072, "sellPrice": 0.1, "batteryLevel": 82.40513148009015, "maxBatteryPerDay": 8.75, "batteryLevelPercentage": 0.4484633005719192, "maxAtThisDay": 183.75, "ratioPC": -0.103}