{"bought": 105.41, "sold": 522.31, "Time_string": "Last update at 13:26 - 27/09/2023", "produce": 4.529, "consumption": 2.354, "ratioPC": 2.175, "maxBatteryPerDay": 8.75, "maxAtThisDay": 10, "batteryLevelPercentage": 24.496431576687772, "buyPrice": 0.149072, "sellPrice": 0.1, "batteryLevel": 244.96431576687772, "maxBatteryForMonth": 10, "Temperature": 28.9, "ratioPc": "noData"}