{"bought": 57.73, "sold": 256.68, "Time_string": "Last update at 17:45 - 14/09/2023", "produce": 3.072, "consumption": 1.565, "ratioPC": 1.5070000000000001, "maxBatteryPerDay": 8.75, "maxAtThisDay": 10, "batteryLevelPercentage": 11.445525276376518, "buyPrice": 0.149072, "sellPrice": 0.1, "batteryLevel": 114.45525276376517, "maxBatteryForMonth": 10, "Temperature": 32.0, "ratioPc": "noData"}