{"bought": 138.91, "sold": 335.14, "Time_string": "Last update at 08:13 - 22/06/2023", "produce": 0.196, "consumption": 0.196, "ratioPc": "noData", "buyPrice": 0.149072, "sellPrice": 0.1, "batteryLevel": 85.90753783406677, "maxBatteryPerDay": 8.75, "batteryLevelPercentage": 0.4462729238133339, "maxAtThisDay": 192.5, "ratioPC": 0.0}