{"bought": 68.92, "sold": 111.83, "Time_string": "Last update at 12:53 - 08/11/2024", "produce": 0.644, "consumption": 0.289, "ratioPC": 0.2780000000000001, "maxBatteryPerDay": 8.75, "maxAtThisDay": 70.0, "batteryLevelPercentage": 0.08710630337784997, "buyPrice": 0.149072, "sellPrice": 0.1, "batteryLevel": 6.097441236449498, "maxBatteryForMonth": 100, "Temperature": 19.9, "ratioPc": "noData"}