{"bought": 240.75, "sold": 345.21, "Time_string": "Last update at 12:07 - 21/06/2024", "produce": 3.697, "consumption": 6.463, "ratioPC": -3.5740000000000003, "maxBatteryPerDay": 8.75, "maxAtThisDay": 100, "batteryLevelPercentage": -0.09177337125684232, "buyPrice": 0.149072, "sellPrice": 0.1, "batteryLevel": -9.177337125684232, "maxBatteryForMonth": 100, "Temperature": 25.1, "ratioPc": "noData"}