{"bought": 256.78, "sold": 324.92, "Time_string": "Last update at 17:16 - 23/09/2024", "produce": 1.426, "consumption": 0.325, "ratioPC": 1.101, "maxBatteryPerDay": 8.75, "maxAtThisDay": 100, "batteryLevelPercentage": -0.38818209724160085, "buyPrice": 0.149072, "sellPrice": 0.1, "batteryLevel": -38.818209724160084, "maxBatteryForMonth": 100, "Temperature": 27.7, "ratioPc": "noData"}