{"bought": 138.25, "sold": 72.62, "Time_string": "Last update at 16:45 - 14/01/2024", "produce": 1.086, "consumption": 0.437, "ratioPC": 0.09499999999999997, "maxBatteryPerDay": 8.75, "maxAtThisDay": 100, "batteryLevelPercentage": -0.8953528496297091, "buyPrice": 0.149072, "sellPrice": 0.1, "batteryLevel": -89.5352849629709, "maxBatteryForMonth": 100, "Temperature": 19.5, "ratioPc": "noData"}