{"bought": 123.87, "sold": 64.7, "Time_string": "Last update at 16:18 - 12/01/2024", "produce": 2.268, "consumption": 2.078, "ratioPC": -0.9169999999999998, "maxBatteryPerDay": 8.75, "maxAtThisDay": 100, "batteryLevelPercentage": -0.804681539122035, "buyPrice": 0.149072, "sellPrice": 0.1, "batteryLevel": -80.4681539122035, "maxBatteryForMonth": 100, "Temperature": 16.7, "ratioPc": "noData"}