{"bought": 61.93, "sold": 21.68, "Time_string": "Last update at 14:23 - 06/01/2024", "produce": 2.195, "consumption": 2.581, "ratioPC": -0.41900000000000004, "maxBatteryPerDay": 8.75, "maxAtThisDay": 52.5, "batteryLevelPercentage": -0.9026036584430918, "buyPrice": 0.149072, "sellPrice": 0.1, "batteryLevel": -47.38669206826232, "maxBatteryForMonth": 100, "Temperature": 13.4, "ratioPc": "noData"}