{"bought": 69.4, "sold": 51.24, "Time_string": "Last update at 13:39 - 06/06/2024", "produce": 4.215, "consumption": 3.059, "ratioPC": 1.0369999999999995, "maxBatteryPerDay": 8.75, "maxAtThisDay": 52.5, "batteryLevelPercentage": -0.6671875782619584, "buyPrice": 0.149072, "sellPrice": 0.1, "batteryLevel": -35.02734785875282, "maxBatteryForMonth": 100, "Temperature": 33.6, "ratioPc": "noData"}