{"bought": 64.85, "sold": 107.94, "Time_string": "Last update at 08:32 - 08/07/2023", "produce": 0.186, "consumption": 0.218, "buyPrice": 0.149072, "sellPrice": 0.1, "batteryLevel": 7.557963936889564, "maxBatteryPerDay": 8.75, "batteryLevelPercentage": 0.7557963936889565, "maxAtThisDay": 10, "ratioPC": -0.032, "maxBatteryForMonth": 10, "ratioPc": "noData"}