{"bought": 86.86, "sold": 256.52, "Time_string": "Last update at 15:16 - 16/06/2023", "produce": 4.695, "consumption": 3.736, "ratioPc": null, "buyPrice": 0.149072, "sellPrice": 0.1, "batteryLevel": 85.21792207792207, "maxBatteryPerDay": 8.75, "batteryLevelPercentage": 0.6086994434137291, "maxAtThisDay": 140.0, "ratioPC": 0.9590000000000001}