{"bought": 73.37, "sold": 116.34, "Time_string": "Last update at 07:09 - 09/11/2024", "produce": 0.0, "consumption": 0.264, "ratioPC": -0.209, "maxBatteryPerDay": 8.75, "maxAtThisDay": 78.75, "batteryLevelPercentage": 0.05933745960192226, "buyPrice": 0.149072, "sellPrice": 0.1, "batteryLevel": 4.672824943651378, "maxBatteryForMonth": 100, "Temperature": 17.0, "ratioPc": "noData"}