{"bought": 182.53, "sold": 351.7, "Time_string": "Last update at 20:49 - 16/05/2024", "produce": 0.14, "consumption": 0.23, "ratioPC": -0.056999999999999995, "maxBatteryPerDay": 8.75, "maxAtThisDay": 100, "batteryLevelPercentage": 0.5339626381882578, "buyPrice": 0.149072, "sellPrice": 0.1, "batteryLevel": 53.39626381882579, "maxBatteryForMonth": 100, "Temperature": 19.2, "ratioPc": "noData"}