{"bought": 154.31, "sold": 291.31, "Time_string": "Last update at 11:24 - 18/06/2024", "produce": 2.237, "consumption": 0.662, "ratioPC": 0.5329999999999999, "maxBatteryPerDay": 8.75, "maxAtThisDay": 100, "batteryLevelPercentage": 0.4110563808092732, "buyPrice": 0.149072, "sellPrice": 0.1, "batteryLevel": 41.10563808092732, "maxBatteryForMonth": 100, "Temperature": 23.4, "ratioPc": "noData"}