{"bought": 249.48, "sold": 140.35, "Time_string": "Last update at 12:41 - 23/01/2024", "produce": 4.158, "consumption": 0.386, "ratioPC": -0.161, "maxBatteryPerDay": 8.75, "maxAtThisDay": 100, "batteryLevelPercentage": -1.5533086401202103, "buyPrice": 0.149072, "sellPrice": 0.1, "batteryLevel": -155.33086401202104, "maxBatteryForMonth": 100, "Temperature": 17.4, "ratioPc": "noData"}