{"bought": 187.31, "sold": 370.91, "Time_string": "Last update at 20:26 - 25/06/2023", "produce": 0.333, "consumption": 2.819, "ratioPc": "noData", "buyPrice": 0.149072, "sellPrice": 0.1, "batteryLevel": 61.50265428786088, "maxBatteryPerDay": 8.75, "batteryLevelPercentage": 0.2811549910302212, "maxAtThisDay": 218.75, "ratioPC": -2.4859999999999998}