{"bought": 81.39, "sold": 126.41, "Time_string": "Last update at 06:29 - 10/11/2024", "produce": 0.0, "consumption": 0.269, "ratioPC": -0.236, "maxBatteryPerDay": 8.75, "maxAtThisDay": 87.5, "batteryLevelPercentage": 0.038947999816004504, "buyPrice": 0.149072, "sellPrice": 0.1, "batteryLevel": 3.4079499839003944, "maxBatteryForMonth": 100, "Temperature": 13.0, "ratioPc": "noData"}