{"bought": 227.6, "sold": 308.71, "Time_string": "Last update at 08:23 - 22/09/2024", "produce": 0.023, "consumption": 0.187, "ratioPC": -0.201, "maxBatteryPerDay": 8.75, "maxAtThisDay": 100, "batteryLevelPercentage": -0.20512149833637466, "buyPrice": 0.149072, "sellPrice": 0.1, "batteryLevel": -20.512149833637466, "maxBatteryForMonth": 100, "Temperature": 16.8, "ratioPc": "noData"}