{"bought": 256.78, "sold": 327.0, "Time_string": "Last update at 18:38 - 23/09/2024", "produce": 0.93, "consumption": 0.226, "ratioPC": 1.6179999999999999, "maxBatteryPerDay": 8.75, "maxAtThisDay": 100, "batteryLevelPercentage": -0.37422910808200044, "buyPrice": 0.149072, "sellPrice": 0.1, "batteryLevel": -37.422910808200044, "maxBatteryForMonth": 100, "Temperature": 25.7, "ratioPc": "noData"}