{"bought": 138.28, "sold": 153.4, "Time_string": "Last update at 15:47 - 13/10/2024", "produce": 3.49, "consumption": 0.521, "ratioPC": 0.9949999999999999, "maxBatteryPerDay": 8.75, "maxAtThisDay": 100, "batteryLevelPercentage": -0.35376704947944615, "buyPrice": 0.149072, "sellPrice": 0.1, "batteryLevel": -35.37670494794462, "maxBatteryForMonth": 100, "Temperature": 24.8, "ratioPc": "noData"}