{"bought": 2.27, "sold": 16.66, "Time_string": "Last update at 19:37 - 01/09/2023", "produce": 0.999, "consumption": 1.017, "ratioPC": -0.017999999999999905, "maxBatteryPerDay": 8.75, "maxAtThisDay": 8.75, "batteryLevelPercentage": 1.017806590104111, "buyPrice": 0.149072, "sellPrice": 0.1, "batteryLevel": 8.90580766341097, "maxBatteryForMonth": 10, "Temperature": 28.8, "ratioPc": "noData"}