{"bought": 272.73, "sold": 186.31, "Time_string": "Last update at 10:02 - 25/01/2024", "produce": 1.137, "consumption": 0.175, "ratioPC": 0.819, "maxBatteryPerDay": 8.75, "maxAtThisDay": 100, "batteryLevelPercentage": -1.477501245035956, "buyPrice": 0.149072, "sellPrice": 0.1, "batteryLevel": -147.7501245035956, "maxBatteryForMonth": 100, "Temperature": 14.1, "ratioPc": "noData"}