{"bought": 189.09, "sold": 429.06, "Time_string": "Last update at 15:00 - 19/05/2024", "produce": 0.0, "consumption": 2.367, "ratioPC": 0.45899999999999996, "maxBatteryPerDay": 8.75, "maxAtThisDay": 100, "batteryLevelPercentage": 0.9873065042395623, "buyPrice": 0.149072, "sellPrice": 0.1, "batteryLevel": 98.73065042395623, "maxBatteryForMonth": 100, "Temperature": 24.0, "ratioPc": "noData"}