{"bought": 205.18, "sold": 260.92, "Time_string": "Last update at 10:53 - 18/09/2024", "produce": 1.896, "consumption": 0.129, "ratioPC": 0.2999999999999998, "maxBatteryPerDay": 8.75, "maxAtThisDay": 100, "batteryLevelPercentage": -0.30150484061393146, "buyPrice": 0.149072, "sellPrice": 0.1, "batteryLevel": -30.150484061393144, "maxBatteryForMonth": 100, "Temperature": 23.8, "ratioPc": "noData"}