{"bought": 110.14, "sold": 269.93, "Time_string": "Last update at 11:27 - 18/06/2023", "produce": 2.56, "consumption": 4.483, "ratioPc": null, "buyPrice": 0.149072, "sellPrice": 0.1, "batteryLevel": 70.93357518514544, "maxBatteryPerDay": 8.75, "batteryLevelPercentage": 0.45037190593743137, "maxAtThisDay": 157.5, "ratioPC": -1.9229999999999996}