{"bought": 263.6, "sold": 208.25, "Time_string": "Last update at 15:48 - 23/08/2023", "produce": 4.479, "consumption": 3.635, "ratioPC": 0.8440000000000003, "maxBatteryPerDay": 8.75, "maxAtThisDay": 10, "batteryLevelPercentage": -12.39024042073629, "buyPrice": 0.149072, "sellPrice": 0.1, "batteryLevel": -123.9024042073629, "maxBatteryForMonth": 10, "Temperature": 40.8, "ratioPc": "noData"}