{"bought": 324.64, "sold": 381.29, "Time_string": "Last update at 14:12 - 31/07/2023", "produce": 4.796, "consumption": 2.13, "ratioPC": 2.6660000000000004, "maxBatteryPerDay": 8.75, "maxAtThisDay": 10, "batteryLevelPercentage": -6.88642674680691, "buyPrice": 0.149072, "sellPrice": 0.1, "batteryLevel": -68.8642674680691, "maxBatteryForMonth": 10, "Temperature": "36"}