{"bought": 273.78, "sold": 368.19, "Time_string": "Last update at 17:27 - 23/06/2024", "produce": 3.822, "consumption": 4.422, "ratioPC": -0.33099999999999996, "maxBatteryPerDay": 8.75, "maxAtThisDay": 100, "batteryLevelPercentage": -0.26791967371471487, "buyPrice": 0.149072, "sellPrice": 0.1, "batteryLevel": -26.791967371471486, "maxBatteryForMonth": 100, "Temperature": 36.5, "ratioPc": "noData"}