{"bought": 253.32, "sold": 406.68, "Time_string": "Last update at 20:29 - 30/06/2023", "produce": 0.309, "consumption": 3.165, "buyPrice": 0.149072, "sellPrice": 0.1, "batteryLevel": 19.487770741655083, "maxBatteryPerDay": 8.75, "batteryLevelPercentage": 0.19487770741655083, "maxAtThisDay": 100, "ratioPC": -2.856, "maxBatteryForMonth": 100, "ratioPc": "noData"}