{"bought": 94.48, "sold": 257.68, "Time_string": "Last update at 20:31 - 16/06/2023", "produce": 0.135, "consumption": 3.499, "ratioPc": null, "buyPrice": 0.149072, "sellPrice": 0.1, "batteryLevel": 78.37606955028441, "maxBatteryPerDay": 8.75, "batteryLevelPercentage": 0.5598290682163173, "maxAtThisDay": 140.0, "ratioPC": -3.364}