{"bought": 324.98, "sold": 385.54, "Time_string": "Last update at 16:42 - 31/07/2023", "produce": 4.248, "consumption": 4.296, "ratioPC": -0.04800000000000004, "maxBatteryPerDay": 8.75, "maxAtThisDay": 10, "batteryLevelPercentage": -6.635329612536225, "buyPrice": 0.149072, "sellPrice": 0.1, "batteryLevel": -66.35329612536225, "maxBatteryForMonth": 10, "Temperature": "37.5"}