{"bought": 122.63, "sold": 265.19, "Time_string": "Last update at 16:27 - 16/06/2024", "produce": 4.0606, "consumption": 2.083, "ratioPC": 2.7190000000000003, "maxBatteryPerDay": 8.75, "maxAtThisDay": 100, "batteryLevelPercentage": 0.5526390361704412, "buyPrice": 0.149072, "sellPrice": 0.1, "batteryLevel": 55.26390361704412, "maxBatteryForMonth": 100, "Temperature": 31.5, "ratioPc": "noData"}