{"bought": 122.79, "sold": 81.54, "Time_string": "Last update at 14:02 - 11/08/2023", "produce": 4.476, "consumption": 5.193, "ratioPC": -0.7169999999999996, "maxBatteryPerDay": 8.75, "maxAtThisDay": 10, "batteryLevelPercentage": -6.809159922721906, "buyPrice": 0.149072, "sellPrice": 0.1, "batteryLevel": -68.09159922721906, "maxBatteryForMonth": 10, "Temperature": 40.0, "ratioPc": "noData"}