{"bought": 199.78, "sold": 252.16, "Time_string": "Last update at 13:28 - 17/09/2024", "produce": 5.004, "consumption": 2.362, "ratioPC": -2.9560000000000004, "maxBatteryPerDay": 8.75, "maxAtThisDay": 100, "batteryLevelPercentage": -0.30626839111301934, "buyPrice": 0.149072, "sellPrice": 0.1, "batteryLevel": -30.626839111301933, "maxBatteryForMonth": 100, "Temperature": 28.5, "ratioPc": "noData"}