{"bought": 100.58, "sold": 262.95, "Time_string": "Last update at 15:20 - 17/06/2023", "produce": 4.795, "consumption": 1.836, "ratioPc": null, "buyPrice": 0.149072, "sellPrice": 0.1, "batteryLevel": 75.81127401524095, "maxBatteryPerDay": 8.75, "batteryLevelPercentage": 0.509655623631872, "maxAtThisDay": 148.75, "ratioPC": 2.9589999999999996}