{"bought": 92.42, "sold": 266.36, "Time_string": "Last update at 09:01 - 18/10/2023", "produce": 0.103, "consumption": 0.197, "ratioPC": -0.09400000000000001, "maxBatteryPerDay": 8.75, "maxAtThisDay": 10, "batteryLevelPercentage": 8.625875925727165, "buyPrice": 0.149072, "sellPrice": 0.1, "batteryLevel": 86.25875925727165, "maxBatteryForMonth": 10, "Temperature": 19.0, "ratioPc": "noData"}