{"bought": 194.78, "sold": 500.37, "Time_string": "Last update at 20:45 - 21/05/2024", "produce": 0.134, "consumption": 0.198, "ratioPC": -0.05299999999999999, "maxBatteryPerDay": 8.75, "maxAtThisDay": 100, "batteryLevelPercentage": 1.4087659547064506, "buyPrice": 0.149072, "sellPrice": 0.1, "batteryLevel": 140.87659547064507, "maxBatteryForMonth": 100, "Temperature": 21.5, "ratioPc": "noData"}