{"bought": 107.35, "sold": 148.82, "Time_string": "Last update at 16:54 - 11/06/2024", "produce": 0.913, "consumption": 0.276, "ratioPC": 0.978, "maxBatteryPerDay": 8.75, "maxAtThisDay": 96.25, "batteryLevelPercentage": -0.07811995667743227, "buyPrice": 0.149072, "sellPrice": 0.1, "batteryLevel": -7.519045830202856, "maxBatteryForMonth": 100, "Temperature": 25.9, "ratioPc": "noData"}