{"bought": 50.37, "sold": 16.75, "Time_string": "Last update at 13:49 - 05/01/2024", "produce": 1.654, "consumption": 5.73, "ratioPC": 0.014000000000000234, "maxBatteryPerDay": 8.75, "maxAtThisDay": 43.75, "batteryLevelPercentage": -0.8944872874469095, "buyPrice": 0.149072, "sellPrice": 0.1, "batteryLevel": -39.133818825802294, "maxBatteryForMonth": 100, "Temperature": 13.0, "ratioPc": "noData"}