{"bought": 137.23, "sold": 136.98, "Time_string": "Last update at 11:52 - 20/12/2023", "produce": 3.632, "consumption": 0.358, "ratioPC": 3.629, "maxBatteryPerDay": 8.75, "maxAtThisDay": 100, "batteryLevelPercentage": -0.45341516582590957, "buyPrice": 0.149072, "sellPrice": 0.1, "batteryLevel": -45.341516582590955, "maxBatteryForMonth": 100, "Temperature": 9.6, "ratioPc": "noData"}