{"bought": 59.43, "sold": 29.28, "Time_string": "Last update at 17:53 - 04/06/2024", "produce": 3.408, "consumption": 3.323, "ratioPC": -0.042999999999999705, "maxBatteryPerDay": 8.75, "maxAtThisDay": 35.0, "batteryLevelPercentage": -1.1368138425918828, "buyPrice": 0.149072, "sellPrice": 0.1, "batteryLevel": -39.788484490715895, "maxBatteryForMonth": 100, "Temperature": 30.1, "ratioPc": "noData"}