{"bought": 121.4, "sold": 324.3, "Time_string": "Last update at 13:50 - 22/10/2023", "produce": 0.307, "consumption": 0.286, "ratioPC": 0.02100000000000002, "maxBatteryPerDay": 8.75, "maxAtThisDay": 10, "batteryLevelPercentage": 9.61458838681979, "buyPrice": 0.149072, "sellPrice": 0.1, "batteryLevel": 96.1458838681979, "maxBatteryForMonth": 10, "Temperature": 15.3, "ratioPc": "noData"}