{"bought": 146.15, "sold": 353.97, "Time_string": "Last update at 07:00 - 23/06/2023", "produce": 0.0, "consumption": 0.188, "ratioPc": "noData", "buyPrice": 0.149072, "sellPrice": 0.1, "batteryLevel": 91.29901792422456, "maxBatteryPerDay": 8.75, "batteryLevelPercentage": 0.45365971639366237, "maxAtThisDay": 201.25, "ratioPC": -0.188}