{"bought": 118.78, "sold": 215.75, "Time_string": "Last update at 20:17 - 13/09/2024", "produce": 0.099, "consumption": 4.752, "ratioPC": -4.517, "maxBatteryPerDay": 8.75, "maxAtThisDay": 100, "batteryLevelPercentage": 0.2594872169153163, "buyPrice": 0.149072, "sellPrice": 0.1, "batteryLevel": 25.94872169153163, "maxBatteryForMonth": 100, "Temperature": 29.4, "ratioPc": "noData"}