{"bought": 113.29, "sold": 204.41, "Time_string": "Last update at 20:12 - 13/06/2024", "produce": 0.484, "consumption": 0.132, "ratioPC": -0.831, "maxBatteryPerDay": 8.75, "maxAtThisDay": 100, "batteryLevelPercentage": 0.23831659332403135, "buyPrice": 0.149072, "sellPrice": 0.1, "batteryLevel": 23.831659332403134, "maxBatteryForMonth": 100, "Temperature": 29.6, "ratioPc": "noData"}