{"bought": 263.06, "sold": 207.52, "Time_string": "Last update at 14:17 - 23/08/2023", "produce": 4.464, "consumption": 3.488, "ratioPC": 0.9760000000000004, "maxBatteryPerDay": 8.75, "maxAtThisDay": 10, "batteryLevelPercentage": -12.385210046152196, "buyPrice": 0.149072, "sellPrice": 0.1, "batteryLevel": -123.85210046152196, "maxBatteryForMonth": 10, "Temperature": 39.3, "ratioPc": "noData"}