{"bought": 523.12, "sold": 88.07, "Time_string": "Last update at 18:37 - 24/08/2024", "produce": 2.388, "consumption": 4.327, "ratioPC": -1.5830000000000002, "maxBatteryPerDay": 8.75, "maxAtThisDay": 100, "batteryLevelPercentage": -4.640411656112483, "buyPrice": 0.149072, "sellPrice": 0.1, "batteryLevel": -464.0411656112483, "maxBatteryForMonth": 100, "Temperature": 35.4, "ratioPc": "noData"}