{"bought": 120.5, "sold": 324.11, "Time_string": "Last update at 12:45 - 22/10/2023", "produce": 0.536, "consumption": 1.154, "ratioPC": -0.6179999999999999, "maxBatteryPerDay": 8.75, "maxAtThisDay": 10, "batteryLevelPercentage": 9.691842867875925, "buyPrice": 0.149072, "sellPrice": 0.1, "batteryLevel": 96.91842867875926, "maxBatteryForMonth": 10, "Temperature": 16.8, "ratioPc": "noData"}