{"bought": 42.73, "sold": 59.5, "Time_string": "Last update at 14:33 - 05/07/2023", "produce": 6.0, "consumption": 4.214, "buyPrice": 0.149072, "sellPrice": 0.1, "batteryLevel": -2.816401202103677, "maxBatteryPerDay": 8.75, "batteryLevelPercentage": -0.28164012021036766, "maxAtThisDay": 10, "ratioPC": 1.7859999999999996, "maxBatteryForMonth": 10, "ratioPc": "noData"}