{"bought": 159.75, "sold": 341.09, "Time_string": "Last update at 20:19 - 15/05/2024", "produce": 0.214, "consumption": 8.585, "ratioPC": -8.274000000000001, "maxBatteryPerDay": 8.75, "maxAtThisDay": 100, "batteryLevelPercentage": 0.6905889771385639, "buyPrice": 0.149072, "sellPrice": 0.1, "batteryLevel": 69.0588977138564, "maxBatteryForMonth": 100, "Temperature": 21.7, "ratioPc": "noData"}