{"bought": 236.61, "sold": 386.81, "Time_string": "Last update at 03:06 - 29/06/2023", "produce": 0.0, "consumption": 0.152, "buyPrice": 0.149072, "sellPrice": 0.1, "batteryLevel": 22.86864119351725, "maxBatteryPerDay": 8.75, "batteryLevelPercentage": 0.22868641193517247, "maxAtThisDay": 100, "ratioPC": -0.152, "maxBatteryForMonth": 100, "ratioPc": "noData"}