{"bought": 264.23, "sold": 208.81, "Time_string": "Last update at 17:31 - 23/08/2023", "produce": 3.465, "consumption": 3.62, "ratioPC": -0.15500000000000025, "maxBatteryPerDay": 8.75, "maxAtThisDay": 10, "batteryLevelPercentage": -12.415674680691211, "buyPrice": 0.149072, "sellPrice": 0.1, "batteryLevel": -124.15674680691211, "maxBatteryForMonth": 10, "Temperature": 41.0, "ratioPc": "noData"}