{"bought": 171.69, "sold": 167.73, "Time_string": "Last update at 11:07 - 24/12/2023", "produce": 2.717, "consumption": 3.686, "ratioPC": 2.171, "maxBatteryPerDay": 8.75, "maxAtThisDay": 100, "batteryLevelPercentage": -0.5917390039712355, "buyPrice": 0.149072, "sellPrice": 0.1, "batteryLevel": -59.173900397123546, "maxBatteryForMonth": 100, "Temperature": 9.2, "ratioPc": "noData"}