{"bought": 231.32, "sold": 379.0, "Time_string": "Last update at 07:20 - 28/06/2023", "produce": 0.015, "consumption": 0.263, "buyPrice": 0.149072, "sellPrice": 0.1, "batteryLevel": 22.919562090801747, "maxBatteryPerDay": 8.75, "batteryLevelPercentage": 0.22919562090801748, "maxAtThisDay": 100, "ratioPC": -0.248, "maxBatteryForMonth": 100, "ratioPc": "noData"}