{"bought": 217.34, "sold": 375.2, "Time_string": "Last update at 11:30 - 27/06/2023", "produce": 2.876, "consumption": 4.012, "buyPrice": 0.149072, "sellPrice": 0.1, "batteryLevel": 34.35045830202856, "maxBatteryPerDay": 8.75, "batteryLevelPercentage": 0.3435045830202856, "maxAtThisDay": 100, "ratioPC": -1.1359999999999997, "maxBatteryForMonth": 100, "ratioPc": "noData"}