{"bought": 76.75, "sold": 131.25, "Time_string": "Last update at 21:27 - 09/07/2023", "produce": 0.061, "consumption": 1.548, "buyPrice": 0.149072, "sellPrice": 0.1, "batteryLevel": 11.294703230653639, "maxBatteryPerDay": 8.75, "batteryLevelPercentage": 1.1294703230653638, "maxAtThisDay": 10, "ratioPC": -1.487, "maxBatteryForMonth": 10, "ratioPc": "noData"}