{"bought": 131.08, "sold": 130.11, "Time_string": "Last update at 14:15 - 19/12/2023", "produce": 4.385, "consumption": 0.367, "ratioPC": 3.885, "maxBatteryPerDay": 8.75, "maxAtThisDay": 100, "batteryLevelPercentage": -0.4380002790597832, "buyPrice": 0.149072, "sellPrice": 0.1, "batteryLevel": -43.800027905978325, "maxBatteryForMonth": 100, "Temperature": 14.2, "ratioPc": "noData"}