{"bought": 37.85, "sold": 50.9, "Time_string": "Last update at 21:30 - 04/07/2023", "produce": 0.056, "consumption": 1.559, "buyPrice": 0.149072, "sellPrice": 0.1, "batteryLevel": -3.7054255661693745, "maxBatteryPerDay": 8.75, "batteryLevelPercentage": -0.37054255661693747, "maxAtThisDay": 10, "ratioPC": -1.503, "maxBatteryForMonth": 10, "ratioPc": "noData"}