{"bought": 291.79, "sold": 344.27, "Time_string": "Last update at 14:11 - 28/07/2023", "produce": 4.785, "consumption": 1.747, "buyPrice": 0.149072, "sellPrice": 0.1, "batteryLevel": -60.84790490501237, "maxBatteryPerDay": 8.75, "batteryLevelPercentage": -6.084790490501237, "maxAtThisDay": 10, "ratioPC": 3.0380000000000003, "maxBatteryForMonth": 10, "ratioPc": "noData"}