{"bought": 583.62, "sold": 90.63, "Time_string": "Last update at 10:10 - 27/08/2024", "produce": 1.025, "consumption": 1.456, "ratioPC": -0.9369999999999999, "maxBatteryPerDay": 8.75, "maxAtThisDay": 100, "batteryLevelPercentage": -5.22823874637759, "buyPrice": 0.149072, "sellPrice": 0.1, "batteryLevel": -522.823874637759, "maxBatteryForMonth": 100, "Temperature": 27.5, "ratioPc": "noData"}