{"bought": 72.15, "sold": 130.84, "Time_string": "Last update at 16:49 - 09/07/2023", "produce": 3.57, "consumption": 3.354, "buyPrice": 0.149072, "sellPrice": 0.1, "batteryLevel": 15.619668348180738, "maxBatteryPerDay": 8.75, "batteryLevelPercentage": 1.5619668348180737, "maxAtThisDay": 10, "ratioPC": 0.21599999999999975, "maxBatteryForMonth": 10, "ratioPc": "noData"}