{"bought": 201.69, "sold": 198.9, "Time_string": "Last update at 13:33 - 19/07/2023", "produce": 2.26, "consumption": 3.2, "buyPrice": 0.149072, "sellPrice": 0.1, "batteryLevel": -68.26454116131802, "maxBatteryPerDay": 8.75, "batteryLevelPercentage": -6.826454116131802, "maxAtThisDay": 10, "ratioPC": -0.9400000000000004, "maxBatteryForMonth": 10, "ratioPc": "noData"}