{"bought": 51.51, "sold": 77.83, "Time_string": "Last update at 18:20 - 04/10/2024", "produce": 2.243, "consumption": 0.181, "ratioPC": 2.274, "maxBatteryPerDay": 8.75, "maxAtThisDay": 35.0, "batteryLevelPercentage": 0.01999058556555602, "buyPrice": 0.149072, "sellPrice": 0.1, "batteryLevel": 0.6996704947944608, "maxBatteryForMonth": 100, "Temperature": 28.3, "ratioPc": "noData"}