{"bought": 96.12, "sold": 54.59, "Time_string": "Last update at 09:40 - 07/06/2024", "produce": 0.7, "consumption": 0.172, "ratioPC": 0.43299999999999994, "maxBatteryPerDay": 8.75, "maxAtThisDay": 61.25, "batteryLevelPercentage": -0.9714303938598086, "buyPrice": 0.149072, "sellPrice": 0.1, "batteryLevel": -59.50011162391328, "maxBatteryForMonth": 100, "Temperature": 21.3, "ratioPc": "noData"}