{"bought": 74.21, "sold": 59.58, "Time_string": "Last update at 17:10 - 10/12/2023", "produce": 0.979, "consumption": 0.221, "ratioPC": 1.0999999999999999, "maxBatteryPerDay": 8.75, "maxAtThisDay": 87.5, "batteryLevelPercentage": -0.3913455526763672, "buyPrice": 0.149072, "sellPrice": 0.1, "batteryLevel": -34.24273585918213, "maxBatteryForMonth": 100, "Temperature": 16.7, "ratioPc": "noData"}