{"bought": 291.79, "sold": 346.21, "Time_string": "Last update at 14:46 - 28/07/2023", "produce": 4.882, "consumption": 1.283, "buyPrice": 0.149072, "sellPrice": 0.1, "batteryLevel": -59.546520339165, "maxBatteryPerDay": 8.75, "batteryLevelPercentage": -5.9546520339165, "maxAtThisDay": 10, "ratioPC": 3.5989999999999998, "maxBatteryForMonth": 10, "ratioPc": "noData"}