{"bought": 124.79, "sold": 151.46, "Time_string": "Last update at 04:02 - 12/11/2024", "produce": 0.0, "consumption": 0.204, "ratioPC": -0.202, "maxBatteryPerDay": 8.75, "maxAtThisDay": 100, "batteryLevelPercentage": -0.23188089513792007, "buyPrice": 0.149072, "sellPrice": 0.1, "batteryLevel": -23.188089513792008, "maxBatteryForMonth": 100, "Temperature": 13.0, "ratioPc": "noData"}