{"bought": 353.92, "sold": 235.56, "Time_string": "Last update at 18:20 - 27/08/2023", "produce": 2.952, "consumption": 1.09, "ratioPC": 1.8619999999999999, "maxBatteryPerDay": 8.75, "maxAtThisDay": 10, "batteryLevelPercentage": -19.590239776752178, "buyPrice": 0.149072, "sellPrice": 0.1, "batteryLevel": -195.90239776752176, "maxBatteryForMonth": 10, "Temperature": 32.0, "ratioPc": "noData"}