{"bought": 138.28, "sold": 150.32, "Time_string": "Last update at 14:15 - 13/10/2024", "produce": 4.414, "consumption": 0.018, "ratioPC": 2.615, "maxBatteryPerDay": 8.75, "maxAtThisDay": 100, "batteryLevelPercentage": -0.3744282065042397, "buyPrice": 0.149072, "sellPrice": 0.1, "batteryLevel": -37.44282065042397, "maxBatteryForMonth": 100, "Temperature": 23.2, "ratioPc": "noData"}