{"bought": 49.93, "sold": 16.5, "Time_string": "Last update at 13:25 - 05/01/2024", "produce": 4.768, "consumption": 4.068, "ratioPC": 1.2000000000000002, "maxBatteryPerDay": 8.75, "maxAtThisDay": 43.75, "batteryLevelPercentage": -0.8882633833698768, "buyPrice": 0.149072, "sellPrice": 0.1, "batteryLevel": -38.86152302243211, "maxBatteryForMonth": 100, "Temperature": 13.0, "ratioPc": "noData"}