{"bought": 268.77, "sold": 436.75, "Time_string": "Last update at 17:52 - 30/11/2023", "produce": 0.023, "consumption": 0.157, "ratioPC": -0.134, "maxBatteryPerDay": 8.75, "maxAtThisDay": 100, "batteryLevelPercentage": 0.24209231512289364, "buyPrice": 0.149072, "sellPrice": 0.1, "batteryLevel": 24.209231512289364, "maxBatteryForMonth": 100, "Temperature": 19.0, "ratioPc": "noData"}