{"bought": 143.71, "sold": 280.77, "Time_string": "Last update at 06:32 - 14/05/2024", "produce": 0.0, "consumption": 0.24, "ratioPC": -0.316, "maxBatteryPerDay": 8.75, "maxAtThisDay": 100, "batteryLevelPercentage": 0.44635229151014244, "buyPrice": 0.149072, "sellPrice": 0.1, "batteryLevel": 44.635229151014244, "maxBatteryForMonth": 100, "Temperature": 14.9, "ratioPc": "noData"}