{"bought": 138.67, "sold": 139.52, "Time_string": "Last update at 15:41 - 20/12/2023", "produce": 1.167, "consumption": 1.067, "ratioPC": 0.19399999999999995, "maxBatteryPerDay": 8.75, "maxAtThisDay": 100, "batteryLevelPercentage": -0.4507764194483201, "buyPrice": 0.149072, "sellPrice": 0.1, "batteryLevel": -45.07764194483201, "maxBatteryForMonth": 100, "Temperature": 12.7, "ratioPc": "noData"}