{"bought": 124.33, "sold": 156.67, "Time_string": "Last update at 18:25 - 13/07/2023", "produce": 2.983, "consumption": 3.465, "buyPrice": 0.149072, "sellPrice": 0.1, "batteryLevel": -19.23313405602663, "maxBatteryPerDay": 8.75, "batteryLevelPercentage": -1.9233134056026628, "maxAtThisDay": 10, "ratioPC": -0.48199999999999976, "maxBatteryForMonth": 10, "ratioPc": "noData"}