{"bought": 121.99, "sold": 215.75, "Time_string": "Last update at 05:06 - 14/09/2024", "produce": 0.0, "consumption": 0.131, "ratioPC": -0.211, "maxBatteryPerDay": 8.75, "maxAtThisDay": 100, "batteryLevelPercentage": 0.22738721691531638, "buyPrice": 0.149072, "sellPrice": 0.1, "batteryLevel": 22.738721691531637, "maxBatteryForMonth": 100, "Temperature": 21.0, "ratioPc": "noData"}