{"bought": 201.53, "sold": 320.13, "Time_string": "Last update at 23:38 - 19/06/2024", "produce": 0.0, "consumption": 4.583, "ratioPC": -4.557, "maxBatteryPerDay": 8.75, "maxAtThisDay": 100, "batteryLevelPercentage": 0.1321857786841255, "buyPrice": 0.149072, "sellPrice": 0.1, "batteryLevel": 13.218577868412552, "maxBatteryForMonth": 100, "Temperature": 17.0, "ratioPc": "noData"}