{"bought": 142.85, "sold": 280.77, "Time_string": "Last update at 01:46 - 14/05/2024", "produce": 0.0, "consumption": 0.129, "ratioPC": -0.131, "maxBatteryPerDay": 8.75, "maxAtThisDay": 100, "batteryLevelPercentage": 0.45495229151014255, "buyPrice": 0.149072, "sellPrice": 0.1, "batteryLevel": 45.49522915101426, "maxBatteryForMonth": 100, "Temperature": 19.2, "ratioPc": "noData"}