{"bought": 230.4, "sold": 292.16, "Time_string": "Last update at 11:11 - 23/10/2024", "produce": 2.387, "consumption": 0.367, "ratioPC": 1.798, "maxBatteryPerDay": 8.75, "maxAtThisDay": 100, "batteryLevelPercentage": -0.34414167650531285, "buyPrice": 0.149072, "sellPrice": 0.1, "batteryLevel": -34.41416765053128, "maxBatteryForMonth": 100, "Temperature": 20.4, "ratioPc": "noData"}