{"bought": 170.29, "sold": 367.2, "Time_string": "Last update at 19:17 - 24/06/2023", "produce": 1.853, "consumption": 2.654, "ratioPc": "noData", "buyPrice": 0.149072, "sellPrice": 0.1, "batteryLevel": 76.0339240098744, "maxBatteryPerDay": 8.75, "batteryLevelPercentage": 0.3620663048089257, "maxAtThisDay": 210.0, "ratioPC": -0.8009999999999999}