{"bought": 128.67, "sold": 140.72, "Time_string": "Last update at 13:34 - 11/10/2024", "produce": 1.738, "consumption": 0.283, "ratioPC": 1.455, "maxBatteryPerDay": 8.75, "maxAtThisDay": 96.25, "batteryLevelPercentage": -0.35607960312736514, "buyPrice": 0.149072, "sellPrice": 0.1, "batteryLevel": -34.272661801008894, "maxBatteryForMonth": 100, "Temperature": 20.6, "ratioPc": "noData"}