{"bought": 7.77, "sold": 29.25, "Time_string": "Last update at 19:43 - 02/09/2023", "produce": 0.679, "consumption": 0.506, "ratioPC": 0.17300000000000004, "maxBatteryPerDay": 8.75, "maxAtThisDay": 10, "batteryLevelPercentage": 1.1851391005688527, "buyPrice": 0.149072, "sellPrice": 0.1, "batteryLevel": 11.851391005688527, "maxBatteryForMonth": 10, "Temperature": 22.3, "ratioPc": "noData"}