{"bought": 10.74, "sold": 14.77, "Time_string": "Last update at 11:03 - 02/07/2023", "produce": 2.308, "consumption": 0.92, "buyPrice": 0.149072, "sellPrice": 0.1, "batteryLevel": -0.8320360631104435, "maxBatteryPerDay": 8.75, "batteryLevelPercentage": -0.04754491789202534, "maxAtThisDay": 17.5, "ratioPC": 1.388, "maxBatteryForMonth": 100, "ratioPc": "noData"}