{"bought": 210.83, "sold": 276.96, "Time_string": "Last update at 12:55 - 19/09/2024", "produce": 4.556, "consumption": 1.643, "ratioPC": 1.4139999999999997, "maxBatteryPerDay": 8.75, "maxAtThisDay": 100, "batteryLevelPercentage": -0.25040582805624156, "buyPrice": 0.149072, "sellPrice": 0.1, "batteryLevel": -25.040582805624155, "maxBatteryForMonth": 100, "Temperature": 25.9, "ratioPc": "noData"}