{"bought": 174.92, "sold": 135.93, "Time_string": "Last update at 17:51 - 16/08/2023", "produce": 3.317, "consumption": 1.817, "ratioPC": 1.5000000000000002, "maxBatteryPerDay": 8.75, "maxAtThisDay": 10, "batteryLevelPercentage": -8.373587420843617, "buyPrice": 0.149072, "sellPrice": 0.1, "batteryLevel": -83.73587420843617, "maxBatteryForMonth": 10, "Temperature": 35.1, "ratioPc": "noData"}