{"bought": 280.52, "sold": 368.45, "Time_string": "Last update at 09:13 - 24/06/2024", "produce": 0.286, "consumption": 0.161, "ratioPC": 0.037000000000000005, "maxBatteryPerDay": 8.75, "maxAtThisDay": 100, "batteryLevelPercentage": -0.33357555006976497, "buyPrice": 0.149072, "sellPrice": 0.1, "batteryLevel": -33.3575550069765, "maxBatteryForMonth": 100, "Temperature": 23.4, "ratioPc": "noData"}