{"bought": 124.66, "sold": 269.46, "Time_string": "Last update at 02:21 - 17/06/2024", "produce": 0.0, "consumption": 0.119, "ratioPC": -0.123, "maxBatteryPerDay": 8.75, "maxAtThisDay": 100, "batteryLevelPercentage": 0.5609829129548135, "buyPrice": 0.149072, "sellPrice": 0.1, "batteryLevel": 56.098291295481346, "maxBatteryForMonth": 100, "Temperature": 20.0, "ratioPc": "noData"}