{"bought": 107.64, "sold": 252.57, "Time_string": "Last update at 09:14 - 13/05/2024", "produce": 0.446, "consumption": 0.141, "ratioPC": 0.27899999999999997, "maxBatteryPerDay": 8.75, "maxAtThisDay": 100, "batteryLevelPercentage": 0.6178819577117097, "buyPrice": 0.149072, "sellPrice": 0.1, "batteryLevel": 61.788195771170976, "maxBatteryForMonth": 100, "Temperature": 18.8, "ratioPc": "noData"}