{"bought": 38.42, "sold": 46.45, "Time_string": "Last update at 11:30 - 05/08/2023", "produce": 2.874, "consumption": 1.716, "ratioPC": 1.1580000000000001, "maxBatteryPerDay": 8.75, "maxAtThisDay": 10, "batteryLevelPercentage": -0.72605602661801, "buyPrice": 0.149072, "sellPrice": 0.1, "batteryLevel": -7.2605602661801, "maxBatteryForMonth": 10, "Temperature": 30.0, "ratioPc": "noData"}