{"bought": 86.12, "sold": 138.04, "Time_string": "Last update at 19:40 - 10/07/2023", "produce": 1.228, "consumption": 3.49, "buyPrice": 0.149072, "sellPrice": 0.1, "batteryLevel": 6.479549211119448, "maxBatteryPerDay": 8.75, "batteryLevelPercentage": 0.6479549211119447, "maxAtThisDay": 10, "ratioPC": -2.2620000000000005, "maxBatteryForMonth": 10, "ratioPc": "noData"}