{"bought": 315.08, "sold": 48.7, "Time_string": "Last update at 16:41 - 15/08/2024", "produce": 4.184, "consumption": 4.72, "ratioPC": 0.3919999999999999, "maxBatteryPerDay": 8.75, "maxAtThisDay": 100, "batteryLevelPercentage": -2.8241122249651176, "buyPrice": 0.149072, "sellPrice": 0.1, "batteryLevel": -282.41122249651175, "maxBatteryForMonth": 100, "Temperature": 36.7, "ratioPc": "noData"}