{"bought": 198.83, "sold": 110.87, "Time_string": "Last update at 12:47 - 21/01/2024", "produce": 4.346, "consumption": 5.096, "ratioPC": -1.8479999999999999, "maxBatteryPerDay": 8.75, "maxAtThisDay": 100, "batteryLevelPercentage": -1.24456542878609, "buyPrice": 0.149072, "sellPrice": 0.1, "batteryLevel": -124.456542878609, "maxBatteryForMonth": 100, "Temperature": 15.6, "ratioPc": "noData"}