{"bought": 137.44, "sold": 335.12, "Time_string": "Last update at 22:05 - 21/06/2023", "produce": 0.0, "consumption": 0.785, "ratioPc": "noData", "buyPrice": 0.149072, "sellPrice": 0.1, "batteryLevel": 87.36412149833637, "maxBatteryPerDay": 8.75, "batteryLevelPercentage": 0.4754510013514905, "maxAtThisDay": 183.75, "ratioPC": -0.785}