{"bought": 208.08, "sold": 195.6, "Time_string": "Last update at 18:54 - 20/08/2023", "produce": 1.759, "consumption": 4.184, "ratioPC": -2.4250000000000003, "maxBatteryPerDay": 8.75, "maxAtThisDay": 10, "batteryLevelPercentage": -7.686823655683159, "buyPrice": 0.149072, "sellPrice": 0.1, "batteryLevel": -76.86823655683159, "maxBatteryForMonth": 10, "Temperature": 40.2, "ratioPc": "noData"}