{"bought": 132.79, "sold": 144.33, "Time_string": "Last update at 10:43 - 12/10/2024", "produce": 0.101, "consumption": 0.204, "ratioPC": -1.136, "maxBatteryPerDay": 8.75, "maxAtThisDay": 100, "batteryLevelPercentage": -0.3597101320167435, "buyPrice": 0.149072, "sellPrice": 0.1, "batteryLevel": -35.97101320167435, "maxBatteryForMonth": 100, "Temperature": 19.0, "ratioPc": "noData"}