{"bought": 65.98, "sold": 111.88, "Time_string": "Last update at 09:04 - 09/09/2024", "produce": 0.15, "consumption": 0.099, "ratioPC": 0.04000000000000001, "maxBatteryPerDay": 8.75, "maxAtThisDay": 78.75, "batteryLevelPercentage": 0.1151870739781011, "buyPrice": 0.149072, "sellPrice": 0.1, "batteryLevel": 9.070982075775461, "maxBatteryForMonth": 100, "Temperature": 16.3, "ratioPc": "noData"}