{"bought": 327.27, "sold": 50.32, "Time_string": "Last update at 13:16 - 16/08/2024", "produce": 4.394, "consumption": 3.971, "ratioPC": 0.22299999999999986, "maxBatteryPerDay": 8.75, "maxAtThisDay": 100, "batteryLevelPercentage": -2.9351449930235054, "buyPrice": 0.149072, "sellPrice": 0.1, "batteryLevel": -293.51449930235054, "maxBatteryForMonth": 100, "Temperature": 33.5, "ratioPc": "noData"}