{"bought": 30.32, "sold": 53.53, "Time_string": "Last update at 10:30 - 05/09/2024", "produce": 1.482, "consumption": 1.201, "ratioPC": -0.04999999999999982, "maxBatteryPerDay": 8.75, "maxAtThisDay": 43.75, "batteryLevelPercentage": 0.1277445161686012, "buyPrice": 0.149072, "sellPrice": 0.1, "batteryLevel": 5.588822582376302, "maxBatteryForMonth": 100, "Temperature": 23.5, "ratioPc": "noData"}