{"bought": 182.01, "sold": 369.18, "Time_string": "Last update at 14:52 - 25/06/2023", "produce": 4.548, "consumption": 5.572, "ratioPc": "noData", "buyPrice": 0.149072, "sellPrice": 0.1, "batteryLevel": 65.64214124718256, "maxBatteryPerDay": 8.75, "batteryLevelPercentage": 0.3000783599871203, "maxAtThisDay": 218.75, "ratioPC": -1.024}