{"bought": 33.9, "sold": 46.32, "Time_string": "Last update at 14:50 - 04/07/2023", "produce": 4.637, "consumption": 3.991, "buyPrice": 0.149072, "sellPrice": 0.1, "batteryLevel": -2.827766448427603, "maxBatteryPerDay": 8.75, "batteryLevelPercentage": -0.2827766448427603, "maxAtThisDay": 10, "ratioPC": 0.6459999999999995, "maxBatteryForMonth": 10, "ratioPc": "noData"}