{"bought": 50.5, "sold": 83.27, "Time_string": "Last update at 17:09 - 06/07/2023", "produce": 4.091, "consumption": 1.845, "buyPrice": 0.149072, "sellPrice": 0.1, "batteryLevel": 5.358913813459267, "maxBatteryPerDay": 8.75, "batteryLevelPercentage": 0.5358913813459267, "maxAtThisDay": 10, "ratioPC": 2.2460000000000004, "maxBatteryForMonth": 10, "ratioPc": "noData"}