{"bought": 317.69, "sold": 374.82, "Time_string": "Last update at 20:47 - 30/07/2023", "produce": 0.103, "consumption": 2.855, "buyPrice": 0.149072, "sellPrice": 0.1, "batteryLevel": -66.25445207684879, "maxBatteryPerDay": 8.75, "batteryLevelPercentage": -6.625445207684879, "maxAtThisDay": 10, "ratioPC": -2.752, "maxBatteryForMonth": 10, "ratioPc": "noData"}