{"bought": 6.64, "sold": 27.37, "Time_string": "Last update at 18:20 - 02/11/2024", "produce": 0.039, "consumption": 1.144, "ratioPC": -0.22499999999999998, "maxBatteryPerDay": 8.75, "maxAtThisDay": 17.5, "batteryLevelPercentage": 0.6697288826875603, "buyPrice": 0.149072, "sellPrice": 0.1, "batteryLevel": 11.720255447032304, "maxBatteryForMonth": 100, "Temperature": 19.7, "ratioPc": "noData"}