{"bought": 122.24, "sold": 300.79, "Time_string": "Last update at 03:43 - 20/06/2023", "produce": 0.0, "consumption": 0.13, "ratioPc": "noData", "buyPrice": 0.149072, "sellPrice": 0.1, "batteryLevel": 79.53498121713001, "maxBatteryPerDay": 8.75, "batteryLevelPercentage": 0.45448560695502865, "maxAtThisDay": 175.0, "ratioPC": -0.13}