{"bought": 149.31, "sold": 385.96, "Time_string": "Last update at 14:38 - 27/10/2023", "produce": 5.467, "consumption": 1.192, "ratioPC": 4.2749999999999995, "maxBatteryPerDay": 8.75, "maxAtThisDay": 10, "batteryLevelPercentage": 10.959844692497587, "buyPrice": 0.149072, "sellPrice": 0.1, "batteryLevel": 109.59844692497586, "maxBatteryForMonth": 10, "Temperature": 21.0, "ratioPc": "noData"}