{"bought": 184.49, "sold": 351.72, "Time_string": "Last update at 07:36 - 17/05/2024", "produce": 0.032, "consumption": 0.123, "ratioPC": -0.143, "maxBatteryPerDay": 8.75, "maxAtThisDay": 100, "batteryLevelPercentage": 0.5144968015455618, "buyPrice": 0.149072, "sellPrice": 0.1, "batteryLevel": 51.44968015455618, "maxBatteryForMonth": 100, "Temperature": 13.0, "ratioPc": "noData"}