{"bought": 131.2, "sold": 173.75, "Time_string": "Last update at 10:57 - 13/11/2024", "produce": 1.402, "consumption": 2.301, "ratioPC": -0.28300000000000003, "maxBatteryPerDay": 8.75, "maxAtThisDay": 100, "batteryLevelPercentage": -0.14645583342277546, "buyPrice": 0.149072, "sellPrice": 0.1, "batteryLevel": -14.645583342277547, "maxBatteryForMonth": 100, "Temperature": 12.9, "ratioPc": "noData"}