{"bought": 132.75, "sold": 331.18, "Time_string": "Last update at 17:00 - 21/06/2023", "produce": 4.24, "consumption": 2.041, "ratioPc": "noData", "buyPrice": 0.149072, "sellPrice": 0.1, "batteryLevel": 89.41110335945046, "maxBatteryPerDay": 8.75, "batteryLevelPercentage": 0.4865910386908869, "maxAtThisDay": 183.75, "ratioPC": 2.1990000000000003}