{"bought": 216.48, "sold": 580.63, "Time_string": "Last update at 07:58 - 25/05/2024", "produce": 0.138, "consumption": 0.176, "ratioPC": -0.01200000000000001, "maxBatteryPerDay": 8.75, "maxAtThisDay": 100, "batteryLevelPercentage": 1.7301635075668136, "buyPrice": 0.149072, "sellPrice": 0.1, "batteryLevel": 173.01635075668136, "maxBatteryForMonth": 100, "Temperature": 15.0, "ratioPc": "noData"}