{"bought": 92.21, "sold": 232.01, "Time_string": "Last update at 09:27 - 12/05/2024", "produce": 0.44, "consumption": 0.168, "ratioPC": 0.235, "maxBatteryPerDay": 8.75, "maxAtThisDay": 100, "batteryLevelPercentage": 0.6342620264033486, "buyPrice": 0.149072, "sellPrice": 0.1, "batteryLevel": 63.426202640334864, "maxBatteryForMonth": 100, "Temperature": 18.4, "ratioPc": "noData"}