{"bought": 146.03, "sold": 231.18, "Time_string": "Last update at 14:11 - 15/09/2024", "produce": 4.589, "consumption": 2.799, "ratioPC": 1.7690000000000001, "maxBatteryPerDay": 8.75, "maxAtThisDay": 100, "batteryLevelPercentage": 0.09049424707523883, "buyPrice": 0.149072, "sellPrice": 0.1, "batteryLevel": 9.049424707523883, "maxBatteryForMonth": 100, "Temperature": 32.0, "ratioPc": "noData"}