{"bought": 165.9, "sold": 149.54, "Time_string": "Last update at 10:18 - 23/12/2023", "produce": 1.591, "consumption": 0.26, "ratioPC": 1.1199999999999999, "maxBatteryPerDay": 8.75, "maxAtThisDay": 100, "batteryLevelPercentage": -0.65586057743909, "buyPrice": 0.149072, "sellPrice": 0.1, "batteryLevel": -65.586057743909, "maxBatteryForMonth": 100, "Temperature": 7.6, "ratioPc": "noData"}