{"bought": 172.17, "sold": 167.73, "Time_string": "Last update at 11:23 - 24/12/2023", "produce": 2.992, "consumption": 5.634, "ratioPC": -0.8499999999999996, "maxBatteryPerDay": 8.75, "maxAtThisDay": 100, "batteryLevelPercentage": -0.5965390039712354, "buyPrice": 0.149072, "sellPrice": 0.1, "batteryLevel": -59.653900397123536, "maxBatteryForMonth": 100, "Temperature": 9.8, "ratioPc": "noData"}