{"bought": 147.83, "sold": 362.83, "Time_string": "Last update at 17:41 - 23/06/2023", "produce": 3.436, "consumption": 2.704, "ratioPc": "noData", "buyPrice": 0.149072, "sellPrice": 0.1, "batteryLevel": 95.56245465278522, "maxBatteryPerDay": 8.75, "batteryLevelPercentage": 0.4748444951691191, "maxAtThisDay": 201.25, "ratioPC": 0.7319999999999998}