{"bought": 63.08, "sold": 46.14, "Time_string": "Last update at 17:02 - 05/06/2024", "produce": 3.979, "consumption": 2.976, "ratioPC": 1.646, "maxBatteryPerDay": 8.75, "maxAtThisDay": 43.75, "batteryLevelPercentage": -0.7343660221714531, "buyPrice": 0.149072, "sellPrice": 0.1, "batteryLevel": -32.128513470001074, "maxBatteryForMonth": 100, "Temperature": 35.0, "ratioPc": "noData"}