{"bought": 262.98, "sold": 202.21, "Time_string": "Last update at 10:14 - 23/08/2023", "produce": 1.132, "consumption": 0.956, "ratioPC": 0.17599999999999993, "maxBatteryPerDay": 8.75, "maxAtThisDay": 10, "batteryLevelPercentage": -12.733413759793924, "buyPrice": 0.149072, "sellPrice": 0.1, "batteryLevel": -127.33413759793925, "maxBatteryForMonth": 10, "Temperature": 30.7, "ratioPc": "noData"}