{"bought": 20.73, "sold": 28.46, "Time_string": "Last update at 12:37 - 03/07/2023", "produce": 3.78, "consumption": 3.514, "buyPrice": 0.149072, "sellPrice": 0.1, "batteryLevel": -1.6385542556616954, "maxBatteryPerDay": 8.75, "batteryLevelPercentage": -0.16385542556616955, "maxAtThisDay": 10, "ratioPC": 0.266, "maxBatteryForMonth": 10, "ratioPc": "noData"}