{"bought": 146.87, "sold": 160.82, "Time_string": "Last update at 20:40 - 14/07/2023", "produce": 0.129, "consumption": 2.731, "buyPrice": 0.149072, "sellPrice": 0.1, "batteryLevel": -38.98924439197167, "maxBatteryPerDay": 8.75, "batteryLevelPercentage": -3.8989244391971667, "maxAtThisDay": 10, "ratioPC": -2.602, "maxBatteryForMonth": 10, "ratioPc": "noData"}