{"bought": 176.54, "sold": 172.04, "Time_string": "Last update at 17:12 - 24/12/2023", "produce": 1.17, "consumption": 0.294, "ratioPC": 0.9540000000000002, "maxBatteryPerDay": 8.75, "maxAtThisDay": 100, "batteryLevelPercentage": -0.611326800472255, "buyPrice": 0.149072, "sellPrice": 0.1, "batteryLevel": -61.13268004722549, "maxBatteryForMonth": 100, "Temperature": 15.8, "ratioPc": "noData"}