{"bought": 280.75, "sold": 369.17, "Time_string": "Last update at 10:55 - 24/06/2024", "produce": 2.269, "consumption": 1.003, "ratioPC": 1.158, "maxBatteryPerDay": 8.75, "maxAtThisDay": 100, "batteryLevelPercentage": -0.33104566920682627, "buyPrice": 0.149072, "sellPrice": 0.1, "batteryLevel": -33.10456692068263, "maxBatteryForMonth": 100, "Temperature": 27.8, "ratioPc": "noData"}