{"bought": 68.89, "sold": 215.46, "Time_string": "Last update at 18:42 - 13/10/2023", "produce": 0.289, "consumption": 0.158, "ratioPC": 0.13099999999999998, "maxBatteryPerDay": 8.75, "maxAtThisDay": 10, "batteryLevelPercentage": 7.564418482344102, "buyPrice": 0.149072, "sellPrice": 0.1, "batteryLevel": 75.64418482344102, "maxBatteryForMonth": 10, "Temperature": 27.6, "ratioPc": "noData"}