{"bought": 75.8, "sold": 228.9, "Time_string": "Last update at 13:56 - 11/05/2024", "produce": 3.58, "consumption": 5.832, "ratioPC": -2.4979999999999998, "maxBatteryPerDay": 8.75, "maxAtThisDay": 96.25, "batteryLevelPercentage": 0.8077918174988047, "buyPrice": 0.149072, "sellPrice": 0.1, "batteryLevel": 77.74996243425996, "maxBatteryForMonth": 100, "Temperature": 27.9, "ratioPc": "noData"}