{"bought": 191.22, "sold": 202.16, "Time_string": "Last update at 19:50 - 17/10/2024", "produce": 0.014, "consumption": 0.202, "ratioPC": -0.17300000000000001, "maxBatteryPerDay": 8.75, "maxAtThisDay": 100, "batteryLevelPercentage": -0.5560767843726521, "buyPrice": 0.149072, "sellPrice": 0.1, "batteryLevel": -55.60767843726521, "maxBatteryForMonth": 100, "Temperature": 18.2, "ratioPc": "noData"}