{"bought": 23.29, "sold": 4.13, "Time_string": "Last update at 10:29 - 02/06/2024", "produce": 1.822, "consumption": 0.176, "ratioPC": 1.1969999999999998, "maxBatteryPerDay": 8.75, "maxAtThisDay": 17.5, "batteryLevelPercentage": -1.172544381238596, "buyPrice": 0.149072, "sellPrice": 0.1, "batteryLevel": -20.519526671675433, "maxBatteryForMonth": 100, "Temperature": 24.0, "ratioPc": "noData"}