{"bought": 194.11, "sold": 470.87, "Time_string": "Last update at 09:21 - 21/05/2024", "produce": 0.367, "consumption": 0.122, "ratioPC": 0.151, "maxBatteryPerDay": 8.75, "maxAtThisDay": 100, "batteryLevelPercentage": 1.2175750026832668, "buyPrice": 0.149072, "sellPrice": 0.1, "batteryLevel": 121.75750026832668, "maxBatteryForMonth": 100, "Temperature": 15.7, "ratioPc": "noData"}