{"bought": 233.78, "sold": 344.96, "Time_string": "Last update at 07:53 - 21/06/2024", "produce": 0.114, "consumption": 0.199, "ratioPC": -0.14200000000000002, "maxBatteryPerDay": 8.75, "maxAtThisDay": 100, "batteryLevelPercentage": -0.02375041322314047, "buyPrice": 0.149072, "sellPrice": 0.1, "batteryLevel": -2.375041322314047, "maxBatteryForMonth": 100, "Temperature": 15.0, "ratioPc": "noData"}