{"bought": 70.16, "sold": 138.67, "Time_string": "Last update at 09:14 - 10/09/2024", "produce": 0.307, "consumption": 0.201, "ratioPC": 0.158, "maxBatteryPerDay": 8.75, "maxAtThisDay": 87.5, "batteryLevelPercentage": 0.26128187184716095, "buyPrice": 0.149072, "sellPrice": 0.1, "batteryLevel": 22.86216378662658, "maxBatteryForMonth": 100, "Temperature": 17.5, "ratioPc": "noData"}