{"bought": 86.77, "sold": 131.21, "Time_string": "Last update at 14:54 - 09/10/2024", "produce": 0.33, "consumption": 0.828, "ratioPC": -0.353, "maxBatteryPerDay": 8.75, "maxAtThisDay": 78.75, "batteryLevelPercentage": 0.01584597535483035, "buyPrice": 0.149072, "sellPrice": 0.1, "batteryLevel": 1.24787055919289, "maxBatteryForMonth": 100, "Temperature": 22.0, "ratioPc": "noData"}