{"bought": 158.04, "sold": 362.97, "Time_string": "Last update at 02:28 - 24/06/2023", "produce": 0.0, "consumption": 0.098, "ratioPc": "noData", "buyPrice": 0.149072, "sellPrice": 0.1, "batteryLevel": 85.44636900289794, "maxBatteryPerDay": 8.75, "batteryLevelPercentage": 0.40688747144237114, "maxAtThisDay": 210.0, "ratioPC": -0.098}