{"bought": 132.31, "sold": 134.79, "Time_string": "Last update at 16:53 - 19/12/2023", "produce": 1.457, "consumption": 3.777, "ratioPC": -2.1399999999999997, "maxBatteryPerDay": 8.75, "maxAtThisDay": 100, "batteryLevelPercentage": -0.41890605345068166, "buyPrice": 0.149072, "sellPrice": 0.1, "batteryLevel": -41.89060534506817, "maxBatteryForMonth": 100, "Temperature": 14.1, "ratioPc": "noData"}