{"bought": 191.14, "sold": 193.08, "Time_string": "Last update at 14:47 - 17/10/2024", "produce": 5.875, "consumption": 3.266, "ratioPC": 4.463, "maxBatteryPerDay": 8.75, "maxAtThisDay": 100, "batteryLevelPercentage": -0.6161869485886012, "buyPrice": 0.149072, "sellPrice": 0.1, "batteryLevel": -61.618694858860124, "maxBatteryForMonth": 100, "Temperature": 20.8, "ratioPc": "noData"}