{"bought": 63.67, "sold": 226.99, "Time_string": "Last update at 13:52 - 14/06/2023", "produce": 4.693, "consumption": 0.945, "ratioPc": null, "buyPrice": 0.149072, "sellPrice": 0.1, "batteryLevel": 88.59870237200816, "maxBatteryPerDay": 8.75, "batteryLevelPercentage": 0.723254713240883, "maxAtThisDay": 122.5, "ratioPC": 3.7479999999999998}