{"bought": 124.35, "sold": 125.19, "Time_string": "Last update at 17:42 - 18/12/2023", "produce": 0.1, "consumption": 0.336, "ratioPC": -0.14500000000000002, "maxBatteryPerDay": 8.75, "maxAtThisDay": 100, "batteryLevelPercentage": -0.4037044649565311, "buyPrice": 0.149072, "sellPrice": 0.1, "batteryLevel": -40.37044649565311, "maxBatteryForMonth": 100, "Temperature": 12.6, "ratioPc": "noData"}