{"bought": 235.57, "sold": 651.68, "Time_string": "Last update at 10:30 - 28/05/2024", "produce": 1.844, "consumption": 0.148, "ratioPC": 1.251, "maxBatteryPerDay": 8.75, "maxAtThisDay": 100, "batteryLevelPercentage": 2.0158788343887513, "buyPrice": 0.149072, "sellPrice": 0.1, "batteryLevel": 201.5878834388751, "maxBatteryForMonth": 100, "Temperature": 23.0, "ratioPc": "noData"}