{"bought": 247.64, "sold": 206.23, "Time_string": "Last update at 14:29 - 30/12/2023", "produce": 4.079, "consumption": 0.539, "ratioPC": 3.728, "maxBatteryPerDay": 8.75, "maxAtThisDay": 100, "batteryLevelPercentage": -1.092974541161318, "buyPrice": 0.149072, "sellPrice": 0.1, "batteryLevel": -109.2974541161318, "maxBatteryForMonth": 100, "Temperature": 15.5, "ratioPc": "noData"}