{"bought": 288.87, "sold": 335.48, "Time_string": "Last update at 20:16 - 27/07/2023", "produce": 0.493, "consumption": 0.469, "buyPrice": 0.149072, "sellPrice": 0.1, "batteryLevel": -63.824384458516704, "maxBatteryPerDay": 8.75, "batteryLevelPercentage": -6.382438445851671, "maxAtThisDay": 10, "ratioPC": 0.02400000000000002, "maxBatteryForMonth": 10, "ratioPc": "noData"}