{"bought": 122.4, "sold": 215.75, "Time_string": "Last update at 07:23 - 14/09/2024", "produce": 0.0, "consumption": 0.135, "ratioPC": -0.197, "maxBatteryPerDay": 8.75, "maxAtThisDay": 100, "batteryLevelPercentage": 0.22328721691531628, "buyPrice": 0.149072, "sellPrice": 0.1, "batteryLevel": 22.328721691531626, "maxBatteryForMonth": 100, "Temperature": 20.0, "ratioPc": "noData"}