{"bought": 216.86, "sold": 602.25, "Time_string": "Last update at 16:54 - 25/05/2024", "produce": 4.061, "consumption": 0.259, "ratioPC": 3.516, "maxBatteryPerDay": 8.75, "maxAtThisDay": 100, "batteryLevelPercentage": 1.8713940968122784, "buyPrice": 0.149072, "sellPrice": 0.1, "batteryLevel": 187.13940968122785, "maxBatteryForMonth": 100, "Temperature": 32.9, "ratioPc": "noData"}