{"bought": 59.6, "sold": 158.5, "Time_string": "Last update at 11:06 - 11/10/2023", "produce": 2.28, "consumption": 0.849, "ratioPC": 1.4309999999999998, "maxBatteryPerDay": 8.75, "maxAtThisDay": 10, "batteryLevelPercentage": 4.672446066330364, "buyPrice": 0.149072, "sellPrice": 0.1, "batteryLevel": 46.72446066330364, "maxBatteryForMonth": 10, "Temperature": 22.3, "ratioPc": "noData"}