{"bought": 106.98, "sold": 127.24, "Time_string": "Last update at 06:57 - 11/06/2024", "produce": 0.0, "consumption": 0.119, "ratioPC": -0.158, "maxBatteryPerDay": 8.75, "maxAtThisDay": 96.25, "batteryLevelPercentage": -0.22467815151468698, "buyPrice": 0.149072, "sellPrice": 0.1, "batteryLevel": -21.62527208328862, "maxBatteryForMonth": 100, "Temperature": 16.0, "ratioPc": "noData"}