{"bought": 193.27, "sold": 417.69, "Time_string": "Last update at 10:44 - 26/11/2023", "produce": 2.628, "consumption": 0.181, "ratioPC": 2.447, "maxBatteryPerDay": 8.75, "maxAtThisDay": 100, "batteryLevelPercentage": 0.8692346356123218, "buyPrice": 0.149072, "sellPrice": 0.1, "batteryLevel": 86.92346356123218, "maxBatteryForMonth": 100, "Temperature": 10.5, "ratioPc": "noData"}