{"bought": 194.38, "sold": 209.63, "Time_string": "Last update at 17:36 - 18/10/2024", "produce": 1.28, "consumption": 0.285, "ratioPC": -0.7180000000000002, "maxBatteryPerDay": 8.75, "maxAtThisDay": 100, "batteryLevelPercentage": -0.5375667704196629, "buyPrice": 0.149072, "sellPrice": 0.1, "batteryLevel": -53.7566770419663, "maxBatteryForMonth": 100, "Temperature": 20.4, "ratioPc": "noData"}