{"bought": 156.0, "sold": 170.32, "Time_string": "Last update at 20:16 - 15/07/2023", "produce": 0.438, "consumption": 2.172, "buyPrice": 0.149072, "sellPrice": 0.1, "batteryLevel": -41.74648492003864, "maxBatteryPerDay": 8.75, "batteryLevelPercentage": -4.174648492003864, "maxAtThisDay": 10, "ratioPC": -1.7340000000000002, "maxBatteryForMonth": 10, "ratioPc": "noData"}