{"bought": 133.68, "sold": 145.24, "Time_string": "Last update at 14:15 - 12/10/2024", "produce": 1.083, "consumption": 0.938, "ratioPC": 0.33299999999999996, "maxBatteryPerDay": 8.75, "maxAtThisDay": 100, "batteryLevelPercentage": -0.36250569925941833, "buyPrice": 0.149072, "sellPrice": 0.1, "batteryLevel": -36.25056992594183, "maxBatteryForMonth": 100, "Temperature": 20.0, "ratioPc": "noData"}