{"bought": 102.09, "sold": 101.96, "Time_string": "Last update at 17:23 - 09/06/2024", "produce": 0.742, "consumption": 0.288, "ratioPC": 0.496, "maxBatteryPerDay": 8.75, "maxAtThisDay": 78.75, "batteryLevelPercentage": -0.4278542278920085, "buyPrice": 0.149072, "sellPrice": 0.1, "batteryLevel": -33.69352044649567, "maxBatteryForMonth": 100, "Temperature": 24.6, "ratioPc": "noData"}