{"bought": 143.98, "sold": 293.74, "Time_string": "Last update at 14:11 - 14/05/2024", "produce": 5.247, "consumption": 0.284, "ratioPC": 5.113, "maxBatteryPerDay": 8.75, "maxAtThisDay": 100, "batteryLevelPercentage": 0.5306572287216917, "buyPrice": 0.149072, "sellPrice": 0.1, "batteryLevel": 53.065722872169175, "maxBatteryForMonth": 100, "Temperature": 23.0, "ratioPc": "noData"}