{"bought": 1.75, "sold": 5.12, "Time_string": "Last update at 14:12 - 01/11/2024", "produce": 0.274, "consumption": 0.304, "ratioPC": -0.22600000000000003, "maxBatteryPerDay": 8.75, "maxAtThisDay": 8.75, "batteryLevelPercentage": 0.19252365108327324, "buyPrice": 0.149072, "sellPrice": 0.1, "batteryLevel": 1.684581946978641, "maxBatteryForMonth": 100, "Temperature": 19.0, "ratioPc": "noData"}