{"bought": 325.67, "sold": 387.86, "Time_string": "Last update at 19:35 - 31/07/2023", "produce": 1.664, "consumption": 1.915, "ratioPC": -0.2510000000000001, "maxBatteryPerDay": 8.75, "maxAtThisDay": 10, "batteryLevelPercentage": -6.5487001180637545, "buyPrice": 0.149072, "sellPrice": 0.1, "batteryLevel": -65.48700118063755, "maxBatteryForMonth": 10, "Temperature": "35.5"}