{"bought": 226.85, "sold": 379.0, "Time_string": "Last update at 21:18 - 27/06/2023", "produce": 0.127, "consumption": 3.124, "buyPrice": 0.149072, "sellPrice": 0.1, "batteryLevel": 27.389562090801746, "maxBatteryPerDay": 8.75, "batteryLevelPercentage": 0.27389562090801745, "maxAtThisDay": 100, "ratioPC": -2.997, "maxBatteryForMonth": 100, "ratioPc": "noData"}