{"bought": 121.14, "sold": 134.26, "Time_string": "Last update at 10:55 - 11/11/2024", "produce": 3.006, "consumption": 1.101, "ratioPC": 1.3559999999999999, "maxBatteryPerDay": 8.75, "maxAtThisDay": 96.25, "batteryLevelPercentage": -0.32286896874725585, "buyPrice": 0.149072, "sellPrice": 0.1, "batteryLevel": -31.076138241923374, "maxBatteryForMonth": 100, "Temperature": 17.9, "ratioPc": "noData"}