{"bought": 99.76, "sold": 258.02, "Time_string": "Last update at 11:26 - 17/06/2023", "produce": 2.915, "consumption": 4.057, "ratioPc": null, "buyPrice": 0.149072, "sellPrice": 0.1, "batteryLevel": 73.32414725770094, "maxBatteryPerDay": 8.75, "batteryLevelPercentage": 0.49293544374925, "maxAtThisDay": 148.75, "ratioPC": -1.1420000000000003}