{"bought": 57.73, "sold": 253.0, "Time_string": "Last update at 16:12 - 14/09/2023", "produce": 4.51, "consumption": 1.592, "ratioPC": 2.9179999999999997, "maxBatteryPerDay": 8.75, "maxAtThisDay": 10, "batteryLevelPercentage": 11.198664698937426, "buyPrice": 0.149072, "sellPrice": 0.1, "batteryLevel": 111.98664698937426, "maxBatteryForMonth": 10, "Temperature": 32.8, "ratioPc": "noData"}