{"bought": 121.17, "sold": 324.11, "Time_string": "Last update at 13:04 - 22/10/2023", "produce": 0.421, "consumption": 0.335, "ratioPC": 0.08599999999999997, "maxBatteryPerDay": 8.75, "maxAtThisDay": 10, "batteryLevelPercentage": 9.624842867875925, "buyPrice": 0.149072, "sellPrice": 0.1, "batteryLevel": 96.24842867875925, "maxBatteryForMonth": 10, "Temperature": 16.9, "ratioPc": "noData"}