{"bought": 330.64, "sold": 366.11, "Time_string": "Last update at 10:26 - 29/10/2024", "produce": 0.099, "consumption": 0.173, "ratioPC": -0.201, "maxBatteryPerDay": 8.75, "maxAtThisDay": 100, "batteryLevelPercentage": -0.8504726628743154, "buyPrice": 0.149072, "sellPrice": 0.1, "batteryLevel": -85.04726628743154, "maxBatteryForMonth": 100, "Temperature": 16.5, "ratioPc": "noData"}