{"bought": 1.83, "sold": 7.63, "Time_string": "Last update at 15:47 - 01/07/2023", "produce": 4.515, "consumption": 3.55, "buyPrice": 0.149072, "sellPrice": 0.1, "batteryLevel": 3.2883320811419985, "maxBatteryPerDay": 8.75, "batteryLevelPercentage": 0.3758093807019427, "maxAtThisDay": 8.75, "ratioPC": 0.9649999999999999, "maxBatteryForMonth": 100, "ratioPc": "noData"}