{"bought": 164.74, "sold": 363.18, "Time_string": "Last update at 09:38 - 24/06/2023", "produce": 0.495, "consumption": 0.097, "ratioPc": "noData", "buyPrice": 0.149072, "sellPrice": 0.1, "batteryLevel": 78.88724052806697, "maxBatteryPerDay": 8.75, "batteryLevelPercentage": 0.3756535263241284, "maxAtThisDay": 210.0, "ratioPC": 0.398}