{"bought": 144.44, "sold": 311.07, "Time_string": "Last update at 21:12 - 14/05/2024", "produce": 0.044, "consumption": 0.132, "ratioPC": -0.093, "maxBatteryPerDay": 8.75, "maxAtThisDay": 100, "batteryLevelPercentage": 0.6423097778254803, "buyPrice": 0.149072, "sellPrice": 0.1, "batteryLevel": 64.23097778254802, "maxBatteryForMonth": 100, "Temperature": 20.8, "ratioPc": "noData"}