{"bought": 187.91, "sold": 370.91, "Time_string": "Last update at 01:49 - 26/06/2023", "produce": 0.0, "consumption": 0.187, "ratioPc": "noData", "buyPrice": 0.149072, "sellPrice": 0.1, "batteryLevel": 60.902654287860884, "maxBatteryPerDay": 8.75, "batteryLevelPercentage": 0.2677039748916962, "maxAtThisDay": 227.5, "ratioPC": -0.187}