{"bought": 10.41, "sold": 13.92, "Time_string": "Last update at 08:17 - 02/07/2023", "produce": 0.206, "consumption": 0.242, "buyPrice": 0.149072, "sellPrice": 0.1, "batteryLevel": -1.07223033165182, "maxBatteryPerDay": 8.75, "batteryLevelPercentage": -0.06127030466581829, "maxAtThisDay": 17.5, "ratioPC": -0.036000000000000004, "maxBatteryForMonth": 100, "ratioPc": "noData"}