{"bought": 206.48, "sold": 190.98, "Time_string": "Last update at 15:02 - 20/08/2023", "produce": 4.542, "consumption": 1.955, "ratioPC": 2.5869999999999997, "maxBatteryPerDay": 8.75, "maxAtThisDay": 10, "batteryLevelPercentage": -7.836741011055063, "buyPrice": 0.149072, "sellPrice": 0.1, "batteryLevel": -78.36741011055062, "maxBatteryForMonth": 10, "Temperature": 40.0, "ratioPc": "noData"}