{"bought": 54.14, "sold": 85.71, "Time_string": "Last update at 21:29 - 06/07/2023", "produce": 0.056, "consumption": 1.291, "buyPrice": 0.149072, "sellPrice": 0.1, "batteryLevel": 3.355706772566272, "maxBatteryPerDay": 8.75, "batteryLevelPercentage": 0.3355706772566272, "maxAtThisDay": 10, "ratioPC": -1.2349999999999999, "maxBatteryForMonth": 10, "ratioPc": "noData"}