{"bought": 198.91, "sold": 532.65, "Time_string": "Last update at 08:19 - 23/05/2024", "produce": 0.275, "consumption": 0.345, "ratioPC": 0.121, "maxBatteryPerDay": 8.75, "maxAtThisDay": 100, "batteryLevelPercentage": 1.5840056133948692, "buyPrice": 0.149072, "sellPrice": 0.1, "batteryLevel": 158.40056133948693, "maxBatteryForMonth": 100, "Temperature": 16.6, "ratioPc": "noData"}