{"bought": 66.22, "sold": 109.66, "Time_string": "Last update at 17:45 - 07/11/2024", "produce": 0.296, "consumption": 0.191, "ratioPC": 0.249, "maxBatteryPerDay": 8.75, "maxAtThisDay": 61.25, "batteryLevelPercentage": 0.11986561321963592, "buyPrice": 0.149072, "sellPrice": 0.1, "batteryLevel": 7.3417688097027, "maxBatteryForMonth": 100, "Temperature": 22.2, "ratioPc": "noData"}