{"bought": 44.4, "sold": 117.88, "Time_string": "Last update at 14:19 - 08/10/2023", "produce": 4.698, "consumption": 3.145, "ratioPC": 1.5530000000000004, "maxBatteryPerDay": 8.75, "maxAtThisDay": 10, "batteryLevelPercentage": 3.4675882794891058, "buyPrice": 0.149072, "sellPrice": 0.1, "batteryLevel": 34.67588279489106, "maxBatteryForMonth": 10, "Temperature": 33.3, "ratioPc": "noData"}