{"bought": 63.67, "sold": 229.62, "Time_string": "Last update at 14:36 - 14/06/2023", "produce": 4.794, "consumption": 1.032, "ratioPc": null, "buyPrice": 0.149072, "sellPrice": 0.1, "batteryLevel": 90.36295052055384, "maxBatteryPerDay": 8.75, "batteryLevelPercentage": 0.7376567389432966, "maxAtThisDay": 122.5, "ratioPC": 3.7619999999999996}