{"bought": 154.31, "sold": 293.05, "Time_string": "Last update at 13:13 - 18/06/2024", "produce": 1.545, "consumption": 0.892, "ratioPC": 0.9580000000000001, "maxBatteryPerDay": 8.75, "maxAtThisDay": 100, "batteryLevelPercentage": 0.4227285928947086, "buyPrice": 0.149072, "sellPrice": 0.1, "batteryLevel": 42.27285928947086, "maxBatteryForMonth": 100, "Temperature": 24.8, "ratioPc": "noData"}