{"bought": 126.08, "sold": 151.47, "Time_string": "Last update at 08:53 - 12/11/2024", "produce": 0.32, "consumption": 0.251, "ratioPC": -0.08399999999999999, "maxBatteryPerDay": 8.75, "maxAtThisDay": 100, "batteryLevelPercentage": -0.24471381345926801, "buyPrice": 0.149072, "sellPrice": 0.1, "batteryLevel": -24.4713813459268, "maxBatteryForMonth": 100, "Temperature": 13.9, "ratioPc": "noData"}