{"bought": 243.2, "sold": 391.54, "Time_string": "Last update at 13:46 - 29/06/2023", "produce": 4.435, "consumption": 4.2, "buyPrice": 0.149072, "sellPrice": 0.1, "batteryLevel": 19.45160459375336, "maxBatteryPerDay": 8.75, "batteryLevelPercentage": 0.19451604593753358, "maxAtThisDay": 100, "ratioPC": 0.23499999999999943, "maxBatteryForMonth": 100, "ratioPc": "noData"}