{"bought": 218.94, "sold": 252.06, "Time_string": "Last update at 18:46 - 21/07/2023", "produce": 2.669, "consumption": 5.003, "buyPrice": 0.149072, "sellPrice": 0.1, "batteryLevel": -49.85392078995383, "maxBatteryPerDay": 8.75, "batteryLevelPercentage": -4.985392078995384, "maxAtThisDay": 10, "ratioPC": -2.334, "maxBatteryForMonth": 10, "ratioPc": "noData"}