{"bought": 81.65, "sold": 253.75, "Time_string": "Last update at 22:54 - 15/06/2023", "produce": 0.0, "consumption": 0.334, "ratioPc": null, "buyPrice": 0.149072, "sellPrice": 0.1, "batteryLevel": 88.56975957926369, "maxBatteryPerDay": 8.75, "batteryLevelPercentage": 0.674817215842009, "maxAtThisDay": 131.25, "ratioPC": -0.334}