{"bought": 183.4, "sold": 173.29, "Time_string": "Last update at 12:25 - 25/12/2023", "produce": 3.93, "consumption": 4.233, "ratioPC": -0.27900000000000036, "maxBatteryPerDay": 8.75, "maxAtThisDay": 100, "batteryLevelPercentage": -0.6715415906407642, "buyPrice": 0.149072, "sellPrice": 0.1, "batteryLevel": -67.15415906407642, "maxBatteryForMonth": 100, "Temperature": 9.4, "ratioPc": "noData"}