{"bought": 260.19, "sold": 329.03, "Time_string": "Last update at 11:53 - 24/09/2024", "produce": 2.184, "consumption": 0.245, "ratioPC": 1.519, "maxBatteryPerDay": 8.75, "maxAtThisDay": 100, "batteryLevelPercentage": -0.3947115273156598, "buyPrice": 0.149072, "sellPrice": 0.1, "batteryLevel": -39.47115273156598, "maxBatteryForMonth": 100, "Temperature": 21.8, "ratioPc": "noData"}