{"bought": 176.08, "sold": 447.55, "Time_string": "Last update at 15:04 - 31/10/2023", "produce": 0.474, "consumption": 0.251, "ratioPC": 0.22299999999999998, "maxBatteryPerDay": 8.75, "maxAtThisDay": 10, "batteryLevelPercentage": 12.414405280669744, "buyPrice": 0.149072, "sellPrice": 0.1, "batteryLevel": 124.14405280669743, "maxBatteryForMonth": 10, "Temperature": 16.0, "ratioPc": "noData"}