{"bought": 458.3, "sold": 68.54, "Time_string": "Last update at 09:45 - 21/08/2024", "produce": 0.75, "consumption": 0.966, "ratioPC": 0.5309999999999999, "maxBatteryPerDay": 8.75, "maxAtThisDay": 100, "batteryLevelPercentage": -4.123222174519696, "buyPrice": 0.149072, "sellPrice": 0.1, "batteryLevel": -412.32221745196955, "maxBatteryForMonth": 100, "Temperature": 25.5, "ratioPc": "noData"}