{"bought": 170.04, "sold": 112.41, "Time_string": "Last update at 14:08 - 15/08/2023", "produce": 4.618, "consumption": 3.941, "ratioPC": 0.6770000000000005, "maxBatteryPerDay": 8.75, "maxAtThisDay": 10, "batteryLevelPercentage": -9.463348502736931, "buyPrice": 0.149072, "sellPrice": 0.1, "batteryLevel": -94.63348502736932, "maxBatteryForMonth": 10, "Temperature": 34.1, "ratioPc": "noData"}