{"bought": 39.04, "sold": 49.1, "Time_string": "Last update at 13:39 - 05/08/2023", "produce": 4.534, "consumption": 4.271, "ratioPC": 0.2629999999999999, "maxBatteryPerDay": 8.75, "maxAtThisDay": 10, "batteryLevelPercentage": -0.6102895781904045, "buyPrice": 0.149072, "sellPrice": 0.1, "batteryLevel": -6.102895781904046, "maxBatteryForMonth": 10, "Temperature": 34.3, "ratioPc": "noData"}