{"bought": 104.3, "sold": 269.04, "Time_string": "Last update at 20:13 - 17/06/2023", "produce": 0.47, "consumption": 5.111, "ratioPc": null, "buyPrice": 0.149072, "sellPrice": 0.1, "batteryLevel": 76.17654824514331, "maxBatteryPerDay": 8.75, "batteryLevelPercentage": 0.5121112487068458, "maxAtThisDay": 148.75, "ratioPC": -4.641}