{"bought": 59.65, "sold": 172.73, "Time_string": "Last update at 15:50 - 11/10/2023", "produce": 0.0, "consumption": 0.0, "ratioPC": 3.6220000000000003, "maxBatteryPerDay": 8.75, "maxAtThisDay": 10, "batteryLevelPercentage": 5.622018353547277, "buyPrice": 0.149072, "sellPrice": 0.1, "batteryLevel": 56.22018353547278, "maxBatteryForMonth": 10, "Temperature": 30.8, "ratioPc": "noData"}