{"bought": 71.88, "sold": 218.49, "Time_string": "Last update at 20:23 - 10/05/2024", "produce": 0.203, "consumption": 0.333, "ratioPC": -2.286, "maxBatteryPerDay": 8.75, "maxAtThisDay": 87.5, "batteryLevelPercentage": 0.8535629678467934, "buyPrice": 0.149072, "sellPrice": 0.1, "batteryLevel": 74.68675968659443, "maxBatteryForMonth": 100, "Temperature": 28.2, "ratioPc": "noData"}