{"bought": 147.44, "sold": 311.29, "Time_string": "Last update at 09:43 - 15/05/2024", "produce": 0.709, "consumption": 0.168, "ratioPC": 0.38, "maxBatteryPerDay": 8.75, "maxAtThisDay": 100, "batteryLevelPercentage": 0.6137855747558228, "buyPrice": 0.149072, "sellPrice": 0.1, "batteryLevel": 61.378557475582284, "maxBatteryForMonth": 100, "Temperature": 15.4, "ratioPc": "noData"}