{"bought": 227.4, "sold": 379.0, "Time_string": "Last update at 22:00 - 27/06/2023", "produce": 0.0, "consumption": 0.311, "buyPrice": 0.149072, "sellPrice": 0.1, "batteryLevel": 26.839562090801735, "maxBatteryPerDay": 8.75, "batteryLevelPercentage": 0.26839562090801733, "maxAtThisDay": 100, "ratioPC": -0.311, "maxBatteryForMonth": 100, "ratioPc": "noData"}