{"bought": 235.57, "sold": 662.12, "Time_string": "Last update at 13:56 - 28/05/2024", "produce": 4.673, "consumption": 0.201, "ratioPC": 4.422, "maxBatteryPerDay": 8.75, "maxAtThisDay": 100, "batteryLevelPercentage": 2.0859121069013633, "buyPrice": 0.149072, "sellPrice": 0.1, "batteryLevel": 208.59121069013634, "maxBatteryForMonth": 100, "Temperature": 29.9, "ratioPc": "noData"}