{"bought": 81.27, "sold": 136.65, "Time_string": "Last update at 14:17 - 10/07/2023", "produce": 4.321, "consumption": 3.174, "buyPrice": 0.149072, "sellPrice": 0.1, "batteryLevel": 10.397113877857677, "maxBatteryPerDay": 8.75, "batteryLevelPercentage": 1.0397113877857678, "maxAtThisDay": 10, "ratioPC": 1.1469999999999998, "maxBatteryForMonth": 10, "ratioPc": "noData"}