{"bought": 187.03, "sold": 390.11, "Time_string": "Last update at 13:14 - 18/05/2024", "produce": 4.681, "consumption": 0.358, "ratioPC": 3.117, "maxBatteryPerDay": 8.75, "maxAtThisDay": 100, "batteryLevelPercentage": 0.7466233658903079, "buyPrice": 0.149072, "sellPrice": 0.1, "batteryLevel": 74.66233658903079, "maxBatteryForMonth": 100, "Temperature": 22.5, "ratioPc": "noData"}