{"bought": 107.2, "sold": 269.04, "Time_string": "Last update at 23:13 - 17/06/2023", "produce": 0.0, "consumption": 0.224, "ratioPc": null, "buyPrice": 0.149072, "sellPrice": 0.1, "batteryLevel": 73.2765482451433, "maxBatteryPerDay": 8.75, "batteryLevelPercentage": 0.49261545038751803, "maxAtThisDay": 148.75, "ratioPC": -0.224}