{"bought": 406.48, "sold": 64.71, "Time_string": "Last update at 15:44 - 19/08/2024", "produce": 4.826, "consumption": 4.407, "ratioPC": 0.42900000000000027, "maxBatteryPerDay": 8.75, "maxAtThisDay": 100, "batteryLevelPercentage": -3.6307144574433834, "buyPrice": 0.149072, "sellPrice": 0.1, "batteryLevel": -363.07144574433835, "maxBatteryForMonth": 100, "Temperature": 37.0, "ratioPc": "noData"}