{"bought": 69.21, "sold": 112.46, "Time_string": "Last update at 13:58 - 08/11/2024", "produce": 0.67, "consumption": 0.336, "ratioPC": -1.018, "maxBatteryPerDay": 8.75, "maxAtThisDay": 70.0, "batteryLevelPercentage": 0.08900079731366638, "buyPrice": 0.149072, "sellPrice": 0.1, "batteryLevel": 6.230055811956646, "maxBatteryForMonth": 100, "Temperature": 21.0, "ratioPc": "noData"}