{"bought": 275.26, "sold": 351.21, "Time_string": "Last update at 19:57 - 25/09/2024", "produce": 0.087, "consumption": 1.462, "ratioPC": -1.381, "maxBatteryPerDay": 8.75, "maxAtThisDay": 100, "batteryLevelPercentage": -0.3966243640656862, "buyPrice": 0.149072, "sellPrice": 0.1, "batteryLevel": -39.66243640656862, "maxBatteryForMonth": 100, "Temperature": 24.0, "ratioPc": "noData"}