{"bought": 297.43, "sold": 380.93, "Time_string": "Last update at 16:21 - 25/06/2024", "produce": 4.708, "consumption": 8.063, "ratioPC": -4.037, "maxBatteryPerDay": 8.75, "maxAtThisDay": 100, "batteryLevelPercentage": -0.4189576151121605, "buyPrice": 0.149072, "sellPrice": 0.1, "batteryLevel": -41.89576151121605, "maxBatteryForMonth": 100, "Temperature": 34.4, "ratioPc": "noData"}