{"bought": 187.69, "sold": 158.0, "Time_string": "Last update at 09:42 - 18/08/2023", "produce": 0.6, "consumption": 0.153, "ratioPC": 0.44699999999999995, "maxBatteryPerDay": 8.75, "maxAtThisDay": 10, "batteryLevelPercentage": -8.1700947729956, "buyPrice": 0.149072, "sellPrice": 0.1, "batteryLevel": -81.700947729956, "maxBatteryForMonth": 10, "Temperature": 22.4, "ratioPc": "noData"}