{"bought": 1.47, "sold": 4.4, "Time_string": "Last update at 13:00 - 01/07/2023", "produce": 4.028, "consumption": 2.454, "buyPrice": 0.149072, "sellPrice": 0.1, "batteryLevel": 1.48159386068477, "maxBatteryPerDay": 8.75, "batteryLevelPercentage": 0.169325012649688, "maxAtThisDay": 8.75, "ratioPC": 1.5739999999999994, "maxBatteryForMonth": 100, "ratioPc": "noData"}