{"bought": 177.44, "sold": 367.47, "Time_string": "Last update at 09:34 - 25/06/2023", "produce": 0.55, "consumption": 0.108, "ratioPc": "noData", "buyPrice": 0.149072, "sellPrice": 0.1, "batteryLevel": 69.06504454223466, "maxBatteryPerDay": 8.75, "batteryLevelPercentage": 0.31572591790735843, "maxAtThisDay": 218.75, "ratioPC": 0.44200000000000006}