{"bought": 230.39, "sold": 291.22, "Time_string": "Last update at 10:35 - 23/10/2024", "produce": 1.463, "consumption": 1.133, "ratioPC": 0.17800000000000016, "maxBatteryPerDay": 8.75, "maxAtThisDay": 100, "batteryLevelPercentage": -0.3503473542985938, "buyPrice": 0.149072, "sellPrice": 0.1, "batteryLevel": -35.03473542985938, "maxBatteryForMonth": 100, "Temperature": 19.6, "ratioPc": "noData"}