{"bought": 300.93, "sold": 395.83, "Time_string": "Last update at 06:26 - 28/09/2024", "produce": 0.0, "consumption": 0.088, "ratioPC": -0.089, "maxBatteryPerDay": 8.75, "maxAtThisDay": 100, "batteryLevelPercentage": -0.35400591392079034, "buyPrice": 0.149072, "sellPrice": 0.1, "batteryLevel": -35.400591392079036, "maxBatteryForMonth": 100, "Temperature": 15.0, "ratioPc": "noData"}