{"bought": 203.02, "sold": 200.65, "Time_string": "Last update at 17:34 - 19/07/2023", "produce": 3.478, "consumption": 4.683, "buyPrice": 0.149072, "sellPrice": 0.1, "batteryLevel": -68.42061178490931, "maxBatteryPerDay": 8.75, "batteryLevelPercentage": -6.8420611784909315, "maxAtThisDay": 10, "ratioPC": -1.2049999999999996, "maxBatteryForMonth": 10, "ratioPc": "noData"}