{"bought": 68.83, "sold": 138.63, "Time_string": "Last update at 23:07 - 09/09/2024", "produce": 0.0, "consumption": 0.199, "ratioPC": -0.208, "maxBatteryPerDay": 8.75, "maxAtThisDay": 78.75, "batteryLevelPercentage": 0.30686134749416905, "buyPrice": 0.149072, "sellPrice": 0.1, "batteryLevel": 24.165331115165813, "maxBatteryForMonth": 100, "Temperature": 19.9, "ratioPc": "noData"}