{"bought": 92.81, "sold": 69.62, "Time_string": "Last update at 21:11 - 08/08/2023", "produce": 0.046, "consumption": 2.611, "ratioPC": -2.5650000000000004, "maxBatteryPerDay": 8.75, "maxAtThisDay": 10, "batteryLevelPercentage": -4.610773532252871, "buyPrice": 0.149072, "sellPrice": 0.1, "batteryLevel": -46.10773532252871, "maxBatteryForMonth": 10, "Temperature": 33.6, "ratioPc": "noData"}