{"bought": 214.17, "sold": 580.62, "Time_string": "Last update at 20:10 - 24/05/2024", "produce": 0.479, "consumption": 1.385, "ratioPC": -0.535, "maxBatteryPerDay": 8.75, "maxAtThisDay": 100, "batteryLevelPercentage": 1.7531964258881616, "buyPrice": 0.149072, "sellPrice": 0.1, "batteryLevel": 175.31964258881615, "maxBatteryForMonth": 100, "Temperature": 27.5, "ratioPc": "noData"}