{"bought": 193.52, "sold": 202.26, "Time_string": "Last update at 09:55 - 18/10/2024", "produce": 0.609, "consumption": 0.161, "ratioPC": 0.20299999999999999, "maxBatteryPerDay": 8.75, "maxAtThisDay": 100, "batteryLevelPercentage": -0.5784059675861332, "buyPrice": 0.149072, "sellPrice": 0.1, "batteryLevel": -57.840596758613316, "maxBatteryForMonth": 100, "Temperature": 14.9, "ratioPc": "noData"}