{"bought": 35.12, "sold": 53.57, "Time_string": "Last update at 13:18 - 05/09/2024", "produce": 4.287, "consumption": 4.912, "ratioPC": -0.625, "maxBatteryPerDay": 8.75, "maxAtThisDay": 43.75, "batteryLevelPercentage": 0.01864354865913307, "buyPrice": 0.149072, "sellPrice": 0.1, "batteryLevel": 0.8156552538370718, "maxBatteryForMonth": 100, "Temperature": 29.6, "ratioPc": "noData"}