{"bought": 116.06, "sold": 214.78, "Time_string": "Last update at 13:55 - 14/06/2024", "produce": 4.532, "consumption": 0.263, "ratioPC": 4.242999999999999, "maxBatteryPerDay": 8.75, "maxAtThisDay": 100, "batteryLevelPercentage": 0.2801802940860793, "buyPrice": 0.149072, "sellPrice": 0.1, "batteryLevel": 28.01802940860793, "maxBatteryForMonth": 100, "Temperature": 31.8, "ratioPc": "noData"}