{"bought": 71.56, "sold": 248.87, "Time_string": "Last update at 15:23 - 15/06/2023", "produce": 4.764, "consumption": 1.824, "ratioPc": null, "buyPrice": 0.149072, "sellPrice": 0.1, "batteryLevel": 95.3861736610497, "maxBatteryPerDay": 8.75, "batteryLevelPercentage": 0.7267517993222834, "maxAtThisDay": 131.25, "ratioPC": 2.9400000000000004}