{"bought": 131.8, "sold": 316.89, "Time_string": "Last update at 07:19 - 21/06/2023", "produce": 0.016, "consumption": 0.279, "ratioPc": "noData", "buyPrice": 0.149072, "sellPrice": 0.1, "batteryLevel": 80.77513148009012, "maxBatteryPerDay": 8.75, "batteryLevelPercentage": 0.4395925522725993, "maxAtThisDay": 183.75, "ratioPC": -0.263}