{"bought": 15.93, "sold": 32.33, "Time_string": "Last update at 17:44 - 03/09/2023", "produce": 3.834, "consumption": 0.183, "ratioPC": 3.6510000000000002, "maxBatteryPerDay": 8.75, "maxAtThisDay": 10, "batteryLevelPercentage": 0.5757506708167863, "buyPrice": 0.149072, "sellPrice": 0.1, "batteryLevel": 5.757506708167863, "maxBatteryForMonth": 10, "Temperature": 22.7, "ratioPc": "noData"}