{"bought": 142.06, "sold": 160.44, "Time_string": "Last update at 15:39 - 14/07/2023", "produce": 4.721, "consumption": 4.404, "buyPrice": 0.149072, "sellPrice": 0.1, "batteryLevel": -34.43415477084899, "maxBatteryPerDay": 8.75, "batteryLevelPercentage": -3.443415477084899, "maxAtThisDay": 10, "ratioPC": 0.31700000000000017, "maxBatteryForMonth": 10, "ratioPc": "noData"}