{"bought": 89.18, "sold": 132.92, "Time_string": "Last update at 07:30 - 10/10/2024", "produce": 0.0, "consumption": 0.258, "ratioPC": -0.195, "maxBatteryPerDay": 8.75, "maxAtThisDay": 87.5, "batteryLevelPercentage": -0.0001718026955336427, "buyPrice": 0.149072, "sellPrice": 0.1, "batteryLevel": -0.015032735859193735, "maxBatteryForMonth": 100, "Temperature": 13.5, "ratioPc": "noData"}