{"bought": 96.23, "sold": 183.96, "Time_string": "Last update at 12:43 - 12/09/2024", "produce": 3.731, "consumption": 0.721, "ratioPC": 2.935, "maxBatteryPerDay": 8.75, "maxAtThisDay": 100, "batteryLevelPercentage": 0.2717345604808413, "buyPrice": 0.149072, "sellPrice": 0.1, "batteryLevel": 27.173456048084134, "maxBatteryForMonth": 100, "Temperature": 26.4, "ratioPc": "noData"}