{"bought": 66.37, "sold": 120.37, "Time_string": "Last update at 13:34 - 09/09/2024", "produce": 4.546, "consumption": 0.382, "ratioPC": 4.183, "maxBatteryPerDay": 8.75, "maxAtThisDay": 78.75, "batteryLevelPercentage": 0.18255513134379722, "buyPrice": 0.149072, "sellPrice": 0.1, "batteryLevel": 14.376216593324031, "maxBatteryForMonth": 100, "Temperature": 27.1, "ratioPc": "noData"}