{"bought": 109.23, "sold": 151.13, "Time_string": "Last update at 15:08 - 12/07/2023", "produce": 4.71, "consumption": 5.702, "buyPrice": 0.149072, "sellPrice": 0.1, "batteryLevel": -7.849459053343367, "maxBatteryPerDay": 8.75, "batteryLevelPercentage": -0.7849459053343366, "maxAtThisDay": 10, "ratioPC": -0.992, "maxBatteryForMonth": 10, "ratioPc": "noData"}