{"bought": 116.06, "sold": 215.66, "Time_string": "Last update at 14:14 - 14/06/2024", "produce": 4.609, "consumption": 0.322, "ratioPC": 2.2869999999999995, "maxBatteryPerDay": 8.75, "maxAtThisDay": 100, "batteryLevelPercentage": 0.28608348180744886, "buyPrice": 0.149072, "sellPrice": 0.1, "batteryLevel": 28.608348180744883, "maxBatteryForMonth": 100, "Temperature": 32.2, "ratioPc": "noData"}