{"bought": 35.64, "sold": 6.49, "Time_string": "Last update at 14:05 - 03/01/2024", "produce": 2.149, "consumption": 0.44, "ratioPC": 1.1840000000000002, "maxBatteryPerDay": 8.75, "maxAtThisDay": 26.25, "batteryLevelPercentage": -1.1918628211615225, "buyPrice": 0.149072, "sellPrice": 0.1, "batteryLevel": -31.286399055489966, "maxBatteryForMonth": 100, "Temperature": 17.1, "ratioPc": "noData"}