{"bought": 57.31, "sold": 21.64, "Time_string": "Last update at 11:26 - 06/01/2024", "produce": 1.016, "consumption": 2.581, "ratioPC": -1.4249999999999998, "maxBatteryPerDay": 8.75, "maxAtThisDay": 52.5, "batteryLevelPercentage": -0.8151147569471064, "buyPrice": 0.149072, "sellPrice": 0.1, "batteryLevel": -42.79352473972309, "maxBatteryForMonth": 100, "Temperature": 9.4, "ratioPc": "noData"}