{"bought": 233.3, "sold": 631.04, "Time_string": "Last update at 11:49 - 27/05/2024", "produce": 3.439, "consumption": 0.185, "ratioPC": 3.1580000000000004, "maxBatteryPerDay": 8.75, "maxAtThisDay": 100, "batteryLevelPercentage": 1.9001222496511747, "buyPrice": 0.149072, "sellPrice": 0.1, "batteryLevel": 190.01222496511747, "maxBatteryForMonth": 100, "Temperature": 27.6, "ratioPc": "noData"}