{"bought": 198.45, "sold": 532.63, "Time_string": "Last update at 04:17 - 23/05/2024", "produce": 0.0, "consumption": 0.117, "ratioPC": -0.117, "maxBatteryPerDay": 8.75, "maxAtThisDay": 100, "batteryLevelPercentage": 1.5884714500375663, "buyPrice": 0.149072, "sellPrice": 0.1, "batteryLevel": 158.84714500375662, "maxBatteryForMonth": 100, "Temperature": 16.7, "ratioPc": "noData"}