{"bought": 235.42, "sold": 199.29, "Time_string": "Last update at 09:18 - 29/12/2023", "produce": 0.144, "consumption": 0.261, "ratioPC": -0.05600000000000002, "maxBatteryPerDay": 8.75, "maxAtThisDay": 100, "batteryLevelPercentage": -1.017329226145755, "buyPrice": 0.149072, "sellPrice": 0.1, "batteryLevel": -101.7329226145755, "maxBatteryForMonth": 100, "Temperature": 7.3, "ratioPc": "noData"}