{"bought": 243.83, "sold": 392.22, "Time_string": "Last update at 16:08 - 29/06/2023", "produce": 4.543, "consumption": 4.284, "buyPrice": 0.149072, "sellPrice": 0.1, "batteryLevel": 19.277760008586455, "maxBatteryPerDay": 8.75, "batteryLevelPercentage": 0.19277760008586456, "maxAtThisDay": 100, "ratioPC": 0.25900000000000034, "maxBatteryForMonth": 100, "ratioPc": "noData"}