{"bought": 154.42, "sold": 164.32, "Time_string": "Last update at 12:53 - 15/07/2023", "produce": 3.978, "consumption": 2.816, "buyPrice": 0.149072, "sellPrice": 0.1, "batteryLevel": -44.191385639154234, "maxBatteryPerDay": 8.75, "batteryLevelPercentage": -4.419138563915423, "maxAtThisDay": 10, "ratioPC": 1.1620000000000004, "maxBatteryForMonth": 10, "ratioPc": "noData"}