{"bought": 137.82, "sold": 335.12, "Time_string": "Last update at 22:48 - 21/06/2023", "produce": 0.0, "consumption": 0.239, "ratioPc": "noData", "buyPrice": 0.149072, "sellPrice": 0.1, "batteryLevel": 86.98412149833638, "maxBatteryPerDay": 8.75, "batteryLevelPercentage": 0.47338297414060615, "maxAtThisDay": 183.75, "ratioPC": -0.239}