{"bought": 218.85, "sold": 193.29, "Time_string": "Last update at 17:52 - 27/12/2023", "produce": 0.121, "consumption": 0.576, "ratioPC": -0.43099999999999994, "maxBatteryPerDay": 8.75, "maxAtThisDay": 100, "batteryLevelPercentage": -0.8918782333369112, "buyPrice": 0.149072, "sellPrice": 0.1, "batteryLevel": -89.18782333369111, "maxBatteryForMonth": 100, "Temperature": 13.2, "ratioPc": "noData"}