{"bought": 149.77, "sold": 389.61, "Time_string": "Last update at 16:47 - 27/10/2023", "produce": 4.013, "consumption": 0.305, "ratioPC": 3.7079999999999997, "maxBatteryPerDay": 8.75, "maxAtThisDay": 10, "batteryLevelPercentage": 11.158692819577121, "buyPrice": 0.149072, "sellPrice": 0.1, "batteryLevel": 111.58692819577121, "maxBatteryForMonth": 10, "Temperature": 21.0, "ratioPc": "noData"}