{"bought": 47.52, "sold": 191.18, "Time_string": "Last update at 18:27 - 11/09/2023", "produce": 2.681, "consumption": 0.296, "ratioPC": 2.3850000000000002, "maxBatteryPerDay": 8.75, "maxAtThisDay": 10, "batteryLevelPercentage": 8.072675324675325, "buyPrice": 0.149072, "sellPrice": 0.1, "batteryLevel": 80.72675324675325, "maxBatteryForMonth": 10, "Temperature": 27.5, "ratioPc": "noData"}