{"bought": 189.01, "sold": 413.61, "Time_string": "Last update at 08:41 - 19/05/2024", "produce": 0.237, "consumption": 0.128, "ratioPC": 0.091, "maxBatteryPerDay": 8.75, "maxAtThisDay": 100, "batteryLevelPercentage": 0.8844653107223359, "buyPrice": 0.149072, "sellPrice": 0.1, "batteryLevel": 88.4465310722336, "maxBatteryForMonth": 100, "Temperature": 14.4, "ratioPc": "noData"}