{"bought": 194.98, "sold": 180.41, "Time_string": "Last update at 15:18 - 19/08/2023", "produce": 4.407, "consumption": 3.05, "ratioPC": 1.3570000000000002, "maxBatteryPerDay": 8.75, "maxAtThisDay": 10, "batteryLevelPercentage": -7.395794354405925, "buyPrice": 0.149072, "sellPrice": 0.1, "batteryLevel": -73.95794354405925, "maxBatteryForMonth": 10, "Temperature": 37.3, "ratioPc": "noData"}