{"bought": 204.61, "sold": 374.79, "Time_string": "Last update at 20:23 - 26/06/2023", "produce": 0.451, "consumption": 2.903, "buyPrice": 0.149072, "sellPrice": 0.1, "batteryLevel": 46.805423419555666, "maxBatteryPerDay": 8.75, "batteryLevelPercentage": 0.46805423419555664, "maxAtThisDay": 100, "ratioPC": -2.452, "maxBatteryForMonth": 100, "ratioPc": "noData"}