{"bought": 230.67, "sold": 625.74, "Time_string": "Last update at 18:37 - 26/05/2024", "produce": 2.213, "consumption": 1.078, "ratioPC": -1.7809999999999997, "maxBatteryPerDay": 8.75, "maxAtThisDay": 100, "batteryLevelPercentage": 1.8908689599656545, "buyPrice": 0.149072, "sellPrice": 0.1, "batteryLevel": 189.08689599656546, "maxBatteryForMonth": 100, "Temperature": 32.4, "ratioPc": "noData"}