{"bought": 194.32, "sold": 490.57, "Time_string": "Last update at 16:11 - 21/05/2024", "produce": 5.369, "consumption": 0.227, "ratioPC": -0.7830000000000001, "maxBatteryPerDay": 8.75, "maxAtThisDay": 100, "batteryLevelPercentage": 1.3476259096275625, "buyPrice": 0.149072, "sellPrice": 0.1, "batteryLevel": 134.76259096275624, "maxBatteryForMonth": 100, "Temperature": 24.2, "ratioPc": "noData"}