{"bought": 224.46, "sold": 193.36, "Time_string": "Last update at 10:01 - 28/12/2023", "produce": 0.539, "consumption": 0.208, "ratioPC": 0.22999999999999998, "maxBatteryPerDay": 8.75, "maxAtThisDay": 100, "batteryLevelPercentage": -0.9475086615863475, "buyPrice": 0.149072, "sellPrice": 0.1, "batteryLevel": -94.75086615863475, "maxBatteryForMonth": 100, "Temperature": 7.0, "ratioPc": "noData"}