{"bought": 218.75, "sold": 378.39, "Time_string": "Last update at 16:24 - 27/06/2023", "produce": 4.316, "consumption": 3.38, "buyPrice": 0.149072, "sellPrice": 0.1, "batteryLevel": 35.08036385102497, "maxBatteryPerDay": 8.75, "batteryLevelPercentage": 0.3508036385102497, "maxAtThisDay": 100, "ratioPC": 0.9359999999999999, "maxBatteryForMonth": 100, "ratioPc": "noData"}