{"bought": 107.66, "sold": 258.67, "Time_string": "Last update at 12:27 - 13/05/2024", "produce": 3.322, "consumption": 0.422, "ratioPC": 3.3979999999999997, "maxBatteryPerDay": 8.75, "maxAtThisDay": 100, "batteryLevelPercentage": 0.6586017816893852, "buyPrice": 0.149072, "sellPrice": 0.1, "batteryLevel": 65.86017816893852, "maxBatteryForMonth": 100, "Temperature": 25.9, "ratioPc": "noData"}