{"bought": 70.44, "sold": 150.47, "Time_string": "Last update at 14:15 - 10/09/2024", "produce": 4.737, "consumption": 1.897, "ratioPC": 2.2279999999999998, "maxBatteryPerDay": 8.75, "maxAtThisDay": 87.5, "batteryLevelPercentage": 0.34854630705775924, "buyPrice": 0.149072, "sellPrice": 0.1, "batteryLevel": 30.49780186755393, "maxBatteryForMonth": 100, "Temperature": 28.2, "ratioPc": "noData"}