{"bought": 177.95, "sold": 215.46, "Time_string": "Last update at 03:01 - 17/11/2024", "produce": 0.0, "consumption": 0.157, "ratioPC": -0.158, "maxBatteryPerDay": 8.75, "maxAtThisDay": 100, "batteryLevelPercentage": -0.33415815176558966, "buyPrice": 0.149072, "sellPrice": 0.1, "batteryLevel": -33.415815176558965, "maxBatteryForMonth": 100, "Temperature": 16.0, "ratioPc": "noData"}