{"bought": 66.37, "sold": 112.08, "Time_string": "Last update at 10:48 - 09/09/2024", "produce": 1.826, "consumption": 1.241, "ratioPC": 0.15700000000000003, "maxBatteryPerDay": 8.75, "maxAtThisDay": 78.75, "batteryLevelPercentage": 0.111938354705769, "buyPrice": 0.149072, "sellPrice": 0.1, "batteryLevel": 8.815145433079309, "maxBatteryForMonth": 100, "Temperature": 22.2, "ratioPc": "noData"}