{"bought": 41.18, "sold": 87.75, "Time_string": "Last update at 17:22 - 06/09/2024", "produce": 3.932, "consumption": 1.55, "ratioPC": 2.447, "maxBatteryPerDay": 8.75, "maxAtThisDay": 52.5, "batteryLevelPercentage": 0.33684139080124903, "buyPrice": 0.149072, "sellPrice": 0.1, "batteryLevel": 17.684173017065575, "maxBatteryForMonth": 100, "Temperature": 30.6, "ratioPc": "noData"}