{"bought": 257.19, "sold": 281.98, "Time_string": "Last update at 08:05 - 24/07/2023", "produce": 0.143, "consumption": 0.176, "buyPrice": 0.149072, "sellPrice": 0.1, "batteryLevel": -68.03308253729739, "maxBatteryPerDay": 8.75, "batteryLevelPercentage": -6.803308253729739, "maxAtThisDay": 10, "ratioPC": -0.033, "maxBatteryForMonth": 10, "ratioPc": "noData"}