{"bought": 172.71, "sold": 170.5, "Time_string": "Last update at 13:15 - 24/12/2023", "produce": 4.222, "consumption": 4.779, "ratioPC": 1.363, "maxBatteryPerDay": 8.75, "maxAtThisDay": 100, "batteryLevelPercentage": -0.5833573789846518, "buyPrice": 0.149072, "sellPrice": 0.1, "batteryLevel": -58.33573789846518, "maxBatteryForMonth": 100, "Temperature": 14.2, "ratioPc": "noData"}