{"bought": 228.88, "sold": 309.12, "Time_string": "Last update at 10:32 - 22/09/2024", "produce": 0.808, "consumption": 6.31, "ratioPC": -5.8709999999999996, "maxBatteryPerDay": 8.75, "maxAtThisDay": 100, "batteryLevelPercentage": -0.2151711495116453, "buyPrice": 0.149072, "sellPrice": 0.1, "batteryLevel": -21.51711495116453, "maxBatteryForMonth": 100, "Temperature": 20.6, "ratioPc": "noData"}