{"bought": 84.95, "sold": 383.14, "Time_string": "Last update at 08:17 - 21/09/2023", "produce": 0.022, "consumption": 0.1, "ratioPC": -0.07800000000000001, "maxBatteryPerDay": 8.75, "maxAtThisDay": 10, "batteryLevelPercentage": 17.20667435869915, "buyPrice": 0.149072, "sellPrice": 0.1, "batteryLevel": 172.0667435869915, "maxBatteryForMonth": 10, "Temperature": 15.6, "ratioPc": "noData"}