{"bought": 80.65, "sold": 66.63, "Time_string": "Last update at 16:51 - 11/12/2023", "produce": 1.163, "consumption": 2.122, "ratioPC": -0.222, "maxBatteryPerDay": 8.75, "maxAtThisDay": 96.25, "batteryLevelPercentage": -0.3735426235243774, "buyPrice": 0.149072, "sellPrice": 0.1, "batteryLevel": -35.953477514221326, "maxBatteryForMonth": 100, "Temperature": 19.1, "ratioPc": "noData"}