{"bought": 83.82, "sold": 111.75, "Time_string": "Last update at 12:15 - 08/10/2024", "produce": 1.397, "consumption": 0.179, "ratioPC": 0.391, "maxBatteryPerDay": 8.75, "maxAtThisDay": 70.0, "batteryLevelPercentage": -0.12651748723531467, "buyPrice": 0.149072, "sellPrice": 0.1, "batteryLevel": -8.856224106472027, "maxBatteryForMonth": 100, "Temperature": 20.5, "ratioPc": "noData"}