{"bought": 135.61, "sold": 185.47, "Time_string": "Last update at 00:48 - 14/11/2024", "produce": 0.0, "consumption": 0.161, "ratioPC": -0.124, "maxBatteryPerDay": 8.75, "maxAtThisDay": 100, "batteryLevelPercentage": -0.11193610604271782, "buyPrice": 0.149072, "sellPrice": 0.1, "batteryLevel": -11.193610604271782, "maxBatteryForMonth": 100, "Temperature": 10.2, "ratioPc": "noData"}