{"bought": 245.52, "sold": 201.98, "Time_string": "Last update at 18:11 - 22/08/2023", "produce": 2.916, "consumption": 3.526, "ratioPC": -0.6099999999999999, "maxBatteryPerDay": 8.75, "maxAtThisDay": 10, "batteryLevelPercentage": -11.00284254588387, "buyPrice": 0.149072, "sellPrice": 0.1, "batteryLevel": -110.02842545883871, "maxBatteryForMonth": 10, "Temperature": 40.8, "ratioPc": "noData"}