{"bought": 7.46, "sold": 17.16, "Time_string": "Last update at 10:42 - 02/09/2023", "produce": 1.774, "consumption": 1.321, "ratioPC": 0.45300000000000007, "maxBatteryPerDay": 8.75, "maxAtThisDay": 10, "batteryLevelPercentage": 0.40512160566706035, "buyPrice": 0.149072, "sellPrice": 0.1, "batteryLevel": 4.0512160566706035, "maxBatteryForMonth": 10, "Temperature": 23.4, "ratioPc": "noData"}