{"bought": 13.83, "sold": 1.36, "Time_string": "Last update at 14:15 - 01/06/2024", "produce": 4.47, "consumption": 6.545, "ratioPC": -2.1550000000000002, "maxBatteryPerDay": 8.75, "maxAtThisDay": 8.75, "batteryLevelPercentage": -1.476307333752434, "buyPrice": 0.149072, "sellPrice": 0.1, "batteryLevel": -12.917689170333798, "maxBatteryForMonth": 100, "Temperature": 31.2, "ratioPc": "noData"}