{"bought": 244.56, "sold": 258.84, "Time_string": "Last update at 10:29 - 23/07/2023", "produce": 1.874, "consumption": 2.059, "buyPrice": 0.149072, "sellPrice": 0.1, "batteryLevel": -70.92578297735324, "maxBatteryPerDay": 8.75, "batteryLevelPercentage": -7.092578297735324, "maxAtThisDay": 10, "ratioPC": -0.18500000000000005, "maxBatteryForMonth": 10, "ratioPc": "noData"}