{"bought": 155.79, "sold": 75.25, "Time_string": "Last update at 11:55 - 16/01/2024", "produce": 2.012, "consumption": 0.222, "ratioPC": 2.073, "maxBatteryPerDay": 8.75, "maxAtThisDay": 100, "batteryLevelPercentage": -1.0531103681442524, "buyPrice": 0.149072, "sellPrice": 0.1, "batteryLevel": -105.31103681442524, "maxBatteryForMonth": 100, "Temperature": 16.8, "ratioPc": "noData"}