{"bought": 263.56, "sold": 290.02, "Time_string": "Last update at 21:44 - 24/07/2023", "produce": 0.01, "consumption": 1.259, "buyPrice": 0.149072, "sellPrice": 0.1, "batteryLevel": -69.00971557368254, "maxBatteryPerDay": 8.75, "batteryLevelPercentage": -6.900971557368254, "maxAtThisDay": 10, "ratioPC": -1.2489999999999999, "maxBatteryForMonth": 10, "ratioPc": "noData"}