{"bought": 113.62, "sold": 204.45, "Time_string": "Last update at 21:12 - 13/06/2024", "produce": 0.083, "consumption": 0.257, "ratioPC": -0.309, "maxBatteryPerDay": 8.75, "maxAtThisDay": 100, "batteryLevelPercentage": 0.23528492003863902, "buyPrice": 0.149072, "sellPrice": 0.1, "batteryLevel": 23.528492003863903, "maxBatteryForMonth": 100, "Temperature": 27.6, "ratioPc": "noData"}