{"bought": 71.37, "sold": 123.96, "Time_string": "Last update at 10:03 - 09/07/2023", "produce": 0.734, "consumption": 1.233, "buyPrice": 0.149072, "sellPrice": 0.1, "batteryLevel": 11.784448856928194, "maxBatteryPerDay": 8.75, "batteryLevelPercentage": 1.1784448856928194, "maxAtThisDay": 10, "ratioPC": -0.4990000000000001, "maxBatteryForMonth": 10, "ratioPc": "noData"}