{"bought": 70.16, "sold": 138.66, "Time_string": "Last update at 09:10 - 10/09/2024", "produce": 0.254, "consumption": 0.096, "ratioPC": 0.22, "maxBatteryPerDay": 8.75, "maxAtThisDay": 87.5, "batteryLevelPercentage": 0.2612052070715588, "buyPrice": 0.149072, "sellPrice": 0.1, "batteryLevel": 22.855455618761397, "maxBatteryForMonth": 100, "Temperature": 17.3, "ratioPc": "noData"}