{"bought": 252.92, "sold": 674.62, "Time_string": "Last update at 22:52 - 28/05/2024", "produce": 0.0, "consumption": 5.377, "ratioPC": -5.331, "maxBatteryPerDay": 8.75, "maxAtThisDay": 100, "batteryLevelPercentage": 1.9962642052162713, "buyPrice": 0.149072, "sellPrice": 0.1, "batteryLevel": 199.62642052162713, "maxBatteryForMonth": 100, "Temperature": 23.4, "ratioPc": "noData"}