{"bought": 146.15, "sold": 311.09, "Time_string": "Last update at 00:32 - 15/05/2024", "produce": 0.0, "consumption": 0.184, "ratioPC": -0.175, "maxBatteryPerDay": 8.75, "maxAtThisDay": 100, "batteryLevelPercentage": 0.6253439411827838, "buyPrice": 0.149072, "sellPrice": 0.1, "batteryLevel": 62.534394118278385, "maxBatteryForMonth": 100, "Temperature": 17.5, "ratioPc": "noData"}