{"bought": 29.35, "sold": 53.14, "Time_string": "Last update at 08:44 - 05/09/2024", "produce": 0.127, "consumption": 1.388, "ratioPC": -1.338, "maxBatteryPerDay": 8.75, "maxAtThisDay": 43.75, "batteryLevelPercentage": 0.1439360922430579, "buyPrice": 0.149072, "sellPrice": 0.1, "batteryLevel": 6.297204035633783, "maxBatteryForMonth": 100, "Temperature": 19.2, "ratioPc": "noData"}