{"bought": 86.34, "sold": 128.5, "Time_string": "Last update at 08:16 - 09/10/2024", "produce": 0.0, "consumption": 0.087, "ratioPC": -0.03, "maxBatteryPerDay": 8.75, "maxAtThisDay": 78.75, "batteryLevelPercentage": -0.0017783229495154365, "buyPrice": 0.149072, "sellPrice": 0.1, "batteryLevel": -0.14004293227434061, "maxBatteryForMonth": 100, "Temperature": 18.3, "ratioPc": "noData"}