{"bought": 136.45, "sold": 146.29, "Time_string": "Last update at 00:42 - 13/10/2024", "produce": 0.0, "consumption": 0.259, "ratioPC": -0.195, "maxBatteryPerDay": 8.75, "maxAtThisDay": 100, "batteryLevelPercentage": -0.38316212300096597, "buyPrice": 0.149072, "sellPrice": 0.1, "batteryLevel": -38.316212300096595, "maxBatteryForMonth": 100, "Temperature": 18.0, "ratioPc": "noData"}