{"bought": 226.51, "sold": 308.71, "Time_string": "Last update at 03:21 - 22/09/2024", "produce": 0.0, "consumption": 0.132, "ratioPC": -0.125, "maxBatteryPerDay": 8.75, "maxAtThisDay": 100, "batteryLevelPercentage": -0.19422149833637462, "buyPrice": 0.149072, "sellPrice": 0.1, "batteryLevel": -19.422149833637462, "maxBatteryForMonth": 100, "Temperature": 16.6, "ratioPc": "noData"}