{"bought": 383.81, "sold": 299.39, "Time_string": "Last update at 15:58 - 31/08/2023", "produce": 4.514, "consumption": 1.726, "ratioPC": 2.7880000000000003, "maxBatteryPerDay": 8.75, "maxAtThisDay": 10, "batteryLevelPercentage": -18.2974162283997, "buyPrice": 0.149072, "sellPrice": 0.1, "batteryLevel": -182.974162283997, "maxBatteryForMonth": 10, "Temperature": 34.0, "ratioPc": "noData"}