{"bought": 169.81, "sold": 105.39, "Time_string": "Last update at 07:55 - 15/08/2023", "produce": 0.018, "consumption": 0.287, "ratioPC": -0.26899999999999996, "maxBatteryPerDay": 8.75, "maxAtThisDay": 10, "batteryLevelPercentage": -9.911261886873458, "buyPrice": 0.149072, "sellPrice": 0.1, "batteryLevel": -99.11261886873457, "maxBatteryForMonth": 10, "Temperature": 19.0, "ratioPc": "noData"}