{"bought": 138.48, "sold": 87.25, "Time_string": "Last update at 14:00 - 12/08/2023", "produce": 0, "consumption": 0, "ratioPC": -1.2519999999999998, "maxBatteryPerDay": 8.75, "maxAtThisDay": 10, "batteryLevelPercentage": -7.9951235376194045, "buyPrice": 0.149072, "sellPrice": 0.1, "batteryLevel": -79.95123537619405, "maxBatteryForMonth": 10, "Temperature": 38.0, "ratioPc": "noData"}