{"bought": 114.71, "sold": 121.17, "Time_string": "Last update at 16:36 - 17/12/2023", "produce": 1.778, "consumption": 1.037, "ratioPC": 0.851, "maxBatteryPerDay": 8.75, "maxAtThisDay": 100, "batteryLevelPercentage": -0.3342712997746055, "buyPrice": 0.149072, "sellPrice": 0.1, "batteryLevel": -33.42712997746055, "maxBatteryForMonth": 100, "Temperature": 15.8, "ratioPc": "noData"}