{"bought": 132.65, "sold": 185.47, "Time_string": "Last update at 17:18 - 13/11/2024", "produce": 0.345, "consumption": 1.037, "ratioPC": -1.889, "maxBatteryPerDay": 8.75, "maxAtThisDay": 100, "batteryLevelPercentage": -0.08233610604271774, "buyPrice": 0.149072, "sellPrice": 0.1, "batteryLevel": -8.233610604271774, "maxBatteryForMonth": 100, "Temperature": 14.7, "ratioPc": "noData"}