{"bought": 230.67, "sold": 626.08, "Time_string": "Last update at 18:58 - 26/05/2024", "produce": 1.929, "consumption": 0.969, "ratioPC": 0.7969999999999999, "maxBatteryPerDay": 8.75, "maxAtThisDay": 100, "batteryLevelPercentage": 1.8931497370398196, "buyPrice": 0.149072, "sellPrice": 0.1, "batteryLevel": 189.31497370398196, "maxBatteryForMonth": 100, "Temperature": 32.0, "ratioPc": "noData"}