{"bought": 14.54, "sold": 6.92, "Time_string": "Last update at 11:44 - 02/09/2024", "produce": 3.174, "consumption": 2.51, "ratioPC": 0.5880000000000001, "maxBatteryPerDay": 8.75, "maxAtThisDay": 17.5, "batteryLevelPercentage": -0.5655970192735246, "buyPrice": 0.149072, "sellPrice": 0.1, "batteryLevel": -9.89794783728668, "maxBatteryForMonth": 100, "Temperature": 27.7, "ratioPc": "noData"}