{"bought": 198.43, "sold": 371.37, "Time_string": "Last update at 11:08 - 26/06/2023", "produce": 2.474, "consumption": 4.14, "ratioPc": "noData", "buyPrice": 0.149072, "sellPrice": 0.1, "batteryLevel": 50.69123000965973, "maxBatteryPerDay": 8.75, "batteryLevelPercentage": 0.22281859344905378, "maxAtThisDay": 227.5, "ratioPC": -1.6659999999999995}