{"bought": 109.98, "sold": 178.81, "Time_string": "Last update at 19:08 - 12/06/2024", "produce": 2.277, "consumption": 1.414, "ratioPC": 0.9290000000000003, "maxBatteryPerDay": 8.75, "maxAtThisDay": 100, "batteryLevelPercentage": 0.09968749597509913, "buyPrice": 0.149072, "sellPrice": 0.1, "batteryLevel": 9.968749597509913, "maxBatteryForMonth": 100, "Temperature": 27.9, "ratioPc": "noData"}