{"bought": 185.21, "sold": 380.5, "Time_string": "Last update at 21:22 - 17/05/2024", "produce": 0.043, "consumption": 0.288, "ratioPC": -0.20900000000000002, "maxBatteryPerDay": 8.75, "maxAtThisDay": 100, "batteryLevelPercentage": 0.7003578727058067, "buyPrice": 0.149072, "sellPrice": 0.1, "batteryLevel": 70.03578727058067, "maxBatteryForMonth": 100, "Temperature": 19.6, "ratioPc": "noData"}