{"bought": 67.18, "sold": 109.67, "Time_string": "Last update at 22:54 - 07/11/2024", "produce": 0.0, "consumption": 0.137, "ratioPC": -0.168, "maxBatteryPerDay": 8.75, "maxAtThisDay": 61.25, "batteryLevelPercentage": 0.10430166493988369, "buyPrice": 0.149072, "sellPrice": 0.1, "batteryLevel": 6.388476977567876, "maxBatteryForMonth": 100, "Temperature": 16.1, "ratioPc": "noData"}