{"bought": 55.77, "sold": 154.94, "Time_string": "Last update at 17:05 - 10/10/2023", "produce": 3.65, "consumption": 1.703, "ratioPC": 1.9469999999999998, "maxBatteryPerDay": 8.75, "maxAtThisDay": 10, "batteryLevelPercentage": 4.816635290329504, "buyPrice": 0.149072, "sellPrice": 0.1, "batteryLevel": 48.16635290329504, "maxBatteryForMonth": 10, "Temperature": 31.8, "ratioPc": "noData"}