{"bought": 169.65, "sold": 187.46, "Time_string": "Last update at 15:14 - 17/07/2023", "produce": 4.552, "consumption": 3.655, "buyPrice": 0.149072, "sellPrice": 0.1, "batteryLevel": -43.89868519909842, "maxBatteryPerDay": 8.75, "batteryLevelPercentage": -4.389868519909842, "maxAtThisDay": 10, "ratioPC": 0.8969999999999998, "maxBatteryForMonth": 10, "ratioPc": "noData"}