{"bought": 108.71, "sold": 75.93, "Time_string": "Last update at 10:43 - 10/08/2023", "produce": 1.747, "consumption": 2.239, "ratioPC": -0.49199999999999977, "maxBatteryPerDay": 8.75, "maxAtThisDay": 10, "batteryLevelPercentage": -5.777488139959213, "buyPrice": 0.149072, "sellPrice": 0.1, "batteryLevel": -57.77488139959213, "maxBatteryForMonth": 10, "Temperature": 31.1, "ratioPc": "noData"}