{"bought": 1.5, "sold": 4.96, "Time_string": "Last update at 12:45 - 01/10/2023", "produce": 0.0, "consumption": 0.0, "ratioPC": 3.1519999999999997, "maxBatteryPerDay": 8.75, "maxAtThisDay": 8.75, "batteryLevelPercentage": 0.20882871555834953, "buyPrice": 0.149072, "sellPrice": 0.1, "batteryLevel": 1.8272512611355585, "maxBatteryForMonth": 10, "Temperature": 30.5, "ratioPc": "noData"}