{"bought": 279.71, "sold": 690.04, "Time_string": "Last update at 01:46 - 30/05/2024", "produce": 0.0, "consumption": 0.171, "ratioPC": -0.157, "maxBatteryPerDay": 8.75, "maxAtThisDay": 100, "batteryLevelPercentage": 1.8318041536975427, "buyPrice": 0.149072, "sellPrice": 0.1, "batteryLevel": 183.18041536975426, "maxBatteryForMonth": 100, "Temperature": 21.2, "ratioPc": "noData"}