{"bought": 19.52, "sold": 1.12, "Time_string": "Last update at 09:36 - 02/01/2024", "produce": 0.48, "consumption": 0.347, "ratioPC": 0.08000000000000002, "maxBatteryPerDay": 8.75, "maxAtThisDay": 17.5, "batteryLevelPercentage": -1.0724962970913383, "buyPrice": 0.149072, "sellPrice": 0.1, "batteryLevel": -18.76868519909842, "maxBatteryForMonth": 100, "Temperature": 8.0, "ratioPc": "noData"}