{"bought": 123.48, "sold": 224.55, "Time_string": "Last update at 15:19 - 14/09/2024", "produce": 4.702, "consumption": 3.349, "ratioPC": 1.3630000000000004, "maxBatteryPerDay": 8.75, "maxAtThisDay": 100, "batteryLevelPercentage": 0.2715190941290113, "buyPrice": 0.149072, "sellPrice": 0.1, "batteryLevel": 27.151909412901134, "maxBatteryForMonth": 100, "Temperature": 32.3, "ratioPc": "noData"}