{"bought": 81.23, "sold": 132.52, "Time_string": "Last update at 12:03 - 10/07/2023", "produce": 3.22, "consumption": 2.078, "buyPrice": 0.149072, "sellPrice": 0.1, "batteryLevel": 7.666640549533113, "maxBatteryPerDay": 8.75, "batteryLevelPercentage": 0.7666640549533114, "maxAtThisDay": 10, "ratioPC": 1.1420000000000003, "maxBatteryForMonth": 10, "ratioPc": "noData"}