{"bought": 149.27, "sold": 373.63, "Time_string": "Last update at 10:52 - 27/10/2023", "produce": 1.383, "consumption": 0.247, "ratioPC": 1.1360000000000001, "maxBatteryPerDay": 8.75, "maxAtThisDay": 10, "batteryLevelPercentage": 10.136727594719327, "buyPrice": 0.149072, "sellPrice": 0.1, "batteryLevel": 101.36727594719326, "maxBatteryForMonth": 10, "Temperature": 16.9, "ratioPc": "noData"}