{"bought": 325.12, "sold": 387.79, "Time_string": "Last update at 18:35 - 31/07/2023", "produce": 2.931, "consumption": 2.281, "ratioPC": 0.6499999999999999, "maxBatteryPerDay": 8.75, "maxAtThisDay": 10, "batteryLevelPercentage": -6.498395835569392, "buyPrice": 0.149072, "sellPrice": 0.1, "batteryLevel": -64.98395835569391, "maxBatteryForMonth": 10, "Temperature": "36.5"}