{"bought": 75.37, "sold": 82.17, "Time_string": "Last update at 09:16 - 06/10/2024", "produce": 0.245, "consumption": 0.154, "ratioPC": 0.04099999999999998, "maxBatteryPerDay": 8.75, "maxAtThisDay": 52.5, "batteryLevelPercentage": -0.3856949457468939, "buyPrice": 0.149072, "sellPrice": 0.1, "batteryLevel": -20.24898465171193, "maxBatteryForMonth": 100, "Temperature": 17.8, "ratioPc": "noData"}