{"bought": 169.52, "sold": 186.31, "Time_string": "Last update at 14:16 - 17/07/2023", "produce": 4.42, "consumption": 2.918, "buyPrice": 0.149072, "sellPrice": 0.1, "batteryLevel": -44.54012450359559, "maxBatteryPerDay": 8.75, "batteryLevelPercentage": -4.454012450359559, "maxAtThisDay": 10, "ratioPC": 1.5019999999999998, "maxBatteryForMonth": 10, "ratioPc": "noData"}