{"bought": 3.6, "sold": 10.37, "Time_string": "Last update at 19:44 - 01/08/2023", "produce": 0.0, "consumption": 0.0, "ratioPC": -0.5839999999999999, "maxBatteryPerDay": 8.75, "maxAtThisDay": 8.75, "batteryLevelPercentage": 0.3835851515662613, "buyPrice": 0.149072, "sellPrice": 0.1, "batteryLevel": 3.356370076204786, "maxBatteryForMonth": 10, "Temperature": 32.5, "ratioPc": "noData"}