{"bought": 96.84, "sold": 201.91, "Time_string": "Last update at 20:47 - 12/09/2024", "produce": 0.022, "consumption": 0.192, "ratioPC": -0.231, "maxBatteryPerDay": 8.75, "maxAtThisDay": 100, "batteryLevelPercentage": 0.38604617366104976, "buyPrice": 0.149072, "sellPrice": 0.1, "batteryLevel": 38.604617366104975, "maxBatteryForMonth": 100, "Temperature": 26.4, "ratioPc": "noData"}