{"bought": 60.48, "sold": 30.13, "Time_string": "Last update at 21:31 - 04/06/2024", "produce": 0.027, "consumption": 0.338, "ratioPC": -0.41800000000000004, "maxBatteryPerDay": 8.75, "maxAtThisDay": 35.0, "batteryLevelPercentage": -1.1505225777764148, "buyPrice": 0.149072, "sellPrice": 0.1, "batteryLevel": -40.268290222174514, "maxBatteryForMonth": 100, "Temperature": 26.0, "ratioPc": "noData"}