{"bought": 458.27, "sold": 68.54, "Time_string": "Last update at 09:36 - 21/08/2024", "produce": 0.727, "consumption": 0.196, "ratioPC": 0.30899999999999994, "maxBatteryPerDay": 8.75, "maxAtThisDay": 100, "batteryLevelPercentage": -4.122922174519696, "buyPrice": 0.149072, "sellPrice": 0.1, "batteryLevel": -412.2922174519695, "maxBatteryForMonth": 100, "Temperature": 25.2, "ratioPc": "noData"}