{"bought": 250.08, "sold": 406.68, "Time_string": "Last update at 18:22 - 30/06/2023", "produce": 2.896, "consumption": 3.165, "buyPrice": 0.149072, "sellPrice": 0.1, "batteryLevel": 22.727770741655064, "maxBatteryPerDay": 8.75, "batteryLevelPercentage": 0.22727770741655065, "maxAtThisDay": 100, "ratioPC": -0.26900000000000013, "maxBatteryForMonth": 100, "ratioPc": "noData"}