{"bought": 276.73, "sold": 689.56, "Time_string": "Last update at 17:02 - 29/05/2024", "produce": 3.933, "consumption": 3.094, "ratioPC": 0.03399999999999981, "maxBatteryPerDay": 8.75, "maxAtThisDay": 100, "batteryLevelPercentage": 1.8583842331222495, "buyPrice": 0.149072, "sellPrice": 0.1, "batteryLevel": 185.83842331222496, "maxBatteryForMonth": 100, "Temperature": 35.0, "ratioPc": "noData"}