{"bought": 92.9, "sold": 138.04, "Time_string": "Last update at 22:18 - 10/07/2023", "produce": 0.0, "consumption": 2.121, "buyPrice": 0.149072, "sellPrice": 0.1, "batteryLevel": -0.30045078888055343, "maxBatteryPerDay": 8.75, "batteryLevelPercentage": -0.030045078888055344, "maxAtThisDay": 10, "ratioPC": -2.121, "maxBatteryForMonth": 10, "ratioPc": "noData"}