{"bought": 93.65, "sold": 278.84, "Time_string": "Last update at 17:06 - 18/10/2023", "produce": 1.071, "consumption": 0.264, "ratioPC": 0.8069999999999999, "maxBatteryPerDay": 8.75, "maxAtThisDay": 10, "batteryLevelPercentage": 9.34005527530321, "buyPrice": 0.149072, "sellPrice": 0.1, "batteryLevel": 93.40055275303209, "maxBatteryForMonth": 10, "Temperature": 23.9, "ratioPc": "noData"}