{"bought": 445.09, "sold": 65.66, "Time_string": "Last update at 10:56 - 20/08/2024", "produce": 1.376, "consumption": 0.852, "ratioPC": -0.15600000000000014, "maxBatteryPerDay": 8.75, "maxAtThisDay": 100, "batteryLevelPercentage": -4.01044169797145, "buyPrice": 0.149072, "sellPrice": 0.1, "batteryLevel": -401.044169797145, "maxBatteryForMonth": 100, "Temperature": 26.9, "ratioPc": "noData"}