{"bought": 89.53, "sold": 132.92, "Time_string": "Last update at 09:19 - 10/10/2024", "produce": 0.242, "consumption": 0.147, "ratioPC": -0.05300000000000002, "maxBatteryPerDay": 8.75, "maxAtThisDay": 87.5, "batteryLevelPercentage": -0.004171802695533577, "buyPrice": 0.149072, "sellPrice": 0.1, "batteryLevel": -0.36503273585918805, "maxBatteryForMonth": 100, "Temperature": 15.7, "ratioPc": "noData"}