{"bought": 83.19, "sold": 138.04, "Time_string": "Last update at 18:20 - 10/07/2023", "produce": 2.734, "consumption": 3.762, "buyPrice": 0.149072, "sellPrice": 0.1, "batteryLevel": 9.409549211119455, "maxBatteryPerDay": 8.75, "batteryLevelPercentage": 0.9409549211119455, "maxAtThisDay": 10, "ratioPC": -1.028, "maxBatteryForMonth": 10, "ratioPc": "noData"}