{"bought": 109.98, "sold": 165.19, "Time_string": "Last update at 14:36 - 12/06/2024", "produce": 4.964, "consumption": 0.312, "ratioPC": 4.044, "maxBatteryPerDay": 8.75, "maxAtThisDay": 100, "batteryLevelPercentage": 0.008322249651175326, "buyPrice": 0.149072, "sellPrice": 0.1, "batteryLevel": 0.8322249651175326, "maxBatteryForMonth": 100, "Temperature": 28.6, "ratioPc": "noData"}