{"bought": 88.06, "sold": 34.52, "Time_string": "Last update at 17:59 - 08/01/2024", "produce": 0.156, "consumption": 0.142, "ratioPC": 0.07500000000000001, "maxBatteryPerDay": 8.75, "maxAtThisDay": 70.0, "batteryLevelPercentage": -0.9271914932764992, "buyPrice": 0.149072, "sellPrice": 0.1, "batteryLevel": -64.90340452935494, "maxBatteryForMonth": 100, "Temperature": 10.0, "ratioPc": "noData"}