{"bought": 6.03, "sold": 1.99, "Time_string": "Last update at 15:23 - 01/09/2024", "produce": 1.87, "consumption": 3.58, "ratioPC": 1.4279999999999995, "maxBatteryPerDay": 8.75, "maxAtThisDay": 8.75, "batteryLevelPercentage": -0.5365799536944755, "buyPrice": 0.149072, "sellPrice": 0.1, "batteryLevel": -4.695074594826661, "maxBatteryForMonth": 100, "Temperature": 33.8, "ratioPc": "noData"}