{"bought": 133.76, "sold": 145.91, "Time_string": "Last update at 15:54 - 12/10/2024", "produce": 0.292, "consumption": 0.546, "ratioPC": 0.36000000000000004, "maxBatteryPerDay": 8.75, "maxAtThisDay": 100, "batteryLevelPercentage": -0.3588112267897391, "buyPrice": 0.149072, "sellPrice": 0.1, "batteryLevel": -35.88112267897391, "maxBatteryForMonth": 100, "Temperature": 20.0, "ratioPc": "noData"}