{"bought": 226.97, "sold": 331.11, "Time_string": "Last update at 14:16 - 20/06/2024", "produce": 5.804, "consumption": 0.206, "ratioPC": 0.9390000000000001, "maxBatteryPerDay": 8.75, "maxAtThisDay": 100, "batteryLevelPercentage": -0.048558538156058546, "buyPrice": 0.149072, "sellPrice": 0.1, "batteryLevel": -4.855853815605855, "maxBatteryForMonth": 100, "Temperature": 23.0, "ratioPc": "noData"}