{"bought": 169.94, "sold": 188.84, "Time_string": "Last update at 17:03 - 17/07/2023", "produce": 3.846, "consumption": 3.205, "buyPrice": 0.149072, "sellPrice": 0.1, "batteryLevel": -43.262958033701835, "maxBatteryPerDay": 8.75, "batteryLevelPercentage": -4.326295803370184, "maxAtThisDay": 10, "ratioPC": 0.641, "maxBatteryForMonth": 10, "ratioPc": "noData"}