{"bought": 109.98, "sold": 173.35, "Time_string": "Last update at 16:40 - 12/06/2024", "produce": 4.39, "consumption": 0.918, "ratioPC": 3.6290000000000004, "maxBatteryPerDay": 8.75, "maxAtThisDay": 100, "batteryLevelPercentage": 0.06306089943114727, "buyPrice": 0.149072, "sellPrice": 0.1, "batteryLevel": 6.306089943114728, "maxBatteryForMonth": 100, "Temperature": 30.0, "ratioPc": "noData"}