{"bought": 148.79, "sold": 160.82, "Time_string": "Last update at 21:28 - 14/07/2023", "produce": 0.042, "consumption": 1.362, "buyPrice": 0.149072, "sellPrice": 0.1, "batteryLevel": -40.909244391971654, "maxBatteryPerDay": 8.75, "batteryLevelPercentage": -4.090924439197165, "maxAtThisDay": 10, "ratioPC": -1.32, "maxBatteryForMonth": 10, "ratioPc": "noData"}