{"bought": 127.74, "sold": 173.03, "Time_string": "Last update at 21:37 - 12/11/2024", "produce": 0.0, "consumption": 0.506, "ratioPC": -0.413, "maxBatteryPerDay": 8.75, "maxAtThisDay": 100, "batteryLevelPercentage": -0.11668571428571425, "buyPrice": 0.149072, "sellPrice": 0.1, "batteryLevel": -11.668571428571425, "maxBatteryForMonth": 100, "Temperature": 15.4, "ratioPc": "noData"}