{"bought": 374.27, "sold": 266.48, "Time_string": "Last update at 11:40 - 30/08/2023", "produce": 2.745, "consumption": 1.013, "ratioPC": 1.7320000000000002, "maxBatteryPerDay": 8.75, "maxAtThisDay": 10, "batteryLevelPercentage": -19.5510742728346, "buyPrice": 0.149072, "sellPrice": 0.1, "batteryLevel": -195.510742728346, "maxBatteryForMonth": 10, "Temperature": 29.3, "ratioPc": "noData"}