{"bought": 35.16, "sold": 54.14, "Time_string": "Last update at 13:59 - 05/09/2024", "produce": 4.618, "consumption": 3.791, "ratioPC": 0.871, "maxBatteryPerDay": 8.75, "maxAtThisDay": 43.75, "batteryLevelPercentage": 0.02646904736349841, "buyPrice": 0.149072, "sellPrice": 0.1, "batteryLevel": 1.1580208221530555, "maxBatteryForMonth": 100, "Temperature": 31.0, "ratioPc": "noData"}