{"bought": 200.31, "sold": 373.29, "Time_string": "Last update at 15:12 - 26/06/2023", "produce": 4.57, "consumption": 3.528, "buyPrice": 0.149072, "sellPrice": 0.1, "batteryLevel": 50.09919823977674, "maxBatteryPerDay": 8.75, "batteryLevelPercentage": 0.5009919823977674, "maxAtThisDay": 100, "ratioPC": 1.0420000000000003, "maxBatteryForMonth": 100}