{"bought": 146.84, "sold": 354.37, "Time_string": "Last update at 10:23 - 23/06/2023", "produce": 1.377, "consumption": 3.487, "ratioPc": "noData", "buyPrice": 0.149072, "sellPrice": 0.1, "batteryLevel": 90.87734463883226, "maxBatteryPerDay": 8.75, "batteryLevelPercentage": 0.4515644454103466, "maxAtThisDay": 201.25, "ratioPC": -2.1100000000000003}