{"bought": 196.69, "sold": 505.54, "Time_string": "Last update at 12:02 - 22/05/2024", "produce": 3.829, "consumption": 0.185, "ratioPC": 3.501, "maxBatteryPerDay": 8.75, "maxAtThisDay": 100, "batteryLevelPercentage": 1.4243471825694969, "buyPrice": 0.149072, "sellPrice": 0.1, "batteryLevel": 142.43471825694968, "maxBatteryForMonth": 100, "Temperature": 22.0, "ratioPc": "noData"}