{"bought": 11.23, "sold": 25.44, "Time_string": "Last update at 19:09 - 02/07/2023", "produce": 1.957, "consumption": 1.158, "buyPrice": 0.149072, "sellPrice": 0.1, "batteryLevel": 5.835579049050125, "maxBatteryPerDay": 8.75, "batteryLevelPercentage": 0.5835579049050125, "maxAtThisDay": 10, "ratioPC": 0.7990000000000002, "maxBatteryForMonth": 10, "ratioPc": "noData"}