{"bought": 72.46, "sold": 253.75, "Time_string": "Last update at 18:44 - 15/06/2023", "produce": 2.582, "consumption": 5.183, "ratioPc": null, "buyPrice": 0.149072, "sellPrice": 0.1, "batteryLevel": 97.7597595792637, "maxBatteryPerDay": 8.75, "batteryLevelPercentage": 0.7448362634610568, "maxAtThisDay": 131.25, "ratioPC": -2.601}