{"bought": 36.06, "sold": 35.13, "Time_string": "Last update at 09:26 - 04/11/2024", "produce": 0.672, "consumption": 0.135, "ratioPC": 0.3949999999999999, "maxBatteryPerDay": 8.75, "maxAtThisDay": 35.0, "batteryLevelPercentage": -0.35697732255937686, "buyPrice": 0.149072, "sellPrice": 0.1, "batteryLevel": -12.494206289578191, "maxBatteryForMonth": 100, "Temperature": 16.4, "ratioPc": "noData"}