{"bought": 123.83, "sold": 154.27, "Time_string": "Last update at 13:52 - 13/07/2023", "produce": 4.414, "consumption": 4.601, "buyPrice": 0.149072, "sellPrice": 0.1, "batteryLevel": -20.343094343672846, "maxBatteryPerDay": 8.75, "batteryLevelPercentage": -2.0343094343672847, "maxAtThisDay": 10, "ratioPC": -0.18700000000000028, "maxBatteryForMonth": 10, "ratioPc": "noData"}