{"bought": 131.48, "sold": 316.89, "Time_string": "Last update at 05:43 - 21/06/2023", "produce": 0.0, "consumption": 0.084, "ratioPc": "noData", "buyPrice": 0.149072, "sellPrice": 0.1, "batteryLevel": 81.09513148009015, "maxBatteryPerDay": 8.75, "batteryLevelPercentage": 0.4413340488712389, "maxAtThisDay": 183.75, "ratioPC": -0.084}