{"bought": 209.83, "sold": 275.0, "Time_string": "Last update at 09:39 - 19/09/2024", "produce": 0.415, "consumption": 0.138, "ratioPC": 0.267, "maxBatteryPerDay": 8.75, "maxAtThisDay": 100, "batteryLevelPercentage": -0.25355383707201923, "buyPrice": 0.149072, "sellPrice": 0.1, "batteryLevel": -25.355383707201923, "maxBatteryForMonth": 100, "Temperature": 21.3, "ratioPc": "noData"}