{"bought": 20.79, "sold": 34.4, "Time_string": "Last update at 15:41 - 03/07/2023", "produce": 4.651, "consumption": 2.212, "buyPrice": 0.149072, "sellPrice": 0.1, "batteryLevel": 2.2860974562627447, "maxBatteryPerDay": 8.75, "batteryLevelPercentage": 0.22860974562627448, "maxAtThisDay": 10, "ratioPC": 2.4389999999999996, "maxBatteryForMonth": 10, "ratioPc": "noData"}