{"bought": 334.04, "sold": 439.18, "Time_string": "Last update at 11:18 - 30/09/2024", "produce": 2.679, "consumption": 1.323, "ratioPC": 1.3559999999999999, "maxBatteryPerDay": 8.75, "maxAtThisDay": 100, "batteryLevelPercentage": -0.39430683696468805, "buyPrice": 0.149072, "sellPrice": 0.1, "batteryLevel": -39.430683696468805, "maxBatteryForMonth": 100, "Temperature": 23.6, "ratioPc": "noData"}