{"bought": 164.74, "sold": 363.0, "Time_string": "Last update at 08:34 - 24/06/2023", "produce": 0.22, "consumption": 0.216, "ratioPc": "noData", "buyPrice": 0.149072, "sellPrice": 0.1, "batteryLevel": 78.7664935064935, "maxBatteryPerDay": 8.75, "batteryLevelPercentage": 0.3750785405071119, "maxAtThisDay": 210.0, "ratioPC": 0.0040000000000000036}