{"bought": 23.63, "sold": 62.98, "Time_string": "Last update at 09:17 - 06/11/2023", "produce": 0.983, "consumption": 0.171, "ratioPC": 0.8119999999999999, "maxBatteryPerDay": 8.75, "maxAtThisDay": 10, "batteryLevelPercentage": 1.861804121498336, "buyPrice": 0.149072, "sellPrice": 0.1, "batteryLevel": 18.61804121498336, "maxBatteryForMonth": 10, "Temperature": 11.6, "ratioPc": "noData"}