{"bought": 342.64, "sold": 57.5, "Time_string": "Last update at 18:57 - 17/08/2024", "produce": 2.445, "consumption": 3.412, "ratioPC": -0.7610000000000001, "maxBatteryPerDay": 8.75, "maxAtThisDay": 100, "batteryLevelPercentage": -3.0406803477514224, "buyPrice": 0.149072, "sellPrice": 0.1, "batteryLevel": -304.0680347751422, "maxBatteryForMonth": 100, "Temperature": 39.0, "ratioPc": "noData"}