{"bought": 47.33, "sold": 179.58, "Time_string": "Last update at 14:01 - 11/09/2023", "produce": 5.138, "consumption": 0.23, "ratioPC": 4.9079999999999995, "maxBatteryPerDay": 8.75, "maxAtThisDay": 10, "batteryLevelPercentage": 7.313527852312977, "buyPrice": 0.149072, "sellPrice": 0.1, "batteryLevel": 73.13527852312977, "maxBatteryForMonth": 10, "Temperature": 27.0, "ratioPc": "noData"}