{"bought": 178.95, "sold": 215.46, "Time_string": "Last update at 07:43 - 17/11/2024", "produce": 0.0, "consumption": 0.241, "ratioPC": -2.428, "maxBatteryPerDay": 8.75, "maxAtThisDay": 100, "batteryLevelPercentage": -0.34415815176558967, "buyPrice": 0.149072, "sellPrice": 0.1, "batteryLevel": -34.415815176558965, "maxBatteryForMonth": 100, "Temperature": 16.0, "ratioPc": "noData"}