{"bought": 156.14, "sold": 144.25, "Time_string": "Last update at 10:01 - 22/12/2023", "produce": 1.275, "consumption": 0.296, "ratioPC": 0.8809999999999999, "maxBatteryPerDay": 8.75, "maxAtThisDay": 100, "batteryLevelPercentage": -0.5937467854459589, "buyPrice": 0.149072, "sellPrice": 0.1, "batteryLevel": -59.374678544595895, "maxBatteryForMonth": 100, "Temperature": 8.0, "ratioPc": "noData"}