{"bought": 250.39, "sold": 160.08, "Time_string": "Last update at 16:35 - 23/01/2024", "produce": 2.667, "consumption": 0.979, "ratioPC": 1.7760000000000002, "maxBatteryPerDay": 8.75, "maxAtThisDay": 100, "batteryLevelPercentage": -1.430056488139959, "buyPrice": 0.149072, "sellPrice": 0.1, "batteryLevel": -143.0056488139959, "maxBatteryForMonth": 100, "Temperature": 20.8, "ratioPc": "noData"}