{"bought": 262.88, "sold": 435.11, "Time_string": "Last update at 15:28 - 29/11/2023", "produce": 0.954, "consumption": 2.157, "ratioPC": -1.203, "maxBatteryPerDay": 8.75, "maxAtThisDay": 100, "batteryLevelPercentage": 0.28999091982397773, "buyPrice": 0.149072, "sellPrice": 0.1, "batteryLevel": 28.999091982397772, "maxBatteryForMonth": 100, "Temperature": 21.0, "ratioPc": "noData"}