{"bought": 239.82, "sold": 345.21, "Time_string": "Last update at 11:51 - 21/06/2024", "produce": 3.458, "consumption": 7.025, "ratioPC": -3.7399999999999998, "maxBatteryPerDay": 8.75, "maxAtThisDay": 100, "batteryLevelPercentage": -0.08247337125684226, "buyPrice": 0.149072, "sellPrice": 0.1, "batteryLevel": -8.247337125684226, "maxBatteryForMonth": 100, "Temperature": 24.7, "ratioPc": "noData"}