{"bought": 462.92, "sold": 69.61, "Time_string": "Last update at 16:05 - 21/08/2024", "produce": 4.615, "consumption": 4.252, "ratioPC": -0.9580000000000002, "maxBatteryPerDay": 8.75, "maxAtThisDay": 100, "batteryLevelPercentage": -4.162244434903939, "buyPrice": 0.149072, "sellPrice": 0.1, "batteryLevel": -416.2244434903939, "maxBatteryForMonth": 100, "Temperature": 35.9, "ratioPc": "noData"}