{"bought": 82.3, "sold": 228.99, "Time_string": "Last update at 17:16 - 11/05/2024", "produce": 4.073, "consumption": 2.873, "ratioPC": -4.364, "maxBatteryPerDay": 8.75, "maxAtThisDay": 96.25, "batteryLevelPercentage": 0.7408866072212641, "buyPrice": 0.149072, "sellPrice": 0.1, "batteryLevel": 71.31033594504667, "maxBatteryForMonth": 100, "Temperature": 30.7, "ratioPc": "noData"}