{"bought": 83.88, "sold": 120.83, "Time_string": "Last update at 15:38 - 08/10/2024", "produce": 1.654, "consumption": 0.162, "ratioPC": 2.1449999999999996, "maxBatteryPerDay": 8.75, "maxAtThisDay": 70.0, "batteryLevelPercentage": -0.04036010978395857, "buyPrice": 0.149072, "sellPrice": 0.1, "batteryLevel": -2.8252076848770997, "maxBatteryForMonth": 100, "Temperature": 24.6, "ratioPc": "noData"}