{"bought": 38.75, "sold": 137.46, "Time_string": "Last update at 15:16 - 09/09/2023", "produce": 5.182, "consumption": 0.901, "ratioPC": 4.281000000000001, "maxBatteryPerDay": 8.75, "maxAtThisDay": 10, "batteryLevelPercentage": 5.346047547493829, "buyPrice": 0.149072, "sellPrice": 0.1, "batteryLevel": 53.46047547493829, "maxBatteryForMonth": 10, "Temperature": 28.0, "ratioPc": "noData"}