{"bought": 217.9, "sold": 285.43, "Time_string": "Last update at 12:50 - 20/09/2024", "produce": 4.69, "consumption": 0.74, "ratioPC": 3.6239999999999997, "maxBatteryPerDay": 8.75, "maxAtThisDay": 100, "batteryLevelPercentage": -0.26428764623805934, "buyPrice": 0.149072, "sellPrice": 0.1, "batteryLevel": -26.428764623805932, "maxBatteryForMonth": 100, "Temperature": 24.7, "ratioPc": "noData"}