{"bought": 203.31, "sold": 374.79, "Time_string": "Last update at 19:55 - 26/06/2023", "produce": 0.999, "consumption": 2.827, "buyPrice": 0.149072, "sellPrice": 0.1, "batteryLevel": 48.10542341955568, "maxBatteryPerDay": 8.75, "batteryLevelPercentage": 0.48105423419555676, "maxAtThisDay": 100, "ratioPC": -1.8279999999999998, "maxBatteryForMonth": 100, "ratioPc": "noData"}