{"bought": 119.19, "sold": 285.91, "Time_string": "Last update at 09:32 - 19/06/2023", "produce": 0.906, "consumption": 0.201, "ratioPc": "noData", "buyPrice": 0.149072, "sellPrice": 0.1, "batteryLevel": 72.60322743372333, "maxBatteryPerDay": 8.75, "batteryLevelPercentage": 0.4367111424584862, "maxAtThisDay": 166.25, "ratioPC": 0.7050000000000001}