{"bought": 235.57, "sold": 655.06, "Time_string": "Last update at 12:10 - 28/05/2024", "produce": 3.728, "consumption": 0.19, "ratioPC": 3.3099999999999996, "maxBatteryPerDay": 8.75, "maxAtThisDay": 100, "batteryLevelPercentage": 2.0385524417731027, "buyPrice": 0.149072, "sellPrice": 0.1, "batteryLevel": 203.85524417731028, "maxBatteryForMonth": 100, "Temperature": 26.3, "ratioPc": "noData"}