{"bought": 185.07, "sold": 380.5, "Time_string": "Last update at 20:31 - 17/05/2024", "produce": 0.182, "consumption": 0.234, "ratioPC": -0.02200000000000002, "maxBatteryPerDay": 8.75, "maxAtThisDay": 100, "batteryLevelPercentage": 0.7017578727058068, "buyPrice": 0.149072, "sellPrice": 0.1, "batteryLevel": 70.17578727058068, "maxBatteryForMonth": 100, "Temperature": 21.0, "ratioPc": "noData"}