{"bought": 38.27, "sold": 128.96, "Time_string": "Last update at 10:13 - 09/09/2023", "produce": 0.597, "consumption": 0.255, "ratioPC": 0.34199999999999997, "maxBatteryPerDay": 8.75, "maxAtThisDay": 10, "batteryLevelPercentage": 4.823853278952452, "buyPrice": 0.149072, "sellPrice": 0.1, "batteryLevel": 48.23853278952452, "maxBatteryForMonth": 10, "Temperature": 23.4, "ratioPc": "noData"}