{"bought": 161.09, "sold": 341.09, "Time_string": "Last update at 20:34 - 15/05/2024", "produce": 0.163, "consumption": 7.504, "ratioPC": -7.326, "maxBatteryPerDay": 8.75, "maxAtThisDay": 100, "batteryLevelPercentage": 0.677188977138564, "buyPrice": 0.149072, "sellPrice": 0.1, "batteryLevel": 67.71889771385639, "maxBatteryForMonth": 100, "Temperature": 21.4, "ratioPc": "noData"}