{"bought": 188.81, "sold": 109.95, "Time_string": "Last update at 18:14 - 20/01/2024", "produce": 0.075, "consumption": 0.249, "ratioPC": -0.12099999999999997, "maxBatteryPerDay": 8.75, "maxAtThisDay": 100, "batteryLevelPercentage": -1.1505369432220673, "buyPrice": 0.149072, "sellPrice": 0.1, "batteryLevel": -115.05369432220672, "maxBatteryForMonth": 100, "Temperature": 12.0, "ratioPc": "noData"}