{"bought": 74.56, "sold": 253.75, "Time_string": "Last update at 19:25 - 15/06/2023", "produce": 1.762, "consumption": 4.362, "ratioPc": null, "buyPrice": 0.149072, "sellPrice": 0.1, "batteryLevel": 95.65975957926369, "maxBatteryPerDay": 8.75, "batteryLevelPercentage": 0.7288362634610567, "maxAtThisDay": 131.25, "ratioPC": -2.6}