{"bought": 14.25, "sold": 0.58, "Time_string": "Last update at 16:49 - 01/01/2024", "produce": 1.575, "consumption": 0.339, "ratioPC": 1.3399999999999999, "maxBatteryPerDay": 8.75, "maxAtThisDay": 8.75, "batteryLevelPercentage": -1.5841058587221515, "buyPrice": 0.149072, "sellPrice": 0.1, "batteryLevel": -13.860926263818826, "maxBatteryForMonth": 100, "Temperature": 15.4, "ratioPc": "noData"}