{"bought": 236.34, "sold": 386.81, "Time_string": "Last update at 01:07 - 29/06/2023", "produce": 0.0, "consumption": 0.123, "buyPrice": 0.149072, "sellPrice": 0.1, "batteryLevel": 23.13864119351726, "maxBatteryPerDay": 8.75, "batteryLevelPercentage": 0.2313864119351726, "maxAtThisDay": 100, "ratioPC": -0.123, "maxBatteryForMonth": 100, "ratioPc": "noData"}