{"bought": 233.21, "sold": 382.37, "Time_string": "Last update at 14:22 - 28/06/2023", "produce": 4.004, "consumption": 5.611, "buyPrice": 0.149072, "sellPrice": 0.1, "batteryLevel": 23.290214661371664, "maxBatteryPerDay": 8.75, "batteryLevelPercentage": 0.23290214661371664, "maxAtThisDay": 100, "ratioPC": -1.6070000000000002, "maxBatteryForMonth": 100, "ratioPc": "noData"}