{"bought": 104.81, "sold": 122.03, "Time_string": "Last update at 17:39 - 10/06/2024", "produce": 3.783, "consumption": 0.258, "ratioPC": 3.6799999999999997, "maxBatteryPerDay": 8.75, "maxAtThisDay": 87.5, "batteryLevelPercentage": -0.2622883147549028, "buyPrice": 0.149072, "sellPrice": 0.1, "batteryLevel": -22.95022754105399, "maxBatteryForMonth": 100, "Temperature": 26.4, "ratioPc": "noData"}