{"bought": 126.04, "sold": 151.46, "Time_string": "Last update at 08:19 - 12/11/2024", "produce": 0.053, "consumption": 0.255, "ratioPC": -0.174, "maxBatteryPerDay": 8.75, "maxAtThisDay": 100, "batteryLevelPercentage": -0.24438089513792008, "buyPrice": 0.149072, "sellPrice": 0.1, "batteryLevel": -24.438089513792008, "maxBatteryForMonth": 100, "Temperature": 13.3, "ratioPc": "noData"}