{"bought": 10.09, "sold": 13.92, "Time_string": "Last update at 06:48 - 02/07/2023", "produce": 0.0, "consumption": 0.142, "buyPrice": 0.149072, "sellPrice": 0.1, "batteryLevel": -0.7522303316518197, "maxBatteryPerDay": 8.75, "batteryLevelPercentage": -0.042984590380103986, "maxAtThisDay": 17.5, "ratioPC": -0.142, "maxBatteryForMonth": 100, "ratioPc": "noData"}