{"bought": 35.16, "sold": 60.38, "Time_string": "Last update at 16:25 - 05/09/2024", "produce": 4.584, "consumption": 0.226, "ratioPC": 2.7960000000000003, "maxBatteryPerDay": 8.75, "maxAtThisDay": 43.75, "batteryLevelPercentage": 0.12214668731504633, "buyPrice": 0.149072, "sellPrice": 0.1, "batteryLevel": 5.343917570033277, "maxBatteryForMonth": 100, "Temperature": 32.0, "ratioPc": "noData"}