{"bought": 171.38, "sold": 188.25, "Time_string": "Last update at 10:35 - 15/11/2024", "produce": 2.697, "consumption": 0.193, "ratioPC": 1.9389999999999998, "maxBatteryPerDay": 8.75, "maxAtThisDay": 100, "batteryLevelPercentage": -0.45098739937748206, "buyPrice": 0.149072, "sellPrice": 0.1, "batteryLevel": -45.098739937748206, "maxBatteryForMonth": 100, "Temperature": 15.6, "ratioPc": "noData"}