{"bought": 243.69, "sold": 345.21, "Time_string": "Last update at 13:07 - 21/06/2024", "produce": 4.253, "consumption": 7.812, "ratioPC": -3.559, "maxBatteryPerDay": 8.75, "maxAtThisDay": 100, "batteryLevelPercentage": -0.1211733712568423, "buyPrice": 0.149072, "sellPrice": 0.1, "batteryLevel": -12.11733712568423, "maxBatteryForMonth": 100, "Temperature": 26.2, "ratioPc": "noData"}