{"bought": 215.03, "sold": 580.62, "Time_string": "Last update at 23:08 - 24/05/2024", "produce": 0.0, "consumption": 0.231, "ratioPC": -0.238, "maxBatteryPerDay": 8.75, "maxAtThisDay": 100, "batteryLevelPercentage": 1.7445964258881614, "buyPrice": 0.149072, "sellPrice": 0.1, "batteryLevel": 174.45964258881614, "maxBatteryForMonth": 100, "Temperature": 20.9, "ratioPc": "noData"}