{"bought": 146.22, "sold": 354.02, "Time_string": "Last update at 08:53 - 23/06/2023", "produce": 0.223, "consumption": 0.152, "ratioPc": "noData", "buyPrice": 0.149072, "sellPrice": 0.1, "batteryLevel": 91.26255876355049, "maxBatteryPerDay": 8.75, "batteryLevelPercentage": 0.45347855286236266, "maxAtThisDay": 201.25, "ratioPC": 0.07100000000000001}