{"bought": 77.26, "sold": 126.0, "Time_string": "Last update at 16:39 - 09/11/2024", "produce": 1.793, "consumption": 1.294, "ratioPC": 2.134, "maxBatteryPerDay": 8.75, "maxAtThisDay": 78.75, "batteryLevelPercentage": 0.09222749335146026, "buyPrice": 0.149072, "sellPrice": 0.1, "batteryLevel": 7.262915101427495, "maxBatteryForMonth": 100, "Temperature": 21.7, "ratioPc": "noData"}