{"bought": 74.21, "sold": 59.31, "Time_string": "Last update at 16:55 - 10/12/2023", "produce": 1.206, "consumption": 0.106, "ratioPC": 1.7770000000000001, "maxBatteryPerDay": 8.75, "maxAtThisDay": 87.5, "batteryLevelPercentage": -0.3934155016176266, "buyPrice": 0.149072, "sellPrice": 0.1, "batteryLevel": -34.42385639154233, "maxBatteryForMonth": 100, "Temperature": 17.2, "ratioPc": "noData"}