{"bought": 462.58, "sold": 69.59, "Time_string": "Last update at 15:05 - 21/08/2024", "produce": 4.79, "consumption": 5.043, "ratioPC": -2.1399999999999997, "maxBatteryPerDay": 8.75, "maxAtThisDay": 100, "batteryLevelPercentage": -4.158978598261243, "buyPrice": 0.149072, "sellPrice": 0.1, "batteryLevel": -415.89785982612426, "maxBatteryForMonth": 100, "Temperature": 35.1, "ratioPc": "noData"}