{"bought": 11.25, "sold": 17.27, "Time_string": "Last update at 17:31 - 02/08/2023", "produce": 3.812, "consumption": 1.804, "ratioPC": 2.008, "maxBatteryPerDay": 8.75, "maxAtThisDay": 10, "batteryLevelPercentage": 0.03350059031877208, "buyPrice": 0.149072, "sellPrice": 0.1, "batteryLevel": 0.33500590318772083, "maxBatteryForMonth": 10, "Temperature": 38.5, "ratioPc": "noData"}