{"bought": 227.92, "sold": 335.09, "Time_string": "Last update at 15:28 - 20/06/2024", "produce": 5.343, "consumption": 7.613, "ratioPC": -1.5679999999999996, "maxBatteryPerDay": 8.75, "maxAtThisDay": 100, "batteryLevelPercentage": -0.03136003005259198, "buyPrice": 0.149072, "sellPrice": 0.1, "batteryLevel": -3.136003005259198, "maxBatteryForMonth": 100, "Temperature": 23.5, "ratioPc": "noData"}