{"bought": 235.57, "sold": 653.52, "Time_string": "Last update at 11:41 - 28/05/2024", "produce": 3.22, "consumption": 2.375, "ratioPC": 2.9629999999999996, "maxBatteryPerDay": 8.75, "maxAtThisDay": 100, "batteryLevelPercentage": 2.028221863260706, "buyPrice": 0.149072, "sellPrice": 0.1, "batteryLevel": 202.8221863260706, "maxBatteryForMonth": 100, "Temperature": 25.7, "ratioPc": "noData"}