{"bought": 257.17, "sold": 281.98, "Time_string": "Last update at 07:51 - 24/07/2023", "produce": 0.057, "consumption": 0.167, "buyPrice": 0.149072, "sellPrice": 0.1, "batteryLevel": -68.01308253729741, "maxBatteryPerDay": 8.75, "batteryLevelPercentage": -6.801308253729741, "maxAtThisDay": 10, "ratioPC": -0.11000000000000001, "maxBatteryForMonth": 10, "ratioPc": "noData"}