{"bought": 49.87, "sold": 122.46, "Time_string": "Last update at 08:45 - 09/10/2023", "produce": 0.057, "consumption": 0.09, "ratioPC": -0.032999999999999995, "maxBatteryPerDay": 8.75, "maxAtThisDay": 10, "batteryLevelPercentage": 3.2278223677149294, "buyPrice": 0.149072, "sellPrice": 0.1, "batteryLevel": 32.27822367714929, "maxBatteryForMonth": 10, "Temperature": 19.3, "ratioPc": "noData"}