{"bought": 86.89, "sold": 131.54, "Time_string": "Last update at 16:40 - 09/10/2024", "produce": 0.338, "consumption": 0.205, "ratioPC": 0.152, "maxBatteryPerDay": 8.75, "maxAtThisDay": 78.75, "batteryLevelPercentage": 0.01713320760310118, "buyPrice": 0.149072, "sellPrice": 0.1, "batteryLevel": 1.3492400987442181, "maxBatteryForMonth": 100, "Temperature": 21.0, "ratioPc": "noData"}