{"bought": 294.47, "sold": 364.04, "Time_string": "Last update at 16:16 - 26/09/2024", "produce": 6.0, "consumption": 0.173, "ratioPC": 5.282, "maxBatteryPerDay": 8.75, "maxAtThisDay": 100, "batteryLevelPercentage": -0.5026585703552646, "buyPrice": 0.149072, "sellPrice": 0.1, "batteryLevel": -50.265857035526466, "maxBatteryForMonth": 100, "Temperature": 27.0, "ratioPc": "noData"}