{"bought": 65.96, "sold": 111.88, "Time_string": "Last update at 08:30 - 09/09/2024", "produce": 0.065, "consumption": 0.133, "ratioPC": 0.013999999999999999, "maxBatteryPerDay": 8.75, "maxAtThisDay": 78.75, "batteryLevelPercentage": 0.11544104223206948, "buyPrice": 0.149072, "sellPrice": 0.1, "batteryLevel": 9.090982075775472, "maxBatteryForMonth": 100, "Temperature": 16.0, "ratioPc": "noData"}