{"bought": 159.57, "sold": 247.99, "Time_string": "Last update at 18:45 - 16/09/2024", "produce": 1.657, "consumption": 1.706, "ratioPC": 0.03200000000000003, "maxBatteryPerDay": 8.75, "maxAtThisDay": 100, "batteryLevelPercentage": 0.06785854888912751, "buyPrice": 0.149072, "sellPrice": 0.1, "batteryLevel": 6.785854888912752, "maxBatteryForMonth": 100, "Temperature": 32.2, "ratioPc": "noData"}