{"bought": 206.23, "sold": 184.48, "Time_string": "Last update at 10:52 - 20/08/2023", "produce": 1.848, "consumption": 1.132, "ratioPC": 0.7160000000000002, "maxBatteryPerDay": 8.75, "maxAtThisDay": 10, "batteryLevelPercentage": -8.247771922292582, "buyPrice": 0.149072, "sellPrice": 0.1, "batteryLevel": -82.47771922292583, "maxBatteryForMonth": 10, "Temperature": 33.6, "ratioPc": "noData"}