{"bought": 276.08, "sold": 368.19, "Time_string": "Last update at 19:05 - 23/06/2024", "produce": 2.372, "consumption": 4.422, "ratioPC": -2.0450000000000004, "maxBatteryPerDay": 8.75, "maxAtThisDay": 100, "batteryLevelPercentage": -0.290919673714715, "buyPrice": 0.149072, "sellPrice": 0.1, "batteryLevel": -29.091967371471497, "maxBatteryForMonth": 100, "Temperature": 36.0, "ratioPc": "noData"}