{"bought": 360.08, "sold": 59.42, "Time_string": "Last update at 13:56 - 18/08/2024", "produce": 4.575, "consumption": 3.175, "ratioPC": 1.2099999999999995, "maxBatteryPerDay": 8.75, "maxAtThisDay": 100, "batteryLevelPercentage": -3.2022006654502517, "buyPrice": 0.149072, "sellPrice": 0.1, "batteryLevel": -320.2200665450252, "maxBatteryForMonth": 100, "Temperature": 37.9, "ratioPc": "noData"}