{"bought": 146.24, "sold": 186.37, "Time_string": "Last update at 15:50 - 14/11/2024", "produce": 0.242, "consumption": 4.969, "ratioPC": -4.592, "maxBatteryPerDay": 8.75, "maxAtThisDay": 100, "batteryLevelPercentage": -0.21219875496404442, "buyPrice": 0.149072, "sellPrice": 0.1, "batteryLevel": -21.21987549640444, "maxBatteryForMonth": 100, "Temperature": 16.2, "ratioPc": "noData"}