{"bought": 14.54, "sold": 6.87, "Time_string": "Last update at 11:37 - 02/09/2024", "produce": 3.073, "consumption": 2.485, "ratioPC": 0.44899999999999984, "maxBatteryPerDay": 8.75, "maxAtThisDay": 17.5, "batteryLevelPercentage": -0.5675136386635795, "buyPrice": 0.149072, "sellPrice": 0.1, "batteryLevel": -9.931488676612641, "maxBatteryForMonth": 100, "Temperature": 27.6, "ratioPc": "noData"}