{"bought": 304.35, "sold": 365.81, "Time_string": "Last update at 17:15 - 29/07/2023", "produce": 3.98, "consumption": 3.465, "buyPrice": 0.149072, "sellPrice": 0.1, "batteryLevel": -58.95851132338737, "maxBatteryPerDay": 8.75, "batteryLevelPercentage": -5.895851132338737, "maxAtThisDay": 10, "ratioPC": 0.5150000000000001, "maxBatteryForMonth": 10, "ratioPc": "noData"}