{"bought": 267.89, "sold": 290.02, "Time_string": "Last update at 08:02 - 25/07/2023", "produce": 0.094, "consumption": 0.104, "buyPrice": 0.149072, "sellPrice": 0.1, "batteryLevel": -73.33971557368253, "maxBatteryPerDay": 8.75, "batteryLevelPercentage": -7.333971557368253, "maxAtThisDay": 10, "ratioPC": -0.009999999999999995, "maxBatteryForMonth": 10, "ratioPc": "noData"}