{"bought": 199.89, "sold": 31.7, "Time_string": "Last update at 12:49 - 10/08/2024", "produce": 4.006, "consumption": 4.956, "ratioPC": -1.1330000000000005, "maxBatteryPerDay": 8.75, "maxAtThisDay": 87.5, "batteryLevelPercentage": -2.041429804198163, "buyPrice": 0.149072, "sellPrice": 0.1, "batteryLevel": -178.62510786733927, "maxBatteryForMonth": 100, "Temperature": 33.6, "ratioPc": "noData"}