{"bought": 205.52, "sold": 552.65, "Time_string": "Last update at 17:11 - 23/05/2024", "produce": 4.304, "consumption": 0.26, "ratioPC": 4.16, "maxBatteryPerDay": 8.75, "maxAtThisDay": 100, "batteryLevelPercentage": 1.6520689706987226, "buyPrice": 0.149072, "sellPrice": 0.1, "batteryLevel": 165.20689706987227, "maxBatteryForMonth": 100, "Temperature": 29.8, "ratioPc": "noData"}