{"bought": 334.04, "sold": 443.01, "Time_string": "Last update at 12:45 - 30/09/2024", "produce": 4.124, "consumption": 0.165, "ratioPC": 3.901, "maxBatteryPerDay": 8.75, "maxAtThisDay": 100, "batteryLevelPercentage": -0.3686145540410007, "buyPrice": 0.149072, "sellPrice": 0.1, "batteryLevel": -36.86145540410007, "maxBatteryForMonth": 100, "Temperature": 26.5, "ratioPc": "noData"}