{"bought": 255.45, "sold": 309.67, "Time_string": "Last update at 01:32 - 23/09/2024", "produce": 0.0, "consumption": 0.089, "ratioPC": -0.091, "maxBatteryPerDay": 8.75, "maxAtThisDay": 100, "batteryLevelPercentage": -0.47718165718578914, "buyPrice": 0.149072, "sellPrice": 0.1, "batteryLevel": -47.718165718578916, "maxBatteryForMonth": 100, "Temperature": 18.5, "ratioPc": "noData"}