{"bought": 446.04, "sold": 67.46, "Time_string": "Last update at 14:03 - 20/08/2024", "produce": 4.638, "consumption": 4.19, "ratioPC": 0.48599999999999977, "maxBatteryPerDay": 8.75, "maxAtThisDay": 100, "batteryLevelPercentage": -4.007866995814103, "buyPrice": 0.149072, "sellPrice": 0.1, "batteryLevel": -400.78669958141035, "maxBatteryForMonth": 100, "Temperature": 33.0, "ratioPc": "noData"}