{"bought": 97.06, "sold": 142.57, "Time_string": "Last update at 15:43 - 11/07/2023", "produce": 4.476, "consumption": 3.928, "buyPrice": 0.149072, "sellPrice": 0.1, "batteryLevel": -1.4216507459482841, "maxBatteryPerDay": 8.75, "batteryLevelPercentage": -0.1421650745948284, "maxAtThisDay": 10, "ratioPC": 0.548, "maxBatteryForMonth": 10, "ratioPc": "noData"}