{"bought": 214.5, "sold": 375.12, "Time_string": "Last update at 09:59 - 27/06/2023", "produce": 0.745, "consumption": 0.164, "buyPrice": 0.149072, "sellPrice": 0.1, "batteryLevel": 37.136792959107, "maxBatteryPerDay": 8.75, "batteryLevelPercentage": 0.37136792959106996, "maxAtThisDay": 100, "ratioPC": 0.581, "maxBatteryForMonth": 100, "ratioPc": "noData"}