{"bought": 89.15, "sold": 132.92, "Time_string": "Last update at 07:21 - 10/10/2024", "produce": 0.0, "consumption": 0.195, "ratioPC": -0.181, "maxBatteryPerDay": 8.75, "maxAtThisDay": 87.5, "batteryLevelPercentage": 0.00017105444732351316, "buyPrice": 0.149072, "sellPrice": 0.1, "batteryLevel": 0.014967264140807401, "maxBatteryForMonth": 100, "Temperature": 13.6, "ratioPc": "noData"}