{"bought": 59.65, "sold": 169.19, "Time_string": "Last update at 14:52 - 11/10/2023", "produce": 4.695, "consumption": 3.086, "ratioPC": 1.6090000000000004, "maxBatteryPerDay": 8.75, "maxAtThisDay": 10, "batteryLevelPercentage": 5.384549211119458, "buyPrice": 0.149072, "sellPrice": 0.1, "batteryLevel": 53.84549211119458, "maxBatteryForMonth": 10, "Temperature": 29.9, "ratioPc": "noData"}