{"bought": 26.73, "sold": 85.75, "Time_string": "Last update at 12:57 - 06/09/2023", "produce": 4.134, "consumption": 0.478, "ratioPC": 3.6560000000000006, "maxBatteryPerDay": 8.75, "maxAtThisDay": 10, "batteryLevelPercentage": 3.0792539444027054, "buyPrice": 0.149072, "sellPrice": 0.1, "batteryLevel": 30.792539444027053, "maxBatteryForMonth": 10, "Temperature": 25.9, "ratioPc": "noData"}