{"bought": 191.46, "sold": 441.69, "Time_string": "Last update at 09:41 - 20/05/2024", "produce": 0.557, "consumption": 0.159, "ratioPC": 0.275, "maxBatteryPerDay": 8.75, "maxAtThisDay": 100, "batteryLevelPercentage": 1.0483306643769454, "buyPrice": 0.149072, "sellPrice": 0.1, "batteryLevel": 104.83306643769455, "maxBatteryForMonth": 100, "Temperature": 15.4, "ratioPc": "noData"}