{"bought": 281.58, "sold": 212.87, "Time_string": "Last update at 17:01 - 24/08/2023", "produce": 3.743, "consumption": 3.517, "ratioPC": 0.22599999999999998, "maxBatteryPerDay": 8.75, "maxAtThisDay": 10, "batteryLevelPercentage": -13.878323065364384, "buyPrice": 0.149072, "sellPrice": 0.1, "batteryLevel": -138.78323065364384, "maxBatteryForMonth": 10, "Temperature": 42.0, "ratioPc": "noData"}