{"bought": 177.19, "sold": 136.75, "Time_string": "Last update at 20:21 - 16/08/2023", "produce": 0.123, "consumption": 2.132, "ratioPC": -2.0090000000000003, "maxBatteryPerDay": 8.75, "maxAtThisDay": 10, "batteryLevelPercentage": -8.545580444349039, "buyPrice": 0.149072, "sellPrice": 0.1, "batteryLevel": -85.4558044434904, "maxBatteryForMonth": 10, "Temperature": 31.3, "ratioPc": "noData"}