{"bought": 70.37, "sold": 141.22, "Time_string": "Last update at 11:41 - 10/09/2024", "produce": 3.163, "consumption": 0.157, "ratioPC": 2.931, "maxBatteryPerDay": 8.75, "maxAtThisDay": 87.5, "batteryLevelPercentage": 0.27843138962572245, "buyPrice": 0.149072, "sellPrice": 0.1, "batteryLevel": 24.362746592250716, "maxBatteryForMonth": 100, "Temperature": 23.4, "ratioPc": "noData"}