{"bought": 245.35, "sold": 201.83, "Time_string": "Last update at 16:53 - 22/08/2023", "produce": 3.836, "consumption": 3.666, "ratioPC": 0.16999999999999993, "maxBatteryPerDay": 8.75, "maxAtThisDay": 10, "batteryLevelPercentage": -10.995904797681655, "buyPrice": 0.149072, "sellPrice": 0.1, "batteryLevel": -109.95904797681655, "maxBatteryForMonth": 10, "Temperature": 41.9, "ratioPc": "noData"}