{"bought": 81.48, "sold": 383.14, "Time_string": "Last update at 19:28 - 20/09/2023", "produce": 0.554, "consumption": 0.943, "ratioPC": -0.3889999999999999, "maxBatteryPerDay": 8.75, "maxAtThisDay": 10, "batteryLevelPercentage": 17.553674358699148, "buyPrice": 0.149072, "sellPrice": 0.1, "batteryLevel": 175.53674358699146, "maxBatteryForMonth": 10, "Temperature": 25.5, "ratioPc": "noData"}