{"bought": 226.34, "sold": 308.71, "Time_string": "Last update at 02:03 - 22/09/2024", "produce": 0.0, "consumption": 0.127, "ratioPC": -0.133, "maxBatteryPerDay": 8.75, "maxAtThisDay": 100, "batteryLevelPercentage": -0.19252149833637475, "buyPrice": 0.149072, "sellPrice": 0.1, "batteryLevel": -19.252149833637475, "maxBatteryForMonth": 100, "Temperature": 17.0, "ratioPc": "noData"}