{"bought": 34.75, "sold": 112.16, "Time_string": "Last update at 10:18 - 08/09/2023", "produce": 1.38, "consumption": 0.139, "ratioPC": 1.2409999999999999, "maxBatteryPerDay": 8.75, "maxAtThisDay": 10, "batteryLevelPercentage": 4.048881077600086, "buyPrice": 0.149072, "sellPrice": 0.1, "batteryLevel": 40.48881077600086, "maxBatteryForMonth": 10, "Temperature": 23.6, "ratioPc": "noData"}