{"bought": 643.8, "sold": 97.46, "Time_string": "Last update at 09:55 - 29/08/2024", "produce": 0.236, "consumption": 0.157, "ratioPC": 0.07899999999999999, "maxBatteryPerDay": 8.75, "maxAtThisDay": 100, "batteryLevelPercentage": -5.784221959858323, "buyPrice": 0.149072, "sellPrice": 0.1, "batteryLevel": -578.4221959858323, "maxBatteryForMonth": 100, "Temperature": 23.9, "ratioPc": "noData"}