{"bought": 173.99, "sold": 300.63, "Time_string": "Last update at 11:36 - 19/06/2024", "produce": 0.984, "consumption": 0.881, "ratioPC": -0.45000000000000007, "maxBatteryPerDay": 8.75, "maxAtThisDay": 100, "batteryLevelPercentage": 0.276776505312869, "buyPrice": 0.149072, "sellPrice": 0.1, "batteryLevel": 27.6776505312869, "maxBatteryForMonth": 100, "Temperature": 20.2, "ratioPc": "noData"}