{"bought": 632.66, "sold": 93.97, "Time_string": "Last update at 12:59 - 28/08/2024", "produce": 2.561, "consumption": 4.105, "ratioPC": 0.5469999999999997, "maxBatteryPerDay": 8.75, "maxAtThisDay": 100, "batteryLevelPercentage": -5.696233465707845, "buyPrice": 0.149072, "sellPrice": 0.1, "batteryLevel": -569.6233465707845, "maxBatteryForMonth": 100, "Temperature": 31.0, "ratioPc": "noData"}