{"bought": 187.67, "sold": 157.87, "Time_string": "Last update at 08:01 - 18/08/2023", "produce": 0.053, "consumption": 0.114, "ratioPC": -0.061000000000000006, "maxBatteryPerDay": 8.75, "maxAtThisDay": 10, "batteryLevelPercentage": -8.176815391220348, "buyPrice": 0.149072, "sellPrice": 0.1, "batteryLevel": -81.76815391220349, "maxBatteryForMonth": 10, "Temperature": 18.1, "ratioPc": "noData"}