{"bought": 226.97, "sold": 329.37, "Time_string": "Last update at 13:46 - 20/06/2024", "produce": 5.161, "consumption": 0.199, "ratioPC": 1.11, "maxBatteryPerDay": 8.75, "maxAtThisDay": 100, "batteryLevelPercentage": -0.06023075024149392, "buyPrice": 0.149072, "sellPrice": 0.1, "batteryLevel": -6.023075024149392, "maxBatteryForMonth": 100, "Temperature": 22.8, "ratioPc": "noData"}