{"bought": 70.37, "sold": 140.45, "Time_string": "Last update at 11:28 - 10/09/2024", "produce": 2.814, "consumption": 0.158, "ratioPC": 2.974, "maxBatteryPerDay": 8.75, "maxAtThisDay": 87.5, "batteryLevelPercentage": 0.2725282019043529, "buyPrice": 0.149072, "sellPrice": 0.1, "batteryLevel": 23.846217666630878, "maxBatteryForMonth": 100, "Temperature": 22.9, "ratioPc": "noData"}