{"bought": 207.92, "sold": 558.3, "Time_string": "Last update at 08:49 - 24/05/2024", "produce": 0.245, "consumption": 0.341, "ratioPC": -0.10700000000000004, "maxBatteryPerDay": 8.75, "maxAtThisDay": 100, "batteryLevelPercentage": 1.665970119137061, "buyPrice": 0.149072, "sellPrice": 0.1, "batteryLevel": 166.5970119137061, "maxBatteryForMonth": 100, "Temperature": 17.4, "ratioPc": "noData"}