{"bought": 81.41, "sold": 126.41, "Time_string": "Last update at 06:44 - 10/11/2024", "produce": 0.0, "consumption": 0.243, "ratioPC": -0.238, "maxBatteryPerDay": 8.75, "maxAtThisDay": 87.5, "batteryLevelPercentage": 0.03871942838743313, "buyPrice": 0.149072, "sellPrice": 0.1, "batteryLevel": 3.3879499839003984, "maxBatteryForMonth": 100, "Temperature": 13.0, "ratioPc": "noData"}