{"bought": 229.54, "sold": 290.86, "Time_string": "Last update at 02:50 - 23/10/2024", "produce": 0.0, "consumption": 0.125, "ratioPC": -0.127, "maxBatteryPerDay": 8.75, "maxAtThisDay": 100, "batteryLevelPercentage": -0.34426229473006315, "buyPrice": 0.149072, "sellPrice": 0.1, "batteryLevel": -34.426229473006316, "maxBatteryForMonth": 100, "Temperature": 17.0, "ratioPc": "noData"}