{"bought": 31.02, "sold": 109.75, "Time_string": "Last update at 15:32 - 07/09/2023", "produce": 1.794, "consumption": 1.069, "ratioPC": 0.7250000000000001, "maxBatteryPerDay": 8.75, "maxAtThisDay": 10, "batteryLevelPercentage": 4.260214232048943, "buyPrice": 0.149072, "sellPrice": 0.1, "batteryLevel": 42.602142320489435, "maxBatteryForMonth": 10, "Temperature": 29.5, "ratioPc": "noData"}