{"bought": 36.64, "sold": 52.38, "Time_string": "Last update at 17:38 - 04/11/2024", "produce": 0.639, "consumption": 0.259, "ratioPC": 0.8640000000000001, "maxBatteryPerDay": 8.75, "maxAtThisDay": 35.0, "batteryLevelPercentage": -0.04293190634631015, "buyPrice": 0.149072, "sellPrice": 0.1, "batteryLevel": -1.5026167221208553, "maxBatteryForMonth": 100, "Temperature": 20.4, "ratioPc": "noData"}