{"bought": 191.0, "sold": 183.37, "Time_string": "Last update at 11:52 - 17/10/2024", "produce": 3.631, "consumption": 0.24, "ratioPC": 3.3890000000000002, "maxBatteryPerDay": 8.75, "maxAtThisDay": 100, "batteryLevelPercentage": -0.6799232585596223, "buyPrice": 0.149072, "sellPrice": 0.1, "batteryLevel": -67.99232585596224, "maxBatteryForMonth": 100, "Temperature": 17.9, "ratioPc": "noData"}