{"bought": 122.59, "sold": 249.98, "Time_string": "Last update at 11:33 - 16/06/2024", "produce": 3.122, "consumption": 0.187, "ratioPC": 2.195, "maxBatteryPerDay": 8.75, "maxAtThisDay": 100, "batteryLevelPercentage": 0.4510078029408606, "buyPrice": 0.149072, "sellPrice": 0.1, "batteryLevel": 45.100780294086064, "maxBatteryForMonth": 100, "Temperature": 25.1, "ratioPc": "noData"}