{"bought": 243.25, "sold": 391.68, "Time_string": "Last update at 14:17 - 29/06/2023", "produce": 4.605, "consumption": 6.059, "buyPrice": 0.149072, "sellPrice": 0.1, "batteryLevel": 19.495518943866102, "maxBatteryPerDay": 8.75, "batteryLevelPercentage": 0.19495518943866103, "maxAtThisDay": 100, "ratioPC": -1.4539999999999997, "maxBatteryForMonth": 100, "ratioPc": "noData"}