{"bought": 217.93, "sold": 289.76, "Time_string": "Last update at 14:35 - 20/09/2024", "produce": 1.048, "consumption": 1.52, "ratioPC": 0.32699999999999996, "maxBatteryPerDay": 8.75, "maxAtThisDay": 100, "batteryLevelPercentage": -0.23554127938177544, "buyPrice": 0.149072, "sellPrice": 0.1, "batteryLevel": -23.554127938177544, "maxBatteryForMonth": 100, "Temperature": 27.6, "ratioPc": "noData"}