{"bought": 243.83, "sold": 397.5, "Time_string": "Last update at 18:18 - 29/06/2023", "produce": 2.992, "consumption": 0.925, "buyPrice": 0.149072, "sellPrice": 0.1, "batteryLevel": 22.819672641408175, "maxBatteryPerDay": 8.75, "batteryLevelPercentage": 0.22819672641408176, "maxAtThisDay": 100, "ratioPC": 2.067, "maxBatteryForMonth": 100, "ratioPc": "noData"}