{"bought": 74.56, "sold": 131.02, "Time_string": "Last update at 19:30 - 09/07/2023", "produce": 1.617, "consumption": 1.108, "buyPrice": 0.149072, "sellPrice": 0.1, "batteryLevel": 13.33041536975422, "maxBatteryPerDay": 8.75, "batteryLevelPercentage": 1.333041536975422, "maxAtThisDay": 10, "ratioPC": 0.5089999999999999, "maxBatteryForMonth": 10, "ratioPc": "noData"}