{"bought": 6.51, "sold": 13.67, "Time_string": "Last update at 12:13 - 02/11/2024", "produce": 4.183, "consumption": 2.506, "ratioPC": 3.9069999999999996, "maxBatteryPerDay": 8.75, "maxAtThisDay": 17.5, "batteryLevelPercentage": 0.15200374124104934, "buyPrice": 0.149072, "sellPrice": 0.1, "batteryLevel": 2.6600654717183634, "maxBatteryForMonth": 100, "Temperature": 20.2, "ratioPc": "noData"}