{"bought": 62.24, "sold": 218.93, "Time_string": "Last update at 22:41 - 13/06/2023", "produce": 0.0, "consumption": 0.404, "ratioPc": null, "buyPrice": 0.149072, "sellPrice": 0.1, "batteryLevel": 84.62191907266285, "maxBatteryPerDay": 8.75, "batteryLevelPercentage": 0.7439289588805525, "maxAtThisDay": 113.75, "ratioPC": -0.404}