{"bought": 257.96, "sold": 283.9, "Time_string": "Last update at 12:59 - 24/07/2023", "produce": 4.227, "consumption": 5.05, "buyPrice": 0.149072, "sellPrice": 0.1, "batteryLevel": -67.51511430718043, "maxBatteryPerDay": 8.75, "batteryLevelPercentage": -6.751511430718042, "maxAtThisDay": 10, "ratioPC": -0.8229999999999995, "maxBatteryForMonth": 10, "ratioPc": "noData"}