{"bought": 9.61, "sold": 31.01, "Time_string": "Last update at 11:09 - 03/11/2024", "produce": 2.829, "consumption": 0.349, "ratioPC": 3.433, "maxBatteryPerDay": 8.75, "maxAtThisDay": 26.25, "batteryLevelPercentage": 0.4263629923795214, "buyPrice": 0.149072, "sellPrice": 0.1, "batteryLevel": 11.192028549962437, "maxBatteryForMonth": 100, "Temperature": 19.1, "ratioPc": "noData"}