{"bought": 66.18, "sold": 103.8, "Time_string": "Last update at 14:33 - 07/11/2024", "produce": 2.533, "consumption": 0.482, "ratioPC": 4.121, "maxBatteryPerDay": 8.75, "maxAtThisDay": 61.25, "batteryLevelPercentage": 0.0563393051542824, "buyPrice": 0.149072, "sellPrice": 0.1, "batteryLevel": 3.450782440699797, "maxBatteryForMonth": 100, "Temperature": 23.0, "ratioPc": "noData"}