{"bought": 205.18, "sold": 265.38, "Time_string": "Last update at 13:11 - 18/09/2024", "produce": 4.23, "consumption": 1.326, "ratioPC": 2.695, "maxBatteryPerDay": 8.75, "maxAtThisDay": 100, "batteryLevelPercentage": -0.2715864119351724, "buyPrice": 0.149072, "sellPrice": 0.1, "batteryLevel": -27.15864119351724, "maxBatteryForMonth": 100, "Temperature": 27.4, "ratioPc": "noData"}