{"bought": 138.48, "sold": 88.39, "Time_string": "Last update at 15:04 - 12/08/2023", "produce": 4.689, "consumption": 3.618, "ratioPC": 1.0710000000000002, "maxBatteryPerDay": 8.75, "maxAtThisDay": 10, "batteryLevelPercentage": -7.918650423956208, "buyPrice": 0.149072, "sellPrice": 0.1, "batteryLevel": -79.18650423956208, "maxBatteryForMonth": 10, "Temperature": 40.1, "ratioPc": "noData"}