{"bought": 12.31, "sold": 7.02, "Time_string": "Last update at 12:21 - 02/12/2023", "produce": 4.113, "consumption": 5.219, "ratioPC": -1.1059999999999999, "maxBatteryPerDay": 8.75, "maxAtThisDay": 17.5, "batteryLevelPercentage": -0.43433520906484313, "buyPrice": 0.149072, "sellPrice": 0.1, "batteryLevel": -7.600866158634755, "maxBatteryForMonth": 100, "Temperature": 12.7, "ratioPc": "noData"}