{"bought": 112.97, "sold": 204.28, "Time_string": "Last update at 19:09 - 13/06/2024", "produce": 2.174, "consumption": 2.895, "ratioPC": -0.669, "maxBatteryPerDay": 8.75, "maxAtThisDay": 100, "batteryLevelPercentage": 0.2406445315015563, "buyPrice": 0.149072, "sellPrice": 0.1, "batteryLevel": 24.06445315015563, "maxBatteryForMonth": 100, "Temperature": 30.8, "ratioPc": "noData"}