{"bought": 29.58, "sold": 7.23, "Time_string": "Last update at 13:41 - 02/06/2024", "produce": 4.432, "consumption": 2.619, "ratioPC": 1.7600000000000002, "maxBatteryPerDay": 8.75, "maxAtThisDay": 17.5, "batteryLevelPercentage": -1.4131425504837547, "buyPrice": 0.149072, "sellPrice": 0.1, "batteryLevel": -24.729994633465708, "maxBatteryForMonth": 100, "Temperature": 29.4, "ratioPc": "noData"}