{"bought": 250.33, "sold": 362.03, "Time_string": "Last update at 07:47 - 22/06/2024", "produce": 0.098, "consumption": 0.401, "ratioPC": -0.34299999999999997, "maxBatteryPerDay": 8.75, "maxAtThisDay": 100, "batteryLevelPercentage": -0.07474198776430228, "buyPrice": 0.149072, "sellPrice": 0.1, "batteryLevel": -7.474198776430228, "maxBatteryForMonth": 100, "Temperature": 17.8, "ratioPc": "noData"}