{"bought": 304.92, "sold": 366.36, "Time_string": "Last update at 19:09 - 29/07/2023", "produce": 2.239, "consumption": 3.13, "buyPrice": 0.149072, "sellPrice": 0.1, "batteryLevel": -59.159562090801785, "maxBatteryPerDay": 8.75, "batteryLevelPercentage": -5.9159562090801785, "maxAtThisDay": 10, "ratioPC": -0.891, "maxBatteryForMonth": 10, "ratioPc": "noData"}