{"bought": 68.92, "sold": 111.59, "Time_string": "Last update at 12:25 - 08/11/2024", "produce": 0.847, "consumption": 0.213, "ratioPC": 0.525, "maxBatteryPerDay": 8.75, "maxAtThisDay": 70.0, "batteryLevelPercentage": 0.08480636010978385, "buyPrice": 0.149072, "sellPrice": 0.1, "batteryLevel": 5.936445207684869, "maxBatteryForMonth": 100, "Temperature": 19.4, "ratioPc": "noData"}