{"bought": 4.03, "sold": 23.24, "Time_string": "Last update at 10:41 - 02/10/2024", "produce": 1.795, "consumption": 0.222, "ratioPC": 0.42799999999999994, "maxBatteryPerDay": 8.75, "maxAtThisDay": 17.5, "batteryLevelPercentage": 0.6605589782118707, "buyPrice": 0.149072, "sellPrice": 0.1, "batteryLevel": 11.559782118707737, "maxBatteryForMonth": 100, "Temperature": 24.4, "ratioPc": "noData"}