{"bought": 177.44, "sold": 367.22, "Time_string": "Last update at 08:16 - 25/06/2023", "produce": 0.2, "consumption": 0.14, "ratioPc": "noData", "buyPrice": 0.149072, "sellPrice": 0.1, "batteryLevel": 68.89734034560479, "maxBatteryPerDay": 8.75, "batteryLevelPercentage": 0.3149592701513362, "maxAtThisDay": 218.75, "ratioPC": 0.06}