{"bought": 324.52, "sold": 374.84, "Time_string": "Last update at 09:17 - 31/07/2023", "produce": 0.23, "consumption": 0.147, "buyPrice": 0.149072, "sellPrice": 0.1, "batteryLevel": -73.07103574111838, "maxBatteryPerDay": 8.75, "batteryLevelPercentage": -7.307103574111838, "maxAtThisDay": 10, "ratioPC": 0.08300000000000002, "maxBatteryForMonth": 10, "ratioPc": "noData"}