{"bought": 10.31, "sold": 13.92, "Time_string": "Last update at 07:41 - 02/07/2023", "produce": 0.081, "consumption": 0.223, "buyPrice": 0.149072, "sellPrice": 0.1, "batteryLevel": -0.9722303316518204, "maxBatteryPerDay": 8.75, "batteryLevelPercentage": -0.055556018951532594, "maxAtThisDay": 17.5, "ratioPC": -0.14200000000000002, "maxBatteryForMonth": 100, "ratioPc": "noData"}