{"bought": 324.98, "sold": 385.5, "Time_string": "Last update at 16:26 - 31/07/2023", "produce": 4.655, "consumption": 4.306, "ratioPC": 0.3490000000000002, "maxBatteryPerDay": 8.75, "maxAtThisDay": 10, "batteryLevelPercentage": -6.638012879682305, "buyPrice": 0.149072, "sellPrice": 0.1, "batteryLevel": -66.38012879682304, "maxBatteryForMonth": 10, "Temperature": "37"}