{"bought": 162.46, "sold": 362.97, "Time_string": "Last update at 23:03 - 23/06/2023", "produce": 0.0, "consumption": 2.344, "ratioPc": "noData", "buyPrice": 0.149072, "sellPrice": 0.1, "batteryLevel": 81.02636900289792, "maxBatteryPerDay": 8.75, "batteryLevelPercentage": 0.4026154981510456, "maxAtThisDay": 201.25, "ratioPC": -2.344}