{"bought": 119.19, "sold": 286.1, "Time_string": "Last update at 09:49 - 19/06/2023", "produce": 1.012, "consumption": 0.197, "ratioPc": "noData", "buyPrice": 0.149072, "sellPrice": 0.1, "batteryLevel": 72.73068262316198, "maxBatteryPerDay": 8.75, "batteryLevelPercentage": 0.43747779021450817, "maxAtThisDay": 166.25, "ratioPC": 0.815}