{"bought": 124.19, "sold": 156.07, "Time_string": "Last update at 16:05 - 13/07/2023", "produce": 4.494, "consumption": 3.71, "buyPrice": 0.149072, "sellPrice": 0.1, "batteryLevel": -19.495624127938186, "maxBatteryPerDay": 8.75, "batteryLevelPercentage": -1.9495624127938185, "maxAtThisDay": 10, "ratioPC": 0.7839999999999998, "maxBatteryForMonth": 10, "ratioPc": "noData"}