{"bought": 138.84, "sold": 335.12, "Time_string": "Last update at 06:47 - 22/06/2023", "produce": 0.0, "consumption": 0.119, "ratioPc": "noData", "buyPrice": 0.149072, "sellPrice": 0.1, "batteryLevel": 85.96412149833637, "maxBatteryPerDay": 8.75, "batteryLevelPercentage": 0.44656686492642267, "maxAtThisDay": 192.5, "ratioPC": -0.119}