{"bought": 233.01, "sold": 382.31, "Time_string": "Last update at 14:03 - 28/06/2023", "produce": 3.925, "consumption": 3.457, "buyPrice": 0.149072, "sellPrice": 0.1, "batteryLevel": 23.449965654180517, "maxBatteryPerDay": 8.75, "batteryLevelPercentage": 0.23449965654180516, "maxAtThisDay": 100, "ratioPC": 0.46799999999999997, "maxBatteryForMonth": 100, "ratioPc": "noData"}