{"bought": 89.53, "sold": 133.33, "Time_string": "Last update at 10:16 - 10/10/2024", "produce": 1.329, "consumption": 0.208, "ratioPC": -0.46599999999999997, "maxBatteryPerDay": 8.75, "maxAtThisDay": 87.5, "batteryLevelPercentage": -0.0010285468958431921, "buyPrice": 0.149072, "sellPrice": 0.1, "batteryLevel": -0.0899978533862793, "maxBatteryForMonth": 100, "Temperature": 17.3, "ratioPc": "noData"}