{"bought": 138.0, "sold": 68.93, "Time_string": "Last update at 13:50 - 14/01/2024", "produce": 3.886, "consumption": 5.28, "ratioPC": -1.1169999999999995, "maxBatteryPerDay": 8.75, "maxAtThisDay": 100, "batteryLevelPercentage": -0.91760598905227, "buyPrice": 0.149072, "sellPrice": 0.1, "batteryLevel": -91.760598905227, "maxBatteryForMonth": 100, "Temperature": 18.8, "ratioPc": "noData"}