{"bought": 138.98, "sold": 343.62, "Time_string": "Last update at 14:22 - 22/06/2023", "produce": 4.674, "consumption": 1.16, "ratioPc": "noData", "buyPrice": 0.149072, "sellPrice": 0.1, "batteryLevel": 91.52606418375015, "maxBatteryPerDay": 8.75, "batteryLevelPercentage": 0.475460073681819, "maxAtThisDay": 192.5, "ratioPC": 3.5140000000000002}