{"bought": 195.58, "sold": 370.91, "Time_string": "Last update at 04:41 - 26/06/2023", "produce": 0.0, "consumption": 0.124, "ratioPc": "noData", "buyPrice": 0.149072, "sellPrice": 0.1, "batteryLevel": 53.23265428786087, "maxBatteryPerDay": 8.75, "batteryLevelPercentage": 0.23398968917741042, "maxAtThisDay": 227.5, "ratioPC": -0.124}