{"bought": 445.75, "sold": 67.28, "Time_string": "Last update at 13:14 - 20/08/2024", "produce": 4.287, "consumption": 6.057, "ratioPC": -4.848999999999999, "maxBatteryPerDay": 8.75, "maxAtThisDay": 100, "batteryLevelPercentage": -4.006174466029838, "buyPrice": 0.149072, "sellPrice": 0.1, "batteryLevel": -400.6174466029838, "maxBatteryForMonth": 100, "Temperature": 31.5, "ratioPc": "noData"}