{"bought": 361.44, "sold": 238.29, "Time_string": "Last update at 11:48 - 28/08/2023", "produce": 3.234, "consumption": 1.007, "ratioPC": 2.2270000000000003, "maxBatteryPerDay": 8.75, "maxAtThisDay": 10, "batteryLevelPercentage": -20.159106794032414, "buyPrice": 0.149072, "sellPrice": 0.1, "batteryLevel": -201.59106794032414, "maxBatteryForMonth": 10, "Temperature": 28.8, "ratioPc": "noData"}