{"bought": 90.34, "sold": 138.37, "Time_string": "Last update at 13:01 - 10/10/2024", "produce": 2.785, "consumption": 4.954, "ratioPC": -2.667, "maxBatteryPerDay": 8.75, "maxAtThisDay": 87.5, "batteryLevelPercentage": 0.028353357150523704, "buyPrice": 0.149072, "sellPrice": 0.1, "batteryLevel": 2.480918750670824, "maxBatteryForMonth": 100, "Temperature": 21.0, "ratioPc": "noData"}