{"bought": 21.82, "sold": 32.29, "Time_string": "Last update at 20:12 - 03/09/2024", "produce": 0.109, "consumption": 0.191, "ratioPC": -2.041, "maxBatteryPerDay": 8.75, "maxAtThisDay": 26.25, "batteryLevelPercentage": -0.00606956050639648, "buyPrice": 0.149072, "sellPrice": 0.1, "batteryLevel": -0.1593259632929076, "maxBatteryForMonth": 100, "Temperature": 25.8, "ratioPc": "noData"}