{"bought": 404.1, "sold": 63.57, "Time_string": "Last update at 10:30 - 19/08/2024", "produce": 1.558, "consumption": 2.03, "ratioPC": -0.7239999999999998, "maxBatteryPerDay": 8.75, "maxAtThisDay": 100, "batteryLevelPercentage": -3.614561768809703, "buyPrice": 0.149072, "sellPrice": 0.1, "batteryLevel": -361.4561768809703, "maxBatteryForMonth": 100, "Temperature": 31.5, "ratioPc": "noData"}