{"bought": 14.54, "sold": 13.25, "Time_string": "Last update at 16:19 - 02/09/2024", "produce": 4.582, "consumption": 2.904, "ratioPC": 1.7970000000000002, "maxBatteryPerDay": 8.75, "maxAtThisDay": 17.5, "batteryLevelPercentage": -0.32295300449255576, "buyPrice": 0.149072, "sellPrice": 0.1, "batteryLevel": -5.651677578619726, "maxBatteryForMonth": 100, "Temperature": 33.3, "ratioPc": "noData"}