{"bought": 31.37, "sold": 45.56, "Time_string": "Last update at 19:09 - 04/08/2023", "produce": 2.15, "consumption": 5.089, "ratioPC": -2.9390000000000005, "maxBatteryPerDay": 8.75, "maxAtThisDay": 10, "batteryLevelPercentage": -0.08075872061822516, "buyPrice": 0.149072, "sellPrice": 0.1, "batteryLevel": -0.8075872061822515, "maxBatteryForMonth": 10, "Temperature": 36.0, "ratioPc": "noData"}