{"bought": 245.35, "sold": 201.96, "Time_string": "Last update at 17:37 - 22/08/2023", "produce": 3.554, "consumption": 3.501, "ratioPC": 0.052999999999999936, "maxBatteryPerDay": 8.75, "maxAtThisDay": 10, "batteryLevelPercentage": -10.987184179456907, "buyPrice": 0.149072, "sellPrice": 0.1, "batteryLevel": -109.87184179456906, "maxBatteryForMonth": 10, "Temperature": 41.4, "ratioPc": "noData"}