{"bought": 111.79, "sold": 285.35, "Time_string": "Last update at 02:19 - 19/06/2023", "produce": 0.0, "consumption": 0.135, "ratioPc": "noData", "buyPrice": 0.149072, "sellPrice": 0.1, "batteryLevel": 79.6275700332725, "maxBatteryPerDay": 8.75, "batteryLevelPercentage": 0.47896282726780454, "maxAtThisDay": 166.25, "ratioPC": -0.135}