{"bought": 124.31, "sold": 125.19, "Time_string": "Last update at 17:16 - 18/12/2023", "produce": 0.606, "consumption": 0.235, "ratioPC": 0.9770000000000001, "maxBatteryPerDay": 8.75, "maxAtThisDay": 100, "batteryLevelPercentage": -0.4033044649565312, "buyPrice": 0.149072, "sellPrice": 0.1, "batteryLevel": -40.33044649565312, "maxBatteryForMonth": 100, "Temperature": 13.5, "ratioPc": "noData"}