{"bought": 446.12, "sold": 67.55, "Time_string": "Last update at 14:22 - 20/08/2024", "produce": 4.65, "consumption": 6.036, "ratioPC": 0.29800000000000004, "maxBatteryPerDay": 8.75, "maxAtThisDay": 100, "batteryLevelPercentage": -4.008063260706236, "buyPrice": 0.149072, "sellPrice": 0.1, "batteryLevel": -400.8063260706236, "maxBatteryForMonth": 100, "Temperature": 33.4, "ratioPc": "noData"}