{"bought": 57.6, "sold": 95.9, "Time_string": "Last update at 14:20 - 07/07/2023", "produce": 4.787, "consumption": 0.918, "buyPrice": 0.149072, "sellPrice": 0.1, "batteryLevel": 6.731329827197605, "maxBatteryPerDay": 8.75, "batteryLevelPercentage": 0.6731329827197605, "maxAtThisDay": 10, "ratioPC": 3.8689999999999998, "maxBatteryForMonth": 10, "ratioPc": "noData"}