{"bought": 11.42, "sold": 1.36, "Time_string": "Last update at 13:40 - 01/06/2024", "produce": 4.425, "consumption": 6.573, "ratioPC": -2.4530000000000003, "maxBatteryPerDay": 8.75, "maxAtThisDay": 8.75, "batteryLevelPercentage": -1.2008787623238626, "buyPrice": 0.149072, "sellPrice": 0.1, "batteryLevel": -10.507689170333798, "maxBatteryForMonth": 100, "Temperature": 30.3, "ratioPc": "noData"}