{"bought": 163.06, "sold": 105.14, "Time_string": "Last update at 17:50 - 14/08/2023", "produce": 3.465, "consumption": 3.214, "ratioPC": 0.2509999999999999, "maxBatteryPerDay": 8.75, "maxAtThisDay": 10, "batteryLevelPercentage": -9.253032306536438, "buyPrice": 0.149072, "sellPrice": 0.1, "batteryLevel": -92.53032306536439, "maxBatteryForMonth": 10, "Temperature": 35.1, "ratioPc": "noData"}