{"bought": 1.62, "sold": 6.59, "Time_string": "Last update at 14:37 - 01/07/2023", "produce": 4.555, "consumption": 3.678, "buyPrice": 0.149072, "sellPrice": 0.1, "batteryLevel": 2.800682623161962, "maxBatteryPerDay": 8.75, "batteryLevelPercentage": 0.32007801407565284, "maxAtThisDay": 8.75, "ratioPC": 0.8769999999999998, "maxBatteryForMonth": 100, "ratioPc": "noData"}