{"bought": 190.33, "sold": 193.38, "Time_string": "Last update at 16:36 - 18/07/2023", "produce": 3.797, "consumption": 1.715, "buyPrice": 0.149072, "sellPrice": 0.1, "batteryLevel": -60.607449822904385, "maxBatteryPerDay": 8.75, "batteryLevelPercentage": -6.060744982290439, "maxAtThisDay": 10, "ratioPC": 2.082, "maxBatteryForMonth": 10, "ratioPc": "noData"}