{"bought": 41.18, "sold": 81.3, "Time_string": "Last update at 15:03 - 06/09/2024", "produce": 4.895, "consumption": 2.378, "ratioPC": 3.3049999999999997, "maxBatteryPerDay": 8.75, "maxAtThisDay": 52.5, "batteryLevelPercentage": 0.2544267570288822, "buyPrice": 0.149072, "sellPrice": 0.1, "batteryLevel": 13.357404744016314, "maxBatteryForMonth": 100, "Temperature": 30.0, "ratioPc": "noData"}