{"bought": 123.79, "sold": 228.29, "Time_string": "Last update at 17:58 - 14/09/2024", "produce": 3.367, "consumption": 1.967, "ratioPC": 1.698, "maxBatteryPerDay": 8.75, "maxAtThisDay": 100, "batteryLevelPercentage": 0.29350764194483203, "buyPrice": 0.149072, "sellPrice": 0.1, "batteryLevel": 29.350764194483205, "maxBatteryForMonth": 100, "Temperature": 33.0, "ratioPc": "noData"}