{"bought": 20.81, "sold": 36.69, "Time_string": "Last update at 17:09 - 03/07/2023", "produce": 4.026, "consumption": 2.396, "buyPrice": 0.149072, "sellPrice": 0.1, "batteryLevel": 3.8022678973918644, "maxBatteryPerDay": 8.75, "batteryLevelPercentage": 0.38022678973918644, "maxAtThisDay": 10, "ratioPC": 1.63, "maxBatteryForMonth": 10, "ratioPc": "noData"}