{"bought": 107.31, "sold": 143.36, "Time_string": "Last update at 15:25 - 11/06/2024", "produce": 4.933, "consumption": 0.673, "ratioPC": 4.561, "maxBatteryPerDay": 8.75, "maxAtThisDay": 96.25, "batteryLevelPercentage": -0.1157579790607588, "buyPrice": 0.149072, "sellPrice": 0.1, "batteryLevel": -11.141705484598035, "maxBatteryForMonth": 100, "Temperature": 27.3, "ratioPc": "noData"}