{"bought": 26.85, "sold": 89.71, "Time_string": "Last update at 14:20 - 06/09/2023", "produce": 1.358, "consumption": 2.036, "ratioPC": -0.6779999999999999, "maxBatteryPerDay": 8.75, "maxAtThisDay": 10, "batteryLevelPercentage": 3.3328973918643334, "buyPrice": 0.149072, "sellPrice": 0.1, "batteryLevel": 33.328973918643335, "maxBatteryForMonth": 10, "Temperature": 28.3, "ratioPc": "noData"}