{"bought": 46.98, "sold": 106.25, "Time_string": "Last update at 16:12 - 07/09/2024", "produce": 0.405, "consumption": 0.181, "ratioPC": 0.359, "maxBatteryPerDay": 8.75, "maxAtThisDay": 61.25, "batteryLevelPercentage": 0.3966413643701549, "buyPrice": 0.149072, "sellPrice": 0.1, "batteryLevel": 24.29428356767199, "maxBatteryForMonth": 100, "Temperature": 30.2, "ratioPc": "noData"}