{"bought": 136.83, "sold": 135.21, "Time_string": "Last update at 10:06 - 20/12/2023", "produce": 0.835, "consumption": 0.398, "ratioPC": 0.46499999999999997, "maxBatteryPerDay": 8.75, "maxAtThisDay": 100, "batteryLevelPercentage": -0.46128862294730083, "buyPrice": 0.149072, "sellPrice": 0.1, "batteryLevel": -46.128862294730084, "maxBatteryForMonth": 100, "Temperature": 5.2, "ratioPc": "noData"}