{"bought": 109.78, "sold": 156.02, "Time_string": "Last update at 10:08 - 12/06/2024", "produce": 0.856, "consumption": 1.352, "ratioPC": 0.84, "maxBatteryPerDay": 8.75, "maxAtThisDay": 100, "batteryLevelPercentage": -0.05119164967264141, "buyPrice": 0.149072, "sellPrice": 0.1, "batteryLevel": -5.11916496726414, "maxBatteryForMonth": 100, "Temperature": 21.1, "ratioPc": "noData"}