{"bought": 477.13, "sold": 75.76, "Time_string": "Last update at 18:24 - 22/08/2024", "produce": 3.038, "consumption": 3.479, "ratioPC": -0.29499999999999993, "maxBatteryPerDay": 8.75, "maxAtThisDay": 100, "batteryLevelPercentage": -4.2630892025330045, "buyPrice": 0.149072, "sellPrice": 0.1, "batteryLevel": -426.3089202533004, "maxBatteryForMonth": 100, "Temperature": 32.6, "ratioPc": "noData"}