{"bought": 1.38, "sold": 0.13, "Time_string": "Last update at 09:21 - 01/11/2024", "produce": 0.863, "consumption": 0.245, "ratioPC": 0.31900000000000006, "maxBatteryPerDay": 8.75, "maxAtThisDay": 8.75, "batteryLevelPercentage": -0.14774786488599947, "buyPrice": 0.149072, "sellPrice": 0.1, "batteryLevel": -1.2927938177524954, "maxBatteryForMonth": 100, "Temperature": 15.3, "ratioPc": "noData"}