{"bought": 161.29, "sold": 171.07, "Time_string": "Last update at 10:58 - 16/07/2023", "produce": 2.283, "consumption": 1.269, "buyPrice": 0.149072, "sellPrice": 0.1, "batteryLevel": -46.53337233014919, "maxBatteryPerDay": 8.75, "batteryLevelPercentage": -4.653337233014919, "maxAtThisDay": 10, "ratioPC": 1.014, "maxBatteryForMonth": 10, "ratioPc": "noData"}