{"bought": 86.89, "sold": 131.29, "Time_string": "Last update at 15:18 - 09/10/2024", "produce": 0.473, "consumption": 0.348, "ratioPC": 0.14799999999999996, "maxBatteryPerDay": 8.75, "maxAtThisDay": 78.75, "batteryLevelPercentage": 0.01500363050304006, "buyPrice": 0.149072, "sellPrice": 0.1, "batteryLevel": 1.1815359021144047, "maxBatteryForMonth": 100, "Temperature": 21.7, "ratioPc": "noData"}