{"bought": 324.64, "sold": 379.67, "Time_string": "Last update at 13:20 - 31/07/2023", "produce": 4.483, "consumption": 2.89, "ratioPC": 1.5929999999999995, "maxBatteryPerDay": 8.75, "maxAtThisDay": 10, "batteryLevelPercentage": -6.995099066223029, "buyPrice": 0.149072, "sellPrice": 0.1, "batteryLevel": -69.95099066223028, "maxBatteryForMonth": 10, "Temperature": "34"}