{"bought": 34.11, "sold": 53.57, "Time_string": "Last update at 12:25 - 05/09/2024", "produce": 3.766, "consumption": 4.883, "ratioPC": -3.772, "maxBatteryPerDay": 8.75, "maxAtThisDay": 43.75, "batteryLevelPercentage": 0.04172926294484731, "buyPrice": 0.149072, "sellPrice": 0.1, "batteryLevel": 1.8256552538370698, "maxBatteryForMonth": 100, "Temperature": 27.8, "ratioPc": "noData"}