{"bought": 33.35, "sold": 45.6, "Time_string": "Last update at 20:54 - 04/08/2023", "produce": 0.11, "consumption": 1.108, "ratioPC": -0.9980000000000001, "maxBatteryPerDay": 8.75, "maxAtThisDay": 10, "batteryLevelPercentage": -0.2760754534721478, "buyPrice": 0.149072, "sellPrice": 0.1, "batteryLevel": -2.760754534721478, "maxBatteryForMonth": 10, "Temperature": 33.3, "ratioPc": "noData"}