{"bought": 122.62, "sold": 152.5, "Time_string": "Last update at 09:59 - 13/07/2023", "produce": 0.774, "consumption": 1.639, "buyPrice": 0.149072, "sellPrice": 0.1, "batteryLevel": -20.32044005581197, "maxBatteryPerDay": 8.75, "batteryLevelPercentage": -2.0320440055811972, "maxAtThisDay": 10, "ratioPC": -0.865, "maxBatteryForMonth": 10, "ratioPc": "noData"}