{"bought": 124.9, "sold": 228.7, "Time_string": "Last update at 19:28 - 14/09/2024", "produce": 0.504, "consumption": 2.679, "ratioPC": -1.6940000000000002, "maxBatteryPerDay": 8.75, "maxAtThisDay": 100, "batteryLevelPercentage": 0.28515799076956083, "buyPrice": 0.149072, "sellPrice": 0.1, "batteryLevel": 28.515799076956085, "maxBatteryForMonth": 100, "Temperature": 31.5, "ratioPc": "noData"}