{"bought": 115.0, "sold": 121.58, "Time_string": "Last update at 17:19 - 17/12/2023", "produce": 0.278, "consumption": 0.363, "ratioPC": 0.699, "maxBatteryPerDay": 8.75, "maxAtThisDay": 100, "batteryLevelPercentage": -0.3344209509498765, "buyPrice": 0.149072, "sellPrice": 0.1, "batteryLevel": -33.44209509498765, "maxBatteryForMonth": 100, "Temperature": 14.4, "ratioPc": "noData"}