{"bought": 73.57, "sold": 163.79, "Time_string": "Last update at 01:22 - 11/09/2024", "produce": 0.0, "consumption": 0.122, "ratioPC": -0.122, "maxBatteryPerDay": 8.75, "maxAtThisDay": 96.25, "batteryLevelPercentage": 0.3771748723531487, "buyPrice": 0.149072, "sellPrice": 0.1, "batteryLevel": 36.303081463990566, "maxBatteryForMonth": 100, "Temperature": 18.6, "ratioPc": "noData"}