{"bought": 71.57, "sold": 253.54, "Time_string": "Last update at 17:28 - 15/06/2023", "produce": 3.787, "consumption": 4.033, "ratioPc": null, "buyPrice": 0.149072, "sellPrice": 0.1, "batteryLevel": 98.50888805409465, "maxBatteryPerDay": 8.75, "batteryLevelPercentage": 0.7505439089835784, "maxAtThisDay": 131.25, "ratioPC": -0.24600000000000044}