{"bought": 43.0, "sold": 63.11, "Time_string": "Last update at 16:44 - 05/07/2023", "produce": 4.44, "consumption": 2.031, "buyPrice": 0.149072, "sellPrice": 0.1, "batteryLevel": -0.6647526027691342, "maxBatteryPerDay": 8.75, "batteryLevelPercentage": -0.06647526027691342, "maxAtThisDay": 10, "ratioPC": 2.4090000000000003, "maxBatteryForMonth": 10, "ratioPc": "noData"}