{"bought": 22.75, "sold": 64.78, "Time_string": "Last update at 16:32 - 04/10/2023", "produce": 3.955, "consumption": 1.316, "ratioPC": 2.6390000000000002, "maxBatteryPerDay": 8.75, "maxAtThisDay": 10, "batteryLevelPercentage": 2.070551143071804, "buyPrice": 0.149072, "sellPrice": 0.1, "batteryLevel": 20.70551143071804, "maxBatteryForMonth": 10, "Temperature": 33.5, "ratioPc": "noData"}