{"bought": 218.78, "sold": 294.18, "Time_string": "Last update at 20:06 - 20/09/2024", "produce": 0.03, "consumption": 0.29, "ratioPC": -1.266, "maxBatteryPerDay": 8.75, "maxAtThisDay": 100, "batteryLevelPercentage": -0.21439117741762373, "buyPrice": 0.149072, "sellPrice": 0.1, "batteryLevel": -21.439117741762374, "maxBatteryForMonth": 100, "Temperature": 22.9, "ratioPc": "noData"}