{"bought": 86.41, "sold": 128.57, "Time_string": "Last update at 09:44 - 09/10/2024", "produce": 0.434, "consumption": 0.143, "ratioPC": 0.135, "maxBatteryPerDay": 8.75, "maxAtThisDay": 78.75, "batteryLevelPercentage": -0.0020709302503872902, "buyPrice": 0.149072, "sellPrice": 0.1, "batteryLevel": -0.16308575721799912, "maxBatteryForMonth": 100, "Temperature": 19.7, "ratioPc": "noData"}