{"bought": 159.57, "sold": 247.99, "Time_string": "Last update at 18:36 - 16/09/2024", "produce": 1.79, "consumption": 1.758, "ratioPC": -0.688, "maxBatteryPerDay": 8.75, "maxAtThisDay": 100, "batteryLevelPercentage": 0.06785854888912751, "buyPrice": 0.149072, "sellPrice": 0.1, "batteryLevel": 6.785854888912752, "maxBatteryForMonth": 100, "Temperature": 32.4, "ratioPc": "noData"}