{"bought": 7.48, "sold": 25.44, "Time_string": "Last update at 14:42 - 02/09/2023", "produce": 2.26, "consumption": 0.325, "ratioPC": 1.9349999999999998, "maxBatteryPerDay": 8.75, "maxAtThisDay": 10, "batteryLevelPercentage": 0.9585579049050125, "buyPrice": 0.149072, "sellPrice": 0.1, "batteryLevel": 9.585579049050125, "maxBatteryForMonth": 10, "Temperature": 27.0, "ratioPc": "noData"}