{"bought": 86.57, "sold": 129.96, "Time_string": "Last update at 11:58 - 09/10/2024", "produce": 0.5, "consumption": 0.199, "ratioPC": 0.246, "maxBatteryPerDay": 8.75, "maxAtThisDay": 78.75, "batteryLevelPercentage": 0.007737772394207133, "buyPrice": 0.149072, "sellPrice": 0.1, "batteryLevel": 0.6093495760438117, "maxBatteryForMonth": 100, "Temperature": 22.0, "ratioPc": "noData"}