{"bought": 88.48, "sold": 132.92, "Time_string": "Last update at 02:48 - 10/10/2024", "produce": 0.0, "consumption": 0.085, "ratioPC": -0.132, "maxBatteryPerDay": 8.75, "maxAtThisDay": 87.5, "batteryLevelPercentage": 0.00782819730446639, "buyPrice": 0.149072, "sellPrice": 0.1, "batteryLevel": 0.6849672641408091, "maxBatteryForMonth": 100, "Temperature": 16.2, "ratioPc": "noData"}