{"bought": 272.73, "sold": 205.47, "Time_string": "Last update at 15:21 - 25/01/2024", "produce": 3.957, "consumption": 0.165, "ratioPC": 4.202, "maxBatteryPerDay": 8.75, "maxAtThisDay": 100, "batteryLevelPercentage": -1.3489727487388645, "buyPrice": 0.149072, "sellPrice": 0.1, "batteryLevel": -134.89727487388646, "maxBatteryForMonth": 100, "Temperature": 22.4, "ratioPc": "noData"}