{"bought": 13.98, "sold": 7.02, "Time_string": "Last update at 13:06 - 02/12/2023", "produce": 4.422, "consumption": 6.028, "ratioPC": -1.6059999999999999, "maxBatteryPerDay": 8.75, "maxAtThisDay": 17.5, "batteryLevelPercentage": -0.5297637804934145, "buyPrice": 0.149072, "sellPrice": 0.1, "batteryLevel": -9.270866158634755, "maxBatteryForMonth": 100, "Temperature": 14.0, "ratioPc": "noData"}