{"bought": 34.73, "sold": 111.64, "Time_string": "Last update at 09:29 - 08/09/2023", "produce": 0.38, "consumption": 0.205, "ratioPC": 0.17500000000000002, "maxBatteryPerDay": 8.75, "maxAtThisDay": 10, "batteryLevelPercentage": 4.015998604701085, "buyPrice": 0.149072, "sellPrice": 0.1, "batteryLevel": 40.159986047010854, "maxBatteryForMonth": 10, "Temperature": 21.5, "ratioPc": "noData"}