{"bought": 124.32, "sold": 228.7, "Time_string": "Last update at 19:04 - 14/09/2024", "produce": 1.365, "consumption": 1.916, "ratioPC": -0.18499999999999983, "maxBatteryPerDay": 8.75, "maxAtThisDay": 100, "batteryLevelPercentage": 0.29095799076956097, "buyPrice": 0.149072, "sellPrice": 0.1, "batteryLevel": 29.095799076956098, "maxBatteryForMonth": 100, "Temperature": 31.9, "ratioPc": "noData"}