{"bought": 96.23, "sold": 201.66, "Time_string": "Last update at 18:40 - 12/09/2024", "produce": 2.175, "consumption": 1.513, "ratioPC": 0.9219999999999997, "maxBatteryPerDay": 8.75, "maxAtThisDay": 100, "batteryLevelPercentage": 0.39046913169475134, "buyPrice": 0.149072, "sellPrice": 0.1, "batteryLevel": 39.04691316947513, "maxBatteryForMonth": 100, "Temperature": 31.6, "ratioPc": "noData"}