{"bought": 258.17, "sold": 285.54, "Time_string": "Last update at 13:53 - 24/07/2023", "produce": 4.695, "consumption": 2.545, "buyPrice": 0.149072, "sellPrice": 0.1, "batteryLevel": -66.62497477728886, "maxBatteryPerDay": 8.75, "batteryLevelPercentage": -6.662497477728886, "maxAtThisDay": 10, "ratioPC": 2.1500000000000004, "maxBatteryForMonth": 10, "ratioPc": "noData"}