{"bought": 41.52, "sold": 145.17, "Time_string": "Last update at 08:49 - 11/11/2023", "produce": 0.387, "consumption": 0.274, "ratioPC": 0.11299999999999999, "maxBatteryPerDay": 8.75, "maxAtThisDay": 10, "batteryLevelPercentage": 5.5862472899001805, "buyPrice": 0.149072, "sellPrice": 0.1, "batteryLevel": 55.86247289900181, "maxBatteryForMonth": 10, "Temperature": 15.8, "ratioPc": "noData"}