{"bought": 73.85, "sold": 116.88, "Time_string": "Last update at 10:16 - 09/11/2024", "produce": 0.69, "consumption": 0.22, "ratioPC": 0.17599999999999993, "maxBatteryPerDay": 8.75, "maxAtThisDay": 78.75, "batteryLevelPercentage": 0.057842108042816455, "buyPrice": 0.149072, "sellPrice": 0.1, "batteryLevel": 4.555066008371796, "maxBatteryForMonth": 100, "Temperature": 18.3, "ratioPc": "noData"}