{"bought": 243.69, "sold": 391.75, "Time_string": "Last update at 14:49 - 29/06/2023", "produce": 4.693, "consumption": 6.385, "buyPrice": 0.149072, "sellPrice": 0.1, "batteryLevel": 19.102476118922425, "maxBatteryPerDay": 8.75, "batteryLevelPercentage": 0.19102476118922426, "maxAtThisDay": 100, "ratioPC": -1.6920000000000002, "maxBatteryForMonth": 100, "ratioPc": "noData"}