{"bought": 106.91, "sold": 127.24, "Time_string": "Last update at 06:26 - 11/06/2024", "produce": 0.0, "consumption": 0.12, "ratioPC": -0.155, "maxBatteryPerDay": 8.75, "maxAtThisDay": 96.25, "batteryLevelPercentage": -0.22395087878741418, "buyPrice": 0.149072, "sellPrice": 0.1, "batteryLevel": -21.555272083288614, "maxBatteryForMonth": 100, "Temperature": 16.0, "ratioPc": "noData"}