{"bought": 96.23, "sold": 183.17, "Time_string": "Last update at 12:29 - 12/09/2024", "produce": 3.78, "consumption": 1.436, "ratioPC": 3.448, "maxBatteryPerDay": 8.75, "maxAtThisDay": 100, "batteryLevelPercentage": 0.26643510786733915, "buyPrice": 0.149072, "sellPrice": 0.1, "batteryLevel": 26.643510786733913, "maxBatteryForMonth": 100, "Temperature": 26.0, "ratioPc": "noData"}