{"bought": 222.45, "sold": 139.31, "Time_string": "Last update at 16:56 - 22/01/2024", "produce": 1.945, "consumption": 0.246, "ratioPC": 1.708, "maxBatteryPerDay": 8.75, "maxAtThisDay": 100, "batteryLevelPercentage": -1.2899851347000106, "buyPrice": 0.149072, "sellPrice": 0.1, "batteryLevel": -128.99851347000106, "maxBatteryForMonth": 100, "Temperature": 16.1, "ratioPc": "noData"}