{"bought": 108.82, "sold": 155.33, "Time_string": "Last update at 01:21 - 12/06/2024", "produce": 0.0, "consumption": 0.123, "ratioPC": -0.12, "maxBatteryPerDay": 8.75, "maxAtThisDay": 100, "batteryLevelPercentage": -0.046220285499624224, "buyPrice": 0.149072, "sellPrice": 0.1, "batteryLevel": -4.6220285499624225, "maxBatteryForMonth": 100, "Temperature": 18.6, "ratioPc": "noData"}