{"bought": 187.75, "sold": 169.29, "Time_string": "Last update at 16:10 - 18/08/2023", "produce": 3.507, "consumption": 2.296, "ratioPC": 1.2110000000000003, "maxBatteryPerDay": 8.75, "maxAtThisDay": 10, "batteryLevelPercentage": -7.41874262101535, "buyPrice": 0.149072, "sellPrice": 0.1, "batteryLevel": -74.1874262101535, "maxBatteryForMonth": 10, "Temperature": 35.4, "ratioPc": "noData"}