{"bought": 303.83, "sold": 214.46, "Time_string": "Last update at 13:55 - 25/08/2023", "produce": 3.219, "consumption": 3.272, "ratioPC": -0.052999999999999936, "maxBatteryPerDay": 8.75, "maxAtThisDay": 10, "batteryLevelPercentage": -15.996663196307821, "buyPrice": 0.149072, "sellPrice": 0.1, "batteryLevel": -159.9666319630782, "maxBatteryForMonth": 10, "Temperature": 39.8, "ratioPc": "noData"}