{"bought": 240.13, "sold": 345.21, "Time_string": "Last update at 11:58 - 21/06/2024", "produce": 3.533, "consumption": 7.107, "ratioPC": -3.567, "maxBatteryPerDay": 8.75, "maxAtThisDay": 100, "batteryLevelPercentage": -0.08557337125684228, "buyPrice": 0.149072, "sellPrice": 0.1, "batteryLevel": -8.557337125684228, "maxBatteryForMonth": 100, "Temperature": 24.9, "ratioPc": "noData"}