{"bought": 630.58, "sold": 93.42, "Time_string": "Last update at 10:23 - 28/08/2024", "produce": 1.342, "consumption": 1.201, "ratioPC": -0.14800000000000013, "maxBatteryPerDay": 8.75, "maxAtThisDay": 100, "batteryLevelPercentage": -5.679122958033702, "buyPrice": 0.149072, "sellPrice": 0.1, "batteryLevel": -567.9122958033702, "maxBatteryForMonth": 100, "Temperature": 26.8, "ratioPc": "noData"}