{"bought": 280.5, "sold": 368.45, "Time_string": "Last update at 08:00 - 24/06/2024", "produce": 0.129, "consumption": 0.221, "ratioPC": -0.076, "maxBatteryPerDay": 8.75, "maxAtThisDay": 100, "batteryLevelPercentage": -0.33337555006976516, "buyPrice": 0.149072, "sellPrice": 0.1, "batteryLevel": -33.337555006976515, "maxBatteryForMonth": 100, "Temperature": 20.0, "ratioPc": "noData"}