{"bought": 189.23, "sold": 439.33, "Time_string": "Last update at 18:23 - 19/05/2024", "produce": 3.161, "consumption": 0.946, "ratioPC": 2.3120000000000003, "maxBatteryPerDay": 8.75, "maxAtThisDay": 100, "batteryLevelPercentage": 1.0547993882150908, "buyPrice": 0.149072, "sellPrice": 0.1, "batteryLevel": 105.47993882150908, "maxBatteryForMonth": 100, "Temperature": 22.6, "ratioPc": "noData"}