{"bought": 1.85, "sold": 0.37, "Time_string": "Last update at 10:08 - 01/09/2023", "produce": 0.0, "consumption": 0.0, "ratioPC": 0.5720000000000001, "maxBatteryPerDay": 8.75, "maxAtThisDay": 8.75, "batteryLevelPercentage": -0.18306260445575678, "buyPrice": 0.149072, "sellPrice": 0.1, "batteryLevel": -1.6017977889878718, "maxBatteryForMonth": 10, "Temperature": 25.3, "ratioPc": "noData"}