{"bought": 75.67, "sold": 131.25, "Time_string": "Last update at 20:37 - 09/07/2023", "produce": 0.179, "consumption": 1.354, "buyPrice": 0.149072, "sellPrice": 0.1, "batteryLevel": 12.374703230653637, "maxBatteryPerDay": 8.75, "batteryLevelPercentage": 1.2374703230653636, "maxAtThisDay": 10, "ratioPC": -1.175, "maxBatteryForMonth": 10, "ratioPc": "noData"}