{"bought": 176.96, "sold": 367.2, "Time_string": "Last update at 03:44 - 25/06/2023", "produce": 0.0, "consumption": 0.103, "ratioPc": "noData", "buyPrice": 0.149072, "sellPrice": 0.1, "batteryLevel": 69.36392400987438, "maxBatteryPerDay": 8.75, "batteryLevelPercentage": 0.31709222404514004, "maxAtThisDay": 218.75, "ratioPC": -0.103}