{"bought": 218.62, "sold": 192.69, "Time_string": "Last update at 16:27 - 27/12/2023", "produce": 1.235, "consumption": 1.167, "ratioPC": -3.651, "maxBatteryPerDay": 8.75, "maxAtThisDay": 100, "batteryLevelPercentage": -0.8936031340560265, "buyPrice": 0.149072, "sellPrice": 0.1, "batteryLevel": -89.36031340560265, "maxBatteryForMonth": 100, "Temperature": 15.6, "ratioPc": "noData"}