{"bought": 118.2, "sold": 227.12, "Time_string": "Last update at 03:54 - 15/06/2024", "produce": 0.0, "consumption": 0.154, "ratioPC": -0.158, "maxBatteryPerDay": 8.75, "maxAtThisDay": 100, "batteryLevelPercentage": 0.34155908554255676, "buyPrice": 0.149072, "sellPrice": 0.1, "batteryLevel": 34.155908554255674, "maxBatteryForMonth": 100, "Temperature": 21.0, "ratioPc": "noData"}