{"bought": 155.79, "sold": 74.74, "Time_string": "Last update at 11:43 - 16/01/2024", "produce": 1.36, "consumption": 0.181, "ratioPC": 1.034, "maxBatteryPerDay": 8.75, "maxAtThisDay": 100, "batteryLevelPercentage": -1.0565315337555006, "buyPrice": 0.149072, "sellPrice": 0.1, "batteryLevel": -105.65315337555006, "maxBatteryForMonth": 100, "Temperature": 16.1, "ratioPc": "noData"}