{"bought": 232.03, "sold": 382.2, "Time_string": "Last update at 12:50 - 28/06/2023", "produce": 3.38, "consumption": 4.397, "buyPrice": 0.149072, "sellPrice": 0.1, "batteryLevel": 24.35617580766339, "maxBatteryPerDay": 8.75, "batteryLevelPercentage": 0.2435617580766339, "maxAtThisDay": 100, "ratioPC": -1.0170000000000003, "maxBatteryForMonth": 100, "ratioPc": "noData"}