{"bought": 232.32, "sold": 627.04, "Time_string": "Last update at 05:22 - 27/05/2024", "produce": 0.0, "consumption": 0.216, "ratioPC": -0.185, "maxBatteryPerDay": 8.75, "maxAtThisDay": 100, "batteryLevelPercentage": 1.8830895781904047, "buyPrice": 0.149072, "sellPrice": 0.1, "batteryLevel": 188.30895781904047, "maxBatteryForMonth": 100, "Temperature": 18.6, "ratioPc": "noData"}