{"bought": 184.51, "sold": 354.12, "Time_string": "Last update at 11:06 - 17/05/2024", "produce": 1.685, "consumption": 0.034, "ratioPC": 1.361, "maxBatteryPerDay": 8.75, "maxAtThisDay": 100, "batteryLevelPercentage": 0.5303964044220243, "buyPrice": 0.149072, "sellPrice": 0.1, "batteryLevel": 53.039640442202426, "maxBatteryForMonth": 100, "Temperature": 18.2, "ratioPc": "noData"}