{"bought": 572.57, "sold": 90.63, "Time_string": "Last update at 17:23 - 26/08/2024", "produce": 3.816, "consumption": 4.436, "ratioPC": -0.5509999999999997, "maxBatteryPerDay": 8.75, "maxAtThisDay": 100, "batteryLevelPercentage": -5.11773874637759, "buyPrice": 0.149072, "sellPrice": 0.1, "batteryLevel": -511.773874637759, "maxBatteryForMonth": 100, "Temperature": 35.2, "ratioPc": "noData"}