{"bought": 181.85, "sold": 145.79, "Time_string": "Last update at 14:36 - 17/08/2023", "produce": 4.785, "consumption": 1.183, "ratioPC": 3.6020000000000003, "maxBatteryPerDay": 8.75, "maxAtThisDay": 10, "batteryLevelPercentage": -8.405162069335622, "buyPrice": 0.149072, "sellPrice": 0.1, "batteryLevel": -84.05162069335623, "maxBatteryForMonth": 10, "Temperature": 33.6, "ratioPc": "noData"}