{"bought": 256.69, "sold": 315.07, "Time_string": "Last update at 13:06 - 23/09/2024", "produce": 3.745, "consumption": 0.414, "ratioPC": 3.069, "maxBatteryPerDay": 8.75, "maxAtThisDay": 100, "batteryLevelPercentage": -0.45335755071374906, "buyPrice": 0.149072, "sellPrice": 0.1, "batteryLevel": -45.335755071374905, "maxBatteryForMonth": 100, "Temperature": 26.1, "ratioPc": "noData"}