{"bought": 181.87, "sold": 368.6, "Time_string": "Last update at 14:08 - 25/06/2023", "produce": 4.457, "consumption": 3.743, "ratioPc": "noData", "buyPrice": 0.149072, "sellPrice": 0.1, "batteryLevel": 65.39306751100142, "maxBatteryPerDay": 8.75, "batteryLevelPercentage": 0.29893973719314937, "maxAtThisDay": 218.75, "ratioPC": 0.714}