{"bought": 236.07, "sold": 386.81, "Time_string": "Last update at 20:32 - 28/06/2023", "produce": 0.427, "consumption": 1.64, "buyPrice": 0.149072, "sellPrice": 0.1, "batteryLevel": 23.40864119351727, "maxBatteryPerDay": 8.75, "batteryLevelPercentage": 0.23408641193517268, "maxAtThisDay": 100, "ratioPC": -1.2129999999999999, "maxBatteryForMonth": 100, "ratioPc": "noData"}