{"bought": 100.15, "sold": 201.96, "Time_string": "Last update at 10:04 - 13/09/2024", "produce": 0.905, "consumption": 1.496, "ratioPC": -0.5699999999999998, "maxBatteryPerDay": 8.75, "maxAtThisDay": 100, "batteryLevelPercentage": 0.35328158205430926, "buyPrice": 0.149072, "sellPrice": 0.1, "batteryLevel": 35.328158205430924, "maxBatteryForMonth": 100, "Temperature": 25.1, "ratioPc": "noData"}