{"bought": 138.2, "sold": 68.97, "Time_string": "Last update at 13:59 - 14/01/2024", "produce": 3.597, "consumption": 2.821, "ratioPC": -1.3940000000000001, "maxBatteryPerDay": 8.75, "maxAtThisDay": 100, "batteryLevelPercentage": -0.9193376623376622, "buyPrice": 0.149072, "sellPrice": 0.1, "batteryLevel": -91.93376623376622, "maxBatteryForMonth": 100, "Temperature": 19.0, "ratioPc": "noData"}