{"bought": 151.85, "sold": 143.92, "Time_string": "Last update at 17:50 - 21/12/2023", "produce": 0.079, "consumption": 1.719, "ratioPC": -0.32799999999999996, "maxBatteryPerDay": 8.75, "maxAtThisDay": 100, "batteryLevelPercentage": -0.5530604808414726, "buyPrice": 0.149072, "sellPrice": 0.1, "batteryLevel": -55.306048084147264, "maxBatteryForMonth": 100, "Temperature": 12.3, "ratioPc": "noData"}