{"bought": 193.54, "sold": 202.71, "Time_string": "Last update at 10:31 - 18/10/2024", "produce": 0.944, "consumption": 0.156, "ratioPC": 1.253, "maxBatteryPerDay": 8.75, "maxAtThisDay": 100, "batteryLevelPercentage": -0.5755872920467963, "buyPrice": 0.149072, "sellPrice": 0.1, "batteryLevel": -57.55872920467962, "maxBatteryForMonth": 100, "Temperature": 16.0, "ratioPc": "noData"}