{"bought": 68.87, "sold": 201.42, "Time_string": "Last update at 12:44 - 13/10/2023", "produce": 3.336, "consumption": 0.898, "ratioPC": 2.4379999999999997, "maxBatteryPerDay": 8.75, "maxAtThisDay": 10, "batteryLevelPercentage": 6.62459171407105, "buyPrice": 0.149072, "sellPrice": 0.1, "batteryLevel": 66.2459171407105, "maxBatteryForMonth": 10, "Temperature": 26.5, "ratioPc": "noData"}