{"bought": 313.12, "sold": 366.36, "Time_string": "Last update at 07:34 - 30/07/2023", "produce": 0.017, "consumption": 0.131, "buyPrice": 0.149072, "sellPrice": 0.1, "batteryLevel": -67.35956209080177, "maxBatteryPerDay": 8.75, "batteryLevelPercentage": -6.735956209080177, "maxAtThisDay": 10, "ratioPC": -0.114, "maxBatteryForMonth": 10, "ratioPc": "noData"}