{"bought": 229.51, "sold": 617.57, "Time_string": "Last update at 15:11 - 26/05/2024", "produce": 4.625, "consumption": 0.337, "ratioPC": 2.166, "maxBatteryPerDay": 8.75, "maxAtThisDay": 100, "batteryLevelPercentage": 1.8476632285070302, "buyPrice": 0.149072, "sellPrice": 0.1, "batteryLevel": 184.76632285070303, "maxBatteryForMonth": 100, "Temperature": 32.2, "ratioPc": "noData"}