{"bought": 1.83, "sold": 8.04, "Time_string": "Last update at 16:08 - 01/07/2023", "produce": 4.411, "consumption": 3.235, "buyPrice": 0.149072, "sellPrice": 0.1, "batteryLevel": 3.5633669636148966, "maxBatteryPerDay": 8.75, "batteryLevelPercentage": 0.40724193869884534, "maxAtThisDay": 8.75, "ratioPC": 1.1759999999999997, "maxBatteryForMonth": 100, "ratioPc": "noData"}