{"bought": 136.85, "sold": 135.31, "Time_string": "Last update at 10:30 - 20/12/2023", "produce": 1.069, "consumption": 0.475, "ratioPC": -0.584, "maxBatteryPerDay": 8.75, "maxAtThisDay": 100, "batteryLevelPercentage": -0.46081780616078133, "buyPrice": 0.149072, "sellPrice": 0.1, "batteryLevel": -46.081780616078134, "maxBatteryForMonth": 100, "Temperature": 6.0, "ratioPc": "noData"}