{"bought": 86.86, "sold": 257.04, "Time_string": "Last update at 15:53 - 16/06/2023", "produce": 4.67, "consumption": 3.697, "ratioPc": null, "buyPrice": 0.149072, "sellPrice": 0.1, "batteryLevel": 85.56674680691212, "maxBatteryPerDay": 8.75, "batteryLevelPercentage": 0.6111910486208009, "maxAtThisDay": 140.0, "ratioPC": 0.9729999999999999}