{"bought": 263.06, "sold": 207.64, "Time_string": "Last update at 14:25 - 23/08/2023", "produce": 4.479, "consumption": 4.308, "ratioPC": 0.17100000000000026, "maxBatteryPerDay": 8.75, "maxAtThisDay": 10, "batteryLevelPercentage": -12.377160244713966, "buyPrice": 0.149072, "sellPrice": 0.1, "batteryLevel": -123.77160244713966, "maxBatteryForMonth": 10, "Temperature": 39.4, "ratioPc": "noData"}