{"bought": 343.29, "sold": 57.5, "Time_string": "Last update at 19:19 - 17/08/2024", "produce": 0.607, "consumption": 4.107, "ratioPC": -1.1960000000000002, "maxBatteryPerDay": 8.75, "maxAtThisDay": 100, "batteryLevelPercentage": -3.0471803477514228, "buyPrice": 0.149072, "sellPrice": 0.1, "batteryLevel": -304.71803477514226, "maxBatteryForMonth": 100, "Temperature": 39.0, "ratioPc": "noData"}