{"bought": 19.04, "sold": 44.17, "Time_string": "Last update at 06:10 - 03/10/2024", "produce": 0.0, "consumption": 0.128, "ratioPC": -0.131, "maxBatteryPerDay": 8.75, "maxAtThisDay": 26.25, "batteryLevelPercentage": 0.40342771278308476, "buyPrice": 0.149072, "sellPrice": 0.1, "batteryLevel": 10.589977460555975, "maxBatteryForMonth": 100, "Temperature": 20.0, "ratioPc": "noData"}