{"bought": 223.79, "sold": 308.57, "Time_string": "Last update at 19:23 - 21/09/2024", "produce": 0.631, "consumption": 0.138, "ratioPC": 0.479, "maxBatteryPerDay": 8.75, "maxAtThisDay": 100, "batteryLevelPercentage": -0.16796064183750134, "buyPrice": 0.149072, "sellPrice": 0.1, "batteryLevel": -16.796064183750133, "maxBatteryForMonth": 100, "Temperature": 22.6, "ratioPc": "noData"}