{"bought": 138.98, "sold": 342.04, "Time_string": "Last update at 13:52 - 22/06/2023", "produce": 4.635, "consumption": 1.162, "ratioPc": "noData", "buyPrice": 0.149072, "sellPrice": 0.1, "batteryLevel": 90.46617366104968, "maxBatteryPerDay": 8.75, "batteryLevelPercentage": 0.4699541488885698, "maxAtThisDay": 192.5, "ratioPC": 3.473}