{"bought": 383.81, "sold": 294.91, "Time_string": "Last update at 14:16 - 31/08/2023", "produce": 4.612, "consumption": 1.797, "ratioPC": 2.8150000000000004, "maxBatteryPerDay": 8.75, "maxAtThisDay": 10, "batteryLevelPercentage": -18.597942148760332, "buyPrice": 0.149072, "sellPrice": 0.1, "batteryLevel": -185.9794214876033, "maxBatteryForMonth": 10, "Temperature": 32.3, "ratioPc": "noData"}