{"bought": 86.57, "sold": 130.96, "Time_string": "Last update at 13:44 - 09/10/2024", "produce": 0.66, "consumption": 0.138, "ratioPC": 0.732, "maxBatteryPerDay": 8.75, "maxAtThisDay": 78.75, "batteryLevelPercentage": 0.01625608079445162, "buyPrice": 0.149072, "sellPrice": 0.1, "batteryLevel": 1.2801663625630653, "maxBatteryForMonth": 100, "Temperature": 22.0, "ratioPc": "noData"}