{"bought": 277.79, "sold": 314.48, "Time_string": "Last update at 14:14 - 26/07/2023", "produce": 4.76, "consumption": 3.249, "buyPrice": 0.149072, "sellPrice": 0.1, "batteryLevel": -66.83153697542127, "maxBatteryPerDay": 8.75, "batteryLevelPercentage": -6.683153697542127, "maxAtThisDay": 10, "ratioPC": 1.5109999999999997, "maxBatteryForMonth": 10, "ratioPc": "noData"}