{"bought": 85.12, "sold": 178.88, "Time_string": "Last update at 19:20 - 11/09/2024", "produce": 1.074, "consumption": 6.113, "ratioPC": -4.727, "maxBatteryPerDay": 8.75, "maxAtThisDay": 96.25, "batteryLevelPercentage": 0.36234500542926, "buyPrice": 0.149072, "sellPrice": 0.1, "batteryLevel": 34.875706772566275, "maxBatteryForMonth": 100, "Temperature": 26.3, "ratioPc": "noData"}