{"bought": 27.56, "sold": 34.21, "Time_string": "Last update at 10:27 - 04/08/2023", "produce": 1.568, "consumption": 2.043, "ratioPC": -0.4750000000000001, "maxBatteryPerDay": 8.75, "maxAtThisDay": 10, "batteryLevelPercentage": -0.4611357733175915, "buyPrice": 0.149072, "sellPrice": 0.1, "batteryLevel": -4.611357733175915, "maxBatteryForMonth": 10, "Temperature": 28.4, "ratioPc": "noData"}