{"bought": 281.79, "sold": 375.35, "Time_string": "Last update at 17:01 - 24/06/2024", "produce": 4.025, "consumption": 3.079, "ratioPC": 1.0840000000000005, "maxBatteryPerDay": 8.75, "maxAtThisDay": 100, "batteryLevelPercentage": -0.2999891917999358, "buyPrice": 0.149072, "sellPrice": 0.1, "batteryLevel": -29.998919179993578, "maxBatteryForMonth": 100, "Temperature": 36.0, "ratioPc": "noData"}