{"bought": 38.75, "sold": 147.89, "Time_string": "Last update at 18:27 - 09/09/2023", "produce": 0.0, "consumption": 0.0, "ratioPC": 2.7479999999999998, "maxBatteryPerDay": 8.75, "maxAtThisDay": 10, "batteryLevelPercentage": 6.045709455833422, "buyPrice": 0.149072, "sellPrice": 0.1, "batteryLevel": 60.45709455833422, "maxBatteryForMonth": 10, "Temperature": 27.6, "ratioPc": "noData"}