{"bought": 123.41, "sold": 61.74, "Time_string": "Last update at 14:01 - 12/01/2024", "produce": 4.611, "consumption": 0.675, "ratioPC": 3.9240000000000004, "maxBatteryPerDay": 8.75, "maxAtThisDay": 100, "batteryLevelPercentage": -0.8199377160030052, "buyPrice": 0.149072, "sellPrice": 0.1, "batteryLevel": -81.99377160030052, "maxBatteryForMonth": 100, "Temperature": 15.0, "ratioPc": "noData"}