{"bought": 60.33, "sold": 30.13, "Time_string": "Last update at 20:59 - 04/06/2024", "produce": 0.108, "consumption": 0.228, "ratioPC": -0.10500000000000001, "maxBatteryPerDay": 8.75, "maxAtThisDay": 35.0, "batteryLevelPercentage": -1.1462368634907005, "buyPrice": 0.149072, "sellPrice": 0.1, "batteryLevel": -40.11829022217452, "maxBatteryForMonth": 100, "Temperature": 26.0, "ratioPc": "noData"}