{"bought": 132.68, "sold": 320.35, "Time_string": "Last update at 13:03 - 21/06/2023", "produce": 2.329, "consumption": 2.177, "ratioPc": "noData", "buyPrice": 0.149072, "sellPrice": 0.1, "batteryLevel": 82.21615756144683, "maxBatteryPerDay": 8.75, "batteryLevelPercentage": 0.44743487108270386, "maxAtThisDay": 183.75, "ratioPC": 0.15200000000000014}