{"bought": 35.41, "sold": 128.62, "Time_string": "Last update at 20:25 - 08/09/2023", "produce": 0.071, "consumption": 0.223, "ratioPC": -0.15200000000000002, "maxBatteryPerDay": 8.75, "maxAtThisDay": 10, "batteryLevelPercentage": 5.087045508210798, "buyPrice": 0.149072, "sellPrice": 0.1, "batteryLevel": 50.87045508210798, "maxBatteryForMonth": 10, "Temperature": 25.6, "ratioPc": "noData"}