{"bought": 20.81, "sold": 37.84, "Time_string": "Last update at 17:59 - 03/07/2023", "produce": 3.334, "consumption": 2.165, "buyPrice": 0.149072, "sellPrice": 0.1, "batteryLevel": 4.573707201889025, "maxBatteryPerDay": 8.75, "batteryLevelPercentage": 0.4573707201889025, "maxAtThisDay": 10, "ratioPC": 1.169, "maxBatteryForMonth": 10, "ratioPc": "noData"}