{"bought": 134.77, "sold": 332.03, "Time_string": "Last update at 09:33 - 24/10/2023", "produce": 0.256, "consumption": 0.213, "ratioPC": 0.04300000000000001, "maxBatteryPerDay": 8.75, "maxAtThisDay": 10, "batteryLevelPercentage": 8.796129762799179, "buyPrice": 0.149072, "sellPrice": 0.1, "batteryLevel": 87.9612976279918, "maxBatteryForMonth": 10, "Temperature": 10.1, "ratioPc": "noData"}