{"bought": 81.27, "sold": 136.46, "Time_string": "Last update at 14:07 - 10/07/2023", "produce": 4.294, "consumption": 3.43, "buyPrice": 0.149072, "sellPrice": 0.1, "batteryLevel": 10.269658688419028, "maxBatteryPerDay": 8.75, "batteryLevelPercentage": 1.0269658688419028, "maxAtThisDay": 10, "ratioPC": 0.8639999999999994, "maxBatteryForMonth": 10, "ratioPc": "noData"}