{"bought": 98.23, "sold": 470.52, "Time_string": "Last update at 09:43 - 25/09/2023", "produce": 0.451, "consumption": 0.141, "ratioPC": 0.31000000000000005, "maxBatteryPerDay": 8.75, "maxAtThisDay": 10, "batteryLevelPercentage": 21.74027143930449, "buyPrice": 0.149072, "sellPrice": 0.1, "batteryLevel": 217.4027143930449, "maxBatteryForMonth": 10, "Temperature": 20.4, "ratioPc": "noData"}