{"bought": 250.04, "sold": 405.66, "Time_string": "Last update at 16:27 - 30/06/2023", "produce": 4.273, "consumption": 3.225, "buyPrice": 0.149072, "sellPrice": 0.1, "batteryLevel": 22.083537619405405, "maxBatteryPerDay": 8.75, "batteryLevelPercentage": 0.22083537619405405, "maxAtThisDay": 100, "ratioPC": 1.0479999999999996, "maxBatteryForMonth": 100, "ratioPc": "noData"}