{"bought": 83.94, "sold": 251.9, "Time_string": "Last update at 15:19 - 16/10/2023", "produce": 1.313, "consumption": 0.189, "ratioPC": 1.1239999999999999, "maxBatteryPerDay": 8.75, "maxAtThisDay": 10, "batteryLevelPercentage": 8.503874852420306, "buyPrice": 0.149072, "sellPrice": 0.1, "batteryLevel": 85.03874852420307, "maxBatteryForMonth": 10, "Temperature": 26.0, "ratioPc": "noData"}