{"bought": 107.06, "sold": 128.27, "Time_string": "Last update at 10:20 - 11/06/2024", "produce": 1.947, "consumption": 0.152, "ratioPC": 0.33899999999999997, "maxBatteryPerDay": 8.75, "maxAtThisDay": 96.25, "batteryLevelPercentage": -0.21833070953946773, "buyPrice": 0.149072, "sellPrice": 0.1, "batteryLevel": -21.01433079317377, "maxBatteryForMonth": 100, "Temperature": 21.7, "ratioPc": "noData"}