{"bought": 88.55, "sold": 257.68, "Time_string": "Last update at 18:11 - 16/06/2023", "produce": 3.331, "consumption": 3.794, "ratioPc": null, "buyPrice": 0.149072, "sellPrice": 0.1, "batteryLevel": 84.30606955028442, "maxBatteryPerDay": 8.75, "batteryLevelPercentage": 0.6021862110734602, "maxAtThisDay": 140.0, "ratioPC": -0.4630000000000001}