{"bought": 72.01, "sold": 218.49, "Time_string": "Last update at 21:07 - 10/05/2024", "produce": 0.107, "consumption": 0.502, "ratioPC": -0.34299999999999997, "maxBatteryPerDay": 8.75, "maxAtThisDay": 87.5, "batteryLevelPercentage": 0.8520772535610791, "buyPrice": 0.149072, "sellPrice": 0.1, "batteryLevel": 74.55675968659442, "maxBatteryForMonth": 100, "Temperature": 25.7, "ratioPc": "noData"}