{"bought": 26.87, "sold": 97.35, "Time_string": "Last update at 16:42 - 06/09/2023", "produce": 2.995, "consumption": 0.973, "ratioPC": 2.0220000000000002, "maxBatteryPerDay": 8.75, "maxAtThisDay": 10, "batteryLevelPercentage": 3.843401416765052, "buyPrice": 0.149072, "sellPrice": 0.1, "batteryLevel": 38.43401416765052, "maxBatteryForMonth": 10, "Temperature": 30.0, "ratioPc": "noData"}