{"bought": 14.69, "sold": 18.71, "Time_string": "Last update at 20:18 - 02/08/2023", "produce": 0.375, "consumption": 2.281, "ratioPC": -1.9060000000000001, "maxBatteryPerDay": 8.75, "maxAtThisDay": 10, "batteryLevelPercentage": -0.2139017924224534, "buyPrice": 0.149072, "sellPrice": 0.1, "batteryLevel": -2.139017924224534, "maxBatteryForMonth": 10, "Temperature": 36.4, "ratioPc": "noData"}