{"bought": 7.48, "sold": 26.54, "Time_string": "Last update at 15:27 - 02/09/2023", "produce": 1.821, "consumption": 0.227, "ratioPC": 1.5939999999999999, "maxBatteryPerDay": 8.75, "maxAtThisDay": 10, "batteryLevelPercentage": 1.0323477514221313, "buyPrice": 0.149072, "sellPrice": 0.1, "batteryLevel": 10.323477514221313, "maxBatteryForMonth": 10, "Temperature": 26.6, "ratioPc": "noData"}