{"bought": 206.19, "sold": 184.04, "Time_string": "Last update at 09:51 - 20/08/2023", "produce": 0.669, "consumption": 0.313, "ratioPC": 0.35600000000000004, "maxBatteryPerDay": 8.75, "maxAtThisDay": 10, "batteryLevelPercentage": -8.273287860899432, "buyPrice": 0.149072, "sellPrice": 0.1, "batteryLevel": -82.73287860899431, "maxBatteryForMonth": 10, "Temperature": 30.4, "ratioPc": "noData"}