{"bought": 349.77, "sold": 366.75, "Time_string": "Last update at 16:16 - 30/10/2024", "produce": 0.817, "consumption": 5.034, "ratioPC": -4.557, "maxBatteryPerDay": 8.75, "maxAtThisDay": 100, "batteryLevelPercentage": -1.037479435440592, "buyPrice": 0.149072, "sellPrice": 0.1, "batteryLevel": -103.74794354405921, "maxBatteryForMonth": 100, "Temperature": 15.3, "ratioPc": "noData"}