{"bought": 89.69, "sold": 137.92, "Time_string": "Last update at 12:36 - 10/10/2024", "produce": 3.315, "consumption": 0.0, "ratioPC": 2.0949999999999998, "maxBatteryPerDay": 8.75, "maxAtThisDay": 87.5, "batteryLevelPercentage": 0.03233201367699589, "buyPrice": 0.149072, "sellPrice": 0.1, "batteryLevel": 2.82905119673714, "maxBatteryForMonth": 100, "Temperature": 20.2, "ratioPc": "noData"}