{"bought": 48.44, "sold": 196.29, "Time_string": "Last update at 15:57 - 13/11/2023", "produce": 3.115, "consumption": 0.369, "ratioPC": 2.7460000000000004, "maxBatteryPerDay": 8.75, "maxAtThisDay": 10, "batteryLevelPercentage": 8.32346270258667, "buyPrice": 0.149072, "sellPrice": 0.1, "batteryLevel": 83.2346270258667, "maxBatteryForMonth": 10, "Temperature": 25.0, "ratioPc": "noData"}