{"bought": 316.19, "sold": 374.82, "Time_string": "Last update at 20:06 - 30/07/2023", "produce": 0.654, "consumption": 1.874, "buyPrice": 0.149072, "sellPrice": 0.1, "batteryLevel": -64.75445207684879, "maxBatteryPerDay": 8.75, "batteryLevelPercentage": -6.47544520768488, "maxAtThisDay": 10, "ratioPC": -1.2200000000000002, "maxBatteryForMonth": 10, "ratioPc": "noData"}