{"bought": 123.25, "sold": 307.06, "Time_string": "Last update at 13:30 - 20/06/2023", "produce": 5.493, "consumption": 0.484, "ratioPc": "noData", "buyPrice": 0.149072, "sellPrice": 0.1, "batteryLevel": 82.7310024686058, "maxBatteryPerDay": 8.75, "batteryLevelPercentage": 0.47274858553489024, "maxAtThisDay": 175.0, "ratioPC": 5.009}