{"bought": 171.23, "sold": 367.2, "Time_string": "Last update at 02:54 - 25/06/2023", "produce": 0.0, "consumption": 0.088, "ratioPc": "noData", "buyPrice": 0.149072, "sellPrice": 0.1, "batteryLevel": 75.0939240098744, "maxBatteryPerDay": 8.75, "batteryLevelPercentage": 0.3432865097594258, "maxAtThisDay": 218.75, "ratioPC": -0.088}