{"bought": 272.68, "sold": 367.25, "Time_string": "Last update at 14:10 - 23/06/2024", "produce": 4.615, "consumption": 6.434, "ratioPC": -1.8939999999999992, "maxBatteryPerDay": 8.75, "maxAtThisDay": 100, "batteryLevelPercentage": -0.26322535150799636, "buyPrice": 0.149072, "sellPrice": 0.1, "batteryLevel": -26.322535150799638, "maxBatteryForMonth": 100, "Temperature": 34.2, "ratioPc": "noData"}