{"bought": 103.71, "sold": 251.72, "Time_string": "Last update at 17:46 - 12/05/2024", "produce": 3.346, "consumption": 2.78, "ratioPC": 0.8580000000000001, "maxBatteryPerDay": 8.75, "maxAtThisDay": 100, "batteryLevelPercentage": 0.6514800150262962, "buyPrice": 0.149072, "sellPrice": 0.1, "batteryLevel": 65.14800150262961, "maxBatteryForMonth": 100, "Temperature": 31.0, "ratioPc": "noData"}