{"bought": 65.22, "sold": 111.88, "Time_string": "Last update at 02:15 - 09/09/2024", "produce": 0.0, "consumption": 0.204, "ratioPC": -0.126, "maxBatteryPerDay": 8.75, "maxAtThisDay": 78.75, "batteryLevelPercentage": 0.12483786762889482, "buyPrice": 0.149072, "sellPrice": 0.1, "batteryLevel": 9.830982075775466, "maxBatteryForMonth": 100, "Temperature": 19.0, "ratioPc": "noData"}