{"bought": 95.98, "sold": 138.07, "Time_string": "Last update at 08:40 - 11/07/2023", "produce": 0.281, "consumption": 0.17, "buyPrice": 0.149072, "sellPrice": 0.1, "batteryLevel": -3.3603262852849696, "maxBatteryPerDay": 8.75, "batteryLevelPercentage": -0.33603262852849697, "maxAtThisDay": 10, "ratioPC": 0.11100000000000002, "maxBatteryForMonth": 10, "ratioPc": "noData"}