{"bought": 170.6, "sold": 367.2, "Time_string": "Last update at 19:35 - 24/06/2023", "produce": 1.535, "consumption": 2.841, "ratioPc": "noData", "buyPrice": 0.149072, "sellPrice": 0.1, "batteryLevel": 75.7239240098744, "maxBatteryPerDay": 8.75, "batteryLevelPercentage": 0.3605901143327352, "maxAtThisDay": 210.0, "ratioPC": -1.3060000000000003}