{"bought": 33.58, "sold": 46.0, "Time_string": "Last update at 13:59 - 04/07/2023", "produce": 4.579, "consumption": 3.129, "buyPrice": 0.149072, "sellPrice": 0.1, "batteryLevel": -2.7224278201137686, "maxBatteryPerDay": 8.75, "batteryLevelPercentage": -0.27224278201137686, "maxAtThisDay": 10, "ratioPC": 1.4499999999999997, "maxBatteryForMonth": 10, "ratioPc": "noData"}