{"bought": 585.95, "sold": 92.91, "Time_string": "Last update at 16:26 - 27/08/2024", "produce": 4.373, "consumption": 4.44, "ratioPC": -0.6180000000000003, "maxBatteryPerDay": 8.75, "maxAtThisDay": 100, "batteryLevelPercentage": -5.23624412364495, "buyPrice": 0.149072, "sellPrice": 0.1, "batteryLevel": -523.624412364495, "maxBatteryForMonth": 100, "Temperature": 36.0, "ratioPc": "noData"}