{"bought": 11.81, "sold": 29.33, "Time_string": "Last update at 11:14 - 03/09/2023", "produce": 0.064, "consumption": 1.047, "ratioPC": -0.9829999999999999, "maxBatteryPerDay": 8.75, "maxAtThisDay": 10, "batteryLevelPercentage": 0.7865056348610067, "buyPrice": 0.149072, "sellPrice": 0.1, "batteryLevel": 7.865056348610066, "maxBatteryForMonth": 10, "Temperature": 18.2, "ratioPc": "noData"}