{"bought": 85.35, "sold": 138.04, "Time_string": "Last update at 19:24 - 10/07/2023", "produce": 1.551, "consumption": 4.359, "buyPrice": 0.149072, "sellPrice": 0.1, "batteryLevel": 7.249549211119458, "maxBatteryPerDay": 8.75, "batteryLevelPercentage": 0.7249549211119458, "maxAtThisDay": 10, "ratioPC": -2.808, "maxBatteryForMonth": 10, "ratioPc": "noData"}