{"bought": 57.7, "sold": 21.64, "Time_string": "Last update at 11:42 - 06/01/2024", "produce": 1.379, "consumption": 4.536, "ratioPC": -1.4929999999999999, "maxBatteryPerDay": 8.75, "maxAtThisDay": 52.5, "batteryLevelPercentage": -0.8225433283756779, "buyPrice": 0.149072, "sellPrice": 0.1, "batteryLevel": -43.18352473972309, "maxBatteryForMonth": 100, "Temperature": 9.7, "ratioPc": "noData"}