{"bought": 57.48, "sold": 86.21, "Time_string": "Last update at 10:34 - 07/07/2023", "produce": 1.798, "consumption": 1.0, "buyPrice": 0.149072, "sellPrice": 0.1, "batteryLevel": 0.3511151658259095, "maxBatteryPerDay": 8.75, "batteryLevelPercentage": 0.03511151658259095, "maxAtThisDay": 10, "ratioPC": 0.798, "maxBatteryForMonth": 10, "ratioPc": "noData"}