{"bought": 169.98, "sold": 299.35, "Time_string": "Last update at 21:59 - 18/06/2024", "produce": 0.0, "consumption": 0.321, "ratioPC": -0.26999999999999996, "maxBatteryPerDay": 8.75, "maxAtThisDay": 100, "batteryLevelPercentage": 0.3082900504454224, "buyPrice": 0.149072, "sellPrice": 0.1, "batteryLevel": 30.829005044542242, "maxBatteryForMonth": 100, "Temperature": 19.0, "ratioPc": "noData"}