{"bought": 51.83, "sold": 220.23, "Time_string": "Last update at 17:50 - 14/11/2023", "produce": 0.088, "consumption": 0.233, "ratioPC": -0.14500000000000002, "maxBatteryPerDay": 8.75, "maxAtThisDay": 10, "batteryLevelPercentage": 9.59039808951379, "buyPrice": 0.149072, "sellPrice": 0.1, "batteryLevel": 95.9039808951379, "maxBatteryForMonth": 10, "Temperature": 23.2, "ratioPc": "noData"}