{"bought": 40.83, "sold": 110.25, "Time_string": "Last update at 19:09 - 07/10/2023", "produce": 0.39, "consumption": 0.806, "ratioPC": -0.41600000000000004, "maxBatteryPerDay": 8.75, "maxAtThisDay": 10, "batteryLevelPercentage": 3.312755071374906, "buyPrice": 0.149072, "sellPrice": 0.1, "batteryLevel": 33.12755071374906, "maxBatteryForMonth": 10, "Temperature": 32.7, "ratioPc": "noData"}