{"bought": 114.4, "sold": 119.73, "Time_string": "Last update at 14:50 - 17/12/2023", "produce": 4.249, "consumption": 3.793, "ratioPC": 0.4890000000000003, "maxBatteryPerDay": 8.75, "maxAtThisDay": 100, "batteryLevelPercentage": -0.3408310615004831, "buyPrice": 0.149072, "sellPrice": 0.1, "batteryLevel": -34.08310615004831, "maxBatteryForMonth": 100, "Temperature": 15.8, "ratioPc": "noData"}