{"bought": 119.31, "sold": 566.23, "Time_string": "Last update at 19:54 - 29/09/2023", "produce": 0.057, "consumption": 1.437, "ratioPC": -1.3800000000000001, "maxBatteryPerDay": 8.75, "maxAtThisDay": 10, "batteryLevelPercentage": 26.052658903080392, "buyPrice": 0.149072, "sellPrice": 0.1, "batteryLevel": 260.5265890308039, "maxBatteryForMonth": 10, "Temperature": 32.2, "ratioPc": "noData"}