{"bought": 48.91, "sold": 55.93, "Time_string": "Last update at 12:34 - 06/08/2023", "produce": 3.846, "consumption": 3.32, "ratioPC": 0.5260000000000002, "maxBatteryPerDay": 8.75, "maxAtThisDay": 10, "batteryLevelPercentage": -1.1391217129977462, "buyPrice": 0.149072, "sellPrice": 0.1, "batteryLevel": -11.391217129977463, "maxBatteryForMonth": 10, "Temperature": 36.1, "ratioPc": "noData"}