{"bought": 25.86, "sold": 48.55, "Time_string": "Last update at 16:26 - 04/09/2024", "produce": 4.439, "consumption": 1.608, "ratioPC": 2.9110000000000005, "maxBatteryPerDay": 8.75, "maxAtThisDay": 35.0, "batteryLevelPercentage": 0.19166157101458176, "buyPrice": 0.149072, "sellPrice": 0.1, "batteryLevel": 6.708154985510362, "maxBatteryForMonth": 100, "Temperature": 32.4, "ratioPc": "noData"}