{"bought": 136.2, "sold": 68.49, "Time_string": "Last update at 11:17 - 14/01/2024", "produce": 2.269, "consumption": 2.69, "ratioPC": -1.0310000000000001, "maxBatteryPerDay": 8.75, "maxAtThisDay": 100, "batteryLevelPercentage": -0.9025575829129547, "buyPrice": 0.149072, "sellPrice": 0.1, "batteryLevel": -90.25575829129548, "maxBatteryForMonth": 100, "Temperature": 11.9, "ratioPc": "noData"}