{"bought": 20.18, "sold": 26.13, "Time_string": "Last update at 10:17 - 03/07/2023", "produce": 1.275, "consumption": 0.321, "buyPrice": 0.149072, "sellPrice": 0.1, "batteryLevel": -2.6515573682515843, "maxBatteryPerDay": 8.75, "batteryLevelPercentage": -0.2651557368251584, "maxAtThisDay": 10, "ratioPC": 0.954, "maxBatteryForMonth": 10, "ratioPc": "noData"}