{"bought": 109.98, "sold": 168.1, "Time_string": "Last update at 15:19 - 12/06/2024", "produce": 4.969, "consumption": 0.188, "ratioPC": 4.781000000000001, "maxBatteryPerDay": 8.75, "maxAtThisDay": 100, "batteryLevelPercentage": 0.027843018138885754, "buyPrice": 0.149072, "sellPrice": 0.1, "batteryLevel": 2.7843018138885753, "maxBatteryForMonth": 100, "Temperature": 29.3, "ratioPc": "noData"}