{"bought": 51.6, "sold": 16.95, "Time_string": "Last update at 14:39 - 05/01/2024", "produce": 4.625, "consumption": 4.233, "ratioPC": 0.4350000000000005, "maxBatteryPerDay": 8.75, "maxAtThisDay": 43.75, "batteryLevelPercentage": -0.9195349821371073, "buyPrice": 0.149072, "sellPrice": 0.1, "batteryLevel": -40.22965546849844, "maxBatteryForMonth": 100, "Temperature": 13.7, "ratioPc": "noData"}