{"bought": 226.65, "sold": 278.22, "Time_string": "Last update at 14:22 - 22/10/2024", "produce": 4.584, "consumption": 0.266, "ratioPC": -0.07799999999999999, "maxBatteryPerDay": 8.75, "maxAtThisDay": 100, "batteryLevelPercentage": -0.4001535365460984, "buyPrice": 0.149072, "sellPrice": 0.1, "batteryLevel": -40.01535365460984, "maxBatteryForMonth": 100, "Temperature": 24.4, "ratioPc": "noData"}