{"bought": 260.61, "sold": 342.54, "Time_string": "Last update at 17:14 - 24/09/2024", "produce": 1.705, "consumption": 0.116, "ratioPC": 2.223, "maxBatteryPerDay": 8.75, "maxAtThisDay": 100, "batteryLevelPercentage": -0.3082841794569066, "buyPrice": 0.149072, "sellPrice": 0.1, "batteryLevel": -30.82841794569066, "maxBatteryForMonth": 100, "Temperature": 26.5, "ratioPc": "noData"}