{"bought": 383.81, "sold": 299.93, "Time_string": "Last update at 16:07 - 31/08/2023", "produce": 4.459, "consumption": 1.085, "ratioPC": 3.3739999999999997, "maxBatteryPerDay": 8.75, "maxAtThisDay": 10, "batteryLevelPercentage": -18.261192121927657, "buyPrice": 0.149072, "sellPrice": 0.1, "batteryLevel": -182.61192121927658, "maxBatteryForMonth": 10, "Temperature": 34.1, "ratioPc": "noData"}