{"bought": 132.95, "sold": 335.12, "Time_string": "Last update at 18:51 - 21/06/2023", "produce": 2.555, "consumption": 4.292, "ratioPc": "noData", "buyPrice": 0.149072, "sellPrice": 0.1, "batteryLevel": 91.85412149833638, "maxBatteryPerDay": 8.75, "batteryLevelPercentage": 0.4998863755011504, "maxAtThisDay": 183.75, "ratioPC": -1.7369999999999997}