{"bought": 138.98, "sold": 342.66, "Time_string": "Last update at 14:06 - 22/06/2023", "produce": 4.646, "consumption": 1.142, "ratioPc": "noData", "buyPrice": 0.149072, "sellPrice": 0.1, "batteryLevel": 90.88208006869166, "maxBatteryPerDay": 8.75, "batteryLevelPercentage": 0.4721147016555411, "maxAtThisDay": 192.5, "ratioPC": 3.504}