{"bought": 39.19, "sold": 100.57, "Time_string": "Last update at 09:28 - 07/10/2023", "produce": 0.339, "consumption": 0.254, "ratioPC": 0.08500000000000002, "maxBatteryPerDay": 8.75, "maxAtThisDay": 10, "batteryLevelPercentage": 2.8274044220242573, "buyPrice": 0.149072, "sellPrice": 0.1, "batteryLevel": 28.274044220242573, "maxBatteryForMonth": 10, "Temperature": 24.0, "ratioPc": "noData"}