{"bought": 278.89, "sold": 324.33, "Time_string": "Last update at 12:55 - 25/10/2024", "produce": 0.327, "consumption": 0.14, "ratioPC": 0.31900000000000006, "maxBatteryPerDay": 8.75, "maxAtThisDay": 100, "batteryLevelPercentage": -0.613239916282065, "buyPrice": 0.149072, "sellPrice": 0.1, "batteryLevel": -61.3239916282065, "maxBatteryForMonth": 100, "Temperature": 20.0, "ratioPc": "noData"}