{"bought": 87.07, "sold": 132.5, "Time_string": "Last update at 15:37 - 10/11/2024", "produce": 3.42, "consumption": 5.254, "ratioPC": -1.674, "maxBatteryPerDay": 8.75, "maxAtThisDay": 87.5, "batteryLevelPercentage": 0.02072256244345973, "buyPrice": 0.149072, "sellPrice": 0.1, "batteryLevel": 1.8132242138027266, "maxBatteryForMonth": 100, "Temperature": 22.6, "ratioPc": "noData"}