{"bought": 92.21, "sold": 34.91, "Time_string": "Last update at 12:03 - 09/01/2024", "produce": 0.423, "consumption": 0.227, "ratioPC": -1.7120000000000002, "maxBatteryPerDay": 8.75, "maxAtThisDay": 78.75, "batteryLevelPercentage": -0.8735464886680943, "buyPrice": 0.149072, "sellPrice": 0.1, "batteryLevel": -68.79178598261242, "maxBatteryForMonth": 100, "Temperature": 10.1, "ratioPc": "noData"}