{"bought": 235.57, "sold": 652.94, "Time_string": "Last update at 11:15 - 28/05/2024", "produce": 2.848, "consumption": 0.288, "ratioPC": 2.355, "maxBatteryPerDay": 8.75, "maxAtThisDay": 100, "batteryLevelPercentage": 2.024331125898895, "buyPrice": 0.149072, "sellPrice": 0.1, "batteryLevel": 202.4331125898895, "maxBatteryForMonth": 100, "Temperature": 25.2, "ratioPc": "noData"}