{"bought": 134.47, "sold": 335.12, "Time_string": "Last update at 01:43 - 22/06/2023", "produce": 0.0, "consumption": 0.194, "ratioPc": "noData", "buyPrice": 0.149072, "sellPrice": 0.1, "batteryLevel": 90.33412149833637, "maxBatteryPerDay": 8.75, "batteryLevelPercentage": 0.4692681636277214, "maxAtThisDay": 192.5, "ratioPC": -0.194}