{"bought": 124.33, "sold": 65.27, "Time_string": "Last update at 17:25 - 12/01/2024", "produce": 1.023, "consumption": 0.133, "ratioPC": 0.503, "maxBatteryPerDay": 8.75, "maxAtThisDay": 100, "batteryLevelPercentage": -0.8054578834388753, "buyPrice": 0.149072, "sellPrice": 0.1, "batteryLevel": -80.54578834388752, "maxBatteryForMonth": 100, "Temperature": 15.2, "ratioPc": "noData"}