{"bought": 222.85, "sold": 252.06, "Time_string": "Last update at 20:03 - 21/07/2023", "produce": 0.946, "consumption": 3.75, "buyPrice": 0.149072, "sellPrice": 0.1, "batteryLevel": -53.76392078995383, "maxBatteryPerDay": 8.75, "batteryLevelPercentage": -5.376392078995383, "maxAtThisDay": 10, "ratioPC": -2.8040000000000003, "maxBatteryForMonth": 10, "ratioPc": "noData"}