{"bought": 86.57, "sold": 129.34, "Time_string": "Last update at 11:13 - 09/10/2024", "produce": 1.095, "consumption": 0.176, "ratioPC": 1.49, "maxBatteryPerDay": 8.75, "maxAtThisDay": 78.75, "batteryLevelPercentage": 0.0024564211860553177, "buyPrice": 0.149072, "sellPrice": 0.1, "batteryLevel": 0.19344316840185627, "maxBatteryForMonth": 100, "Temperature": 21.2, "ratioPc": "noData"}