{"bought": 222.43, "sold": 295.17, "Time_string": "Last update at 10:55 - 21/09/2024", "produce": 2.157, "consumption": 0.153, "ratioPC": 2.115, "maxBatteryPerDay": 8.75, "maxAtThisDay": 100, "batteryLevelPercentage": -0.2442500912310831, "buyPrice": 0.149072, "sellPrice": 0.1, "batteryLevel": -24.42500912310831, "maxBatteryForMonth": 100, "Temperature": 21.8, "ratioPc": "noData"}