{"bought": 223.79, "sold": 305.75, "Time_string": "Last update at 16:43 - 21/09/2024", "produce": 1.46, "consumption": 0.154, "ratioPC": 2.124, "maxBatteryPerDay": 8.75, "maxAtThisDay": 100, "batteryLevelPercentage": -0.18687767521734458, "buyPrice": 0.149072, "sellPrice": 0.1, "batteryLevel": -18.687767521734457, "maxBatteryForMonth": 100, "Temperature": 25.0, "ratioPc": "noData"}