{"bought": 85.65, "sold": 128.5, "Time_string": "Last update at 02:47 - 09/10/2024", "produce": 0.0, "consumption": 0.087, "ratioPC": -0.129, "maxBatteryPerDay": 8.75, "maxAtThisDay": 78.75, "batteryLevelPercentage": 0.0069835818123892964, "buyPrice": 0.149072, "sellPrice": 0.1, "batteryLevel": 0.5499570677256571, "maxBatteryForMonth": 100, "Temperature": 18.0, "ratioPc": "noData"}