{"bought": 205.52, "sold": 554.07, "Time_string": "Last update at 17:34 - 23/05/2024", "produce": 4.02, "consumption": 0.232, "ratioPC": 3.7760000000000002, "maxBatteryPerDay": 8.75, "maxAtThisDay": 100, "batteryLevelPercentage": 1.6615945690672966, "buyPrice": 0.149072, "sellPrice": 0.1, "batteryLevel": 166.15945690672967, "maxBatteryForMonth": 100, "Temperature": 29.4, "ratioPc": "noData"}