{"bought": 194.57, "sold": 500.37, "Time_string": "Last update at 20:06 - 21/05/2024", "produce": 0.495, "consumption": 1.239, "ratioPC": -1.427, "maxBatteryPerDay": 8.75, "maxAtThisDay": 100, "batteryLevelPercentage": 1.4108659547064508, "buyPrice": 0.149072, "sellPrice": 0.1, "batteryLevel": 141.08659547064508, "maxBatteryForMonth": 100, "Temperature": 22.8, "ratioPc": "noData"}