{"bought": 20.23, "sold": 36.64, "Time_string": "Last update at 11:13 - 04/09/2023", "produce": 2.812, "consumption": 0.822, "ratioPC": 1.9899999999999998, "maxBatteryPerDay": 8.75, "maxAtThisDay": 10, "batteryLevelPercentage": 0.4348727058065901, "buyPrice": 0.149072, "sellPrice": 0.1, "batteryLevel": 4.348727058065901, "maxBatteryForMonth": 10, "Temperature": 21.2, "ratioPc": "noData"}