{"bought": 128.87, "sold": 144.33, "Time_string": "Last update at 19:02 - 11/10/2024", "produce": 0.064, "consumption": 0.256, "ratioPC": -0.098, "maxBatteryPerDay": 8.75, "maxAtThisDay": 96.25, "batteryLevelPercentage": -0.3329975397576557, "buyPrice": 0.149072, "sellPrice": 0.1, "batteryLevel": -32.051013201674365, "maxBatteryForMonth": 100, "Temperature": 20.0, "ratioPc": "noData"}