{"bought": 1.63, "sold": 22.75, "Time_string": "Last update at 20:24 - 01/10/2024", "produce": 0.0, "consumption": 0.038, "ratioPC": -0.11800000000000002, "maxBatteryPerDay": 8.75, "maxAtThisDay": 8.75, "batteryLevelPercentage": 1.5578379306643768, "buyPrice": 0.149072, "sellPrice": 0.1, "batteryLevel": 13.631081893313297, "maxBatteryForMonth": 100, "Temperature": 28.2, "ratioPc": "noData"}