{"bought": 79.6, "sold": 253.75, "Time_string": "Last update at 20:58 - 15/06/2023", "produce": 0.123, "consumption": 3.492, "ratioPc": null, "buyPrice": 0.149072, "sellPrice": 0.1, "batteryLevel": 90.6197595792637, "maxBatteryPerDay": 8.75, "batteryLevelPercentage": 0.6904362634610568, "maxAtThisDay": 131.25, "ratioPC": -3.3689999999999998}