{"bought": 241.18, "sold": 386.81, "Time_string": "Last update at 23:55 - 28/06/2023", "produce": 0.0, "consumption": 1.272, "buyPrice": 0.149072, "sellPrice": 0.1, "batteryLevel": 18.298641193517255, "maxBatteryPerDay": 8.75, "batteryLevelPercentage": 0.18298641193517257, "maxAtThisDay": 100, "ratioPC": -1.272, "maxBatteryForMonth": 100, "ratioPc": "noData"}