{"bought": 141.96, "sold": 157.94, "Time_string": "Last update at 12:29 - 14/07/2023", "produce": 3.711, "consumption": 4.178, "buyPrice": 0.149072, "sellPrice": 0.1, "batteryLevel": -36.01119673714716, "maxBatteryPerDay": 8.75, "batteryLevelPercentage": -3.6011196737147158, "maxAtThisDay": 10, "ratioPC": -0.4670000000000001, "maxBatteryForMonth": 10, "ratioPc": "noData"}