{"bought": 281.58, "sold": 211.83, "Time_string": "Last update at 15:30 - 24/08/2023", "produce": 4.485, "consumption": 3.602, "ratioPC": 0.8830000000000005, "maxBatteryPerDay": 8.75, "maxAtThisDay": 10, "batteryLevelPercentage": -13.948088011162389, "buyPrice": 0.149072, "sellPrice": 0.1, "batteryLevel": -139.4808801116239, "maxBatteryForMonth": 10, "Temperature": 40.5, "ratioPc": "noData"}