{"bought": 700.73, "sold": 109.5, "Time_string": "Last update at 20:47 - 31/08/2024", "produce": 0.04, "consumption": 1.476, "ratioPC": -1.4020000000000001, "maxBatteryPerDay": 8.75, "maxAtThisDay": 100, "batteryLevelPercentage": -6.272755618761404, "buyPrice": 0.149072, "sellPrice": 0.1, "batteryLevel": -627.2755618761404, "maxBatteryForMonth": 100, "Temperature": 29.2, "ratioPc": "noData"}