{"bought": 35.16, "sold": 61.71, "Time_string": "Last update at 16:53 - 05/09/2024", "produce": 2.664, "consumption": 0.967, "ratioPC": 1.612, "maxBatteryPerDay": 8.75, "maxAtThisDay": 43.75, "batteryLevelPercentage": 0.14253951762523195, "buyPrice": 0.149072, "sellPrice": 0.1, "batteryLevel": 6.236103896103899, "maxBatteryForMonth": 100, "Temperature": 32.0, "ratioPc": "noData"}