{"bought": 291.79, "sold": 350.65, "Time_string": "Last update at 16:27 - 28/07/2023", "produce": 4.568, "consumption": 3.836, "buyPrice": 0.149072, "sellPrice": 0.1, "batteryLevel": -56.568093807019466, "maxBatteryPerDay": 8.75, "batteryLevelPercentage": -5.656809380701946, "maxAtThisDay": 10, "ratioPC": 0.7319999999999998, "maxBatteryForMonth": 10, "ratioPc": "noData"}