{"bought": 270.6, "sold": 163.37, "Time_string": "Last update at 10:55 - 24/01/2024", "produce": 2.49, "consumption": 0.142, "ratioPC": 1.924, "maxBatteryPerDay": 8.75, "maxAtThisDay": 100, "batteryLevelPercentage": -1.6100866158634757, "buyPrice": 0.149072, "sellPrice": 0.1, "batteryLevel": -161.00866158634756, "maxBatteryForMonth": 100, "Temperature": 14.8, "ratioPc": "noData"}