{"bought": 115.48, "sold": 299.75, "Time_string": "Last update at 19:00 - 20/10/2023", "produce": 0.141, "consumption": 0.258, "ratioPC": -0.11700000000000002, "maxBatteryPerDay": 8.75, "maxAtThisDay": 10, "batteryLevelPercentage": 8.559733175914992, "buyPrice": 0.149072, "sellPrice": 0.1, "batteryLevel": 85.59733175914992, "maxBatteryForMonth": 10, "Temperature": 19.0, "ratioPc": "noData"}