{"bought": 164.75, "sold": 363.41, "Time_string": "Last update at 10:03 - 24/06/2023", "produce": 0, "consumption": 0, "ratioPc": "noData", "buyPrice": 0.149072, "sellPrice": 0.1, "batteryLevel": 79.0315283889664, "maxBatteryPerDay": 8.75, "batteryLevelPercentage": 0.3763406113760304, "maxAtThisDay": 210.0, "ratioPC": 0.569}