{"bought": 476.88, "sold": 71.76, "Time_string": "Last update at 13:43 - 22/08/2024", "produce": 4.671, "consumption": 3.691, "ratioPC": 0.8029999999999995, "maxBatteryPerDay": 8.75, "maxAtThisDay": 100, "batteryLevelPercentage": -4.287421873993775, "buyPrice": 0.149072, "sellPrice": 0.1, "batteryLevel": -428.7421873993775, "maxBatteryForMonth": 100, "Temperature": 31.4, "ratioPc": "noData"}