{"bought": 206.48, "sold": 195.5, "Time_string": "Last update at 17:01 - 20/08/2023", "produce": 3.863, "consumption": 3.599, "ratioPC": 0.2639999999999998, "maxBatteryPerDay": 8.75, "maxAtThisDay": 10, "batteryLevelPercentage": -7.533531823548353, "buyPrice": 0.149072, "sellPrice": 0.1, "batteryLevel": -75.33531823548353, "maxBatteryForMonth": 10, "Temperature": 42.0, "ratioPc": "noData"}