{"bought": 111.82, "sold": 285.35, "Time_string": "Last update at 02:30 - 19/06/2023", "produce": 0.0, "consumption": 0.137, "ratioPc": "noData", "buyPrice": 0.149072, "sellPrice": 0.1, "batteryLevel": 79.59757003327252, "maxBatteryPerDay": 8.75, "batteryLevelPercentage": 0.4787823761399851, "maxAtThisDay": 166.25, "ratioPC": -0.137}