{"bought": 44.15, "sold": 18.85, "Time_string": "Last update at 15:55 - 03/06/2024", "produce": 4.568, "consumption": 3.191, "ratioPC": 1.3519999999999994, "maxBatteryPerDay": 8.75, "maxAtThisDay": 26.25, "batteryLevelPercentage": -1.200194421870927, "buyPrice": 0.149072, "sellPrice": 0.1, "batteryLevel": -31.505103574111835, "maxBatteryForMonth": 100, "Temperature": 32.0, "ratioPc": "noData"}