{"bought": 364.87, "sold": 249.75, "Time_string": "Last update at 10:13 - 29/08/2023", "produce": 1.12, "consumption": 1.033, "ratioPC": 0.08700000000000019, "maxBatteryPerDay": 8.75, "maxAtThisDay": 10, "batteryLevelPercentage": -19.733350756681336, "buyPrice": 0.149072, "sellPrice": 0.1, "batteryLevel": -197.33350756681335, "maxBatteryForMonth": 10, "Temperature": 25.6, "ratioPc": "noData"}