{"bought": 14.54, "sold": 11.11, "Time_string": "Last update at 14:35 - 02/09/2024", "produce": 4.847, "consumption": 3.531, "ratioPC": 1.2459999999999996, "maxBatteryPerDay": 8.75, "maxAtThisDay": 17.5, "batteryLevelPercentage": -0.4049843143869118, "buyPrice": 0.149072, "sellPrice": 0.1, "batteryLevel": -7.0872255017709564, "maxBatteryForMonth": 100, "Temperature": 32.0, "ratioPc": "noData"}