{"bought": 278.89, "sold": 323.7, "Time_string": "Last update at 11:16 - 25/10/2024", "produce": 0.952, "consumption": 0.107, "ratioPC": 2.112, "maxBatteryPerDay": 8.75, "maxAtThisDay": 100, "batteryLevelPercentage": -0.6174660620371367, "buyPrice": 0.149072, "sellPrice": 0.1, "batteryLevel": -61.74660620371367, "maxBatteryForMonth": 100, "Temperature": 19.3, "ratioPc": "noData"}