{"bought": 118.91, "sold": 232.77, "Time_string": "Last update at 12:29 - 15/06/2024", "produce": 3.883, "consumption": 0.221, "ratioPC": 3.6350000000000002, "maxBatteryPerDay": 8.75, "maxAtThisDay": 100, "batteryLevelPercentage": 0.37236023398089513, "buyPrice": 0.149072, "sellPrice": 0.1, "batteryLevel": 37.236023398089515, "maxBatteryForMonth": 100, "Temperature": 28.0, "ratioPc": "noData"}