{"bought": 174.05, "sold": 310.71, "Time_string": "Last update at 14:58 - 19/06/2024", "produce": 5.331, "consumption": 0.041, "ratioPC": 5.218, "maxBatteryPerDay": 8.75, "maxAtThisDay": 100, "batteryLevelPercentage": 0.3437948373940105, "buyPrice": 0.149072, "sellPrice": 0.1, "batteryLevel": 34.37948373940105, "maxBatteryForMonth": 100, "Temperature": 19.0, "ratioPc": "noData"}