{"bought": 122.87, "sold": 124.36, "Time_string": "Last update at 15:22 - 18/12/2023", "produce": 3.22, "consumption": 4.948, "ratioPC": 0.8400000000000003, "maxBatteryPerDay": 8.75, "maxAtThisDay": 100, "batteryLevelPercentage": -0.3944722442846411, "buyPrice": 0.149072, "sellPrice": 0.1, "batteryLevel": -39.44722442846411, "maxBatteryForMonth": 100, "Temperature": 15.4, "ratioPc": "noData"}