{"bought": 27.54, "sold": 33.73, "Time_string": "Last update at 09:18 - 04/08/2023", "produce": 0.288, "consumption": 0.153, "ratioPC": 0.13499999999999998, "maxBatteryPerDay": 8.75, "maxAtThisDay": 10, "batteryLevelPercentage": -0.49133497907051654, "buyPrice": 0.149072, "sellPrice": 0.1, "batteryLevel": -4.9133497907051655, "maxBatteryForMonth": 10, "Temperature": 24.6, "ratioPc": "noData"}