{"bought": 56.67, "sold": 107.78, "Time_string": "Last update at 13:31 - 08/09/2024", "produce": 4.535, "consumption": 5.63, "ratioPC": -1.1219999999999999, "maxBatteryPerDay": 8.75, "maxAtThisDay": 70.0, "batteryLevelPercentage": 0.22329476072923538, "buyPrice": 0.149072, "sellPrice": 0.1, "batteryLevel": 15.630633251046476, "maxBatteryForMonth": 100, "Temperature": 27.0, "ratioPc": "noData"}