{"bought": 268.21, "sold": 300.79, "Time_string": "Last update at 15:22 - 25/07/2023", "produce": 4.831, "consumption": 1.786, "buyPrice": 0.149072, "sellPrice": 0.1, "batteryLevel": -66.43501878286997, "maxBatteryPerDay": 8.75, "batteryLevelPercentage": -6.6435018782869975, "maxAtThisDay": 10, "ratioPC": 3.0450000000000004, "maxBatteryForMonth": 10, "ratioPc": "noData"}