{"bought": 395.72, "sold": 370.24, "Time_string": "Last update at 12:37 - 31/10/2024", "produce": 1.25, "consumption": 0.173, "ratioPC": 1.329, "maxBatteryPerDay": 8.75, "maxAtThisDay": 100, "batteryLevelPercentage": -1.4735679295910706, "buyPrice": 0.149072, "sellPrice": 0.1, "batteryLevel": -147.35679295910705, "maxBatteryForMonth": 100, "Temperature": 18.0, "ratioPc": "noData"}