{"bought": 237.56, "sold": 201.94, "Time_string": "Last update at 17:14 - 29/12/2023", "produce": 0.164, "consumption": 0.604, "ratioPC": -0.28200000000000003, "maxBatteryPerDay": 8.75, "maxAtThisDay": 100, "batteryLevelPercentage": -1.0209525813029945, "buyPrice": 0.149072, "sellPrice": 0.1, "batteryLevel": -102.09525813029944, "maxBatteryForMonth": 100, "Temperature": 13.5, "ratioPc": "noData"}