{"bought": 57.6, "sold": 96.25, "Time_string": "Last update at 14:26 - 07/07/2023", "produce": 4.768, "consumption": 0.858, "buyPrice": 0.149072, "sellPrice": 0.1, "batteryLevel": 6.966115702479335, "maxBatteryPerDay": 8.75, "batteryLevelPercentage": 0.6966115702479335, "maxAtThisDay": 10, "ratioPC": 3.9099999999999997, "maxBatteryForMonth": 10, "ratioPc": "noData"}