{"bought": 274.99, "sold": 350.92, "Time_string": "Last update at 18:41 - 25/09/2024", "produce": 1.009, "consumption": 0.111, "ratioPC": 0.14900000000000002, "maxBatteryPerDay": 8.75, "maxAtThisDay": 100, "batteryLevelPercentage": -0.39586973274659215, "buyPrice": 0.149072, "sellPrice": 0.1, "batteryLevel": -39.586973274659215, "maxBatteryForMonth": 100, "Temperature": 25.0, "ratioPc": "noData"}