{"bought": 271.99, "sold": 367.25, "Time_string": "Last update at 13:48 - 23/06/2024", "produce": 4.517, "consumption": 6.438, "ratioPC": -6.288, "maxBatteryPerDay": 8.75, "maxAtThisDay": 100, "batteryLevelPercentage": -0.2563253515079964, "buyPrice": 0.149072, "sellPrice": 0.1, "batteryLevel": -25.63253515079964, "maxBatteryForMonth": 100, "Temperature": 33.6, "ratioPc": "noData"}