{"bought": 202.27, "sold": 534.29, "Time_string": "Last update at 11:25 - 23/05/2024", "produce": 3.361, "consumption": 8.205, "ratioPC": -4.8149999999999995, "maxBatteryPerDay": 8.75, "maxAtThisDay": 100, "batteryLevelPercentage": 1.5614070086937855, "buyPrice": 0.149072, "sellPrice": 0.1, "batteryLevel": 156.14070086937855, "maxBatteryForMonth": 100, "Temperature": 23.9, "ratioPc": "noData"}