{"bought": 226.8, "sold": 320.16, "Time_string": "Last update at 08:33 - 20/06/2024", "produce": 0.218, "consumption": 0.132, "ratioPC": 0.10300000000000001, "maxBatteryPerDay": 8.75, "maxAtThisDay": 100, "batteryLevelPercentage": -0.12031297627991819, "buyPrice": 0.149072, "sellPrice": 0.1, "batteryLevel": -12.031297627991819, "maxBatteryForMonth": 100, "Temperature": 15.1, "ratioPc": "noData"}