{"bought": 52.08, "sold": 78.93, "Time_string": "Last update at 19:38 - 04/10/2024", "produce": 0.086, "consumption": 2.345, "ratioPC": -0.186, "maxBatteryPerDay": 8.75, "maxAtThisDay": 35.0, "batteryLevelPercentage": 0.02478768457044741, "buyPrice": 0.149072, "sellPrice": 0.1, "batteryLevel": 0.8675689599656593, "maxBatteryForMonth": 100, "Temperature": 25.7, "ratioPc": "noData"}