{"bought": 27.94, "sold": 69.34, "Time_string": "Last update at 10:06 - 05/10/2023", "produce": 1.019, "consumption": 0.255, "ratioPC": 0.7639999999999999, "maxBatteryPerDay": 8.75, "maxAtThisDay": 10, "batteryLevelPercentage": 1.8574435977245893, "buyPrice": 0.149072, "sellPrice": 0.1, "batteryLevel": 18.574435977245894, "maxBatteryForMonth": 10, "Temperature": 23.2, "ratioPc": "noData"}