{"bought": 132.32, "sold": 183.76, "Time_string": "Last update at 15:52 - 13/11/2024", "produce": 3.57, "consumption": 0.451, "ratioPC": 3.3040000000000003, "maxBatteryPerDay": 8.75, "maxAtThisDay": 100, "batteryLevelPercentage": -0.09050707309219704, "buyPrice": 0.149072, "sellPrice": 0.1, "batteryLevel": -9.050707309219703, "maxBatteryForMonth": 100, "Temperature": 15.9, "ratioPc": "noData"}