{"bought": 180.71, "sold": 220.97, "Time_string": "Last update at 17:02 - 17/11/2024", "produce": 0.967, "consumption": 2.306, "ratioPC": 1.05, "maxBatteryPerDay": 8.75, "maxAtThisDay": 100, "batteryLevelPercentage": -0.3247961468283782, "buyPrice": 0.149072, "sellPrice": 0.1, "batteryLevel": -32.47961468283782, "maxBatteryForMonth": 100, "Temperature": 19.0, "ratioPc": "noData"}