{"bought": 96.0, "sold": 140.69, "Time_string": "Last update at 11:48 - 11/07/2023", "produce": 0.0, "consumption": 0.0, "buyPrice": 0.149072, "sellPrice": 0.1, "batteryLevel": -1.6227863046044888, "maxBatteryPerDay": 8.75, "batteryLevelPercentage": -0.16227863046044888, "maxAtThisDay": 10, "ratioPC": 1.9880000000000002, "maxBatteryForMonth": 10, "ratioPc": "noData"}