{"bought": 36.58, "sold": 51.96, "Time_string": "Last update at 16:57 - 04/11/2024", "produce": 1.123, "consumption": 0.788, "ratioPC": 0.36899999999999994, "maxBatteryPerDay": 8.75, "maxAtThisDay": 35.0, "batteryLevelPercentage": -0.049267422070255404, "buyPrice": 0.149072, "sellPrice": 0.1, "batteryLevel": -1.7243597724589392, "maxBatteryForMonth": 100, "Temperature": 21.1, "ratioPc": "noData"}