{"bought": 125.54, "sold": 270.87, "Time_string": "Last update at 10:55 - 17/06/2024", "produce": 2.382, "consumption": 0.184, "ratioPC": 2.019, "maxBatteryPerDay": 8.75, "maxAtThisDay": 100, "batteryLevelPercentage": 0.5616414296447355, "buyPrice": 0.149072, "sellPrice": 0.1, "batteryLevel": 56.164142964473555, "maxBatteryForMonth": 100, "Temperature": 25.8, "ratioPc": "noData"}