{"bought": 143.0, "sold": 160.52, "Time_string": "Last update at 17:24 - 14/07/2023", "produce": 3.94, "consumption": 4.384, "buyPrice": 0.149072, "sellPrice": 0.1, "batteryLevel": -35.32048942792743, "maxBatteryPerDay": 8.75, "batteryLevelPercentage": -3.5320489427927426, "maxAtThisDay": 10, "ratioPC": -0.4440000000000004, "maxBatteryForMonth": 10, "ratioPc": "noData"}