{"bought": 66.37, "sold": 113.04, "Time_string": "Last update at 11:14 - 09/09/2024", "produce": 2.048, "consumption": 0.136, "ratioPC": 2.155, "maxBatteryPerDay": 8.75, "maxAtThisDay": 78.75, "batteryLevelPercentage": 0.12011593077000393, "buyPrice": 0.149072, "sellPrice": 0.1, "batteryLevel": 9.45912954813781, "maxBatteryForMonth": 100, "Temperature": 23.5, "ratioPc": "noData"}