{"bought": 31.16, "sold": 111.46, "Time_string": "Last update at 18:28 - 07/09/2023", "produce": 0.696, "consumption": 0.317, "ratioPC": 0.37899999999999995, "maxBatteryPerDay": 8.75, "maxAtThisDay": 10, "batteryLevelPercentage": 4.360923902543737, "buyPrice": 0.149072, "sellPrice": 0.1, "batteryLevel": 43.609239025437375, "maxBatteryForMonth": 10, "Temperature": 28.0, "ratioPc": "noData"}