{"bought": 69.22, "sold": 115.57, "Time_string": "Last update at 16:27 - 08/11/2024", "produce": 0.517, "consumption": 0.222, "ratioPC": 1.1789999999999998, "maxBatteryPerDay": 8.75, "maxAtThisDay": 70.0, "batteryLevelPercentage": 0.11866137168616514, "buyPrice": 0.149072, "sellPrice": 0.1, "batteryLevel": 8.30629601803156, "maxBatteryForMonth": 100, "Temperature": 21.1, "ratioPc": "noData"}