{"bought": 243.83, "sold": 393.29, "Time_string": "Last update at 16:54 - 29/06/2023", "produce": 4.11, "consumption": 0.118, "buyPrice": 0.149072, "sellPrice": 0.1, "batteryLevel": 19.995533970162086, "maxBatteryPerDay": 8.75, "batteryLevelPercentage": 0.19995533970162085, "maxAtThisDay": 100, "ratioPC": 3.9920000000000004, "maxBatteryForMonth": 100, "ratioPc": "noData"}