{"bought": 122.92, "sold": 83.27, "Time_string": "Last update at 16:27 - 11/08/2023", "produce": 4.285, "consumption": 3.884, "ratioPC": 0.40100000000000025, "maxBatteryPerDay": 8.75, "maxAtThisDay": 10, "batteryLevelPercentage": -6.706108618654073, "buyPrice": 0.149072, "sellPrice": 0.1, "batteryLevel": -67.06108618654073, "maxBatteryForMonth": 10, "Temperature": 42.5, "ratioPc": "noData"}