{"bought": 175.91, "sold": 105.62, "Time_string": "Last update at 15:16 - 19/01/2024", "produce": 0.817, "consumption": 0.163, "ratioPC": 1.4280000000000002, "maxBatteryPerDay": 8.75, "maxAtThisDay": 100, "batteryLevelPercentage": -1.0505833100783513, "buyPrice": 0.149072, "sellPrice": 0.1, "batteryLevel": -105.05833100783514, "maxBatteryForMonth": 100, "Temperature": 14.0, "ratioPc": "noData"}