{"bought": 336.74, "sold": 366.34, "Time_string": "Last update at 10:50 - 30/10/2024", "produce": 0.462, "consumption": 0.171, "ratioPC": 0.32999999999999996, "maxBatteryPerDay": 8.75, "maxAtThisDay": 100, "batteryLevelPercentage": -0.9099297842653218, "buyPrice": 0.149072, "sellPrice": 0.1, "batteryLevel": -90.99297842653218, "maxBatteryForMonth": 100, "Temperature": 13.0, "ratioPc": "noData"}