{"bought": 313.23, "sold": 366.36, "Time_string": "Last update at 09:03 - 30/07/2023", "produce": 0.182, "consumption": 0.168, "buyPrice": 0.149072, "sellPrice": 0.1, "batteryLevel": -67.46956209080179, "maxBatteryPerDay": 8.75, "batteryLevelPercentage": -6.746956209080179, "maxAtThisDay": 10, "ratioPC": 0.013999999999999985, "maxBatteryForMonth": 10, "ratioPc": "noData"}