{"bought": 104.9, "sold": 269.04, "Time_string": "Last update at 20:53 - 17/06/2023", "produce": 0.21, "consumption": 0.498, "ratioPc": null, "buyPrice": 0.149072, "sellPrice": 0.1, "batteryLevel": 75.5765482451433, "maxBatteryPerDay": 8.75, "batteryLevelPercentage": 0.5080776352614675, "maxAtThisDay": 148.75, "ratioPC": -0.28800000000000003}