{"bought": 59.43, "sold": 29.31, "Time_string": "Last update at 18:11 - 04/06/2024", "produce": 3.17, "consumption": 3.21, "ratioPC": -0.17499999999999982, "maxBatteryPerDay": 8.75, "maxAtThisDay": 35.0, "batteryLevelPercentage": -1.1362388567748662, "buyPrice": 0.149072, "sellPrice": 0.1, "batteryLevel": -39.76835998712032, "maxBatteryForMonth": 100, "Temperature": 29.8, "ratioPc": "noData"}