{"bought": 83.67, "sold": 246.42, "Time_string": "Last update at 12:32 - 16/10/2023", "produce": 0, "consumption": 0, "ratioPC": -1.1949999999999998, "maxBatteryPerDay": 8.75, "maxAtThisDay": 10, "batteryLevelPercentage": 8.16326725340775, "buyPrice": 0.149072, "sellPrice": 0.1, "batteryLevel": 81.63267253407749, "maxBatteryForMonth": 10, "Temperature": 22.5, "ratioPc": "noData"}