{"bought": 250.35, "sold": 208.0, "Time_string": "Last update at 17:24 - 30/12/2023", "produce": 0.501, "consumption": 0.287, "ratioPC": 0.6639999999999999, "maxBatteryPerDay": 8.75, "maxAtThisDay": 100, "batteryLevelPercentage": -1.108201084039927, "buyPrice": 0.149072, "sellPrice": 0.1, "batteryLevel": -110.82010840399269, "maxBatteryForMonth": 100, "Temperature": 13.2, "ratioPc": "noData"}