{"bought": 210.9, "sold": 215.18, "Time_string": "Last update at 15:09 - 19/10/2024", "produce": 4.743, "consumption": 0.236, "ratioPC": 4.464, "maxBatteryPerDay": 8.75, "maxAtThisDay": 100, "batteryLevelPercentage": -0.6655364387678437, "buyPrice": 0.149072, "sellPrice": 0.1, "batteryLevel": -66.55364387678438, "maxBatteryForMonth": 100, "Temperature": 22.1, "ratioPc": "noData"}