{"bought": 6.51, "sold": 7.62, "Time_string": "Last update at 10:20 - 02/11/2024", "produce": 2.337, "consumption": 0.149, "ratioPC": 1.9800000000000002, "maxBatteryPerDay": 8.75, "maxAtThisDay": 17.5, "batteryLevelPercentage": -0.07990720495561107, "buyPrice": 0.149072, "sellPrice": 0.1, "batteryLevel": -1.3983760867231938, "maxBatteryForMonth": 100, "Temperature": 17.7, "ratioPc": "noData"}