{"bought": 109.98, "sold": 162.33, "Time_string": "Last update at 13:53 - 12/06/2024", "produce": 4.67, "consumption": 0.641, "ratioPC": 4.47, "maxBatteryPerDay": 8.75, "maxAtThisDay": 100, "batteryLevelPercentage": -0.010863110443275871, "buyPrice": 0.149072, "sellPrice": 0.1, "batteryLevel": -1.0863110443275872, "maxBatteryForMonth": 100, "Temperature": 27.8, "ratioPc": "noData"}