{"bought": 51.51, "sold": 57.42, "Time_string": "Last update at 12:28 - 04/10/2024", "produce": 4.023, "consumption": 0.124, "ratioPC": 3.6229999999999998, "maxBatteryPerDay": 8.75, "maxAtThisDay": 35.0, "batteryLevelPercentage": -0.37119143194467846, "buyPrice": 0.149072, "sellPrice": 0.1, "batteryLevel": -12.991700118063747, "maxBatteryForMonth": 100, "Temperature": 24.9, "ratioPc": "noData"}