{"bought": 26.87, "sold": 97.5, "Time_string": "Last update at 16:49 - 06/09/2023", "produce": 2.776, "consumption": 0.915, "ratioPC": 1.8609999999999998, "maxBatteryPerDay": 8.75, "maxAtThisDay": 10, "batteryLevelPercentage": 3.853463668562841, "buyPrice": 0.149072, "sellPrice": 0.1, "batteryLevel": 38.53463668562841, "maxBatteryForMonth": 10, "Temperature": 30.0, "ratioPc": "noData"}