{"bought": 181.32, "sold": 350.7, "Time_string": "Last update at 18:28 - 16/05/2024", "produce": 2.096, "consumption": 8.562, "ratioPC": -6.957, "maxBatteryPerDay": 8.75, "maxAtThisDay": 100, "batteryLevelPercentage": 0.5393544703230654, "buyPrice": 0.149072, "sellPrice": 0.1, "batteryLevel": 53.93544703230654, "maxBatteryForMonth": 100, "Temperature": 21.0, "ratioPc": "noData"}