{"bought": 301.29, "sold": 395.83, "Time_string": "Last update at 09:02 - 28/09/2024", "produce": 0.15, "consumption": 0.136, "ratioPC": -0.008000000000000007, "maxBatteryPerDay": 8.75, "maxAtThisDay": 100, "batteryLevelPercentage": -0.3576059139207905, "buyPrice": 0.149072, "sellPrice": 0.1, "batteryLevel": -35.76059139207905, "maxBatteryForMonth": 100, "Temperature": 16.1, "ratioPc": "noData"}