{"bought": 7.46, "sold": 17.33, "Time_string": "Last update at 10:52 - 02/09/2023", "produce": 2.014, "consumption": 0.931, "ratioPC": 1.0829999999999997, "maxBatteryPerDay": 8.75, "maxAtThisDay": 10, "batteryLevelPercentage": 0.4165254910378876, "buyPrice": 0.149072, "sellPrice": 0.1, "batteryLevel": 4.165254910378876, "maxBatteryForMonth": 10, "Temperature": 23.7, "ratioPc": "noData"}