{"bought": 164.71, "sold": 349.61, "Time_string": "Last update at 14:28 - 16/05/2024", "produce": 4.28, "consumption": 0.269, "ratioPC": 2.796, "maxBatteryPerDay": 8.75, "maxAtThisDay": 100, "batteryLevelPercentage": 0.6981425673500056, "buyPrice": 0.149072, "sellPrice": 0.1, "batteryLevel": 69.81425673500055, "maxBatteryForMonth": 100, "Temperature": 20.0, "ratioPc": "noData"}