{"bought": 83.66, "sold": 109.42, "Time_string": "Last update at 09:44 - 08/10/2024", "produce": 0.613, "consumption": 0.144, "ratioPC": 0.42600000000000005, "maxBatteryPerDay": 8.75, "maxAtThisDay": 70.0, "batteryLevelPercentage": -0.1465603888437418, "buyPrice": 0.149072, "sellPrice": 0.1, "batteryLevel": -10.259227219061927, "maxBatteryForMonth": 100, "Temperature": 16.5, "ratioPc": "noData"}