{"bought": 191.46, "sold": 441.51, "Time_string": "Last update at 08:22 - 20/05/2024", "produce": 0.151, "consumption": 0.164, "ratioPC": -0.027999999999999997, "maxBatteryPerDay": 8.75, "maxAtThisDay": 100, "batteryLevelPercentage": 1.0471231941612107, "buyPrice": 0.149072, "sellPrice": 0.1, "batteryLevel": 104.71231941612106, "maxBatteryForMonth": 100, "Temperature": 12.7, "ratioPc": "noData"}