{"bought": 109.4, "sold": 152.09, "Time_string": "Last update at 16:27 - 12/07/2023", "produce": 4.468, "consumption": 3.83, "buyPrice": 0.149072, "sellPrice": 0.1, "batteryLevel": -7.375474938284853, "maxBatteryPerDay": 8.75, "batteryLevelPercentage": -0.7375474938284853, "maxAtThisDay": 10, "ratioPC": 0.6379999999999999, "maxBatteryForMonth": 10, "ratioPc": "noData"}