{"bought": 196.96, "sold": 183.48, "Time_string": "Last update at 15:47 - 26/12/2023", "produce": 2.495, "consumption": 5.422, "ratioPC": -2.562, "maxBatteryPerDay": 8.75, "maxAtThisDay": 100, "batteryLevelPercentage": -0.7387853600944513, "buyPrice": 0.149072, "sellPrice": 0.1, "batteryLevel": -73.87853600944513, "maxBatteryForMonth": 100, "Temperature": 13.8, "ratioPc": "noData"}