{"bought": 29.29, "sold": 45.56, "Time_string": "Last update at 18:10 - 04/08/2023", "produce": 3.286, "consumption": 3.59, "ratioPC": -0.3039999999999998, "maxBatteryPerDay": 8.75, "maxAtThisDay": 10, "batteryLevelPercentage": 0.12724127938177504, "buyPrice": 0.149072, "sellPrice": 0.1, "batteryLevel": 1.2724127938177503, "maxBatteryForMonth": 10, "Temperature": 36.8, "ratioPc": "noData"}