{"bought": 83.56, "sold": 245.71, "Time_string": "Last update at 11:30 - 16/10/2023", "produce": 1.318, "consumption": 0.864, "ratioPC": 0.45400000000000007, "maxBatteryPerDay": 8.75, "maxAtThisDay": 10, "batteryLevelPercentage": 8.12663926156488, "buyPrice": 0.149072, "sellPrice": 0.1, "batteryLevel": 81.26639261564881, "maxBatteryForMonth": 10, "Temperature": 21.0, "ratioPc": "noData"}