{"bought": 154.12, "sold": 393.73, "Time_string": "Last update at 10:36 - 28/10/2023", "produce": 1.538, "consumption": 0.434, "ratioPC": 1.104, "maxBatteryPerDay": 8.75, "maxAtThisDay": 10, "batteryLevelPercentage": 11.000069335623056, "buyPrice": 0.149072, "sellPrice": 0.1, "batteryLevel": 110.00069335623056, "maxBatteryForMonth": 10, "Temperature": 16.2, "ratioPc": "noData"}