{"bought": 244.71, "sold": 281.69, "Time_string": "Last update at 18:18 - 23/07/2023", "produce": 2.975, "consumption": 1.566, "buyPrice": 0.149072, "sellPrice": 0.1, "batteryLevel": -55.74761940538801, "maxBatteryPerDay": 8.75, "batteryLevelPercentage": -5.574761940538801, "maxAtThisDay": 10, "ratioPC": 1.409, "maxBatteryForMonth": 10, "ratioPc": "noData"}