{"bought": 233.32, "sold": 643.58, "Time_string": "Last update at 15:54 - 27/05/2024", "produce": 4.787, "consumption": 1.585, "ratioPC": 3.3040000000000003, "maxBatteryPerDay": 8.75, "maxAtThisDay": 100, "batteryLevelPercentage": 1.9840426746806912, "buyPrice": 0.149072, "sellPrice": 0.1, "batteryLevel": 198.40426746806912, "maxBatteryForMonth": 100, "Temperature": 32.0, "ratioPc": "noData"}