{"bought": 159.73, "sold": 146.98, "Time_string": "Last update at 15:25 - 22/12/2023", "produce": 3.47, "consumption": 0.504, "ratioPC": 1.6550000000000002, "maxBatteryPerDay": 8.75, "maxAtThisDay": 100, "batteryLevelPercentage": -0.611333487173983, "buyPrice": 0.149072, "sellPrice": 0.1, "batteryLevel": -61.13334871739829, "maxBatteryForMonth": 100, "Temperature": 17.4, "ratioPc": "noData"}