{"bought": 96.06, "sold": 141.02, "Time_string": "Last update at 12:07 - 11/07/2023", "produce": 3.295, "consumption": 3.887, "buyPrice": 0.149072, "sellPrice": 0.1, "batteryLevel": -1.46141676505313, "maxBatteryPerDay": 8.75, "batteryLevelPercentage": -0.146141676505313, "maxAtThisDay": 10, "ratioPC": -0.5920000000000001, "maxBatteryForMonth": 10, "ratioPc": "noData"}