{"bought": 48.79, "sold": 16.98, "Time_string": "Last update at 17:50 - 05/12/2023", "produce": 0.032, "consumption": 0.115, "ratioPC": -0.083, "maxBatteryPerDay": 8.75, "maxAtThisDay": 43.75, "batteryLevelPercentage": -0.8548464220549227, "buyPrice": 0.149072, "sellPrice": 0.1, "batteryLevel": -37.399530964902866, "maxBatteryForMonth": 100, "Temperature": 12.2, "ratioPc": "noData"}