{"bought": 247.78, "sold": 362.02, "Time_string": "Last update at 21:24 - 21/06/2024", "produce": 0.006, "consumption": 0.229, "ratioPC": -0.09, "maxBatteryPerDay": 8.75, "maxAtThisDay": 100, "batteryLevelPercentage": -0.04930906944295401, "buyPrice": 0.149072, "sellPrice": 0.1, "batteryLevel": -4.930906944295401, "maxBatteryForMonth": 100, "Temperature": 27.2, "ratioPc": "noData"}