{"bought": 396.43, "sold": 372.33, "Time_string": "Last update at 18:30 - 31/10/2024", "produce": 0.022, "consumption": 0.223, "ratioPC": -0.155, "maxBatteryPerDay": 8.75, "maxAtThisDay": 100, "batteryLevelPercentage": -1.4666478587528178, "buyPrice": 0.149072, "sellPrice": 0.1, "batteryLevel": -146.66478587528178, "maxBatteryForMonth": 100, "Temperature": 17.0, "ratioPc": "noData"}