{"bought": 177.42, "sold": 367.2, "Time_string": "Last update at 07:28 - 25/06/2023", "produce": 0.046, "consumption": 0.095, "ratioPc": "noData", "buyPrice": 0.149072, "sellPrice": 0.1, "batteryLevel": 68.9039240098744, "maxBatteryPerDay": 8.75, "batteryLevelPercentage": 0.31498936690228296, "maxAtThisDay": 218.75, "ratioPC": -0.049}