{"bought": 138.92, "sold": 89.81, "Time_string": "Last update at 17:48 - 12/08/2023", "produce": 3.51, "consumption": 3.648, "ratioPC": -0.13800000000000034, "maxBatteryPerDay": 8.75, "maxAtThisDay": 10, "batteryLevelPercentage": -7.867394440270473, "buyPrice": 0.149072, "sellPrice": 0.1, "batteryLevel": -78.67394440270473, "maxBatteryForMonth": 10, "Temperature": 40.4, "ratioPc": "noData"}