{"bought": 249.69, "sold": 281.98, "Time_string": "Last update at 20:30 - 23/07/2023", "produce": 0.367, "consumption": 1.801, "buyPrice": 0.149072, "sellPrice": 0.1, "batteryLevel": -60.53308253729739, "maxBatteryPerDay": 8.75, "batteryLevelPercentage": -6.053308253729739, "maxAtThisDay": 10, "ratioPC": -1.434, "maxBatteryForMonth": 10, "ratioPc": "noData"}