{"bought": 132.75, "sold": 333.7, "Time_string": "Last update at 17:57 - 21/06/2023", "produce": 3.493, "consumption": 0.969, "ratioPc": "noData", "buyPrice": 0.149072, "sellPrice": 0.1, "batteryLevel": 91.101561661479, "maxBatteryPerDay": 8.75, "batteryLevelPercentage": 0.495790811763151, "maxAtThisDay": 183.75, "ratioPC": 2.524}