{"bought": 163.39, "sold": 105.35, "Time_string": "Last update at 19:13 - 14/08/2023", "produce": 2.025, "consumption": 1.776, "ratioPC": 0.2489999999999999, "maxBatteryPerDay": 8.75, "maxAtThisDay": 10, "batteryLevelPercentage": -9.271945154019534, "buyPrice": 0.149072, "sellPrice": 0.1, "batteryLevel": -92.71945154019534, "maxBatteryForMonth": 10, "Temperature": 33.8, "ratioPc": "noData"}