{"bought": 314.14, "sold": 369.98, "Time_string": "Last update at 14:43 - 30/07/2023", "produce": 4.757, "consumption": 4.333, "buyPrice": 0.149072, "sellPrice": 0.1, "batteryLevel": -65.95120532360198, "maxBatteryPerDay": 8.75, "batteryLevelPercentage": -6.595120532360198, "maxAtThisDay": 10, "ratioPC": 0.4239999999999995, "maxBatteryForMonth": 10, "ratioPc": "noData"}