{"bought": 216.68, "sold": 375.2, "Time_string": "Last update at 11:02 - 27/06/2023", "produce": 2.396, "consumption": 3.96, "buyPrice": 0.149072, "sellPrice": 0.1, "batteryLevel": 35.01045830202855, "maxBatteryPerDay": 8.75, "batteryLevelPercentage": 0.3501045830202855, "maxAtThisDay": 100, "ratioPC": -1.564, "maxBatteryForMonth": 100, "ratioPc": "noData"}