{"bought": 50.66, "sold": 203.75, "Time_string": "Last update at 14:19 - 12/09/2023", "produce": 4.911, "consumption": 2.589, "ratioPC": 2.3219999999999996, "maxBatteryPerDay": 8.75, "maxAtThisDay": 10, "batteryLevelPercentage": 8.601892025330041, "buyPrice": 0.149072, "sellPrice": 0.1, "batteryLevel": 86.01892025330042, "maxBatteryForMonth": 10, "Temperature": 28.3, "ratioPc": "noData"}