{"bought": 184.51, "sold": 356.38, "Time_string": "Last update at 12:08 - 17/05/2024", "produce": 4.959, "consumption": 0.184, "ratioPC": 1.1829999999999998, "maxBatteryPerDay": 8.75, "maxAtThisDay": 100, "batteryLevelPercentage": 0.5455568637973596, "buyPrice": 0.149072, "sellPrice": 0.1, "batteryLevel": 54.55568637973596, "maxBatteryForMonth": 100, "Temperature": 20.1, "ratioPc": "noData"}