{"bought": 250.43, "sold": 362.03, "Time_string": "Last update at 09:10 - 22/06/2024", "produce": 0.275, "consumption": 0.265, "ratioPC": -0.0040000000000000036, "maxBatteryPerDay": 8.75, "maxAtThisDay": 100, "batteryLevelPercentage": -0.07574198776430223, "buyPrice": 0.149072, "sellPrice": 0.1, "batteryLevel": -7.574198776430222, "maxBatteryForMonth": 100, "Temperature": 21.5, "ratioPc": "noData"}