{"bought": 404.78, "sold": 64.13, "Time_string": "Last update at 11:37 - 19/08/2024", "produce": 2.955, "consumption": 4.68, "ratioPC": -1.9620000000000002, "maxBatteryPerDay": 8.75, "maxAtThisDay": 100, "batteryLevelPercentage": -3.617605194805195, "buyPrice": 0.149072, "sellPrice": 0.1, "batteryLevel": -361.76051948051946, "maxBatteryForMonth": 100, "Temperature": 33.6, "ratioPc": "noData"}