{"bought": 222.37, "sold": 120.6, "Time_string": "Last update at 10:12 - 22/01/2024", "produce": 1.402, "consumption": 0.464, "ratioPC": 0.419, "maxBatteryPerDay": 8.75, "maxAtThisDay": 100, "batteryLevelPercentage": -1.4146949554577655, "buyPrice": 0.149072, "sellPrice": 0.1, "batteryLevel": -141.46949554577654, "maxBatteryForMonth": 100, "Temperature": 8.6, "ratioPc": "noData"}