{"bought": 230.21, "sold": 625.65, "Time_string": "Last update at 18:19 - 26/05/2024", "produce": 2.677, "consumption": 4.94, "ratioPC": -2.453, "maxBatteryPerDay": 8.75, "maxAtThisDay": 100, "batteryLevelPercentage": 1.8948652248577864, "buyPrice": 0.149072, "sellPrice": 0.1, "batteryLevel": 189.48652248577864, "maxBatteryForMonth": 100, "Temperature": 32.7, "ratioPc": "noData"}