{"bought": 231.56, "sold": 32.42, "Time_string": "Last update at 14:45 - 11/08/2024", "produce": 4.765, "consumption": 5.456, "ratioPC": -0.5550000000000006, "maxBatteryPerDay": 8.75, "maxAtThisDay": 96.25, "batteryLevelPercentage": -2.1798661795433287, "buyPrice": 0.149072, "sellPrice": 0.1, "batteryLevel": -209.8121197810454, "maxBatteryForMonth": 100, "Temperature": 35.8, "ratioPc": "noData"}