{"bought": 107.66, "sold": 258.0, "Time_string": "Last update at 12:13 - 13/05/2024", "produce": 3.74, "consumption": 0.276, "ratioPC": 3.4240000000000004, "maxBatteryPerDay": 8.75, "maxAtThisDay": 100, "batteryLevelPercentage": 0.6541073092197058, "buyPrice": 0.149072, "sellPrice": 0.1, "batteryLevel": 65.41073092197058, "maxBatteryForMonth": 100, "Temperature": 25.4, "ratioPc": "noData"}