{"bought": 194.17, "sold": 475.16, "Time_string": "Last update at 11:51 - 21/05/2024", "produce": 3.579, "consumption": 0.152, "ratioPC": 3.1079999999999997, "maxBatteryPerDay": 8.75, "maxAtThisDay": 100, "batteryLevelPercentage": 1.245753042824944, "buyPrice": 0.149072, "sellPrice": 0.1, "batteryLevel": 124.57530428249439, "maxBatteryForMonth": 100, "Temperature": 19.9, "ratioPc": "noData"}