{"bought": 123.66, "sold": 64.45, "Time_string": "Last update at 15:31 - 12/01/2024", "produce": 3.885, "consumption": 2.788, "ratioPC": 0.9520000000000004, "maxBatteryPerDay": 8.75, "maxAtThisDay": 100, "batteryLevelPercentage": -0.8042585810883331, "buyPrice": 0.149072, "sellPrice": 0.1, "batteryLevel": -80.42585810883331, "maxBatteryForMonth": 100, "Temperature": 16.5, "ratioPc": "noData"}