{"bought": 111.16, "sold": 43.5, "Time_string": "Last update at 17:04 - 10/01/2024", "produce": 1.373, "consumption": 0.201, "ratioPC": 1.2189999999999999, "maxBatteryPerDay": 8.75, "maxAtThisDay": 87.5, "batteryLevelPercentage": -0.936908226130422, "buyPrice": 0.149072, "sellPrice": 0.1, "batteryLevel": -81.97946978641193, "maxBatteryForMonth": 100, "Temperature": 13.1, "ratioPc": "noData"}