{"bought": 33.56, "sold": 38.11, "Time_string": "Last update at 08:47 - 04/07/2023", "produce": 0.428, "consumption": 0.273, "buyPrice": 0.149072, "sellPrice": 0.1, "batteryLevel": -7.9951722657507815, "maxBatteryPerDay": 8.75, "batteryLevelPercentage": -0.7995172265750782, "maxAtThisDay": 10, "ratioPC": 0.15499999999999997, "maxBatteryForMonth": 10, "ratioPc": "noData"}