{"bought": 154.31, "sold": 290.37, "Time_string": "Last update at 10:24 - 18/06/2024", "produce": 0.883, "consumption": 0.223, "ratioPC": -0.31699999999999995, "maxBatteryPerDay": 8.75, "maxAtThisDay": 100, "batteryLevelPercentage": 0.4047507030159923, "buyPrice": 0.149072, "sellPrice": 0.1, "batteryLevel": 40.47507030159923, "maxBatteryForMonth": 100, "Temperature": 21.8, "ratioPc": "noData"}