{"bought": 193.86, "sold": 426.36, "Time_string": "Last update at 17:29 - 26/11/2023", "produce": 0.256, "consumption": 0.221, "ratioPC": 0.035, "maxBatteryPerDay": 8.75, "maxAtThisDay": 100, "batteryLevelPercentage": 0.9214944510035417, "buyPrice": 0.149072, "sellPrice": 0.1, "batteryLevel": 92.14944510035417, "maxBatteryForMonth": 100, "Temperature": 15.5, "ratioPc": "noData"}