{"bought": 47.18, "sold": 52.34, "Time_string": "Last update at 18:56 - 03/10/2024", "produce": 0.835, "consumption": 0.144, "ratioPC": 0.5459999999999999, "maxBatteryPerDay": 8.75, "maxAtThisDay": 26.25, "batteryLevelPercentage": -0.4597885483269189, "buyPrice": 0.149072, "sellPrice": 0.1, "batteryLevel": -12.069449393581621, "maxBatteryForMonth": 100, "Temperature": 29.1, "ratioPc": "noData"}