{"bought": 476.91, "sold": 72.0, "Time_string": "Last update at 13:57 - 22/08/2024", "produce": 4.603, "consumption": 3.712, "ratioPC": 0.9940000000000002, "maxBatteryPerDay": 8.75, "maxAtThisDay": 100, "batteryLevelPercentage": -4.286111913706129, "buyPrice": 0.149072, "sellPrice": 0.1, "batteryLevel": -428.6111913706129, "maxBatteryForMonth": 100, "Temperature": 31.9, "ratioPc": "noData"}