{"bought": 39.5, "sold": 104.69, "Time_string": "Last update at 12:28 - 07/10/2023", "produce": 2.671, "consumption": 0.184, "ratioPC": 2.4869999999999997, "maxBatteryPerDay": 8.75, "maxAtThisDay": 10, "batteryLevelPercentage": 3.0727809380701943, "buyPrice": 0.149072, "sellPrice": 0.1, "batteryLevel": 30.72780938070194, "maxBatteryForMonth": 10, "Temperature": 31.0, "ratioPc": "noData"}