{"bought": 236.42, "sold": 386.81, "Time_string": "Last update at 01:44 - 29/06/2023", "produce": 0.0, "consumption": 0.132, "buyPrice": 0.149072, "sellPrice": 0.1, "batteryLevel": 23.058641193517275, "maxBatteryPerDay": 8.75, "batteryLevelPercentage": 0.23058641193517274, "maxAtThisDay": 100, "ratioPC": -0.132, "maxBatteryForMonth": 100, "ratioPc": "noData"}