{"bought": 216.86, "sold": 605.46, "Time_string": "Last update at 17:49 - 25/05/2024", "produce": 3.283, "consumption": 0.175, "ratioPC": 3.29, "maxBatteryPerDay": 8.75, "maxAtThisDay": 100, "batteryLevelPercentage": 1.8929273156595467, "buyPrice": 0.149072, "sellPrice": 0.1, "batteryLevel": 189.29273156595468, "maxBatteryForMonth": 100, "Temperature": 32.2, "ratioPc": "noData"}