{"bought": 121.18, "sold": 135.24, "Time_string": "Last update at 11:27 - 11/11/2024", "produce": 3.715, "consumption": 1.472, "ratioPC": 2.4539999999999997, "maxBatteryPerDay": 8.75, "maxAtThisDay": 96.25, "batteryLevelPercentage": -0.31645441860918955, "buyPrice": 0.149072, "sellPrice": 0.1, "batteryLevel": -30.458737791134496, "maxBatteryForMonth": 100, "Temperature": 18.9, "ratioPc": "noData"}