{"bought": 66.17, "sold": 101.42, "Time_string": "Last update at 13:42 - 07/11/2024", "produce": 4.278, "consumption": 0.269, "ratioPC": 4.25, "maxBatteryPerDay": 8.75, "maxAtThisDay": 61.25, "batteryLevelPercentage": 0.03043654675565616, "buyPrice": 0.149072, "sellPrice": 0.1, "batteryLevel": 1.8642384887839398, "maxBatteryForMonth": 100, "Temperature": 22.7, "ratioPc": "noData"}