{"bought": 174.15, "sold": 408.69, "Time_string": "Last update at 17:44 - 24/11/2023", "produce": 0.081, "consumption": 0.156, "ratioPC": -0.075, "maxBatteryPerDay": 8.75, "maxAtThisDay": 100, "batteryLevelPercentage": 1.0000611248255873, "buyPrice": 0.149072, "sellPrice": 0.1, "batteryLevel": 100.00611248255873, "maxBatteryForMonth": 100, "Temperature": 15.5, "ratioPc": "noData"}