{"bought": 112.62, "sold": 198.99, "Time_string": "Last update at 16:17 - 13/06/2024", "produce": 4.724, "consumption": 0.24, "ratioPC": 3.0709999999999997, "maxBatteryPerDay": 8.75, "maxAtThisDay": 100, "batteryLevelPercentage": 0.2086583234946872, "buyPrice": 0.149072, "sellPrice": 0.1, "batteryLevel": 20.865832349468718, "maxBatteryForMonth": 100, "Temperature": 31.3, "ratioPc": "noData"}