{"bought": 303.81, "sold": 214.14, "Time_string": "Last update at 13:23 - 25/08/2023", "produce": 4.056, "consumption": 3.479, "ratioPC": 0.577, "maxBatteryPerDay": 8.75, "maxAtThisDay": 10, "batteryLevelPercentage": -16.016129333476442, "buyPrice": 0.149072, "sellPrice": 0.1, "batteryLevel": -160.16129333476442, "maxBatteryForMonth": 10, "Temperature": 38.8, "ratioPc": "noData"}