{"bought": 135.82, "sold": 335.12, "Time_string": "Last update at 20:14 - 21/06/2023", "produce": 0.451, "consumption": 1.525, "ratioPc": "noData", "buyPrice": 0.149072, "sellPrice": 0.1, "batteryLevel": 88.98412149833638, "maxBatteryPerDay": 8.75, "batteryLevelPercentage": 0.48426732788210275, "maxAtThisDay": 183.75, "ratioPC": -1.0739999999999998}