{"bought": 86.57, "sold": 129.84, "Time_string": "Last update at 11:38 - 09/10/2024", "produce": 0.872, "consumption": 0.137, "ratioPC": 1.193, "maxBatteryPerDay": 8.75, "maxAtThisDay": 78.75, "batteryLevelPercentage": 0.006715575386177743, "buyPrice": 0.149072, "sellPrice": 0.1, "batteryLevel": 0.5288515616614973, "maxBatteryForMonth": 100, "Temperature": 21.6, "ratioPc": "noData"}