{"bought": 138.29, "sold": 139.23, "Time_string": "Last update at 14:59 - 20/12/2023", "produce": 1.061, "consumption": 0.628, "ratioPC": -1.793, "maxBatteryPerDay": 8.75, "maxAtThisDay": 100, "batteryLevelPercentage": -0.44892178812922606, "buyPrice": 0.149072, "sellPrice": 0.1, "batteryLevel": -44.89217881292261, "maxBatteryForMonth": 100, "Temperature": 12.0, "ratioPc": "noData"}