{"bought": 647.65, "sold": 101.83, "Time_string": "Last update at 17:21 - 29/08/2024", "produce": 3.75, "consumption": 3.545, "ratioPC": 0.8010000000000002, "maxBatteryPerDay": 8.75, "maxAtThisDay": 100, "batteryLevelPercentage": -5.793407266287431, "buyPrice": 0.149072, "sellPrice": 0.1, "batteryLevel": -579.3407266287431, "maxBatteryForMonth": 100, "Temperature": 32.0, "ratioPc": "noData"}