{"bought": 83.88, "sold": 125.96, "Time_string": "Last update at 17:14 - 08/10/2024", "produce": 2.837, "consumption": 0.095, "ratioPC": 3.896, "maxBatteryPerDay": 8.75, "maxAtThisDay": 70.0, "batteryLevelPercentage": 0.0088011775709532, "buyPrice": 0.149072, "sellPrice": 0.1, "batteryLevel": 0.616082429966724, "maxBatteryForMonth": 100, "Temperature": 23.8, "ratioPc": "noData"}