{"bought": 2.14, "sold": 15.6, "Time_string": "Last update at 17:55 - 01/09/2023", "produce": 3.224, "consumption": 1.652, "ratioPC": 1.5720000000000003, "maxBatteryPerDay": 8.75, "maxAtThisDay": 8.75, "batteryLevelPercentage": 0.9513990708229195, "buyPrice": 0.149072, "sellPrice": 0.1, "batteryLevel": 8.324741869700546, "maxBatteryForMonth": 10, "Temperature": 31.2, "ratioPc": "noData"}