{"bought": 364.92, "sold": 263.87, "Time_string": "Last update at 17:21 - 29/08/2023", "produce": 3.72, "consumption": 2.339, "ratioPC": 1.3810000000000002, "maxBatteryPerDay": 8.75, "maxAtThisDay": 10, "batteryLevelPercentage": -18.791157454116135, "buyPrice": 0.149072, "sellPrice": 0.1, "batteryLevel": -187.91157454116134, "maxBatteryForMonth": 10, "Temperature": 36.4, "ratioPc": "noData"}