{"bought": 193.65, "sold": 320.13, "Time_string": "Last update at 21:52 - 19/06/2024", "produce": 0.0, "consumption": 4.547, "ratioPC": -6.0760000000000005, "maxBatteryPerDay": 8.75, "maxAtThisDay": 100, "batteryLevelPercentage": 0.2109857786841255, "buyPrice": 0.149072, "sellPrice": 0.1, "batteryLevel": 21.098577868412548, "maxBatteryForMonth": 100, "Temperature": 18.1, "ratioPc": "noData"}