{"bought": 144.56, "sold": 140.33, "Time_string": "Last update at 10:23 - 21/12/2023", "produce": 1.834, "consumption": 0.301, "ratioPC": 1.296, "maxBatteryPerDay": 8.75, "maxAtThisDay": 100, "batteryLevelPercentage": -0.5042428034775142, "buyPrice": 0.149072, "sellPrice": 0.1, "batteryLevel": -50.42428034775142, "maxBatteryForMonth": 100, "Temperature": 7.8, "ratioPc": "noData"}