{"bought": 7.48, "sold": 24.08, "Time_string": "Last update at 14:04 - 02/09/2023", "produce": 1.529, "consumption": 0.326, "ratioPC": 1.2029999999999998, "maxBatteryPerDay": 8.75, "maxAtThisDay": 10, "batteryLevelPercentage": 0.8673268219383921, "buyPrice": 0.149072, "sellPrice": 0.1, "batteryLevel": 8.673268219383921, "maxBatteryForMonth": 10, "Temperature": 27.0, "ratioPc": "noData"}