{"bought": 194.21, "sold": 172.18, "Time_string": "Last update at 08:38 - 19/08/2023", "produce": 0.113, "consumption": 0.328, "ratioPC": -0.21500000000000002, "maxBatteryPerDay": 8.75, "maxAtThisDay": 10, "batteryLevelPercentage": -7.870876569711283, "buyPrice": 0.149072, "sellPrice": 0.1, "batteryLevel": -78.70876569711282, "maxBatteryForMonth": 10, "Temperature": 22.9, "ratioPc": "noData"}