{"bought": 205.52, "sold": 537.29, "Time_string": "Last update at 13:05 - 23/05/2024", "produce": 4.646, "consumption": 1.327, "ratioPC": 2.635, "maxBatteryPerDay": 8.75, "maxAtThisDay": 100, "batteryLevelPercentage": 1.5490315122893632, "buyPrice": 0.149072, "sellPrice": 0.1, "batteryLevel": 154.9031512289363, "maxBatteryForMonth": 100, "Temperature": 26.2, "ratioPc": "noData"}