{"bought": 109.25, "sold": 269.77, "Time_string": "Last update at 10:52 - 18/06/2023", "produce": 2.251, "consumption": 0.965, "ratioPc": null, "buyPrice": 0.149072, "sellPrice": 0.1, "batteryLevel": 71.71624449930235, "maxBatteryPerDay": 8.75, "batteryLevelPercentage": 0.4553412349162054, "maxAtThisDay": 157.5, "ratioPC": 1.286}