{"bought": 255.71, "sold": 309.67, "Time_string": "Last update at 03:31 - 23/09/2024", "produce": 0.0, "consumption": 0.097, "ratioPC": -0.132, "maxBatteryPerDay": 8.75, "maxAtThisDay": 100, "batteryLevelPercentage": -0.47978165718578936, "buyPrice": 0.149072, "sellPrice": 0.1, "batteryLevel": -47.978165718578936, "maxBatteryForMonth": 100, "Temperature": 17.5, "ratioPc": "noData"}