{"bought": 160.08, "sold": 148.52, "Time_string": "Last update at 16:45 - 22/12/2023", "produce": 1.55, "consumption": 0.38, "ratioPC": 0.3668, "maxBatteryPerDay": 8.75, "maxAtThisDay": 100, "batteryLevelPercentage": -0.6045029086615864, "buyPrice": 0.149072, "sellPrice": 0.1, "batteryLevel": -60.45029086615864, "maxBatteryForMonth": 100, "Temperature": 16.5, "ratioPc": "noData"}