{"bought": 242.62, "sold": 386.81, "Time_string": "Last update at 07:01 - 29/06/2023", "produce": 0.0, "consumption": 0.265, "buyPrice": 0.149072, "sellPrice": 0.1, "batteryLevel": 16.858641193517258, "maxBatteryPerDay": 8.75, "batteryLevelPercentage": 0.16858641193517257, "maxAtThisDay": 100, "ratioPC": -0.265, "maxBatteryForMonth": 100, "ratioPc": "noData"}