{"bought": 17.98, "sold": 3.65, "Time_string": "Last update at 19:11 - 01/06/2024", "produce": 1.863, "consumption": 2.81, "ratioPC": -1.3940000000000001, "maxBatteryPerDay": 8.75, "maxAtThisDay": 8.75, "batteryLevelPercentage": -1.7750307119091064, "buyPrice": 0.149072, "sellPrice": 0.1, "batteryLevel": -15.53151872920468, "maxBatteryForMonth": 100, "Temperature": 32.6, "ratioPc": "noData"}