{"bought": 119.24, "sold": 287.52, "Time_string": "Last update at 11:15 - 19/06/2023", "produce": 2.861, "consumption": 0.805, "ratioPc": "noData", "buyPrice": 0.149072, "sellPrice": 0.1, "batteryLevel": 73.6332424600193, "maxBatteryPerDay": 8.75, "batteryLevelPercentage": 0.4429067215640259, "maxAtThisDay": 166.25, "ratioPC": 2.056}