{"bought": 107.58, "sold": 155.32, "Time_string": "Last update at 22:13 - 11/06/2024", "produce": 0.0, "consumption": 0.264, "ratioPC": -0.225, "maxBatteryPerDay": 8.75, "maxAtThisDay": 96.25, "batteryLevelPercentage": -0.03520765421119612, "buyPrice": 0.149072, "sellPrice": 0.1, "batteryLevel": -3.3887367178276264, "maxBatteryForMonth": 100, "Temperature": 21.6, "ratioPc": "noData"}