{"bought": 92.56, "sold": 439.98, "Time_string": "Last update at 16:56 - 23/09/2023", "produce": 4.208, "consumption": 2.242, "ratioPC": 1.9660000000000002, "maxBatteryPerDay": 8.75, "maxAtThisDay": 10, "batteryLevelPercentage": 20.25859697327466, "buyPrice": 0.149072, "sellPrice": 0.1, "batteryLevel": 202.5859697327466, "maxBatteryForMonth": 10, "Temperature": 28.9, "ratioPc": "noData"}