{"bought": 325.88, "sold": 359.21, "Time_string": "Last update at 13:50 - 28/10/2024", "produce": 2.495, "consumption": 1.162, "ratioPC": 1.461, "maxBatteryPerDay": 8.75, "maxAtThisDay": 100, "batteryLevelPercentage": -0.8491590211441453, "buyPrice": 0.149072, "sellPrice": 0.1, "batteryLevel": -84.91590211441454, "maxBatteryForMonth": 100, "Temperature": 18.8, "ratioPc": "noData"}