{"bought": 42.65, "sold": 53.09, "Time_string": "Last update at 11:50 - 05/07/2023", "produce": 3.372, "consumption": 1.743, "buyPrice": 0.149072, "sellPrice": 0.1, "batteryLevel": -7.036336803692173, "maxBatteryPerDay": 8.75, "batteryLevelPercentage": -0.7036336803692173, "maxAtThisDay": 10, "ratioPC": 1.6289999999999998, "maxBatteryForMonth": 10, "ratioPc": "noData"}