{"bought": 30.9, "sold": 112.59, "Time_string": "Last update at 16:07 - 08/11/2023", "produce": 1.062, "consumption": 0.297, "ratioPC": 0.7650000000000001, "maxBatteryPerDay": 8.75, "maxAtThisDay": 10, "batteryLevelPercentage": 4.462726199420414, "buyPrice": 0.149072, "sellPrice": 0.1, "batteryLevel": 44.62726199420414, "maxBatteryForMonth": 10, "Temperature": 18.0, "ratioPc": "noData"}