{"bought": 222.27, "sold": 294.18, "Time_string": "Last update at 08:15 - 21/09/2024", "produce": 0.0, "consumption": 0.154, "ratioPC": -0.209, "maxBatteryPerDay": 8.75, "maxAtThisDay": 100, "batteryLevelPercentage": -0.24929117741762383, "buyPrice": 0.149072, "sellPrice": 0.1, "batteryLevel": -24.929117741762383, "maxBatteryForMonth": 100, "Temperature": 17.5, "ratioPc": "noData"}