{"bought": 109.98, "sold": 171.45, "Time_string": "Last update at 16:09 - 12/06/2024", "produce": 4.8, "consumption": 1.507, "ratioPC": 2.112, "maxBatteryPerDay": 8.75, "maxAtThisDay": 100, "batteryLevelPercentage": 0.05031538048728123, "buyPrice": 0.149072, "sellPrice": 0.1, "batteryLevel": 5.031538048728123, "maxBatteryForMonth": 100, "Temperature": 30.0, "ratioPc": "noData"}