{"bought": 120.58, "sold": 121.58, "Time_string": "Last update at 09:04 - 18/12/2023", "produce": 0.188, "consumption": 2.389, "ratioPC": -0.22700000000000004, "maxBatteryPerDay": 8.75, "maxAtThisDay": 100, "batteryLevelPercentage": -0.39022095094987647, "buyPrice": 0.149072, "sellPrice": 0.1, "batteryLevel": -39.02209509498765, "maxBatteryForMonth": 100, "Temperature": 6.1, "ratioPc": "noData"}