{"bought": 294.47, "sold": 354.74, "Time_string": "Last update at 14:03 - 26/09/2024", "produce": 1.783, "consumption": 0.17, "ratioPC": 5.569, "maxBatteryPerDay": 8.75, "maxAtThisDay": 100, "batteryLevelPercentage": -0.5650445315015565, "buyPrice": 0.149072, "sellPrice": 0.1, "batteryLevel": -56.504453150155655, "maxBatteryForMonth": 100, "Temperature": 27.0, "ratioPc": "noData"}