{"bought": 20.81, "sold": 36.21, "Time_string": "Last update at 16:52 - 03/07/2023", "produce": 4.152, "consumption": 2.246, "buyPrice": 0.149072, "sellPrice": 0.1, "batteryLevel": 3.480275839862621, "maxBatteryPerDay": 8.75, "batteryLevelPercentage": 0.3480275839862621, "maxAtThisDay": 10, "ratioPC": 1.9060000000000001, "maxBatteryForMonth": 10, "ratioPc": "noData"}