{"bought": 324.98, "sold": 385.42, "Time_string": "Last update at 16:11 - 31/07/2023", "produce": 4.766, "consumption": 4.495, "ratioPC": 0.2709999999999999, "maxBatteryPerDay": 8.75, "maxAtThisDay": 10, "batteryLevelPercentage": -6.643379413974458, "buyPrice": 0.149072, "sellPrice": 0.1, "batteryLevel": -66.43379413974458, "maxBatteryForMonth": 10, "Temperature": "37"}