{"bought": 39.72, "sold": 59.33, "Time_string": "Last update at 13:02 - 05/11/2024", "produce": 4.54, "consumption": 0.171, "ratioPC": 1.722, "maxBatteryPerDay": 8.75, "maxAtThisDay": 43.75, "batteryLevelPercentage": 0.0018185130100123713, "buyPrice": 0.149072, "sellPrice": 0.1, "batteryLevel": 0.07955994418804124, "maxBatteryForMonth": 100, "Temperature": 21.0, "ratioPc": "noData"}