{"bought": 222.45, "sold": 139.18, "Time_string": "Last update at 16:50 - 22/01/2024", "produce": 1.95, "consumption": 0.242, "ratioPC": 1.2249999999999999, "maxBatteryPerDay": 8.75, "maxAtThisDay": 100, "batteryLevelPercentage": -1.2908571965224858, "buyPrice": 0.149072, "sellPrice": 0.1, "batteryLevel": -129.08571965224857, "maxBatteryForMonth": 100, "Temperature": 16.2, "ratioPc": "noData"}