{"bought": 285.62, "sold": 320.79, "Time_string": "Last update at 12:18 - 27/07/2023", "produce": 3.768, "consumption": 1.367, "buyPrice": 0.149072, "sellPrice": 0.1, "batteryLevel": -70.42868305248473, "maxBatteryPerDay": 8.75, "batteryLevelPercentage": -7.042868305248473, "maxAtThisDay": 10, "ratioPC": 2.401, "maxBatteryForMonth": 10, "ratioPc": "noData"}