{"bought": 181.59, "sold": 367.81, "Time_string": "Last update at 13:01 - 25/06/2023", "produce": 3.977, "consumption": 3.765, "ratioPc": "noData", "buyPrice": 0.149072, "sellPrice": 0.1, "batteryLevel": 65.14312224965116, "maxBatteryPerDay": 8.75, "batteryLevelPercentage": 0.2977971302841196, "maxAtThisDay": 218.75, "ratioPC": 0.21199999999999974}