{"bought": 38.19, "sold": 46.1, "Time_string": "Last update at 10:40 - 05/08/2023", "produce": 1.9, "consumption": 2.076, "ratioPC": -0.17600000000000016, "maxBatteryPerDay": 8.75, "maxAtThisDay": 10, "batteryLevelPercentage": -0.726534614146184, "buyPrice": 0.149072, "sellPrice": 0.1, "batteryLevel": -7.2653461414618405, "maxBatteryForMonth": 10, "Temperature": 28.0, "ratioPc": "noData"}