{"bought": 65.45, "sold": 111.88, "Time_string": "Last update at 04:12 - 09/09/2024", "produce": 0.0, "consumption": 0.127, "ratioPC": -0.129, "maxBatteryPerDay": 8.75, "maxAtThisDay": 78.75, "batteryLevelPercentage": 0.12191723270825984, "buyPrice": 0.149072, "sellPrice": 0.1, "batteryLevel": 9.600982075775462, "maxBatteryForMonth": 100, "Temperature": 17.8, "ratioPc": "noData"}