{"bought": 178.44, "sold": 215.46, "Time_string": "Last update at 05:56 - 17/11/2024", "produce": 0.0, "consumption": 0.224, "ratioPC": -0.113, "maxBatteryPerDay": 8.75, "maxAtThisDay": 100, "batteryLevelPercentage": -0.33905815176558973, "buyPrice": 0.149072, "sellPrice": 0.1, "batteryLevel": -33.905815176558974, "maxBatteryForMonth": 100, "Temperature": 16.0, "ratioPc": "noData"}