{"bought": 223.22, "sold": 243.8, "Time_string": "Last update at 10:24 - 21/10/2024", "produce": 1.252, "consumption": 2.358, "ratioPC": 0.667, "maxBatteryPerDay": 8.75, "maxAtThisDay": 100, "batteryLevelPercentage": -0.5967486744660297, "buyPrice": 0.149072, "sellPrice": 0.1, "batteryLevel": -59.674867446602974, "maxBatteryForMonth": 100, "Temperature": 18.4, "ratioPc": "noData"}