{"bought": 1.38, "sold": 0.22, "Time_string": "Last update at 09:34 - 01/11/2024", "produce": 0.383, "consumption": 0.262, "ratioPC": 0.49199999999999994, "maxBatteryPerDay": 8.75, "maxAtThisDay": 8.75, "batteryLevelPercentage": -0.1408480350818013, "buyPrice": 0.149072, "sellPrice": 0.1, "batteryLevel": -1.2324203069657613, "maxBatteryForMonth": 100, "Temperature": 15.6, "ratioPc": "noData"}