{"bought": 123.1, "sold": 83.29, "Time_string": "Last update at 16:40 - 11/08/2023", "produce": 4.036, "consumption": 5.543, "ratioPC": -1.5070000000000006, "maxBatteryPerDay": 8.75, "maxAtThisDay": 10, "batteryLevelPercentage": -6.7227669850810345, "buyPrice": 0.149072, "sellPrice": 0.1, "batteryLevel": -67.22766985081034, "maxBatteryForMonth": 10, "Temperature": 42.7, "ratioPc": "noData"}