{"bought": 46.9, "sold": 96.42, "Time_string": "Last update at 11:51 - 07/09/2024", "produce": 3.352, "consumption": 0.147, "ratioPC": 3.105, "maxBatteryPerDay": 8.75, "maxAtThisDay": 61.25, "batteryLevelPercentage": 0.29028823765204276, "buyPrice": 0.149072, "sellPrice": 0.1, "batteryLevel": 17.780154556187618, "maxBatteryForMonth": 100, "Temperature": 24.7, "ratioPc": "noData"}