{"bought": 22.27, "sold": 3.78, "Time_string": "Last update at 07:36 - 02/06/2024", "produce": 0.072, "consumption": 0.334, "ratioPC": -0.22400000000000003, "maxBatteryPerDay": 8.75, "maxAtThisDay": 17.5, "batteryLevelPercentage": -1.1276750026832671, "buyPrice": 0.149072, "sellPrice": 0.1, "batteryLevel": -19.734312546957174, "maxBatteryForMonth": 100, "Temperature": 18.0, "ratioPc": "noData"}