{"bought": 124.19, "sold": 155.98, "Time_string": "Last update at 15:59 - 13/07/2023", "produce": 4.542, "consumption": 3.665, "buyPrice": 0.149072, "sellPrice": 0.1, "batteryLevel": -19.555997638724918, "maxBatteryPerDay": 8.75, "batteryLevelPercentage": -1.9555997638724918, "maxAtThisDay": 10, "ratioPC": 0.8769999999999998, "maxBatteryForMonth": 10, "ratioPc": "noData"}