{"bought": 38.42, "sold": 49.08, "Time_string": "Last update at 13:00 - 05/08/2023", "produce": 4.161, "consumption": 3.52, "ratioPC": 0.6409999999999996, "maxBatteryPerDay": 8.75, "maxAtThisDay": 10, "batteryLevelPercentage": -0.5496312117634432, "buyPrice": 0.149072, "sellPrice": 0.1, "batteryLevel": -5.496312117634432, "maxBatteryForMonth": 10, "Temperature": 33.0, "ratioPc": "noData"}