{"bought": 29.14, "sold": 53.14, "Time_string": "Last update at 08:22 - 05/09/2024", "produce": 0.064, "consumption": 0.25, "ratioPC": -0.11199999999999999, "maxBatteryPerDay": 8.75, "maxAtThisDay": 43.75, "batteryLevelPercentage": 0.14873609224305792, "buyPrice": 0.149072, "sellPrice": 0.1, "batteryLevel": 6.507204035633784, "maxBatteryForMonth": 100, "Temperature": 18.1, "ratioPc": "noData"}