{"bought": 61.95, "sold": 21.68, "Time_string": "Last update at 14:30 - 06/01/2024", "produce": 2.532, "consumption": 2.599, "ratioPC": -0.3860000000000001, "maxBatteryPerDay": 8.75, "maxAtThisDay": 52.5, "batteryLevelPercentage": -0.9029846108240441, "buyPrice": 0.149072, "sellPrice": 0.1, "batteryLevel": -47.406692068262316, "maxBatteryForMonth": 100, "Temperature": 13.5, "ratioPc": "noData"}