{"bought": 34.58, "sold": 50.23, "Time_string": "Last update at 18:20 - 04/07/2023", "produce": 3.16, "consumption": 1.125, "buyPrice": 0.149072, "sellPrice": 0.1, "batteryLevel": -0.8848728131372781, "maxBatteryPerDay": 8.75, "batteryLevelPercentage": -0.08848728131372781, "maxAtThisDay": 10, "ratioPC": 2.035, "maxBatteryForMonth": 10, "ratioPc": "noData"}