{"bought": 226.97, "sold": 324.09, "Time_string": "Last update at 12:21 - 20/06/2024", "produce": 4.295, "consumption": 0.219, "ratioPC": 0.9089999999999999, "maxBatteryPerDay": 8.75, "maxAtThisDay": 100, "batteryLevelPercentage": -0.09564987656971141, "buyPrice": 0.149072, "sellPrice": 0.1, "batteryLevel": -9.564987656971141, "maxBatteryForMonth": 100, "Temperature": 20.7, "ratioPc": "noData"}