{"bought": 131.08, "sold": 129.48, "Time_string": "Last update at 14:04 - 19/12/2023", "produce": 4.43, "consumption": 1.733, "ratioPC": 0.07200000000000006, "maxBatteryPerDay": 8.75, "maxAtThisDay": 100, "batteryLevelPercentage": -0.44222642481485464, "buyPrice": 0.149072, "sellPrice": 0.1, "batteryLevel": -44.222642481485465, "maxBatteryForMonth": 100, "Temperature": 14.1, "ratioPc": "noData"}