{"bought": 130.56, "sold": 173.03, "Time_string": "Last update at 07:49 - 13/11/2024", "produce": 0.0, "consumption": 0.269, "ratioPC": -0.279, "maxBatteryPerDay": 8.75, "maxAtThisDay": 100, "batteryLevelPercentage": -0.14488571428571434, "buyPrice": 0.149072, "sellPrice": 0.1, "batteryLevel": -14.488571428571433, "maxBatteryForMonth": 100, "Temperature": 12.0, "ratioPc": "noData"}