{"bought": 89.64, "sold": 395.68, "Time_string": "Last update at 11:55 - 22/09/2023", "produce": 3.162, "consumption": 0.934, "ratioPC": 2.2279999999999998, "maxBatteryPerDay": 8.75, "maxAtThisDay": 10, "batteryLevelPercentage": 17.578878608994312, "buyPrice": 0.149072, "sellPrice": 0.1, "batteryLevel": 175.78878608994313, "maxBatteryForMonth": 10, "Temperature": 20.9, "ratioPc": "noData"}