{"bought": 194.87, "sold": 110.87, "Time_string": "Last update at 10:56 - 21/01/2024", "produce": 2.41, "consumption": 4.657, "ratioPC": -2.247, "maxBatteryPerDay": 8.75, "maxAtThisDay": 100, "batteryLevelPercentage": -1.2049654287860898, "buyPrice": 0.149072, "sellPrice": 0.1, "batteryLevel": -120.49654287860899, "maxBatteryForMonth": 100, "Temperature": 11.9, "ratioPc": "noData"}