{"bought": 127.56, "sold": 83.56, "Time_string": "Last update at 19:56 - 11/08/2023", "produce": 0.0, "consumption": 0.0, "ratioPC": -3.4320000000000004, "maxBatteryPerDay": 8.75, "maxAtThisDay": 10, "batteryLevelPercentage": -7.150654931845016, "buyPrice": 0.149072, "sellPrice": 0.1, "batteryLevel": -71.50654931845015, "maxBatteryForMonth": 10, "Temperature": 40.1, "ratioPc": "noData"}