{"bought": 57.46, "sold": 244.04, "Time_string": "Last update at 13:13 - 14/09/2023", "produce": 4.337, "consumption": 1.443, "ratioPC": 2.8939999999999997, "maxBatteryPerDay": 8.75, "maxAtThisDay": 10, "batteryLevelPercentage": 10.624612858216162, "buyPrice": 0.149072, "sellPrice": 0.1, "batteryLevel": 106.24612858216162, "maxBatteryForMonth": 10, "Temperature": 30.2, "ratioPc": "noData"}