{"bought": 49.14, "sold": 13.41, "Time_string": "Last update at 11:18 - 05/01/2024", "produce": 2.928, "consumption": 3.097, "ratioPC": -0.31000000000000005, "maxBatteryPerDay": 8.75, "maxAtThisDay": 43.75, "batteryLevelPercentage": -0.9175850718348948, "buyPrice": 0.149072, "sellPrice": 0.1, "batteryLevel": -40.144346892776646, "maxBatteryForMonth": 100, "Temperature": 10.6, "ratioPc": "noData"}