{"bought": 289.52, "sold": 377.82, "Time_string": "Last update at 09:04 - 25/06/2024", "produce": 0.281, "consumption": 0.167, "ratioPC": 0.10500000000000001, "maxBatteryPerDay": 8.75, "maxAtThisDay": 100, "batteryLevelPercentage": -0.3607200171729096, "buyPrice": 0.149072, "sellPrice": 0.1, "batteryLevel": -36.07200171729096, "maxBatteryForMonth": 100, "Temperature": 23.2, "ratioPc": "noData"}