{"bought": 295.57, "sold": 693.71, "Time_string": "Last update at 10:17 - 31/05/2024", "produce": 1.43, "consumption": 0.17, "ratioPC": -0.006000000000000005, "maxBatteryPerDay": 8.75, "maxAtThisDay": 100, "batteryLevelPercentage": 1.6978231297627997, "buyPrice": 0.149072, "sellPrice": 0.1, "batteryLevel": 169.78231297627997, "maxBatteryForMonth": 100, "Temperature": 26.9, "ratioPc": "noData"}