{"bought": 318.67, "sold": 374.82, "Time_string": "Last update at 21:20 - 30/07/2023", "produce": 0.043, "consumption": 1.801, "buyPrice": 0.149072, "sellPrice": 0.1, "batteryLevel": -67.23445207684881, "maxBatteryPerDay": 8.75, "batteryLevelPercentage": -6.723445207684881, "maxAtThisDay": 10, "ratioPC": -1.758, "maxBatteryForMonth": 10, "ratioPc": "noData"}