{"bought": 14.96, "sold": 36.38, "Time_string": "Last update at 10:17 - 04/11/2023", "produce": 2.439, "consumption": 0.187, "ratioPC": 2.2520000000000002, "maxBatteryPerDay": 8.75, "maxAtThisDay": 10, "batteryLevelPercentage": 0.9444314693570892, "buyPrice": 0.149072, "sellPrice": 0.1, "batteryLevel": 9.444314693570892, "maxBatteryForMonth": 10, "Temperature": 18.3, "ratioPc": "noData"}