{"bought": 46.35, "sold": 19.95, "Time_string": "Last update at 20:09 - 03/06/2024", "produce": 0.486, "consumption": 0.169, "ratioPC": -1.3719999999999999, "maxBatteryPerDay": 8.75, "maxAtThisDay": 26.25, "batteryLevelPercentage": -1.2558935279596437, "buyPrice": 0.149072, "sellPrice": 0.1, "batteryLevel": -32.96720510894065, "maxBatteryForMonth": 100, "Temperature": 28.7, "ratioPc": "noData"}