{"bought": 128.94, "sold": 127.29, "Time_string": "Last update at 11:23 - 19/12/2023", "produce": 3.126, "consumption": 0.344, "ratioPC": 0.4490000000000003, "maxBatteryPerDay": 8.75, "maxAtThisDay": 100, "batteryLevelPercentage": -0.4355173124396265, "buyPrice": 0.149072, "sellPrice": 0.1, "batteryLevel": -43.55173124396265, "maxBatteryForMonth": 100, "Temperature": 8.8, "ratioPc": "noData"}