{"bought": 117.75, "sold": 317.23, "Time_string": "Last update at 15:20 - 21/10/2023", "produce": 4.886, "consumption": 2.485, "ratioPC": 2.4010000000000002, "maxBatteryPerDay": 8.75, "maxAtThisDay": 10, "batteryLevelPercentage": 9.505320918750673, "buyPrice": 0.149072, "sellPrice": 0.1, "batteryLevel": 95.05320918750672, "maxBatteryForMonth": 10, "Temperature": 20.0, "ratioPc": "noData"}