{"bought": 47.18, "sold": 45.87, "Time_string": "Last update at 16:06 - 03/10/2024", "produce": 3.454, "consumption": 0.348, "ratioPC": 4.1370000000000005, "maxBatteryPerDay": 8.75, "maxAtThisDay": 26.25, "batteryLevelPercentage": -0.6251289143756678, "buyPrice": 0.149072, "sellPrice": 0.1, "batteryLevel": -16.40963400236128, "maxBatteryForMonth": 100, "Temperature": 30.1, "ratioPc": "noData"}