{"bought": 321.52, "sold": 343.26, "Time_string": "Last update at 13:27 - 27/10/2024", "produce": 0.952, "consumption": 3.25, "ratioPC": -1.1949999999999998, "maxBatteryPerDay": 8.75, "maxAtThisDay": 100, "batteryLevelPercentage": -0.912554298593968, "buyPrice": 0.149072, "sellPrice": 0.1, "batteryLevel": -91.2554298593968, "maxBatteryForMonth": 100, "Temperature": 17.0, "ratioPc": "noData"}