{"bought": 271.47, "sold": 35.58, "Time_string": "Last update at 12:58 - 13/08/2024", "produce": 4.937, "consumption": 2.9398, "ratioPC": 1.4659999999999997, "maxBatteryPerDay": 8.75, "maxAtThisDay": 100, "batteryLevelPercentage": -2.4760233873564452, "buyPrice": 0.149072, "sellPrice": 0.1, "batteryLevel": -247.60233873564454, "maxBatteryForMonth": 100, "Temperature": 30.0, "ratioPc": "noData"}