{"bought": 13.83, "sold": 4.59, "Time_string": "Last update at 09:01 - 02/09/2024", "produce": 0.168, "consumption": 1.363, "ratioPC": -1.2240000000000002, "maxBatteryPerDay": 8.75, "maxAtThisDay": 17.5, "batteryLevelPercentage": -0.6143400542786611, "buyPrice": 0.149072, "sellPrice": 0.1, "batteryLevel": -10.75095094987657, "maxBatteryForMonth": 100, "Temperature": 22.0, "ratioPc": "noData"}