{"bought": 102.43, "sold": 514.21, "Time_string": "Last update at 19:21 - 26/09/2023", "produce": 0.973, "consumption": 0.921, "ratioPC": 0.051999999999999935, "maxBatteryPerDay": 8.75, "maxAtThisDay": 10, "batteryLevelPercentage": 24.251069979607173, "buyPrice": 0.149072, "sellPrice": 0.1, "batteryLevel": 242.51069979607172, "maxBatteryForMonth": 10, "Temperature": 29.6, "ratioPc": "noData"}