{"bought": 131.5, "sold": 327.27, "Time_string": "Last update at 13:20 - 23/10/2023", "produce": 0, "consumption": 0, "ratioPC": -0.9099999999999999, "maxBatteryPerDay": 8.75, "maxAtThisDay": 10, "batteryLevelPercentage": 8.80382097241601, "buyPrice": 0.149072, "sellPrice": 0.1, "batteryLevel": 88.03820972416011, "maxBatteryForMonth": 10, "Temperature": 18.0, "ratioPc": "noData"}