{"bought": 72.15, "sold": 130.54, "Time_string": "Last update at 16:19 - 09/07/2023", "produce": 4.342, "consumption": 3.816, "buyPrice": 0.149072, "sellPrice": 0.1, "batteryLevel": 15.41842331222496, "maxBatteryPerDay": 8.75, "batteryLevelPercentage": 1.541842331222496, "maxAtThisDay": 10, "ratioPC": 0.5259999999999998, "maxBatteryForMonth": 10, "ratioPc": "noData"}