{"bought": 32.89, "sold": 14.5, "Time_string": "Last update at 09:03 - 03/06/2024", "produce": 0.291, "consumption": 0.171, "ratioPC": 0.10999999999999999, "maxBatteryPerDay": 8.75, "maxAtThisDay": 26.25, "batteryLevelPercentage": -0.8824059655417389, "buyPrice": 0.149072, "sellPrice": 0.1, "batteryLevel": -23.163156595470646, "maxBatteryForMonth": 100, "Temperature": 21.1, "ratioPc": "noData"}