{"bought": 11.56, "sold": 44.17, "Time_string": "Last update at 19:17 - 02/10/2024", "produce": 0.399, "consumption": 5.627, "ratioPC": -5.0489999999999995, "maxBatteryPerDay": 8.75, "maxAtThisDay": 17.5, "batteryLevelPercentage": 1.0325701406031986, "buyPrice": 0.149072, "sellPrice": 0.1, "batteryLevel": 18.069977460555975, "maxBatteryForMonth": 100, "Temperature": 28.7, "ratioPc": "noData"}