{"bought": 51.51, "sold": 59.21, "Time_string": "Last update at 13:02 - 04/10/2024", "produce": 3.03, "consumption": 0.05, "ratioPC": 3.0140000000000002, "maxBatteryPerDay": 8.75, "maxAtThisDay": 35.0, "batteryLevelPercentage": -0.3368839448626933, "buyPrice": 0.149072, "sellPrice": 0.1, "batteryLevel": -11.790938070194265, "maxBatteryForMonth": 100, "Temperature": 26.0, "ratioPc": "noData"}