{"bought": 97.06, "sold": 145.92, "Time_string": "Last update at 17:15 - 11/07/2023", "produce": 3.744, "consumption": 1.923, "buyPrice": 0.149072, "sellPrice": 0.1, "batteryLevel": 0.8255854888912637, "maxBatteryPerDay": 8.75, "batteryLevelPercentage": 0.08255854888912637, "maxAtThisDay": 10, "ratioPC": 1.8210000000000002, "maxBatteryForMonth": 10, "ratioPc": "noData"}