{"bought": 63.19, "sold": 23.11, "Time_string": "Last update at 17:49 - 07/12/2023", "produce": 0.027, "consumption": 0.116, "ratioPC": -0.08900000000000001, "maxBatteryPerDay": 8.75, "maxAtThisDay": 61.25, "batteryLevelPercentage": -0.778570188792486, "buyPrice": 0.149072, "sellPrice": 0.1, "batteryLevel": -47.687424063539765, "maxBatteryForMonth": 100, "Temperature": 15.2, "ratioPc": "noData"}