{"bought": 232.73, "sold": 252.06, "Time_string": "Last update at 08:37 - 22/07/2023", "produce": 0.175, "consumption": 0.302, "buyPrice": 0.149072, "sellPrice": 0.1, "batteryLevel": -63.643920789953825, "maxBatteryPerDay": 8.75, "batteryLevelPercentage": -6.364392078995382, "maxAtThisDay": 10, "ratioPC": -0.127, "maxBatteryForMonth": 10, "ratioPc": "noData"}