{"bought": 47.18, "sold": 52.49, "Time_string": "Last update at 19:38 - 03/10/2024", "produce": 0.176, "consumption": 0.137, "ratioPC": 0.099, "maxBatteryPerDay": 8.75, "maxAtThisDay": 26.25, "batteryLevelPercentage": -0.45595530954680885, "buyPrice": 0.149072, "sellPrice": 0.1, "batteryLevel": -11.968826875603732, "maxBatteryForMonth": 100, "Temperature": 28.3, "ratioPc": "noData"}