{"bought": 30.54, "sold": 14.32, "Time_string": "Last update at 19:53 - 02/06/2024", "produce": 0.949, "consumption": 0.337, "ratioPC": -0.15400000000000014, "maxBatteryPerDay": 8.75, "maxAtThisDay": 17.5, "batteryLevelPercentage": -1.196223063831092, "buyPrice": 0.149072, "sellPrice": 0.1, "batteryLevel": -20.93390361704411, "maxBatteryForMonth": 100, "Temperature": 31.1, "ratioPc": "noData"}