{"bought": 86.33, "sold": 138.04, "Time_string": "Last update at 19:45 - 10/07/2023", "produce": 1.073, "consumption": 3.522, "buyPrice": 0.149072, "sellPrice": 0.1, "batteryLevel": 6.269549211119454, "maxBatteryPerDay": 8.75, "batteryLevelPercentage": 0.6269549211119454, "maxAtThisDay": 10, "ratioPC": -2.449, "maxBatteryForMonth": 10, "ratioPc": "noData"}