{"bought": 164.45, "sold": 362.97, "Time_string": "Last update at 05:18 - 24/06/2023", "produce": 0.0, "consumption": 0.127, "ratioPc": "noData", "buyPrice": 0.149072, "sellPrice": 0.1, "batteryLevel": 79.03636900289794, "maxBatteryPerDay": 8.75, "batteryLevelPercentage": 0.37636366191856163, "maxAtThisDay": 210.0, "ratioPC": -0.127}