{"bought": 149.77, "sold": 393.36, "Time_string": "Last update at 18:49 - 27/10/2023", "produce": 0.287, "consumption": 0.291, "ratioPC": -0.0040000000000000036, "maxBatteryPerDay": 8.75, "maxAtThisDay": 10, "batteryLevelPercentage": 11.410249114521841, "buyPrice": 0.149072, "sellPrice": 0.1, "batteryLevel": 114.10249114521841, "maxBatteryForMonth": 10, "Temperature": 19.1, "ratioPc": "noData"}