{"bought": 190.92, "sold": 180.01, "Time_string": "Last update at 09:30 - 17/10/2024", "produce": 0.283, "consumption": 0.136, "ratioPC": 0.09000000000000001, "maxBatteryPerDay": 8.75, "maxAtThisDay": 100, "batteryLevelPercentage": -0.7016627025866694, "buyPrice": 0.149072, "sellPrice": 0.1, "batteryLevel": -70.16627025866694, "maxBatteryForMonth": 100, "Temperature": 15.5, "ratioPc": "noData"}