{"bought": 1.2, "sold": 1.8, "Time_string": "Last update at 11:39 - 01/10/2024", "produce": 3.717, "consumption": 1.326, "ratioPC": 0.6259999999999999, "maxBatteryPerDay": 8.75, "maxAtThisDay": 8.75, "batteryLevelPercentage": 0.0008537389411061319, "buyPrice": 0.149072, "sellPrice": 0.1, "batteryLevel": 0.0074702157346786535, "maxBatteryForMonth": 100, "Temperature": 23.3, "ratioPc": "noData"}