{"bought": 227.85, "sold": 196.23, "Time_string": "Last update at 11:15 - 21/08/2023", "produce": 2.485, "consumption": 5.129, "ratioPC": -2.6439999999999997, "maxBatteryPerDay": 8.75, "maxAtThisDay": 10, "batteryLevelPercentage": -9.621562198132446, "buyPrice": 0.149072, "sellPrice": 0.1, "batteryLevel": -96.21562198132446, "maxBatteryForMonth": 10, "Temperature": 32.5, "ratioPc": "noData"}