{"bought": 228.95, "sold": 379.0, "Time_string": "Last update at 23:36 - 27/06/2023", "produce": 0.0, "consumption": 2.784, "buyPrice": 0.149072, "sellPrice": 0.1, "batteryLevel": 25.289562090801752, "maxBatteryPerDay": 8.75, "batteryLevelPercentage": 0.25289562090801754, "maxAtThisDay": 100, "ratioPC": -2.784, "maxBatteryForMonth": 100, "ratioPc": "noData"}