{"bought": 296.07, "sold": 697.73, "Time_string": "Last update at 14:41 - 31/05/2024", "produce": 4.713, "consumption": 3.483, "ratioPC": 1.1840000000000002, "maxBatteryPerDay": 8.75, "maxAtThisDay": 100, "batteryLevelPercentage": 1.719789964580874, "buyPrice": 0.149072, "sellPrice": 0.1, "batteryLevel": 171.9789964580874, "maxBatteryForMonth": 100, "Temperature": 36.7, "ratioPc": "noData"}