{"bought": 275.05, "sold": 351.21, "Time_string": "Last update at 19:43 - 25/09/2024", "produce": 0.128, "consumption": 0.364, "ratioPC": -0.213, "maxBatteryPerDay": 8.75, "maxAtThisDay": 100, "batteryLevelPercentage": -0.39452436406568636, "buyPrice": 0.149072, "sellPrice": 0.1, "batteryLevel": -39.45243640656864, "maxBatteryForMonth": 100, "Temperature": 24.3, "ratioPc": "noData"}