{"bought": 172.58, "sold": 169.11, "Time_string": "Last update at 12:42 - 24/12/2023", "produce": 4.045, "consumption": 0.344, "ratioPC": 3.419, "maxBatteryPerDay": 8.75, "maxAtThisDay": 100, "batteryLevelPercentage": -0.5913817323172696, "buyPrice": 0.149072, "sellPrice": 0.1, "batteryLevel": -59.13817323172697, "maxBatteryForMonth": 100, "Temperature": 13.1, "ratioPc": "noData"}