{"bought": 116.06, "sold": 223.48, "Time_string": "Last update at 16:30 - 14/06/2024", "produce": 4.332, "consumption": 2.269, "ratioPC": 2.234, "maxBatteryPerDay": 8.75, "maxAtThisDay": 100, "batteryLevelPercentage": 0.33854135451325507, "buyPrice": 0.149072, "sellPrice": 0.1, "batteryLevel": 33.854135451325504, "maxBatteryForMonth": 100, "Temperature": 34.0, "ratioPc": "noData"}