{"bought": 35.16, "sold": 54.3, "Time_string": "Last update at 14:10 - 05/09/2024", "produce": 4.698, "consumption": 3.68, "ratioPC": 0.9969999999999999, "maxBatteryPerDay": 8.75, "maxAtThisDay": 43.75, "batteryLevelPercentage": 0.028922320182768836, "buyPrice": 0.149072, "sellPrice": 0.1, "batteryLevel": 1.2653515079961366, "maxBatteryForMonth": 100, "Temperature": 31.2, "ratioPc": "noData"}