{"bought": 4.03, "sold": 34.07, "Time_string": "Last update at 14:28 - 02/10/2024", "produce": 4.25, "consumption": 0.902, "ratioPC": 1.9009999999999998, "maxBatteryPerDay": 8.75, "maxAtThisDay": 17.5, "batteryLevelPercentage": 1.0756987380977934, "buyPrice": 0.149072, "sellPrice": 0.1, "batteryLevel": 18.824727916711385, "maxBatteryForMonth": 100, "Temperature": 29.5, "ratioPc": "noData"}