{"bought": 121.29, "sold": 121.77, "Time_string": "Last update at 09:55 - 18/12/2023", "produce": 1.128, "consumption": 0.273, "ratioPC": 0.46599999999999997, "maxBatteryPerDay": 8.75, "maxAtThisDay": 100, "batteryLevelPercentage": -0.39604639905549005, "buyPrice": 0.149072, "sellPrice": 0.1, "batteryLevel": -39.60463990554901, "maxBatteryForMonth": 100, "Temperature": 6.9, "ratioPc": "noData"}