{"bought": 191.61, "sold": 469.79, "Time_string": "Last update at 18:58 - 20/05/2024", "produce": 2.428, "consumption": 0.907, "ratioPC": 1.586, "maxBatteryPerDay": 8.75, "maxAtThisDay": 100, "batteryLevelPercentage": 1.2353301813888589, "buyPrice": 0.149072, "sellPrice": 0.1, "batteryLevel": 123.5330181388859, "maxBatteryForMonth": 100, "Temperature": 22.1, "ratioPc": "noData"}