{"bought": 26.87, "sold": 98.83, "Time_string": "Last update at 17:20 - 06/09/2023", "produce": 4.155, "consumption": 0.981, "ratioPC": 3.1740000000000004, "maxBatteryPerDay": 8.75, "maxAtThisDay": 10, "batteryLevelPercentage": 3.942682301169904, "buyPrice": 0.149072, "sellPrice": 0.1, "batteryLevel": 39.42682301169904, "maxBatteryForMonth": 10, "Temperature": 30.0, "ratioPc": "noData"}