{"bought": 109.17, "sold": 151.04, "Time_string": "Last update at 15:01 - 12/07/2023", "produce": 4.746, "consumption": 3.871, "buyPrice": 0.149072, "sellPrice": 0.1, "batteryLevel": -7.849832564130097, "maxBatteryPerDay": 8.75, "batteryLevelPercentage": -0.7849832564130097, "maxAtThisDay": 10, "ratioPC": 0.8750000000000004, "maxBatteryForMonth": 10, "ratioPc": "noData"}