{"bought": 227.27, "sold": 196.83, "Time_string": "Last update at 14:37 - 28/12/2023", "produce": 4.017, "consumption": 4.42, "ratioPC": -0.5019999999999998, "maxBatteryPerDay": 8.75, "maxAtThisDay": 100, "batteryLevelPercentage": -0.9523313190941289, "buyPrice": 0.149072, "sellPrice": 0.1, "batteryLevel": -95.23313190941289, "maxBatteryForMonth": 100, "Temperature": 15.6, "ratioPc": "noData"}