{"bought": 234.42, "sold": 386.81, "Time_string": "Last update at 19:25 - 28/06/2023", "produce": 1.039, "consumption": 2.393, "buyPrice": 0.149072, "sellPrice": 0.1, "batteryLevel": 25.058641193517275, "maxBatteryPerDay": 8.75, "batteryLevelPercentage": 0.2505864119351727, "maxAtThisDay": 100, "ratioPC": -1.3539999999999999, "maxBatteryForMonth": 100, "ratioPc": "noData"}