{"bought": 73.54, "sold": 163.79, "Time_string": "Last update at 01:09 - 11/09/2024", "produce": 0.0, "consumption": 0.131, "ratioPC": -0.127, "maxBatteryPerDay": 8.75, "maxAtThisDay": 96.25, "batteryLevelPercentage": 0.37748656066483693, "buyPrice": 0.149072, "sellPrice": 0.1, "batteryLevel": 36.33308146399055, "maxBatteryForMonth": 100, "Temperature": 18.8, "ratioPc": "noData"}