{"bought": 184.51, "sold": 360.79, "Time_string": "Last update at 13:17 - 17/05/2024", "produce": 5.226, "consumption": 0.303, "ratioPC": 4.923, "maxBatteryPerDay": 8.75, "maxAtThisDay": 100, "batteryLevelPercentage": 0.5751398840828594, "buyPrice": 0.149072, "sellPrice": 0.1, "batteryLevel": 57.51398840828594, "maxBatteryForMonth": 100, "Temperature": 21.6, "ratioPc": "noData"}