{"bought": 43.66, "sold": 159.71, "Time_string": "Last update at 14:59 - 10/09/2023", "produce": 1.594, "consumption": 4.806, "ratioPC": -3.2119999999999997, "maxBatteryPerDay": 8.75, "maxAtThisDay": 10, "batteryLevelPercentage": 6.347614897499196, "buyPrice": 0.149072, "sellPrice": 0.1, "batteryLevel": 63.47614897499196, "maxBatteryForMonth": 10, "Temperature": 28.0, "ratioPc": "noData"}