{"bought": 199.28, "sold": 371.37, "Time_string": "Last update at 11:47 - 26/06/2023", "produce": 3.111, "consumption": 4.28, "ratioPc": "noData", "buyPrice": 0.149072, "sellPrice": 0.1, "batteryLevel": 49.84123000965974, "maxBatteryPerDay": 8.75, "batteryLevelPercentage": 0.21908232971279007, "maxAtThisDay": 227.5, "ratioPC": -1.169}