{"bought": 374.27, "sold": 265.04, "Time_string": "Last update at 10:31 - 30/08/2023", "produce": 0, "consumption": 0, "ratioPC": 0.17700000000000005, "maxBatteryPerDay": 8.75, "maxAtThisDay": 10, "batteryLevelPercentage": -19.647671890093374, "buyPrice": 0.149072, "sellPrice": 0.1, "batteryLevel": -196.47671890093375, "maxBatteryForMonth": 10, "Temperature": 27.0, "ratioPc": "noData"}