{"bought": 98.56, "sold": 35.25, "Time_string": "Last update at 16:22 - 09/01/2024", "produce": 0.142, "consumption": 0.876, "ratioPC": -0.8140000000000001, "maxBatteryPerDay": 8.75, "maxAtThisDay": 78.75, "batteryLevelPercentage": -0.9512851844469319, "buyPrice": 0.149072, "sellPrice": 0.1, "batteryLevel": -74.91370827519589, "maxBatteryForMonth": 100, "Temperature": 11.4, "ratioPc": "noData"}