{"bought": 116.06, "sold": 225.0, "Time_string": "Last update at 17:15 - 14/06/2024", "produce": 3.563, "consumption": 2.186, "ratioPC": 1.7999999999999998, "maxBatteryPerDay": 8.75, "maxAtThisDay": 100, "batteryLevelPercentage": 0.34873776966834813, "buyPrice": 0.149072, "sellPrice": 0.1, "batteryLevel": 34.87377696683481, "maxBatteryForMonth": 100, "Temperature": 33.8, "ratioPc": "noData"}