{"bought": 18.64, "sold": 50.8, "Time_string": "Last update at 15:55 - 03/10/2023", "produce": 4.47, "consumption": 3.347, "ratioPC": 1.1229999999999998, "maxBatteryPerDay": 8.75, "maxAtThisDay": 10, "batteryLevelPercentage": 1.5437492755178703, "buyPrice": 0.149072, "sellPrice": 0.1, "batteryLevel": 15.437492755178702, "maxBatteryForMonth": 10, "Temperature": 34.9, "ratioPc": "noData"}