{"bought": 104.81, "sold": 106.35, "Time_string": "Last update at 11:45 - 10/06/2024", "produce": 2.648, "consumption": 0.274, "ratioPC": 2.455, "maxBatteryPerDay": 8.75, "maxAtThisDay": 87.5, "batteryLevelPercentage": -0.38249868289915523, "buyPrice": 0.149072, "sellPrice": 0.1, "batteryLevel": -33.468634753676085, "maxBatteryForMonth": 100, "Temperature": 23.8, "ratioPc": "noData"}