{"bought": 80.94, "sold": 178.88, "Time_string": "Last update at 18:26 - 11/09/2024", "produce": 2.674, "consumption": 6.192, "ratioPC": -3.842, "maxBatteryPerDay": 8.75, "maxAtThisDay": 96.25, "batteryLevelPercentage": 0.4057735768578315, "buyPrice": 0.149072, "sellPrice": 0.1, "batteryLevel": 39.05570677256628, "maxBatteryForMonth": 100, "Temperature": 28.1, "ratioPc": "noData"}