{"bought": 48.29, "sold": 55.35, "Time_string": "Last update at 10:48 - 06/08/2023", "produce": 1.986, "consumption": 0.779, "ratioPC": 1.2069999999999999, "maxBatteryPerDay": 8.75, "maxAtThisDay": 10, "batteryLevelPercentage": -1.1160290866158633, "buyPrice": 0.149072, "sellPrice": 0.1, "batteryLevel": -11.160290866158633, "maxBatteryForMonth": 10, "Temperature": 31.4, "ratioPc": "noData"}