{"bought": 124.04, "sold": 228.7, "Time_string": "Last update at 18:33 - 14/09/2024", "produce": 0.639, "consumption": 1.867, "ratioPC": -1.0180000000000002, "maxBatteryPerDay": 8.75, "maxAtThisDay": 100, "batteryLevelPercentage": 0.29375799076956083, "buyPrice": 0.149072, "sellPrice": 0.1, "batteryLevel": 29.375799076956085, "maxBatteryForMonth": 100, "Temperature": 32.5, "ratioPc": "noData"}