{"bought": 14.62, "sold": 15.93, "Time_string": "Last update at 18:50 - 02/09/2024", "produce": 2.247, "consumption": 2.033, "ratioPC": -0.004999999999999893, "maxBatteryPerDay": 8.75, "maxAtThisDay": 17.5, "batteryLevelPercentage": -0.224793633757034, "buyPrice": 0.149072, "sellPrice": 0.1, "batteryLevel": -3.9338885907480954, "maxBatteryForMonth": 100, "Temperature": 31.2, "ratioPc": "noData"}