{"bought": 112.62, "sold": 181.11, "Time_string": "Last update at 10:48 - 13/06/2024", "produce": 2.255, "consumption": 0.262, "ratioPC": 2.056, "maxBatteryPerDay": 8.75, "maxAtThisDay": 100, "batteryLevelPercentage": 0.08871628206504227, "buyPrice": 0.149072, "sellPrice": 0.1, "batteryLevel": 8.871628206504226, "maxBatteryForMonth": 100, "Temperature": 22.6, "ratioPc": "noData"}