{"bought": 71.23, "sold": 123.75, "Time_string": "Last update at 07:23 - 09/07/2023", "produce": 0.021, "consumption": 0.137, "buyPrice": 0.149072, "sellPrice": 0.1, "batteryLevel": 11.783577331759147, "maxBatteryPerDay": 8.75, "batteryLevelPercentage": 1.1783577331759147, "maxAtThisDay": 10, "ratioPC": -0.116, "maxBatteryForMonth": 10, "ratioPc": "noData"}