{"bought": 158.16, "sold": 362.97, "Time_string": "Last update at 03:27 - 24/06/2023", "produce": 0.0, "consumption": 0.098, "ratioPc": "noData", "buyPrice": 0.149072, "sellPrice": 0.1, "batteryLevel": 85.32636900289793, "maxBatteryPerDay": 8.75, "batteryLevelPercentage": 0.40631604287094253, "maxAtThisDay": 210.0, "ratioPC": -0.098}