{"bought": 176.54, "sold": 171.54, "Time_string": "Last update at 16:40 - 24/12/2023", "produce": 1.663, "consumption": 0.266, "ratioPC": 0.9220000000000002, "maxBatteryPerDay": 8.75, "maxAtThisDay": 100, "batteryLevelPercentage": -0.6146808844048514, "buyPrice": 0.149072, "sellPrice": 0.1, "batteryLevel": -61.46808844048513, "maxBatteryForMonth": 100, "Temperature": 16.3, "ratioPc": "noData"}