{"bought": 27.0, "sold": 85.63, "Time_string": "Last update at 11:49 - 07/11/2023", "produce": 4.219, "consumption": 0.896, "ratioPC": 3.3230000000000004, "maxBatteryPerDay": 8.75, "maxAtThisDay": 10, "batteryLevelPercentage": 3.0442041429644737, "buyPrice": 0.149072, "sellPrice": 0.1, "batteryLevel": 30.44204142964474, "maxBatteryForMonth": 10, "Temperature": 13.8, "ratioPc": "noData"}