{"bought": 272.73, "sold": 188.29, "Time_string": "Last update at 11:06 - 25/01/2024", "produce": 2.831, "consumption": 0.189, "ratioPC": 1.969, "maxBatteryPerDay": 8.75, "maxAtThisDay": 100, "batteryLevelPercentage": -1.4642190726628745, "buyPrice": 0.149072, "sellPrice": 0.1, "batteryLevel": -146.42190726628746, "maxBatteryForMonth": 100, "Temperature": 16.2, "ratioPc": "noData"}