{"bought": 232.69, "sold": 252.06, "Time_string": "Last update at 08:21 - 22/07/2023", "produce": 0.134, "consumption": 0.241, "buyPrice": 0.149072, "sellPrice": 0.1, "batteryLevel": -63.60392078995383, "maxBatteryPerDay": 8.75, "batteryLevelPercentage": -6.360392078995384, "maxAtThisDay": 10, "ratioPC": -0.10699999999999998, "maxBatteryForMonth": 10, "ratioPc": "noData"}