{"bought": 213.4, "sold": 280.17, "Time_string": "Last update at 17:22 - 19/09/2024", "produce": 1.158, "consumption": 0.279, "ratioPC": 3.279, "maxBatteryPerDay": 8.75, "maxAtThisDay": 100, "batteryLevelPercentage": -0.25457260920897284, "buyPrice": 0.149072, "sellPrice": 0.1, "batteryLevel": -25.457260920897284, "maxBatteryForMonth": 100, "Temperature": 25.6, "ratioPc": "noData"}