{"bought": 222.45, "sold": 122.72, "Time_string": "Last update at 11:29 - 22/01/2024", "produce": 3.155, "consumption": 0.356, "ratioPC": 2.7430000000000003, "maxBatteryPerDay": 8.75, "maxAtThisDay": 100, "batteryLevelPercentage": -1.4012736395835568, "buyPrice": 0.149072, "sellPrice": 0.1, "batteryLevel": -140.1273639583557, "maxBatteryForMonth": 100, "Temperature": 12.0, "ratioPc": "noData"}