{"bought": 20.73, "sold": 28.65, "Time_string": "Last update at 12:48 - 03/07/2023", "produce": 3.919, "consumption": 2.738, "buyPrice": 0.149072, "sellPrice": 0.1, "batteryLevel": -1.5110990662230321, "maxBatteryPerDay": 8.75, "batteryLevelPercentage": -0.15110990662230323, "maxAtThisDay": 10, "ratioPC": 1.181, "maxBatteryForMonth": 10, "ratioPc": "noData"}