{"bought": 229.51, "sold": 610.71, "Time_string": "Last update at 13:18 - 26/05/2024", "produce": 4.239, "consumption": 0.304, "ratioPC": 3.8179999999999996, "maxBatteryPerDay": 8.75, "maxAtThisDay": 100, "batteryLevelPercentage": 1.8016451969518084, "buyPrice": 0.149072, "sellPrice": 0.1, "batteryLevel": 180.16451969518084, "maxBatteryForMonth": 100, "Temperature": 30.3, "ratioPc": "noData"}