{"bought": 74.69, "sold": 166.7, "Time_string": "Last update at 11:56 - 11/09/2024", "produce": 3.248, "consumption": 0.106, "ratioPC": 3.037, "maxBatteryPerDay": 8.75, "maxAtThisDay": 96.25, "batteryLevelPercentage": 0.3858198266260946, "buyPrice": 0.149072, "sellPrice": 0.1, "batteryLevel": 37.135158312761604, "maxBatteryForMonth": 100, "Temperature": 24.9, "ratioPc": "noData"}