{"bought": 119.4, "sold": 293.81, "Time_string": "Last update at 14:56 - 19/06/2023", "produce": 4.496, "consumption": 3.418, "ratioPc": "noData", "buyPrice": 0.149072, "sellPrice": 0.1, "batteryLevel": 77.69268004722548, "maxBatteryPerDay": 8.75, "batteryLevelPercentage": 0.46732439126150666, "maxAtThisDay": 166.25, "ratioPC": 1.0780000000000003}