{"bought": 201.73, "sold": 199.77, "Time_string": "Last update at 14:36 - 19/07/2023", "produce": 4.383, "consumption": 3.45, "buyPrice": 0.149072, "sellPrice": 0.1, "batteryLevel": -67.72093055704624, "maxBatteryPerDay": 8.75, "batteryLevelPercentage": -6.772093055704625, "maxAtThisDay": 10, "ratioPC": 0.9329999999999998, "maxBatteryForMonth": 10, "ratioPc": "noData"}