{"bought": 184.61, "sold": 378.63, "Time_string": "Last update at 18:23 - 17/05/2024", "produce": 3.817, "consumption": 0.976, "ratioPC": -0.020000000000000018, "maxBatteryPerDay": 8.75, "maxAtThisDay": 100, "batteryLevelPercentage": 0.6938135987978958, "buyPrice": 0.149072, "sellPrice": 0.1, "batteryLevel": 69.38135987978958, "maxBatteryForMonth": 100, "Temperature": 24.6, "ratioPc": "noData"}