{"bought": 164.74, "sold": 363.04, "Time_string": "Last update at 08:57 - 24/06/2023", "produce": 0.262, "consumption": 0.133, "ratioPc": "noData", "buyPrice": 0.149072, "sellPrice": 0.1, "batteryLevel": 78.79332617795427, "maxBatteryPerDay": 8.75, "batteryLevelPercentage": 0.3752063151331156, "maxAtThisDay": 210.0, "ratioPC": 0.129}