{"bought": 124.21, "sold": 156.52, "Time_string": "Last update at 17:13 - 13/07/2023", "produce": 3.915, "consumption": 3.755, "buyPrice": 0.149072, "sellPrice": 0.1, "batteryLevel": -19.213756574004506, "maxBatteryPerDay": 8.75, "batteryLevelPercentage": -1.9213756574004506, "maxAtThisDay": 10, "ratioPC": 0.16000000000000014, "maxBatteryForMonth": 10, "ratioPc": "noData"}