{"bought": 60.35, "sold": 30.13, "Time_string": "Last update at 21:08 - 04/06/2024", "produce": 0.085, "consumption": 0.234, "ratioPC": -0.12000000000000001, "maxBatteryPerDay": 8.75, "maxAtThisDay": 35.0, "batteryLevelPercentage": -1.1468082920621292, "buyPrice": 0.149072, "sellPrice": 0.1, "batteryLevel": -40.13829022217452, "maxBatteryForMonth": 100, "Temperature": 25.9, "ratioPc": "noData"}