{"bought": 572.32, "sold": 90.58, "Time_string": "Last update at 16:15 - 26/08/2024", "produce": 4.405, "consumption": 4.181, "ratioPC": -0.4939999999999998, "maxBatteryPerDay": 8.75, "maxAtThisDay": 100, "batteryLevelPercentage": -5.115574154770849, "buyPrice": 0.149072, "sellPrice": 0.1, "batteryLevel": -511.55741547708493, "maxBatteryForMonth": 100, "Temperature": 35.2, "ratioPc": "noData"}