{"bought": 218.37, "sold": 376.16, "Time_string": "Last update at 13:58 - 27/06/2023", "produce": 4.374, "consumption": 3.235, "buyPrice": 0.149072, "sellPrice": 0.1, "batteryLevel": 33.96444241708707, "maxBatteryPerDay": 8.75, "batteryLevelPercentage": 0.3396444241708707, "maxAtThisDay": 100, "ratioPC": 1.1389999999999998, "maxBatteryForMonth": 100, "ratioPc": "noData"}