{"bought": 223.79, "sold": 308.25, "Time_string": "Last update at 18:48 - 21/09/2024", "produce": 0.671, "consumption": 0.139, "ratioPC": 0.6749999999999999, "maxBatteryPerDay": 8.75, "maxAtThisDay": 100, "batteryLevelPercentage": -0.17010725555436296, "buyPrice": 0.149072, "sellPrice": 0.1, "batteryLevel": -17.010725555436295, "maxBatteryForMonth": 100, "Temperature": 23.2, "ratioPc": "noData"}