{"bought": 182.56, "sold": 370.91, "Time_string": "Last update at 18:31 - 25/06/2023", "produce": 2.602, "consumption": 3.529, "ratioPc": "noData", "buyPrice": 0.149072, "sellPrice": 0.1, "batteryLevel": 66.25265428786088, "maxBatteryPerDay": 8.75, "batteryLevelPercentage": 0.30286927674450687, "maxAtThisDay": 218.75, "ratioPC": -0.927}