{"bought": 104.94, "sold": 147.77, "Time_string": "Last update at 22:28 - 11/07/2023", "produce": 0.0, "consumption": 0.997, "buyPrice": 0.149072, "sellPrice": 0.1, "batteryLevel": -5.8134034560480785, "maxBatteryPerDay": 8.75, "batteryLevelPercentage": -0.5813403456048079, "maxAtThisDay": 10, "ratioPC": -0.997, "maxBatteryForMonth": 10, "ratioPc": "noData"}