{"bought": 146.01, "sold": 353.97, "Time_string": "Last update at 05:45 - 23/06/2023", "produce": 0.0, "consumption": 0.127, "ratioPc": "noData", "buyPrice": 0.149072, "sellPrice": 0.1, "batteryLevel": 91.43901792422457, "maxBatteryPerDay": 8.75, "batteryLevelPercentage": 0.4543553685675755, "maxAtThisDay": 201.25, "ratioPC": -0.127}