{"bought": 2.02, "sold": 0.02, "Time_string": "Last update at 10:56 - 01/01/2024", "produce": 0.446, "consumption": 2.639, "ratioPC": 0.013000000000000012, "maxBatteryPerDay": 8.75, "maxAtThisDay": 8.75, "batteryLevelPercentage": -0.22932384734509884, "buyPrice": 0.149072, "sellPrice": 0.1, "batteryLevel": -2.006583664269615, "maxBatteryForMonth": 100, "Temperature": 10.9, "ratioPc": "noData"}