{"bought": 109.98, "sold": 159.49, "Time_string": "Last update at 13:01 - 12/06/2024", "produce": 4.026, "consumption": 0.0, "ratioPC": 1.174, "maxBatteryPerDay": 8.75, "maxAtThisDay": 100, "batteryLevelPercentage": -0.029914307180422952, "buyPrice": 0.149072, "sellPrice": 0.1, "batteryLevel": -2.991430718042295, "maxBatteryForMonth": 100, "Temperature": 26.0, "ratioPc": "noData"}