{"bought": 303.77, "sold": 213.89, "Time_string": "Last update at 12:52 - 25/08/2023", "produce": 3.603, "consumption": 3.286, "ratioPC": 0.31700000000000017, "maxBatteryPerDay": 8.75, "maxAtThisDay": 10, "batteryLevelPercentage": -16.02889975313942, "buyPrice": 0.149072, "sellPrice": 0.1, "batteryLevel": -160.28899753139422, "maxBatteryForMonth": 10, "Temperature": 37.6, "ratioPc": "noData"}