{"bought": 102.02, "sold": 100.49, "Time_string": "Last update at 15:57 - 09/06/2024", "produce": 2.313, "consumption": 0.295, "ratioPC": 5.689, "maxBatteryPerDay": 8.75, "maxAtThisDay": 78.75, "batteryLevelPercentage": -0.439487252351479, "buyPrice": 0.149072, "sellPrice": 0.1, "batteryLevel": -34.60962112267897, "maxBatteryForMonth": 100, "Temperature": 23.9, "ratioPc": "noData"}