{"bought": 215.52, "sold": 187.96, "Time_string": "Last update at 14:08 - 27/12/2023", "produce": 4.297, "consumption": 0.246, "ratioPC": 4.0760000000000005, "maxBatteryPerDay": 8.75, "maxAtThisDay": 100, "batteryLevelPercentage": -0.8943327680583879, "buyPrice": 0.149072, "sellPrice": 0.1, "batteryLevel": -89.43327680583879, "maxBatteryForMonth": 100, "Temperature": 13.3, "ratioPc": "noData"}