{"bought": 231.48, "sold": 379.89, "Time_string": "Last update at 10:26 - 28/06/2023", "produce": 1.438, "consumption": 1.028, "buyPrice": 0.149072, "sellPrice": 0.1, "batteryLevel": 23.35658903080389, "maxBatteryPerDay": 8.75, "batteryLevelPercentage": 0.2335658903080389, "maxAtThisDay": 100, "ratioPC": 0.4099999999999999, "maxBatteryForMonth": 100, "ratioPc": "noData"}