{"bought": 182.61, "sold": 351.7, "Time_string": "Last update at 21:17 - 16/05/2024", "produce": 0.022, "consumption": 0.373, "ratioPC": -0.30200000000000005, "maxBatteryPerDay": 8.75, "maxAtThisDay": 100, "batteryLevelPercentage": 0.5331626381882577, "buyPrice": 0.149072, "sellPrice": 0.1, "batteryLevel": 53.316263818825774, "maxBatteryForMonth": 100, "Temperature": 18.4, "ratioPc": "noData"}