{"bought": 195.42, "sold": 183.95, "Time_string": "Last update at 17:37 - 19/08/2023", "produce": 3.2, "consumption": 2.855, "ratioPC": 0.3450000000000002, "maxBatteryPerDay": 8.75, "maxAtThisDay": 10, "batteryLevelPercentage": -7.2023252119781045, "buyPrice": 0.149072, "sellPrice": 0.1, "batteryLevel": -72.02325211978105, "maxBatteryForMonth": 10, "Temperature": 39.0, "ratioPc": "noData"}