{"bought": 218.66, "sold": 377.85, "Time_string": "Last update at 15:46 - 27/06/2023", "produce": 4.466, "consumption": 3.457, "buyPrice": 0.149072, "sellPrice": 0.1, "batteryLevel": 34.80812278630461, "maxBatteryPerDay": 8.75, "batteryLevelPercentage": 0.34808122786304607, "maxAtThisDay": 100, "ratioPC": 1.0090000000000003, "maxBatteryForMonth": 100, "ratioPc": "noData"}