{"bought": 96.12, "sold": 54.84, "Time_string": "Last update at 10:04 - 07/06/2024", "produce": 0.635, "consumption": 0.128, "ratioPC": 0.5509999999999999, "maxBatteryPerDay": 8.75, "maxAtThisDay": 61.25, "batteryLevelPercentage": -0.96869236615973, "buyPrice": 0.149072, "sellPrice": 0.1, "batteryLevel": -59.332407427283464, "maxBatteryForMonth": 100, "Temperature": 22.1, "ratioPc": "noData"}