{"bought": 172.58, "sold": 168.5, "Time_string": "Last update at 12:29 - 24/12/2023", "produce": 3.954, "consumption": 0.663, "ratioPC": 0.34999999999999964, "maxBatteryPerDay": 8.75, "maxAtThisDay": 100, "batteryLevelPercentage": -0.5954737147150371, "buyPrice": 0.149072, "sellPrice": 0.1, "batteryLevel": -59.54737147150371, "maxBatteryForMonth": 100, "Temperature": 12.4, "ratioPc": "noData"}