{"bought": 194.37, "sold": 183.23, "Time_string": "Last update at 13:10 - 26/12/2023", "produce": 4.382, "consumption": 0.288, "ratioPC": 4.036, "maxBatteryPerDay": 8.75, "maxAtThisDay": 100, "batteryLevelPercentage": -0.7145624020607493, "buyPrice": 0.149072, "sellPrice": 0.1, "batteryLevel": -71.45624020607492, "maxBatteryForMonth": 100, "Temperature": 10.3, "ratioPc": "noData"}