{"bought": 131.54, "sold": 331.17, "Time_string": "Last update at 17:39 - 23/10/2023", "produce": 3.388, "consumption": 0.389, "ratioPC": 2.9989999999999997, "maxBatteryPerDay": 8.75, "maxAtThisDay": 10, "batteryLevelPercentage": 9.06143951915853, "buyPrice": 0.149072, "sellPrice": 0.1, "batteryLevel": 90.61439519158529, "maxBatteryForMonth": 10, "Temperature": 18.6, "ratioPc": "noData"}