{"bought": 364.92, "sold": 262.89, "Time_string": "Last update at 16:47 - 29/08/2023", "produce": 3.988, "consumption": 4.3, "ratioPC": -0.31199999999999983, "maxBatteryPerDay": 8.75, "maxAtThisDay": 10, "batteryLevelPercentage": -18.85689749919502, "buyPrice": 0.149072, "sellPrice": 0.1, "batteryLevel": -188.56897499195023, "maxBatteryForMonth": 10, "Temperature": 35.8, "ratioPc": "noData"}