{"bought": 242.69, "sold": 345.21, "Time_string": "Last update at 12:50 - 21/06/2024", "produce": 4.253, "consumption": 7.812, "ratioPC": -2.197, "maxBatteryPerDay": 8.75, "maxAtThisDay": 100, "batteryLevelPercentage": -0.1111733712568423, "buyPrice": 0.149072, "sellPrice": 0.1, "batteryLevel": -11.11733712568423, "maxBatteryForMonth": 100, "Temperature": 25.8, "ratioPc": "noData"}