{"bought": 174.05, "sold": 302.9, "Time_string": "Last update at 13:05 - 19/06/2024", "produce": 0.684, "consumption": 0.251, "ratioPC": 1.2930000000000001, "maxBatteryPerDay": 8.75, "maxAtThisDay": 100, "batteryLevelPercentage": 0.2914040463668559, "buyPrice": 0.149072, "sellPrice": 0.1, "batteryLevel": 29.140404636685588, "maxBatteryForMonth": 100, "Temperature": 17.2, "ratioPc": "noData"}