{"bought": 191.14, "sold": 197.74, "Time_string": "Last update at 16:48 - 17/10/2024", "produce": 1.459, "consumption": 0.274, "ratioPC": 1.1420000000000001, "maxBatteryPerDay": 8.75, "maxAtThisDay": 100, "batteryLevelPercentage": -0.5849268863368036, "buyPrice": 0.149072, "sellPrice": 0.1, "batteryLevel": -58.49268863368036, "maxBatteryForMonth": 100, "Temperature": 21.0, "ratioPc": "noData"}