{"bought": 138.58, "sold": 335.12, "Time_string": "Last update at 04:37 - 22/06/2023", "produce": 0.0, "consumption": 0.135, "ratioPc": "noData", "buyPrice": 0.149072, "sellPrice": 0.1, "batteryLevel": 86.22412149833636, "maxBatteryPerDay": 8.75, "batteryLevelPercentage": 0.447917514277072, "maxAtThisDay": 192.5, "ratioPC": -0.135}