{"bought": 35.18, "sold": 128.62, "Time_string": "Last update at 20:18 - 08/09/2023", "produce": 0.155, "consumption": 1.376, "ratioPC": -1.2209999999999999, "maxBatteryPerDay": 8.75, "maxAtThisDay": 10, "batteryLevelPercentage": 5.110045508210797, "buyPrice": 0.149072, "sellPrice": 0.1, "batteryLevel": 51.10045508210798, "maxBatteryForMonth": 10, "Temperature": 25.7, "ratioPc": "noData"}