{"bought": 216.84, "sold": 584.15, "Time_string": "Last update at 11:49 - 25/05/2024", "produce": 3.33, "consumption": 0.279, "ratioPC": 1.8459999999999999, "maxBatteryPerDay": 8.75, "maxAtThisDay": 100, "batteryLevelPercentage": 1.750176258452291, "buyPrice": 0.149072, "sellPrice": 0.1, "batteryLevel": 175.0176258452291, "maxBatteryForMonth": 100, "Temperature": 25.6, "ratioPc": "noData"}