{"bought": 200.02, "sold": 534.29, "Time_string": "Last update at 11:00 - 23/05/2024", "produce": 2.677, "consumption": 7.554, "ratioPC": -5.295999999999999, "maxBatteryPerDay": 8.75, "maxAtThisDay": 100, "batteryLevelPercentage": 1.5839070086937854, "buyPrice": 0.149072, "sellPrice": 0.1, "batteryLevel": 158.39070086937855, "maxBatteryForMonth": 100, "Temperature": 23.0, "ratioPc": "noData"}