{"bought": 140.89, "sold": 157.92, "Time_string": "Last update at 05:31 - 14/10/2024", "produce": 0.0, "consumption": 0.169, "ratioPC": -0.196, "maxBatteryPerDay": 8.75, "maxAtThisDay": 100, "batteryLevelPercentage": -0.34954613072877533, "buyPrice": 0.149072, "sellPrice": 0.1, "batteryLevel": -34.954613072877535, "maxBatteryForMonth": 100, "Temperature": 17.0, "ratioPc": "noData"}