{"bought": 273.33, "sold": 367.88, "Time_string": "Last update at 15:26 - 23/06/2024", "produce": 4.676, "consumption": 4.386, "ratioPC": 0.2999999999999998, "maxBatteryPerDay": 8.75, "maxAtThisDay": 100, "batteryLevelPercentage": -0.26549920575292446, "buyPrice": 0.149072, "sellPrice": 0.1, "batteryLevel": -26.549920575292447, "maxBatteryForMonth": 100, "Temperature": 35.4, "ratioPc": "noData"}