{"bought": 267.94, "sold": 291.32, "Time_string": "Last update at 11:16 - 25/07/2023", "produce": 2.75, "consumption": 2.131, "buyPrice": 0.149072, "sellPrice": 0.1, "batteryLevel": -72.51765375120746, "maxBatteryPerDay": 8.75, "batteryLevelPercentage": -7.251765375120746, "maxAtThisDay": 10, "ratioPC": 0.6190000000000002, "maxBatteryForMonth": 10, "ratioPc": "noData"}