{"bought": 86.57, "sold": 130.84, "Time_string": "Last update at 13:37 - 09/10/2024", "produce": 0.868, "consumption": 0.136, "ratioPC": 0.475, "maxBatteryPerDay": 8.75, "maxAtThisDay": 78.75, "batteryLevelPercentage": 0.015233883786422233, "buyPrice": 0.149072, "sellPrice": 0.1, "batteryLevel": 1.1996683481807509, "maxBatteryForMonth": 100, "Temperature": 22.0, "ratioPc": "noData"}