{"bought": 210.83, "sold": 276.75, "Time_string": "Last update at 12:46 - 19/09/2024", "produce": 2.34, "consumption": 0.926, "ratioPC": 0.8630000000000001, "maxBatteryPerDay": 8.75, "maxAtThisDay": 100, "batteryLevelPercentage": -0.251814543307932, "buyPrice": 0.149072, "sellPrice": 0.1, "batteryLevel": -25.1814543307932, "maxBatteryForMonth": 100, "Temperature": 25.8, "ratioPc": "noData"}