{"bought": 80.6, "sold": 68.04, "Time_string": "Last update at 13:21 - 08/08/2023", "produce": 2.934, "consumption": 3.678, "ratioPC": -0.7439999999999998, "maxBatteryPerDay": 8.75, "maxAtThisDay": 10, "batteryLevelPercentage": -3.4957625845229137, "buyPrice": 0.149072, "sellPrice": 0.1, "batteryLevel": -34.95762584522914, "maxBatteryForMonth": 10, "Temperature": 36.0, "ratioPc": "noData"}