{"bought": 275.33, "sold": 368.19, "Time_string": "Last update at 18:47 - 23/06/2024", "produce": 2.637, "consumption": 4.395, "ratioPC": -1.7080000000000002, "maxBatteryPerDay": 8.75, "maxAtThisDay": 100, "batteryLevelPercentage": -0.283419673714715, "buyPrice": 0.149072, "sellPrice": 0.1, "batteryLevel": -28.341967371471497, "maxBatteryForMonth": 100, "Temperature": 36.0, "ratioPc": "noData"}