{"bought": 43.94, "sold": 16.37, "Time_string": "Last update at 14:06 - 03/06/2024", "produce": 4.643, "consumption": 0.277, "ratioPC": 4.316000000000001, "maxBatteryPerDay": 8.75, "maxAtThisDay": 26.25, "batteryLevelPercentage": -1.255570636368747, "buyPrice": 0.149072, "sellPrice": 0.1, "batteryLevel": -32.958729204679614, "maxBatteryForMonth": 100, "Temperature": 31.1, "ratioPc": "noData"}