{"bought": 138.67, "sold": 89.1, "Time_string": "Last update at 15:57 - 12/08/2023", "produce": 4.53, "consumption": 5.73, "ratioPC": -1.2000000000000002, "maxBatteryPerDay": 8.75, "maxAtThisDay": 10, "batteryLevelPercentage": -7.890022432113341, "buyPrice": 0.149072, "sellPrice": 0.1, "batteryLevel": -78.90022432113341, "maxBatteryForMonth": 10, "Temperature": 41.0, "ratioPc": "noData"}