{"bought": 285.73, "sold": 375.63, "Time_string": "Last update at 18:24 - 24/06/2024", "produce": 2.978, "consumption": 0.415, "ratioPC": -3.1540000000000004, "maxBatteryPerDay": 8.75, "maxAtThisDay": 100, "batteryLevelPercentage": -0.3375109047976818, "buyPrice": 0.149072, "sellPrice": 0.1, "batteryLevel": -33.75109047976818, "maxBatteryForMonth": 100, "Temperature": 36.6, "ratioPc": "noData"}