{"bought": 106.29, "sold": 279.75, "Time_string": "Last update at 12:46 - 19/10/2023", "produce": 0.273, "consumption": 2.069, "ratioPC": -1.7959999999999998, "maxBatteryPerDay": 8.75, "maxAtThisDay": 10, "batteryLevelPercentage": 8.137099602876463, "buyPrice": 0.149072, "sellPrice": 0.1, "batteryLevel": 81.37099602876462, "maxBatteryForMonth": 10, "Temperature": 22.0, "ratioPc": "noData"}