{"bought": 134.47, "sold": 289.21, "Time_string": "Last update at 19:24 - 17/06/2024", "produce": 1.878, "consumption": 7.643, "ratioPC": -5.48, "maxBatteryPerDay": 8.75, "maxAtThisDay": 100, "batteryLevelPercentage": 0.5953692282923686, "buyPrice": 0.149072, "sellPrice": 0.1, "batteryLevel": 59.53692282923686, "maxBatteryForMonth": 100, "Temperature": 29.2, "ratioPc": "noData"}