{"bought": 190.69, "sold": 247.99, "Time_string": "Last update at 01:32 - 17/09/2024", "produce": 0.0, "consumption": 5.135, "ratioPC": -5.169, "maxBatteryPerDay": 8.75, "maxAtThisDay": 100, "batteryLevelPercentage": -0.24334145111087252, "buyPrice": 0.149072, "sellPrice": 0.1, "batteryLevel": -24.334145111087253, "maxBatteryForMonth": 100, "Temperature": 22.5, "ratioPc": "noData"}