{"bought": 55.77, "sold": 151.19, "Time_string": "Last update at 14:54 - 10/10/2023", "produce": 4.729, "consumption": 4.746, "ratioPC": -0.017000000000000348, "maxBatteryPerDay": 8.75, "maxAtThisDay": 10, "batteryLevelPercentage": 4.56507899538478, "buyPrice": 0.149072, "sellPrice": 0.1, "batteryLevel": 45.6507899538478, "maxBatteryForMonth": 10, "Temperature": 29.9, "ratioPc": "noData"}