{"bought": 162.81, "sold": 97.18, "Time_string": "Last update at 11:56 - 14/08/2023", "produce": 3.324, "consumption": 1.869, "ratioPC": 1.4549999999999998, "maxBatteryPerDay": 8.75, "maxAtThisDay": 10, "batteryLevelPercentage": -9.762002468605774, "buyPrice": 0.149072, "sellPrice": 0.1, "batteryLevel": -97.62002468605773, "maxBatteryForMonth": 10, "Temperature": 28.9, "ratioPc": "noData"}