{"bought": 383.66, "sold": 293.33, "Time_string": "Last update at 13:24 - 31/08/2023", "produce": 4.297, "consumption": 3.087, "ratioPC": 1.2099999999999995, "maxBatteryPerDay": 8.75, "maxAtThisDay": 10, "batteryLevelPercentage": -18.68893120103038, "buyPrice": 0.149072, "sellPrice": 0.1, "batteryLevel": -186.8893120103038, "maxBatteryForMonth": 10, "Temperature": 30.8, "ratioPc": "noData"}