{"bought": 187.05, "sold": 412.04, "Time_string": "Last update at 18:40 - 18/05/2024", "produce": 2.73, "consumption": 0.93, "ratioPC": 0.9319999999999999, "maxBatteryPerDay": 8.75, "maxAtThisDay": 100, "batteryLevelPercentage": 0.8935334871739832, "buyPrice": 0.149072, "sellPrice": 0.1, "batteryLevel": 89.35334871739832, "maxBatteryForMonth": 100, "Temperature": 24.3, "ratioPc": "noData"}