{"bought": 51.93, "sold": 20.25, "Time_string": "Last update at 16:58 - 05/01/2024", "produce": 1.655, "consumption": 0.308, "ratioPC": 1.593, "maxBatteryPerDay": 8.75, "maxAtThisDay": 43.75, "batteryLevelPercentage": -0.8764790873825112, "buyPrice": 0.149072, "sellPrice": 0.1, "batteryLevel": -38.345960072984866, "maxBatteryForMonth": 100, "Temperature": 13.0, "ratioPc": "noData"}