{"bought": 98.04, "sold": 70.18, "Time_string": "Last update at 09:55 - 09/08/2023", "produce": 0.961, "consumption": 0.157, "ratioPC": 0.8039999999999999, "maxBatteryPerDay": 8.75, "maxAtThisDay": 10, "batteryLevelPercentage": -5.096207792207792, "buyPrice": 0.149072, "sellPrice": 0.1, "batteryLevel": -50.962077922077924, "maxBatteryForMonth": 10, "Temperature": 26.9, "ratioPc": "noData"}