{"bought": 47.33, "sold": 178.54, "Time_string": "Last update at 13:47 - 11/09/2023", "produce": 4.818, "consumption": 0.23, "ratioPC": 4.587999999999999, "maxBatteryPerDay": 8.75, "maxAtThisDay": 10, "batteryLevelPercentage": 7.243762906514972, "buyPrice": 0.149072, "sellPrice": 0.1, "batteryLevel": 72.43762906514972, "maxBatteryForMonth": 10, "Temperature": 26.8, "ratioPc": "noData"}