{"bought": 290.09, "sold": 692.84, "Time_string": "Last update at 17:41 - 30/05/2024", "produce": 3.317, "consumption": 4.224, "ratioPC": -0.7050000000000001, "maxBatteryPerDay": 8.75, "maxAtThisDay": 100, "batteryLevelPercentage": 1.7467870237200822, "buyPrice": 0.149072, "sellPrice": 0.1, "batteryLevel": 174.67870237200822, "maxBatteryForMonth": 100, "Temperature": 35.6, "ratioPc": "noData"}