{"bought": 71.48, "sold": 116.34, "Time_string": "Last update at 00:32 - 09/11/2024", "produce": 0.0, "consumption": 0.243, "ratioPC": -0.247, "maxBatteryPerDay": 8.75, "maxAtThisDay": 78.75, "batteryLevelPercentage": 0.08333745960192226, "buyPrice": 0.149072, "sellPrice": 0.1, "batteryLevel": 6.562824943651378, "maxBatteryForMonth": 100, "Temperature": 16.5, "ratioPc": "noData"}