{"bought": 216.41, "sold": 281.82, "Time_string": "Last update at 03:24 - 20/09/2024", "produce": 0.0, "consumption": 0.128, "ratioPC": -0.092, "maxBatteryPerDay": 8.75, "maxAtThisDay": 100, "batteryLevelPercentage": -0.27360413223140484, "buyPrice": 0.149072, "sellPrice": 0.1, "batteryLevel": -27.360413223140483, "maxBatteryForMonth": 100, "Temperature": 18.6, "ratioPc": "noData"}