{"bought": 157.81, "sold": 170.32, "Time_string": "Last update at 21:47 - 15/07/2023", "produce": 0.014, "consumption": 0.779, "buyPrice": 0.149072, "sellPrice": 0.1, "batteryLevel": -43.55648492003864, "maxBatteryPerDay": 8.75, "batteryLevelPercentage": -4.355648492003864, "maxAtThisDay": 10, "ratioPC": -0.765, "maxBatteryForMonth": 10, "ratioPc": "noData"}