{"bought": 154.9, "sold": 165.36, "Time_string": "Last update at 15:26 - 15/07/2023", "produce": 4.762, "consumption": 4.011, "buyPrice": 0.149072, "sellPrice": 0.1, "batteryLevel": -43.9737361811742, "maxBatteryPerDay": 8.75, "batteryLevelPercentage": -4.39737361811742, "maxAtThisDay": 10, "ratioPC": 0.7509999999999994, "maxBatteryForMonth": 10, "ratioPc": "noData"}