{"bought": 99.31, "sold": 74.91, "Time_string": "Last update at 14:16 - 08/06/2024", "produce": 1.802, "consumption": 0.219, "ratioPC": 0.9339999999999999, "maxBatteryPerDay": 8.75, "maxAtThisDay": 70.0, "batteryLevelPercentage": -0.7008444931691685, "buyPrice": 0.149072, "sellPrice": 0.1, "batteryLevel": -49.0591145218418, "maxBatteryForMonth": 100, "Temperature": 25.0, "ratioPc": "noData"}