{"bought": 181.87, "sold": 157.83, "Time_string": "Last update at 19:16 - 17/08/2023", "produce": 1.5918, "consumption": 1.664, "ratioPC": -0.07219999999999982, "maxBatteryPerDay": 8.75, "maxAtThisDay": 10, "batteryLevelPercentage": -7.599498658366427, "buyPrice": 0.149072, "sellPrice": 0.1, "batteryLevel": -75.99498658366427, "maxBatteryForMonth": 10, "Temperature": 32.7, "ratioPc": "noData"}