{"bought": 353.92, "sold": 231.87, "Time_string": "Last update at 16:12 - 27/08/2023", "produce": 4.674, "consumption": 2.037, "ratioPC": 2.6370000000000005, "maxBatteryPerDay": 8.75, "maxAtThisDay": 10, "batteryLevelPercentage": -19.837771170977785, "buyPrice": 0.149072, "sellPrice": 0.1, "batteryLevel": -198.37771170977786, "maxBatteryForMonth": 10, "Temperature": 31.2, "ratioPc": "noData"}