{"bought": 20.89, "sold": 38.07, "Time_string": "Last update at 18:17 - 03/07/2023", "produce": 3.024, "consumption": 4.65, "buyPrice": 0.149072, "sellPrice": 0.1, "batteryLevel": 4.64799506278845, "maxBatteryPerDay": 8.75, "batteryLevelPercentage": 0.464799506278845, "maxAtThisDay": 10, "ratioPC": -1.6260000000000003, "maxBatteryForMonth": 10, "ratioPc": "noData"}