{"bought": 88.74, "sold": 132.92, "Time_string": "Last update at 05:08 - 10/10/2024", "produce": 0.0, "consumption": 0.131, "ratioPC": -0.089, "maxBatteryPerDay": 8.75, "maxAtThisDay": 87.5, "batteryLevelPercentage": 0.004856768733037922, "buyPrice": 0.149072, "sellPrice": 0.1, "batteryLevel": 0.4249672641408182, "maxBatteryForMonth": 100, "Temperature": 14.9, "ratioPc": "noData"}