{"bought": 120.91, "sold": 246.94, "Time_string": "Last update at 23:51 - 15/06/2024", "produce": 0.0, "consumption": 1.23, "ratioPC": -1.288, "maxBatteryPerDay": 8.75, "maxAtThisDay": 100, "batteryLevelPercentage": 0.44741497263067515, "buyPrice": 0.149072, "sellPrice": 0.1, "batteryLevel": 44.741497263067515, "maxBatteryForMonth": 100, "Temperature": 22.1, "ratioPc": "noData"}