{"bought": 200.65, "sold": 374.41, "Time_string": "Last update at 16:35 - 26/06/2023", "produce": 3.934, "consumption": 3.329, "buyPrice": 0.149072, "sellPrice": 0.1, "batteryLevel": 50.51051304067832, "maxBatteryPerDay": 8.75, "batteryLevelPercentage": 0.5051051304067832, "maxAtThisDay": 100, "ratioPC": 0.605, "maxBatteryForMonth": 100, "ratioPc": "noData"}