{"bought": 202.68, "sold": 374.79, "Time_string": "Last update at 19:31 - 26/06/2023", "produce": 1.483, "consumption": 3.44, "buyPrice": 0.149072, "sellPrice": 0.1, "batteryLevel": 48.73542341955567, "maxBatteryPerDay": 8.75, "batteryLevelPercentage": 0.48735423419555673, "maxAtThisDay": 100, "ratioPC": -1.9569999999999999, "maxBatteryForMonth": 100, "ratioPc": "noData"}