{"bought": 276.4, "sold": 678.34, "Time_string": "Last update at 11:42 - 29/05/2024", "produce": 3.083, "consumption": 0.195, "ratioPC": 2.8880000000000003, "maxBatteryPerDay": 8.75, "maxAtThisDay": 100, "batteryLevelPercentage": 1.7864185896747882, "buyPrice": 0.149072, "sellPrice": 0.1, "batteryLevel": 178.6418589674788, "maxBatteryForMonth": 100, "Temperature": 27.4, "ratioPc": "noData"}