{"bought": 85.08, "sold": 389.79, "Time_string": "Last update at 13:33 - 21/09/2023", "produce": 2.165, "consumption": 1.307, "ratioPC": 0.8580000000000001, "maxBatteryPerDay": 8.75, "maxAtThisDay": 10, "batteryLevelPercentage": 17.639767521734466, "buyPrice": 0.149072, "sellPrice": 0.1, "batteryLevel": 176.39767521734467, "maxBatteryForMonth": 10, "Temperature": 25.1, "ratioPc": "noData"}