{"bought": 278.52, "sold": 323.12, "Time_string": "Last update at 08:55 - 25/10/2024", "produce": 0.032, "consumption": 0.137, "ratioPC": -0.125, "maxBatteryPerDay": 8.75, "maxAtThisDay": 100, "batteryLevelPercentage": -0.6176567993989477, "buyPrice": 0.149072, "sellPrice": 0.1, "batteryLevel": -61.76567993989477, "maxBatteryForMonth": 100, "Temperature": 17.1, "ratioPc": "noData"}