{"bought": 281.19, "sold": 210.02, "Time_string": "Last update at 13:02 - 24/08/2023", "produce": 3.917, "consumption": 3.416, "ratioPC": 0.5009999999999999, "maxBatteryPerDay": 8.75, "maxAtThisDay": 10, "batteryLevelPercentage": -14.030505849522376, "buyPrice": 0.149072, "sellPrice": 0.1, "batteryLevel": -140.30505849522376, "maxBatteryForMonth": 10, "Temperature": 37.1, "ratioPc": "noData"}