{"bought": 551.92, "sold": 88.99, "Time_string": "Last update at 17:14 - 25/08/2024", "produce": 3.854, "consumption": 6.796, "ratioPC": -2.9909999999999997, "maxBatteryPerDay": 8.75, "maxAtThisDay": 100, "batteryLevelPercentage": -4.922240141676506, "buyPrice": 0.149072, "sellPrice": 0.1, "batteryLevel": -492.2240141676505, "maxBatteryForMonth": 100, "Temperature": 38.0, "ratioPc": "noData"}