{"bought": 243.81, "sold": 199.52, "Time_string": "Last update at 12:13 - 22/08/2023", "produce": 3.403, "consumption": 3.869, "ratioPC": -0.4660000000000002, "maxBatteryPerDay": 8.75, "maxAtThisDay": 10, "batteryLevelPercentage": -10.996863475367608, "buyPrice": 0.149072, "sellPrice": 0.1, "batteryLevel": -109.96863475367607, "maxBatteryForMonth": 10, "Temperature": 36.4, "ratioPc": "noData"}