{"bought": 48.29, "sold": 54.64, "Time_string": "Last update at 09:31 - 06/08/2023", "produce": 0.336, "consumption": 0.151, "ratioPC": 0.18500000000000003, "maxBatteryPerDay": 8.75, "maxAtThisDay": 10, "batteryLevelPercentage": -1.1636570784587312, "buyPrice": 0.149072, "sellPrice": 0.1, "batteryLevel": -11.636570784587313, "maxBatteryForMonth": 10, "Temperature": 27.1, "ratioPc": "noData"}