{"bought": 101.88, "sold": 90.62, "Time_string": "Last update at 11:02 - 09/06/2024", "produce": 0.827, "consumption": 0.133, "ratioPC": 1.473, "maxBatteryPerDay": 8.75, "maxAtThisDay": 78.75, "batteryLevelPercentage": -0.5217851784841158, "buyPrice": 0.149072, "sellPrice": 0.1, "batteryLevel": -41.090582805624116, "maxBatteryForMonth": 100, "Temperature": 22.0, "ratioPc": "noData"}