{"bought": 131.52, "sold": 329.75, "Time_string": "Last update at 16:29 - 23/10/2023", "produce": 1.17, "consumption": 0.366, "ratioPC": 0.8039999999999999, "maxBatteryPerDay": 8.75, "maxAtThisDay": 10, "batteryLevelPercentage": 8.96818353547279, "buyPrice": 0.149072, "sellPrice": 0.1, "batteryLevel": 89.6818353547279, "maxBatteryForMonth": 10, "Temperature": 18.5, "ratioPc": "noData"}