{"bought": 130.4, "sold": 228.7, "Time_string": "Last update at 08:48 - 15/09/2024", "produce": 0.109, "consumption": 1.454, "ratioPC": -1.321, "maxBatteryPerDay": 8.75, "maxAtThisDay": 100, "batteryLevelPercentage": 0.23015799076956087, "buyPrice": 0.149072, "sellPrice": 0.1, "batteryLevel": 23.015799076956085, "maxBatteryForMonth": 100, "Temperature": 20.8, "ratioPc": "noData"}