{"bought": 122.99, "sold": 269.37, "Time_string": "Last update at 20:01 - 16/06/2024", "produce": 0.954, "consumption": 0.731, "ratioPC": 0.399, "maxBatteryPerDay": 8.75, "maxAtThisDay": 100, "batteryLevelPercentage": 0.5770791778469466, "buyPrice": 0.149072, "sellPrice": 0.1, "batteryLevel": 57.70791778469466, "maxBatteryForMonth": 100, "Temperature": 29.0, "ratioPc": "noData"}