{"bought": 383.52, "sold": 288.35, "Time_string": "Last update at 11:05 - 31/08/2023", "produce": 2.247, "consumption": 1.014, "ratioPC": 1.2329999999999999, "maxBatteryPerDay": 8.75, "maxAtThisDay": 10, "batteryLevelPercentage": -19.008997960716965, "buyPrice": 0.149072, "sellPrice": 0.1, "batteryLevel": -190.08997960716965, "maxBatteryForMonth": 10, "Temperature": 26.2, "ratioPc": "noData"}