{"bought": 96.58, "sold": 68.43, "Time_string": "Last update at 17:54 - 07/06/2024", "produce": 1.477, "consumption": 1.796, "ratioPC": -0.06099999999999994, "maxBatteryPerDay": 8.75, "maxAtThisDay": 61.25, "batteryLevelPercentage": -0.8273633844650878, "buyPrice": 0.149072, "sellPrice": 0.1, "batteryLevel": -50.67600729848663, "maxBatteryForMonth": 100, "Temperature": 25.2, "ratioPc": "noData"}