{"bought": 63.72, "sold": 46.56, "Time_string": "Last update at 19:14 - 05/06/2024", "produce": 1.829, "consumption": 2.168, "ratioPC": -0.562, "maxBatteryPerDay": 8.75, "maxAtThisDay": 43.75, "batteryLevelPercentage": -0.7425547524494395, "buyPrice": 0.149072, "sellPrice": 0.1, "batteryLevel": -32.486770419662975, "maxBatteryForMonth": 100, "Temperature": 32.8, "ratioPc": "noData"}