{"bought": 63.06, "sold": 261.21, "Time_string": "Last update at 11:24 - 15/09/2023", "produce": 2.833, "consumption": 0.839, "ratioPC": 1.9940000000000002, "maxBatteryPerDay": 8.75, "maxAtThisDay": 10, "batteryLevelPercentage": 11.216405280669742, "buyPrice": 0.149072, "sellPrice": 0.1, "batteryLevel": 112.16405280669741, "maxBatteryForMonth": 10, "Temperature": 23.4, "ratioPc": "noData"}