{"bought": 258.22, "sold": 362.49, "Time_string": "Last update at 13:00 - 22/06/2024", "produce": 4.217, "consumption": 6.697, "ratioPC": -2.535, "maxBatteryPerDay": 8.75, "maxAtThisDay": 100, "batteryLevelPercentage": -0.15055623054631354, "buyPrice": 0.149072, "sellPrice": 0.1, "batteryLevel": -15.055623054631354, "maxBatteryForMonth": 100, "Temperature": 31.0, "ratioPc": "noData"}