{"bought": 123.15, "sold": 217.21, "Time_string": "Last update at 11:30 - 14/09/2024", "produce": 2.764, "consumption": 0.267, "ratioPC": 0.16699999999999982, "maxBatteryPerDay": 8.75, "maxAtThisDay": 100, "batteryLevelPercentage": 0.2255811419984974, "buyPrice": 0.149072, "sellPrice": 0.1, "batteryLevel": 22.55811419984974, "maxBatteryForMonth": 100, "Temperature": 27.0, "ratioPc": "noData"}