{"bought": 148.54, "sold": 362.97, "Time_string": "Last update at 18:44 - 23/06/2023", "produce": 2.487, "consumption": 4.503, "ratioPc": "noData", "buyPrice": 0.149072, "sellPrice": 0.1, "batteryLevel": 94.94636900289794, "maxBatteryPerDay": 8.75, "batteryLevelPercentage": 0.4717832000143997, "maxAtThisDay": 201.25, "ratioPC": -2.016}