{"bought": 21.76, "sold": 32.29, "Time_string": "Last update at 20:07 - 03/09/2024", "produce": 0.137, "consumption": 2.178, "ratioPC": -2.238, "maxBatteryPerDay": 8.75, "maxAtThisDay": 26.25, "batteryLevelPercentage": -0.003783846220682243, "buyPrice": 0.149072, "sellPrice": 0.1, "batteryLevel": -0.09932596329290888, "maxBatteryForMonth": 100, "Temperature": 25.9, "ratioPc": "noData"}