{"bought": 74.34, "sold": 163.79, "Time_string": "Last update at 07:44 - 11/09/2024", "produce": 0.0, "consumption": 0.127, "ratioPC": -0.129, "maxBatteryPerDay": 8.75, "maxAtThisDay": 96.25, "batteryLevelPercentage": 0.3691748723531486, "buyPrice": 0.149072, "sellPrice": 0.1, "batteryLevel": 35.533081463990555, "maxBatteryForMonth": 100, "Temperature": 16.0, "ratioPc": "noData"}