{"bought": 230.76, "sold": 627.03, "Time_string": "Last update at 20:38 - 26/05/2024", "produce": 0.296, "consumption": 0.222, "ratioPC": 0.12200000000000003, "maxBatteryPerDay": 8.75, "maxAtThisDay": 100, "batteryLevelPercentage": 1.8986224965117526, "buyPrice": 0.149072, "sellPrice": 0.1, "batteryLevel": 189.86224965117526, "maxBatteryForMonth": 100, "Temperature": 30.1, "ratioPc": "noData"}