{"bought": 18.64, "sold": 51.32, "Time_string": "Last update at 16:27 - 03/10/2023", "produce": 4.084, "consumption": 3.522, "ratioPC": 0.5619999999999998, "maxBatteryPerDay": 8.75, "maxAtThisDay": 10, "batteryLevelPercentage": 1.5786317484168726, "buyPrice": 0.149072, "sellPrice": 0.1, "batteryLevel": 15.786317484168727, "maxBatteryForMonth": 10, "Temperature": 35.5, "ratioPc": "noData"}