{"bought": 586.63, "sold": 92.91, "Time_string": "Last update at 17:14 - 27/08/2024", "produce": 3.792, "consumption": 4.594, "ratioPC": -0.6120000000000001, "maxBatteryPerDay": 8.75, "maxAtThisDay": 100, "batteryLevelPercentage": -5.24304412364495, "buyPrice": 0.149072, "sellPrice": 0.1, "batteryLevel": -524.304412364495, "maxBatteryForMonth": 100, "Temperature": 35.8, "ratioPc": "noData"}