{"bought": 138.93, "sold": 337.56, "Time_string": "Last update at 11:44 - 22/06/2023", "produce": 3.183, "consumption": 1.077, "ratioPc": "noData", "buyPrice": 0.149072, "sellPrice": 0.1, "batteryLevel": 87.51091445744336, "maxBatteryPerDay": 8.75, "batteryLevelPercentage": 0.4546021530256798, "maxAtThisDay": 192.5, "ratioPC": 2.106}