{"bought": 233.54, "sold": 258.36, "Time_string": "Last update at 17:44 - 22/07/2023", "produce": 3.565, "consumption": 3.522, "buyPrice": 0.149072, "sellPrice": 0.1, "batteryLevel": -60.227775034882455, "maxBatteryPerDay": 8.75, "batteryLevelPercentage": -6.022777503488245, "maxAtThisDay": 10, "ratioPC": 0.04300000000000015, "maxBatteryForMonth": 10, "ratioPc": "noData"}