{"bought": 315.57, "sold": 417.36, "Time_string": "Last update at 00:21 - 29/09/2024", "produce": 0.0, "consumption": 0.187, "ratioPC": -0.291, "maxBatteryPerDay": 8.75, "maxAtThisDay": 100, "batteryLevelPercentage": -0.35597905978319205, "buyPrice": 0.149072, "sellPrice": 0.1, "batteryLevel": -35.597905978319204, "maxBatteryForMonth": 100, "Temperature": 19.3, "ratioPc": "noData"}