{"bought": 63.15, "sold": 21.69, "Time_string": "Last update at 15:05 - 07/12/2023", "produce": 2.365, "consumption": 0.143, "ratioPC": 2.2220000000000004, "maxBatteryPerDay": 8.75, "maxAtThisDay": 61.25, "batteryLevelPercentage": -0.7934691249044428, "buyPrice": 0.149072, "sellPrice": 0.1, "batteryLevel": -48.59998390039712, "maxBatteryForMonth": 100, "Temperature": 17.0, "ratioPc": "noData"}