{"bought": 191.53, "sold": 447.72, "Time_string": "Last update at 12:39 - 20/05/2024", "produce": 4.945, "consumption": 0.197, "ratioPC": 1.8979999999999997, "maxBatteryPerDay": 8.75, "maxAtThisDay": 100, "batteryLevelPercentage": 1.0880809166040573, "buyPrice": 0.149072, "sellPrice": 0.1, "batteryLevel": 108.80809166040572, "maxBatteryForMonth": 100, "Temperature": 20.6, "ratioPc": "noData"}