{"bought": 44.48, "sold": 119.57, "Time_string": "Last update at 15:39 - 08/10/2023", "produce": 4.562, "consumption": 3.01, "ratioPC": 1.5520000000000005, "maxBatteryPerDay": 8.75, "maxAtThisDay": 10, "batteryLevelPercentage": 3.572956316410862, "buyPrice": 0.149072, "sellPrice": 0.1, "batteryLevel": 35.72956316410862, "maxBatteryForMonth": 10, "Temperature": 34.0, "ratioPc": "noData"}