{"bought": 295.82, "sold": 696.15, "Time_string": "Last update at 12:46 - 31/05/2024", "produce": 3.941, "consumption": 3.177, "ratioPC": 0.6179999999999999, "maxBatteryPerDay": 8.75, "maxAtThisDay": 100, "batteryLevelPercentage": 1.7116910593538688, "buyPrice": 0.149072, "sellPrice": 0.1, "batteryLevel": 171.16910593538688, "maxBatteryForMonth": 100, "Temperature": 33.3, "ratioPc": "noData"}