{"bought": 120.98, "sold": 300.79, "Time_string": "Last update at 21:07 - 19/06/2023", "produce": 0.228, "consumption": 0.342, "ratioPc": "noData", "buyPrice": 0.149072, "sellPrice": 0.1, "batteryLevel": 80.79498121713, "maxBatteryPerDay": 8.75, "batteryLevelPercentage": 0.48598484942634584, "maxAtThisDay": 166.25, "ratioPC": -0.11400000000000002}