{"bought": 109.64, "sold": 77.93, "Time_string": "Last update at 15:06 - 10/08/2023", "produce": 4.375, "consumption": 3.792, "ratioPC": 0.5830000000000002, "maxBatteryPerDay": 8.75, "maxAtThisDay": 10, "batteryLevelPercentage": -5.736324782655361, "buyPrice": 0.149072, "sellPrice": 0.1, "batteryLevel": -57.36324782655361, "maxBatteryForMonth": 10, "Temperature": 40.2, "ratioPc": "noData"}