{"bought": 285.9, "sold": 691.33, "Time_string": "Last update at 12:16 - 30/05/2024", "produce": 3.582, "consumption": 5.386, "ratioPC": -1.827, "maxBatteryPerDay": 8.75, "maxAtThisDay": 100, "batteryLevelPercentage": 1.7785576902436413, "buyPrice": 0.149072, "sellPrice": 0.1, "batteryLevel": 177.85576902436412, "maxBatteryForMonth": 100, "Temperature": 30.6, "ratioPc": "noData"}