{"bought": 314.9, "sold": 374.13, "Time_string": "Last update at 18:02 - 30/07/2023", "produce": 3.427, "consumption": 1.765, "buyPrice": 0.149072, "sellPrice": 0.1, "batteryLevel": -63.92731565954702, "maxBatteryPerDay": 8.75, "batteryLevelPercentage": -6.392731565954702, "maxAtThisDay": 10, "ratioPC": 1.6620000000000001, "maxBatteryForMonth": 10, "ratioPc": "noData"}