{"bought": 121.37, "sold": 152.5, "Time_string": "Last update at 07:41 - 13/07/2023", "produce": 0.047, "consumption": 0.216, "buyPrice": 0.149072, "sellPrice": 0.1, "batteryLevel": -19.07044005581197, "maxBatteryPerDay": 8.75, "batteryLevelPercentage": -1.9070440055811972, "maxAtThisDay": 10, "ratioPC": -0.16899999999999998, "maxBatteryForMonth": 10, "ratioPc": "noData"}