{"bought": 153.96, "sold": 393.36, "Time_string": "Last update at 09:21 - 28/10/2023", "produce": 0.159, "consumption": 0.235, "ratioPC": -0.07599999999999998, "maxBatteryPerDay": 8.75, "maxAtThisDay": 10, "batteryLevelPercentage": 10.99124911452184, "buyPrice": 0.149072, "sellPrice": 0.1, "batteryLevel": 109.91249114521841, "maxBatteryForMonth": 10, "Temperature": 12.7, "ratioPc": "noData"}