{"bought": 192.88, "sold": 470.79, "Time_string": "Last update at 23:56 - 20/05/2024", "produce": 0.0, "consumption": 0.169, "ratioPC": -0.168, "maxBatteryPerDay": 8.75, "maxAtThisDay": 100, "batteryLevelPercentage": 1.2293383492540522, "buyPrice": 0.149072, "sellPrice": 0.1, "batteryLevel": 122.93383492540522, "maxBatteryForMonth": 100, "Temperature": 17.0, "ratioPc": "noData"}