{"bought": 20.39, "sold": 57.35, "Time_string": "Last update at 19:08 - 04/09/2023", "produce": 1.413, "consumption": 0.989, "ratioPC": 0.42400000000000004, "maxBatteryPerDay": 8.75, "maxAtThisDay": 10, "batteryLevelPercentage": 1.8081342706879895, "buyPrice": 0.149072, "sellPrice": 0.1, "batteryLevel": 18.081342706879894, "maxBatteryForMonth": 10, "Temperature": 23.0, "ratioPc": "noData"}