{"bought": 177.94, "sold": 215.46, "Time_string": "Last update at 02:54 - 17/11/2024", "produce": 0.0, "consumption": 0.158, "ratioPC": -0.165, "maxBatteryPerDay": 8.75, "maxAtThisDay": 100, "batteryLevelPercentage": -0.33405815176558973, "buyPrice": 0.149072, "sellPrice": 0.1, "batteryLevel": -33.405815176558974, "maxBatteryForMonth": 100, "Temperature": 16.0, "ratioPc": "noData"}