{"bought": 159.71, "sold": 146.59, "Time_string": "Last update at 15:10 - 22/12/2023", "produce": 4.155, "consumption": 2.5, "ratioPC": 1.6550000000000002, "maxBatteryPerDay": 8.75, "maxAtThisDay": 100, "batteryLevelPercentage": -0.6137496726414082, "buyPrice": 0.149072, "sellPrice": 0.1, "batteryLevel": -61.37496726414082, "maxBatteryForMonth": 100, "Temperature": 17.2, "ratioPc": "noData"}