{"bought": 27.54, "sold": 34.06, "Time_string": "Last update at 10:06 - 04/08/2023", "produce": 1.04, "consumption": 0.7, "ratioPC": 0.3400000000000001, "maxBatteryPerDay": 8.75, "maxAtThisDay": 10, "batteryLevelPercentage": -0.4691980251153801, "buyPrice": 0.149072, "sellPrice": 0.1, "batteryLevel": -4.691980251153801, "maxBatteryForMonth": 10, "Temperature": 27.3, "ratioPc": "noData"}