{"bought": 364.85, "sold": 249.54, "Time_string": "Last update at 09:32 - 29/08/2023", "produce": 0.337, "consumption": 0.245, "ratioPC": 0.09200000000000003, "maxBatteryPerDay": 8.75, "maxAtThisDay": 10, "batteryLevelPercentage": -19.74543790919824, "buyPrice": 0.149072, "sellPrice": 0.1, "batteryLevel": -197.45437909198242, "maxBatteryForMonth": 10, "Temperature": 24.1, "ratioPc": "noData"}