{"bought": 207.15, "sold": 558.29, "Time_string": "Last update at 02:39 - 24/05/2024", "produce": 0.0, "consumption": 0.153, "ratioPC": -0.221, "maxBatteryPerDay": 8.75, "maxAtThisDay": 100, "batteryLevelPercentage": 1.6736030374584092, "buyPrice": 0.149072, "sellPrice": 0.1, "batteryLevel": 167.36030374584092, "maxBatteryForMonth": 100, "Temperature": 17.4, "ratioPc": "noData"}