{"bought": 144.71, "sold": 141.06, "Time_string": "Last update at 10:56 - 21/12/2023", "produce": 2.606, "consumption": 0.305, "ratioPC": 1.794, "maxBatteryPerDay": 8.75, "maxAtThisDay": 100, "batteryLevelPercentage": -0.5008458409359235, "buyPrice": 0.149072, "sellPrice": 0.1, "batteryLevel": -50.084584093592355, "maxBatteryForMonth": 100, "Temperature": 8.9, "ratioPc": "noData"}