{"bought": 158.08, "sold": 144.75, "Time_string": "Last update at 11:27 - 22/12/2023", "produce": 3.17, "consumption": 4.853, "ratioPC": 0.33599999999999985, "maxBatteryPerDay": 8.75, "maxAtThisDay": 100, "batteryLevelPercentage": -0.6097927015133628, "buyPrice": 0.149072, "sellPrice": 0.1, "batteryLevel": -60.97927015133628, "maxBatteryForMonth": 100, "Temperature": 10.9, "ratioPc": "noData"}