{"bought": 20.71, "sold": 33.62, "Time_string": "Last update at 17:22 - 03/08/2023", "produce": 3.925, "consumption": 4.259, "ratioPC": -0.3340000000000005, "maxBatteryPerDay": 8.75, "maxAtThisDay": 10, "batteryLevelPercentage": 0.1842860362777717, "buyPrice": 0.149072, "sellPrice": 0.1, "batteryLevel": 1.8428603627777171, "maxBatteryForMonth": 10, "Temperature": 37.0, "ratioPc": "noData"}