{"bought": 197.13, "sold": 371.37, "Time_string": "Last update at 10:29 - 26/06/2023", "produce": 1.741, "consumption": 4.677, "ratioPc": "noData", "buyPrice": 0.149072, "sellPrice": 0.1, "batteryLevel": 51.991230009659745, "maxBatteryPerDay": 8.75, "batteryLevelPercentage": 0.22853287916333953, "maxAtThisDay": 227.5, "ratioPC": -2.9359999999999995}