{"bought": 295.57, "sold": 694.12, "Time_string": "Last update at 10:34 - 31/05/2024", "produce": 1.895, "consumption": 0.177, "ratioPC": 1.3960000000000001, "maxBatteryPerDay": 8.75, "maxAtThisDay": 100, "batteryLevelPercentage": 1.7005734785875284, "buyPrice": 0.149072, "sellPrice": 0.1, "batteryLevel": 170.05734785875285, "maxBatteryForMonth": 100, "Temperature": 27.7, "ratioPc": "noData"}