{"bought": 14.54, "sold": 15.87, "Time_string": "Last update at 18:28 - 02/09/2024", "produce": 2.745, "consumption": 2.506, "ratioPC": 0.30900000000000016, "maxBatteryPerDay": 8.75, "maxAtThisDay": 17.5, "batteryLevelPercentage": -0.22252214845367146, "buyPrice": 0.149072, "sellPrice": 0.1, "batteryLevel": -3.8941375979392507, "maxBatteryForMonth": 100, "Temperature": 31.5, "ratioPc": "noData"}