{"bought": 63.08, "sold": 33.41, "Time_string": "Last update at 11:44 - 05/06/2024", "produce": 3.154, "consumption": 0.381, "ratioPC": 2.5250000000000004, "maxBatteryPerDay": 8.75, "maxAtThisDay": 43.75, "batteryLevelPercentage": -0.9295545408546589, "buyPrice": 0.149072, "sellPrice": 0.1, "batteryLevel": -40.66801116239133, "maxBatteryForMonth": 100, "Temperature": 27.7, "ratioPc": "noData"}