{"bought": 221.78, "sold": 609.69, "Time_string": "Last update at 11:14 - 26/05/2024", "produce": 2.671, "consumption": 7.808, "ratioPC": -5.221, "maxBatteryPerDay": 8.75, "maxAtThisDay": 100, "batteryLevelPercentage": 1.8721028657293122, "buyPrice": 0.149072, "sellPrice": 0.1, "batteryLevel": 187.2102865729312, "maxBatteryForMonth": 100, "Temperature": 26.5, "ratioPc": "noData"}