{"bought": 1.83, "sold": 13.02, "Time_string": "Last update at 17:56 - 01/07/2023", "produce": 3.175, "consumption": 1.137, "buyPrice": 0.149072, "sellPrice": 0.1, "batteryLevel": 6.9040345604808415, "maxBatteryPerDay": 8.75, "batteryLevelPercentage": 0.7890325211978104, "maxAtThisDay": 8.75, "ratioPC": 2.038, "maxBatteryForMonth": 100, "ratioPc": "noData"}