{"bought": 155.19, "sold": 167.38, "Time_string": "Last update at 17:15 - 15/07/2023", "produce": 4.084, "consumption": 1.756, "buyPrice": 0.149072, "sellPrice": 0.1, "batteryLevel": -42.90868627240529, "maxBatteryPerDay": 8.75, "batteryLevelPercentage": -4.290868627240529, "maxAtThisDay": 10, "ratioPC": 2.3279999999999994, "maxBatteryForMonth": 10, "ratioPc": "noData"}