{"bought": 206.14, "sold": 274.84, "Time_string": "Last update at 19:48 - 18/09/2024", "produce": 0.23, "consumption": 2.421, "ratioPC": -1.033, "maxBatteryPerDay": 8.75, "maxAtThisDay": 100, "batteryLevelPercentage": -0.21772714393044992, "buyPrice": 0.149072, "sellPrice": 0.1, "batteryLevel": -21.772714393044993, "maxBatteryForMonth": 100, "Temperature": 25.2, "ratioPc": "noData"}