{"bought": 200.01, "sold": 212.08, "Time_string": "Last update at 11:42 - 19/10/2024", "produce": 2.878, "consumption": 8.498, "ratioPC": -6.333, "maxBatteryPerDay": 8.75, "maxAtThisDay": 100, "batteryLevelPercentage": -0.5774317591499408, "buyPrice": 0.149072, "sellPrice": 0.1, "batteryLevel": -57.74317591499408, "maxBatteryForMonth": 100, "Temperature": 19.7, "ratioPc": "noData"}