{"bought": 98.04, "sold": 69.89, "Time_string": "Last update at 09:27 - 09/08/2023", "produce": 0.678, "consumption": 0.207, "ratioPC": 0.4710000000000001, "maxBatteryPerDay": 8.75, "maxAtThisDay": 10, "batteryLevelPercentage": -5.115661479016851, "buyPrice": 0.149072, "sellPrice": 0.1, "batteryLevel": -51.15661479016851, "maxBatteryForMonth": 10, "Temperature": 25.9, "ratioPc": "noData"}