{"bought": 100.25, "sold": 75.33, "Time_string": "Last update at 18:57 - 09/08/2023", "produce": 1.369, "consumption": 2.784, "ratioPC": -1.4149999999999998, "maxBatteryPerDay": 8.75, "maxAtThisDay": 10, "batteryLevelPercentage": -4.97173714715037, "buyPrice": 0.149072, "sellPrice": 0.1, "batteryLevel": -49.717371471503704, "maxBatteryForMonth": 10, "Temperature": 37.0, "ratioPc": "noData"}