{"bought": 212.72, "sold": 31.74, "Time_string": "Last update at 18:04 - 10/08/2024", "produce": 4.502, "consumption": 4.612, "ratioPC": -0.13700000000000045, "maxBatteryPerDay": 8.75, "maxAtThisDay": 87.5, "batteryLevelPercentage": -2.1877517165243257, "buyPrice": 0.149072, "sellPrice": 0.1, "batteryLevel": -191.4282751958785, "maxBatteryForMonth": 100, "Temperature": 36.9, "ratioPc": "noData"}