{"bought": 103.85, "sold": 279.75, "Time_string": "Last update at 10:25 - 19/10/2023", "produce": 0.243, "consumption": 1.007, "ratioPC": -0.7639999999999999, "maxBatteryPerDay": 8.75, "maxAtThisDay": 10, "batteryLevelPercentage": 8.381099602876464, "buyPrice": 0.149072, "sellPrice": 0.1, "batteryLevel": 83.81099602876463, "maxBatteryForMonth": 10, "Temperature": 21.0, "ratioPc": "noData"}