{"bought": 115.54, "sold": 204.46, "Time_string": "Last update at 04:47 - 14/06/2024", "produce": 0.0, "consumption": 0.183, "ratioPC": -0.124, "maxBatteryPerDay": 8.75, "maxAtThisDay": 100, "batteryLevelPercentage": 0.21615200171729085, "buyPrice": 0.149072, "sellPrice": 0.1, "batteryLevel": 21.615200171729086, "maxBatteryForMonth": 100, "Temperature": 18.2, "ratioPc": "noData"}