{"bought": 249.57, "sold": 402.58, "Time_string": "Last update at 12:55 - 30/06/2023", "produce": 4.184, "consumption": 4.044, "buyPrice": 0.149072, "sellPrice": 0.1, "batteryLevel": 20.487421916926053, "maxBatteryPerDay": 8.75, "batteryLevelPercentage": 0.20487421916926052, "maxAtThisDay": 100, "ratioPC": 0.14000000000000057, "maxBatteryForMonth": 100, "ratioPc": "noData"}