{"bought": 70.16, "sold": 138.64, "Time_string": "Last update at 09:01 - 10/09/2024", "produce": 0.258, "consumption": 0.038, "ratioPC": -0.015, "maxBatteryPerDay": 8.75, "maxAtThisDay": 87.5, "batteryLevelPercentage": 0.2610518775203544, "buyPrice": 0.149072, "sellPrice": 0.1, "batteryLevel": 22.842039283031013, "maxBatteryForMonth": 100, "Temperature": 17.0, "ratioPc": "noData"}