{"bought": 155.25, "sold": 73.89, "Time_string": "Last update at 09:06 - 16/01/2024", "produce": 0.061, "consumption": 0.234, "ratioPC": -0.183, "maxBatteryPerDay": 8.75, "maxAtThisDay": 100, "batteryLevelPercentage": -1.0568334764409144, "buyPrice": 0.149072, "sellPrice": 0.1, "batteryLevel": -105.68334764409144, "maxBatteryForMonth": 100, "Temperature": 11.1, "ratioPc": "noData"}