{"bought": 123.37, "sold": 154.02, "Time_string": "Last update at 13:02 - 13/07/2023", "produce": 0.0, "consumption": 0.0, "buyPrice": 0.149072, "sellPrice": 0.1, "batteryLevel": -20.05079854030268, "maxBatteryPerDay": 8.75, "batteryLevelPercentage": -2.005079854030268, "maxAtThisDay": 10, "ratioPC": -0.37600000000000033, "maxBatteryForMonth": 10, "ratioPc": "noData"}