{"bought": 20.92, "sold": 33.62, "Time_string": "Last update at 17:48 - 03/08/2023", "produce": 3.546, "consumption": 4.194, "ratioPC": -0.6480000000000001, "maxBatteryPerDay": 8.75, "maxAtThisDay": 10, "batteryLevelPercentage": 0.16328603627777163, "buyPrice": 0.149072, "sellPrice": 0.1, "batteryLevel": 1.6328603627777163, "maxBatteryForMonth": 10, "Temperature": 37.0, "ratioPc": "noData"}