{"bought": 51.55, "sold": 107.5, "Time_string": "Last update at 08:08 - 08/09/2024", "produce": 0.014, "consumption": 0.234, "ratioPC": -0.227, "maxBatteryPerDay": 8.75, "maxAtThisDay": 70.0, "batteryLevelPercentage": 0.29375435072601547, "buyPrice": 0.149072, "sellPrice": 0.1, "batteryLevel": 20.562804550821085, "maxBatteryForMonth": 100, "Temperature": 15.3, "ratioPc": "noData"}