{"bought": 303.89, "sold": 214.98, "Time_string": "Last update at 14:59 - 25/08/2023", "produce": 4.003, "consumption": 3.579, "ratioPC": 0.42399999999999993, "maxBatteryPerDay": 8.75, "maxAtThisDay": 10, "batteryLevelPercentage": -15.967780723408822, "buyPrice": 0.149072, "sellPrice": 0.1, "batteryLevel": -159.67780723408822, "maxBatteryForMonth": 10, "Temperature": 41.0, "ratioPc": "noData"}