{"bought": 191.53, "sold": 460.0, "Time_string": "Last update at 15:29 - 20/05/2024", "produce": 1.694, "consumption": 0.215, "ratioPC": 5.833, "maxBatteryPerDay": 8.75, "maxAtThisDay": 100, "batteryLevelPercentage": 1.1704572179886228, "buyPrice": 0.149072, "sellPrice": 0.1, "batteryLevel": 117.04572179886227, "maxBatteryForMonth": 100, "Temperature": 24.4, "ratioPc": "noData"}