{"bought": 92.27, "sold": 34.93, "Time_string": "Last update at 12:26 - 09/01/2024", "produce": 0.296, "consumption": 0.396, "ratioPC": -0.06799999999999995, "maxBatteryPerDay": 8.75, "maxAtThisDay": 78.75, "batteryLevelPercentage": -0.8741380272619942, "buyPrice": 0.149072, "sellPrice": 0.1, "batteryLevel": -68.83836964688204, "maxBatteryForMonth": 100, "Temperature": 10.4, "ratioPc": "noData"}