{"bought": 105.01, "sold": 138.42, "Time_string": "Last update at 16:05 - 10/10/2024", "produce": 3.086, "consumption": 7.994, "ratioPC": -4.645, "maxBatteryPerDay": 8.75, "maxAtThisDay": 87.5, "batteryLevelPercentage": -0.13892046182860845, "buyPrice": 0.149072, "sellPrice": 0.1, "batteryLevel": -12.15554041000324, "maxBatteryForMonth": 100, "Temperature": 23.1, "ratioPc": "noData"}