{"bought": 163.06, "sold": 104.35, "Time_string": "Last update at 16:48 - 14/08/2023", "produce": 4.163, "consumption": 3.295, "ratioPC": 0.8680000000000003, "maxBatteryPerDay": 8.75, "maxAtThisDay": 10, "batteryLevelPercentage": -9.30602683267146, "buyPrice": 0.149072, "sellPrice": 0.1, "batteryLevel": -93.0602683267146, "maxBatteryForMonth": 10, "Temperature": 35.8, "ratioPc": "noData"}