{"bought": 50.5, "sold": 85.63, "Time_string": "Last update at 18:34 - 06/07/2023", "produce": 2.876, "consumption": 1.842, "buyPrice": 0.149072, "sellPrice": 0.1, "batteryLevel": 6.942041429644739, "maxBatteryPerDay": 8.75, "batteryLevelPercentage": 0.6942041429644739, "maxAtThisDay": 10, "ratioPC": 1.0339999999999998, "maxBatteryForMonth": 10, "ratioPc": "noData"}