{"bought": 245.26, "sold": 398.45, "Time_string": "Last update at 01:17 - 30/06/2023", "produce": 0.0, "consumption": 0.164, "buyPrice": 0.149072, "sellPrice": 0.1, "batteryLevel": 22.026948588601442, "maxBatteryPerDay": 8.75, "batteryLevelPercentage": 0.22026948588601442, "maxAtThisDay": 100, "ratioPC": -0.164, "maxBatteryForMonth": 100, "ratioPc": "noData"}