{"bought": 142.92, "sold": 280.77, "Time_string": "Last update at 02:17 - 14/05/2024", "produce": 0.0, "consumption": 0.172, "ratioPC": -0.127, "maxBatteryPerDay": 8.75, "maxAtThisDay": 100, "batteryLevelPercentage": 0.4542522915101426, "buyPrice": 0.149072, "sellPrice": 0.1, "batteryLevel": 45.425229151014264, "maxBatteryForMonth": 100, "Temperature": 18.7, "ratioPc": "noData"}