{"bought": 544.87, "sold": 88.99, "Time_string": "Last update at 15:00 - 25/08/2024", "produce": 4.657, "consumption": 8.689, "ratioPC": -2.7669999999999995, "maxBatteryPerDay": 8.75, "maxAtThisDay": 100, "batteryLevelPercentage": -4.851740141676506, "buyPrice": 0.149072, "sellPrice": 0.1, "batteryLevel": -485.17401416765057, "maxBatteryForMonth": 100, "Temperature": 37.0, "ratioPc": "noData"}