{"bought": 210.9, "sold": 213.11, "Time_string": "Last update at 14:43 - 19/10/2024", "produce": 4.792, "consumption": 0.253, "ratioPC": -3.1319999999999997, "maxBatteryPerDay": 8.75, "maxAtThisDay": 100, "batteryLevelPercentage": -0.6794223462487924, "buyPrice": 0.149072, "sellPrice": 0.1, "batteryLevel": -67.94223462487923, "maxBatteryForMonth": 100, "Temperature": 22.0, "ratioPc": "noData"}