{"bought": 228.06, "sold": 196.23, "Time_string": "Last update at 11:20 - 21/08/2023", "produce": 2.575, "consumption": 4.021, "ratioPC": -1.4459999999999997, "maxBatteryPerDay": 8.75, "maxAtThisDay": 10, "batteryLevelPercentage": -9.642562198132447, "buyPrice": 0.149072, "sellPrice": 0.1, "batteryLevel": -96.42562198132447, "maxBatteryForMonth": 10, "Temperature": 32.7, "ratioPc": "noData"}