{"bought": 27.0, "sold": 92.13, "Time_string": "Last update at 13:39 - 07/11/2023", "produce": 4.854, "consumption": 2.05, "ratioPC": 2.8040000000000003, "maxBatteryPerDay": 8.75, "maxAtThisDay": 10, "batteryLevelPercentage": 3.4802350542019953, "buyPrice": 0.149072, "sellPrice": 0.1, "batteryLevel": 34.80235054201995, "maxBatteryForMonth": 10, "Temperature": 16.6, "ratioPc": "noData"}