{"bought": 164.41, "sold": 362.97, "Time_string": "Last update at 04:59 - 24/06/2023", "produce": 0.0, "consumption": 0.13, "ratioPc": "noData", "buyPrice": 0.149072, "sellPrice": 0.1, "batteryLevel": 79.07636900289793, "maxBatteryPerDay": 8.75, "batteryLevelPercentage": 0.37655413810903776, "maxAtThisDay": 210.0, "ratioPC": -0.13}