{"bought": 383.54, "sold": 289.45, "Time_string": "Last update at 11:53 - 31/08/2023", "produce": 3.167, "consumption": 1.195, "ratioPC": 1.9719999999999998, "maxBatteryPerDay": 8.75, "maxAtThisDay": 10, "batteryLevelPercentage": -18.937208114199855, "buyPrice": 0.149072, "sellPrice": 0.1, "batteryLevel": -189.37208114199854, "maxBatteryForMonth": 10, "Temperature": 27.8, "ratioPc": "noData"}