{"bought": 45.15, "sold": 92.96, "Time_string": "Last update at 05:53 - 07/09/2024", "produce": 0.0, "consumption": 0.128, "ratioPC": -0.092, "maxBatteryPerDay": 8.75, "maxAtThisDay": 61.25, "batteryLevelPercentage": 0.28096536285438284, "buyPrice": 0.149072, "sellPrice": 0.1, "batteryLevel": 17.209128474830948, "maxBatteryForMonth": 100, "Temperature": 17.0, "ratioPc": "noData"}