{"bought": 132.2, "sold": 317.85, "Time_string": "Last update at 10:33 - 21/06/2023", "produce": 1.808, "consumption": 1.167, "ratioPc": "noData", "buyPrice": 0.149072, "sellPrice": 0.1, "batteryLevel": 81.01911559514866, "maxBatteryPerDay": 8.75, "batteryLevelPercentage": 0.4409203569804009, "maxAtThisDay": 183.75, "ratioPC": 0.641}