{"bought": 110.69, "sold": 269.97, "Time_string": "Last update at 12:34 - 18/06/2023", "produce": 3.937, "consumption": 5.461, "ratioPc": null, "buyPrice": 0.149072, "sellPrice": 0.1, "batteryLevel": 70.41040785660621, "maxBatteryPerDay": 8.75, "batteryLevelPercentage": 0.4470502086133728, "maxAtThisDay": 157.5, "ratioPC": -1.5240000000000005}