{"bought": 188.04, "sold": 171.79, "Time_string": "Last update at 18:42 - 18/08/2023", "produce": 2.771, "consumption": 1.979, "ratioPC": 0.7919999999999998, "maxBatteryPerDay": 8.75, "maxAtThisDay": 10, "batteryLevelPercentage": -7.280038424385533, "buyPrice": 0.149072, "sellPrice": 0.1, "batteryLevel": -72.80038424385533, "maxBatteryForMonth": 10, "Temperature": 34.3, "ratioPc": "noData"}