{"bought": 158.08, "sold": 299.35, "Time_string": "Last update at 19:27 - 18/06/2024", "produce": 2.149, "consumption": 6.403, "ratioPC": -4.189, "maxBatteryPerDay": 8.75, "maxAtThisDay": 100, "batteryLevelPercentage": 0.4272900504454222, "buyPrice": 0.149072, "sellPrice": 0.1, "batteryLevel": 42.72900504454222, "maxBatteryForMonth": 100, "Temperature": 22.6, "ratioPc": "noData"}