{"bought": 222.45, "sold": 136.89, "Time_string": "Last update at 15:44 - 22/01/2024", "produce": 4.11, "consumption": 1.356, "ratioPC": 3.812, "maxBatteryPerDay": 8.75, "maxAtThisDay": 100, "batteryLevelPercentage": -1.3062189009337768, "buyPrice": 0.149072, "sellPrice": 0.1, "batteryLevel": -130.6218900933777, "maxBatteryForMonth": 100, "Temperature": 17.0, "ratioPc": "noData"}