{"bought": 14.54, "sold": 7.07, "Time_string": "Last update at 11:53 - 02/09/2024", "produce": 3.364, "consumption": 2.526, "ratioPC": 0.6640000000000001, "maxBatteryPerDay": 8.75, "maxAtThisDay": 17.5, "batteryLevelPercentage": -0.5598471611033594, "buyPrice": 0.149072, "sellPrice": 0.1, "batteryLevel": -9.79732531930879, "maxBatteryForMonth": 100, "Temperature": 27.9, "ratioPc": "noData"}