{"bought": 73.81, "sold": 52.23, "Time_string": "Last update at 12:56 - 10/12/2023", "produce": 4.19, "consumption": 5.522, "ratioPC": -1.3319999999999999, "maxBatteryPerDay": 8.75, "maxAtThisDay": 87.5, "batteryLevelPercentage": -0.4431227341725571, "buyPrice": 0.149072, "sellPrice": 0.1, "batteryLevel": -38.77323924009875, "maxBatteryForMonth": 100, "Temperature": 17.9, "ratioPc": "noData"}