{"bought": 250.39, "sold": 153.89, "Time_string": "Last update at 14:28 - 23/01/2024", "produce": 4.54, "consumption": 0.359, "ratioPC": 4.1739999999999995, "maxBatteryPerDay": 8.75, "maxAtThisDay": 100, "batteryLevelPercentage": -1.4715800472255018, "buyPrice": 0.149072, "sellPrice": 0.1, "batteryLevel": -147.15800472255017, "maxBatteryForMonth": 100, "Temperature": 19.5, "ratioPc": "noData"}