{"bought": 144.04, "sold": 310.44, "Time_string": "Last update at 19:17 - 14/05/2024", "produce": 1.848, "consumption": 0.192, "ratioPC": 1.953, "maxBatteryPerDay": 8.75, "maxAtThisDay": 100, "batteryLevelPercentage": 0.6420836320704089, "buyPrice": 0.149072, "sellPrice": 0.1, "batteryLevel": 64.20836320704089, "maxBatteryForMonth": 100, "Temperature": 23.7, "ratioPc": "noData"}