{"bought": 123.06, "sold": 152.5, "Time_string": "Last update at 10:22 - 13/07/2023", "produce": 1.295, "consumption": 1.081, "buyPrice": 0.149072, "sellPrice": 0.1, "batteryLevel": -20.76044005581197, "maxBatteryPerDay": 8.75, "batteryLevelPercentage": -2.076044005581197, "maxAtThisDay": 10, "ratioPC": 0.21399999999999997, "maxBatteryForMonth": 10, "ratioPc": "noData"}