{"bought": 231.47, "sold": 344.94, "Time_string": "Last update at 23:55 - 20/06/2024", "produce": 0.0, "consumption": 1.238, "ratioPC": -0.161, "maxBatteryPerDay": 8.75, "maxAtThisDay": 100, "batteryLevelPercentage": -0.0007845765804444227, "buyPrice": 0.149072, "sellPrice": 0.1, "batteryLevel": -0.07845765804444227, "maxBatteryForMonth": 100, "Temperature": 17.1, "ratioPc": "noData"}