{"bought": 217.06, "sold": 251.84, "Time_string": "Last update at 16:05 - 21/07/2023", "produce": 4.795, "consumption": 4.22, "buyPrice": 0.149072, "sellPrice": 0.1, "batteryLevel": -48.1215004829881, "maxBatteryPerDay": 8.75, "batteryLevelPercentage": -4.812150048298809, "maxAtThisDay": 10, "ratioPC": 0.5750000000000002, "maxBatteryForMonth": 10, "ratioPc": "noData"}