{"bought": 95.13, "sold": 178.88, "Time_string": "Last update at 04:03 - 12/09/2024", "produce": 0.0, "consumption": 0.129, "ratioPC": -0.198, "maxBatteryPerDay": 8.75, "maxAtThisDay": 100, "batteryLevelPercentage": 0.24865706772566284, "buyPrice": 0.149072, "sellPrice": 0.1, "batteryLevel": 24.865706772566284, "maxBatteryForMonth": 100, "Temperature": 17.0, "ratioPc": "noData"}