{"bought": 569.16, "sold": 90.09, "Time_string": "Last update at 11:02 - 26/08/2024", "produce": 2.167, "consumption": 0.268, "ratioPC": 1.8070000000000002, "maxBatteryPerDay": 8.75, "maxAtThisDay": 100, "batteryLevelPercentage": -5.087261157024793, "buyPrice": 0.149072, "sellPrice": 0.1, "batteryLevel": -508.7261157024793, "maxBatteryForMonth": 100, "Temperature": 28.0, "ratioPc": "noData"}