{"bought": 116.53, "sold": 226.99, "Time_string": "Last update at 20:15 - 14/06/2024", "produce": 0.755, "consumption": 0.373, "ratioPC": 0.538, "maxBatteryPerDay": 8.75, "maxAtThisDay": 100, "batteryLevelPercentage": 0.35738702372008163, "buyPrice": 0.149072, "sellPrice": 0.1, "batteryLevel": 35.73870237200816, "maxBatteryForMonth": 100, "Temperature": 29.5, "ratioPc": "noData"}