{"bought": 131.73, "sold": 331.98, "Time_string": "Last update at 18:22 - 23/10/2023", "produce": 0.249, "consumption": 2.429, "ratioPC": -2.1799999999999997, "maxBatteryPerDay": 8.75, "maxAtThisDay": 10, "batteryLevelPercentage": 9.096775678866587, "buyPrice": 0.149072, "sellPrice": 0.1, "batteryLevel": 90.96775678866587, "maxBatteryForMonth": 10, "Temperature": 18.3, "ratioPc": "noData"}