{"bought": 185.46, "sold": 191.0, "Time_string": "Last update at 11:34 - 18/07/2023", "produce": 2.684, "consumption": 3.836, "buyPrice": 0.149072, "sellPrice": 0.1, "batteryLevel": -57.333993774820215, "maxBatteryPerDay": 8.75, "batteryLevelPercentage": -5.733399377482021, "maxAtThisDay": 10, "ratioPC": -1.1519999999999997, "maxBatteryForMonth": 10, "ratioPc": "noData"}