{"bought": 29.23, "sold": 45.56, "Time_string": "Last update at 18:03 - 04/08/2023", "produce": 3.361, "consumption": 3.694, "ratioPC": -0.33299999999999974, "maxBatteryPerDay": 8.75, "maxAtThisDay": 10, "batteryLevelPercentage": 0.1332412793817749, "buyPrice": 0.149072, "sellPrice": 0.1, "batteryLevel": 1.332412793817749, "maxBatteryForMonth": 10, "Temperature": 36.9, "ratioPc": "noData"}