{"bought": 62.1, "sold": 60.14, "Time_string": "Last update at 09:19 - 07/08/2023", "produce": 0.479, "consumption": 0.162, "ratioPC": 0.31699999999999995, "maxBatteryPerDay": 8.75, "maxAtThisDay": 10, "batteryLevelPercentage": -2.1757078458731356, "buyPrice": 0.149072, "sellPrice": 0.1, "batteryLevel": -21.757078458731357, "maxBatteryForMonth": 10, "Temperature": 26.3, "ratioPc": "noData"}