{"bought": 115.42, "sold": 285.35, "Time_string": "Last update at 21:52 - 18/06/2023", "produce": 0.0, "consumption": 0.514, "ratioPc": "noData", "buyPrice": 0.149072, "sellPrice": 0.1, "batteryLevel": 75.99757003327251, "maxBatteryPerDay": 8.75, "batteryLevelPercentage": 0.482524254179508, "maxAtThisDay": 157.5, "ratioPC": -0.514}