{"bought": 23.43, "sold": 61.73, "Time_string": "Last update at 12:17 - 05/09/2023", "produce": 3.462, "consumption": 0.904, "ratioPC": 2.5580000000000003, "maxBatteryPerDay": 8.75, "maxAtThisDay": 10, "batteryLevelPercentage": 1.7979520231834278, "buyPrice": 0.149072, "sellPrice": 0.1, "batteryLevel": 17.97952023183428, "maxBatteryForMonth": 10, "Temperature": 23.3, "ratioPc": "noData"}