{"bought": 67.55, "sold": 80.97, "Time_string": "Last update at 15:47 - 05/10/2024", "produce": 4.582, "consumption": 5.845, "ratioPC": -1.0329999999999995, "maxBatteryPerDay": 8.75, "maxAtThisDay": 43.75, "batteryLevelPercentage": -0.30249062389794384, "buyPrice": 0.149072, "sellPrice": 0.1, "batteryLevel": -13.233964795535044, "maxBatteryForMonth": 100, "Temperature": 30.8, "ratioPc": "noData"}