{"bought": 86.41, "sold": 128.66, "Time_string": "Last update at 10:02 - 09/10/2024", "produce": 0.549, "consumption": 0.107, "ratioPC": 0.095, "maxBatteryPerDay": 8.75, "maxAtThisDay": 78.75, "batteryLevelPercentage": -0.001304282494365113, "buyPrice": 0.149072, "sellPrice": 0.1, "batteryLevel": -0.10271224643125265, "maxBatteryForMonth": 100, "Temperature": 20.0, "ratioPc": "noData"}