{"bought": 25.66, "sold": 1.54, "Time_string": "Last update at 14:49 - 02/01/2024", "produce": 4.149, "consumption": 7.035, "ratioPC": -2.5329999999999995, "maxBatteryPerDay": 8.75, "maxAtThisDay": 17.5, "batteryLevelPercentage": -1.407253837072019, "buyPrice": 0.149072, "sellPrice": 0.1, "batteryLevel": -24.62694214876033, "maxBatteryForMonth": 100, "Temperature": 17.8, "ratioPc": "noData"}