{"bought": 63.67, "sold": 235.1, "Time_string": "Last update at 16:08 - 14/06/2023", "produce": 4.694, "consumption": 1.629, "ratioPc": null, "buyPrice": 0.149072, "sellPrice": 0.1, "batteryLevel": 94.03902651067939, "maxBatteryPerDay": 8.75, "batteryLevelPercentage": 0.7676655225361583, "maxAtThisDay": 122.5, "ratioPC": 3.065}