{"bought": 66.37, "sold": 114.57, "Time_string": "Last update at 11:50 - 09/09/2024", "produce": 3.255, "consumption": 0.165, "ratioPC": 2.823, "maxBatteryPerDay": 8.75, "maxAtThisDay": 78.75, "batteryLevelPercentage": 0.13314894262237825, "buyPrice": 0.149072, "sellPrice": 0.1, "batteryLevel": 10.485479231512286, "maxBatteryForMonth": 100, "Temperature": 24.7, "ratioPc": "noData"}