{"bought": 119.27, "sold": 215.75, "Time_string": "Last update at 20:42 - 13/09/2024", "produce": 0.0, "consumption": 0.235, "ratioPC": -0.833, "maxBatteryPerDay": 8.75, "maxAtThisDay": 100, "batteryLevelPercentage": 0.2545872169153164, "buyPrice": 0.149072, "sellPrice": 0.1, "batteryLevel": 25.458721691531636, "maxBatteryForMonth": 100, "Temperature": 28.6, "ratioPc": "noData"}