{"bought": 126.25, "sold": 172.29, "Time_string": "Last update at 16:36 - 12/11/2024", "produce": 1.748, "consumption": 0.327, "ratioPC": 1.3940000000000001, "maxBatteryPerDay": 8.75, "maxAtThisDay": 100, "batteryLevelPercentage": -0.106749758505957, "buyPrice": 0.149072, "sellPrice": 0.1, "batteryLevel": -10.6749758505957, "maxBatteryForMonth": 100, "Temperature": 20.4, "ratioPc": "noData"}