{"bought": 230.92, "sold": 344.94, "Time_string": "Last update at 22:00 - 20/06/2024", "produce": 0.004, "consumption": 0.21, "ratioPC": -0.23099999999999998, "maxBatteryPerDay": 8.75, "maxAtThisDay": 100, "batteryLevelPercentage": 0.004715423419555691, "buyPrice": 0.149072, "sellPrice": 0.1, "batteryLevel": 0.4715423419555691, "maxBatteryForMonth": 100, "Temperature": 20.0, "ratioPc": "noData"}