{"bought": 226.55, "sold": 308.71, "Time_string": "Last update at 03:39 - 22/09/2024", "produce": 0.0, "consumption": 0.091, "ratioPC": -0.091, "maxBatteryPerDay": 8.75, "maxAtThisDay": 100, "batteryLevelPercentage": -0.19462149833637482, "buyPrice": 0.149072, "sellPrice": 0.1, "batteryLevel": -19.462149833637483, "maxBatteryForMonth": 100, "Temperature": 16.4, "ratioPc": "noData"}