{"bought": 313.38, "sold": 48.51, "Time_string": "Last update at 14:23 - 15/08/2024", "produce": 4.708, "consumption": 9.082, "ratioPC": -4.333000000000001, "maxBatteryPerDay": 8.75, "maxAtThisDay": 100, "batteryLevelPercentage": -2.8083867768595043, "buyPrice": 0.149072, "sellPrice": 0.1, "batteryLevel": -280.8386776859504, "maxBatteryForMonth": 100, "Temperature": 34.4, "ratioPc": "noData"}