{"bought": 221.34, "sold": 294.18, "Time_string": "Last update at 02:18 - 21/09/2024", "produce": 0.0, "consumption": 0.087, "ratioPC": -0.091, "maxBatteryPerDay": 8.75, "maxAtThisDay": 100, "batteryLevelPercentage": -0.23999117741762377, "buyPrice": 0.149072, "sellPrice": 0.1, "batteryLevel": -23.999117741762376, "maxBatteryForMonth": 100, "Temperature": 19.0, "ratioPc": "noData"}