{"bought": 57.48, "sold": 86.59, "Time_string": "Last update at 10:56 - 07/07/2023", "produce": 2.244, "consumption": 0.977, "buyPrice": 0.149072, "sellPrice": 0.1, "batteryLevel": 0.6060255447032361, "maxBatteryPerDay": 8.75, "batteryLevelPercentage": 0.06060255447032361, "maxAtThisDay": 10, "ratioPC": 1.2670000000000003, "maxBatteryForMonth": 10, "ratioPc": "noData"}