{"bought": 278.89, "sold": 323.26, "Time_string": "Last update at 10:45 - 25/10/2024", "produce": 0.29, "consumption": 0.164, "ratioPC": -0.7429999999999999, "maxBatteryPerDay": 8.75, "maxAtThisDay": 100, "batteryLevelPercentage": -0.620417655897821, "buyPrice": 0.149072, "sellPrice": 0.1, "batteryLevel": -62.0417655897821, "maxBatteryForMonth": 100, "Temperature": 19.0, "ratioPc": "noData"}