{"bought": 332.71, "sold": 366.12, "Time_string": "Last update at 16:11 - 29/10/2024", "produce": 0.003, "consumption": 0.291, "ratioPC": -0.11599999999999999, "maxBatteryPerDay": 8.75, "maxAtThisDay": 100, "batteryLevelPercentage": -0.8711055811956637, "buyPrice": 0.149072, "sellPrice": 0.1, "batteryLevel": -87.11055811956638, "maxBatteryForMonth": 100, "Temperature": 17.8, "ratioPc": "noData"}