{"bought": 181.85, "sold": 142.77, "Time_string": "Last update at 13:34 - 17/08/2023", "produce": 4.5, "consumption": 1.227, "ratioPC": 3.2729999999999997, "maxBatteryPerDay": 8.75, "maxAtThisDay": 10, "batteryLevelPercentage": -8.60774873886444, "buyPrice": 0.149072, "sellPrice": 0.1, "batteryLevel": -86.07748738864441, "maxBatteryForMonth": 10, "Temperature": 31.7, "ratioPc": "noData"}