{"bought": 147.32, "sold": 354.37, "Time_string": "Last update at 10:38 - 23/06/2023", "produce": 1.975, "consumption": 2.428, "ratioPc": "noData", "buyPrice": 0.149072, "sellPrice": 0.1, "batteryLevel": 90.39734463883227, "maxBatteryPerDay": 8.75, "batteryLevelPercentage": 0.4491793522426448, "maxAtThisDay": 201.25, "ratioPC": -0.45299999999999985}