{"bought": 643.8, "sold": 97.33, "Time_string": "Last update at 08:59 - 29/08/2024", "produce": 0.238, "consumption": 0.155, "ratioPC": -0.07799999999999999, "maxBatteryPerDay": 8.75, "maxAtThisDay": 100, "batteryLevelPercentage": -5.785094021680798, "buyPrice": 0.149072, "sellPrice": 0.1, "batteryLevel": -578.5094021680798, "maxBatteryForMonth": 100, "Temperature": 22.0, "ratioPc": "noData"}