{"bought": 308.18, "sold": 396.45, "Time_string": "Last update at 11:53 - 28/09/2024", "produce": 3.645, "consumption": 7.798, "ratioPC": -4.413, "maxBatteryPerDay": 8.75, "maxAtThisDay": 100, "batteryLevelPercentage": -0.4223468498443708, "buyPrice": 0.149072, "sellPrice": 0.1, "batteryLevel": -42.23468498443708, "maxBatteryForMonth": 100, "Temperature": 22.8, "ratioPc": "noData"}