{"bought": 406.22, "sold": 64.51, "Time_string": "Last update at 14:58 - 19/08/2024", "produce": 4.63, "consumption": 4.219, "ratioPC": 0.5069999999999997, "maxBatteryPerDay": 8.75, "maxAtThisDay": 100, "batteryLevelPercentage": -3.6294560910164217, "buyPrice": 0.149072, "sellPrice": 0.1, "batteryLevel": -362.94560910164216, "maxBatteryForMonth": 100, "Temperature": 37.0, "ratioPc": "noData"}