{"bought": 330.08, "sold": 55.08, "Time_string": "Last update at 19:32 - 16/08/2024", "produce": 1.31, "consumption": 4.457, "ratioPC": -2.6590000000000003, "maxBatteryPerDay": 8.75, "maxAtThisDay": 100, "batteryLevelPercentage": -2.9313141139851884, "buyPrice": 0.149072, "sellPrice": 0.1, "batteryLevel": -293.1314113985188, "maxBatteryForMonth": 100, "Temperature": 37.0, "ratioPc": "noData"}