{"bought": 272.73, "sold": 196.75, "Time_string": "Last update at 13:20 - 25/01/2024", "produce": 4.564, "consumption": 0.205, "ratioPC": 4.2, "maxBatteryPerDay": 8.75, "maxAtThisDay": 100, "batteryLevelPercentage": -1.4074679725233445, "buyPrice": 0.149072, "sellPrice": 0.1, "batteryLevel": -140.74679725233446, "maxBatteryForMonth": 100, "Temperature": 20.3, "ratioPc": "noData"}