{"bought": 228.85, "sold": 199.21, "Time_string": "Last update at 17:16 - 28/12/2023", "produce": 0.592, "consumption": 0.181, "ratioPC": 0.46499999999999997, "maxBatteryPerDay": 8.75, "maxAtThisDay": 100, "batteryLevelPercentage": -0.9521658795749705, "buyPrice": 0.149072, "sellPrice": 0.1, "batteryLevel": -95.21658795749704, "maxBatteryForMonth": 100, "Temperature": 14.5, "ratioPc": "noData"}