{"bought": 11.54, "sold": 34.83, "Time_string": "Last update at 13:40 - 03/11/2024", "produce": 5.144, "consumption": 6.628, "ratioPC": -0.05900000000000016, "maxBatteryPerDay": 8.75, "maxAtThisDay": 26.25, "batteryLevelPercentage": 0.4504589971225154, "buyPrice": 0.149072, "sellPrice": 0.1, "batteryLevel": 11.82454867446603, "maxBatteryForMonth": 100, "Temperature": 22.0, "ratioPc": "noData"}