{"bought": 193.27, "sold": 418.71, "Time_string": "Last update at 11:14 - 26/11/2023", "produce": 2.997, "consumption": 1.355, "ratioPC": 1.642, "maxBatteryPerDay": 8.75, "maxAtThisDay": 100, "batteryLevelPercentage": 0.8760769668348181, "buyPrice": 0.149072, "sellPrice": 0.1, "batteryLevel": 87.6076966834818, "maxBatteryForMonth": 100, "Temperature": 11.5, "ratioPc": "noData"}