{"bought": 42.83, "sold": 60.4, "Time_string": "Last update at 15:09 - 05/07/2023", "produce": 1.484, "consumption": 1.855, "buyPrice": 0.149072, "sellPrice": 0.1, "batteryLevel": -2.3126660942363415, "maxBatteryPerDay": 8.75, "batteryLevelPercentage": -0.23126660942363414, "maxAtThisDay": 10, "ratioPC": -0.371, "maxBatteryForMonth": 10, "ratioPc": "noData"}