{"bought": 208.01, "sold": 566.08, "Time_string": "Last update at 12:56 - 24/05/2024", "produce": 4.189, "consumption": 0.276, "ratioPC": 3.6959999999999997, "maxBatteryPerDay": 8.75, "maxAtThisDay": 100, "batteryLevelPercentage": 1.7172596651282601, "buyPrice": 0.149072, "sellPrice": 0.1, "batteryLevel": 171.725966512826, "maxBatteryForMonth": 100, "Temperature": 26.9, "ratioPc": "noData"}