{"bought": 340.97, "sold": 55.76, "Time_string": "Last update at 14:36 - 17/08/2024", "produce": 4.772, "consumption": 4.372, "ratioPC": -1.5839999999999996, "maxBatteryPerDay": 8.75, "maxAtThisDay": 100, "batteryLevelPercentage": -3.0356525598368576, "buyPrice": 0.149072, "sellPrice": 0.1, "batteryLevel": -303.56525598368574, "maxBatteryForMonth": 100, "Temperature": 36.6, "ratioPc": "noData"}