{"bought": 196.69, "sold": 504.57, "Time_string": "Last update at 11:48 - 22/05/2024", "produce": 3.561, "consumption": 0.146, "ratioPC": 2.072, "maxBatteryPerDay": 8.75, "maxAtThisDay": 100, "batteryLevelPercentage": 1.4178402597402595, "buyPrice": 0.149072, "sellPrice": 0.1, "batteryLevel": 141.78402597402595, "maxBatteryForMonth": 100, "Temperature": 21.6, "ratioPc": "noData"}