{"bought": 85.85, "sold": 128.5, "Time_string": "Last update at 04:27 - 09/10/2024", "produce": 0.0, "consumption": 0.129, "ratioPC": -0.126, "maxBatteryPerDay": 8.75, "maxAtThisDay": 78.75, "batteryLevelPercentage": 0.004443899272706902, "buyPrice": 0.149072, "sellPrice": 0.1, "batteryLevel": 0.3499570677256685, "maxBatteryForMonth": 100, "Temperature": 18.0, "ratioPc": "noData"}