{"bought": 276.75, "sold": 689.66, "Time_string": "Last update at 17:20 - 29/05/2024", "produce": 3.703, "consumption": 3.617, "ratioPC": 0.29700000000000015, "maxBatteryPerDay": 8.75, "maxAtThisDay": 100, "batteryLevelPercentage": 1.8588550499087682, "buyPrice": 0.149072, "sellPrice": 0.1, "batteryLevel": 185.88550499087683, "maxBatteryForMonth": 100, "Temperature": 35.3, "ratioPc": "noData"}