{"bought": 47.48, "sold": 187.98, "Time_string": "Last update at 17:14 - 11/09/2023", "produce": 4.011, "consumption": 1.026, "ratioPC": 2.9850000000000003, "maxBatteryPerDay": 8.75, "maxAtThisDay": 10, "batteryLevelPercentage": 7.862013952989159, "buyPrice": 0.149072, "sellPrice": 0.1, "batteryLevel": 78.62013952989159, "maxBatteryForMonth": 10, "Temperature": 28.8, "ratioPc": "noData"}