{"bought": 143.46, "sold": 280.77, "Time_string": "Last update at 05:38 - 14/05/2024", "produce": 0.0, "consumption": 0.135, "ratioPC": -0.138, "maxBatteryPerDay": 8.75, "maxAtThisDay": 100, "batteryLevelPercentage": 0.44885229151014244, "buyPrice": 0.149072, "sellPrice": 0.1, "batteryLevel": 44.885229151014244, "maxBatteryForMonth": 100, "Temperature": 16.4, "ratioPc": "noData"}