{"bought": 121.97, "sold": 215.75, "Time_string": "Last update at 04:58 - 14/09/2024", "produce": 0.0, "consumption": 0.211, "ratioPC": -0.211, "maxBatteryPerDay": 8.75, "maxAtThisDay": 100, "batteryLevelPercentage": 0.22758721691531633, "buyPrice": 0.149072, "sellPrice": 0.1, "batteryLevel": 22.758721691531633, "maxBatteryForMonth": 100, "Temperature": 21.0, "ratioPc": "noData"}