{"bought": 1.51, "sold": 5.57, "Time_string": "Last update at 13:33 - 01/07/2023", "produce": 4.295, "consumption": 1.695, "buyPrice": 0.149072, "sellPrice": 0.1, "batteryLevel": 2.2264495009123113, "maxBatteryPerDay": 8.75, "batteryLevelPercentage": 0.2544513715328356, "maxAtThisDay": 8.75, "ratioPC": 2.5999999999999996, "maxBatteryForMonth": 100, "ratioPc": "noData"}