{"bought": 182.92, "sold": 415.19, "Time_string": "Last update at 13:37 - 25/11/2023", "produce": 4.549, "consumption": 5.802, "ratioPC": -1.2529999999999992, "maxBatteryPerDay": 8.75, "maxAtThisDay": 100, "batteryLevelPercentage": 0.9559642159493401, "buyPrice": 0.149072, "sellPrice": 0.1, "batteryLevel": 95.59642159493401, "maxBatteryForMonth": 100, "Temperature": 17.6, "ratioPc": "noData"}