{"bought": 160.17, "sold": 149.06, "Time_string": "Last update at 18:06 - 22/12/2023", "produce": 0.031, "consumption": 0.286, "ratioPC": -0.167, "maxBatteryPerDay": 8.75, "maxAtThisDay": 100, "batteryLevelPercentage": -0.6017804980143822, "buyPrice": 0.149072, "sellPrice": 0.1, "batteryLevel": -60.17804980143822, "maxBatteryForMonth": 100, "Temperature": 13.8, "ratioPc": "noData"}