{"bought": 213.92, "sold": 195.6, "Time_string": "Last update at 20:21 - 20/08/2023", "produce": 0.237, "consumption": 6.06, "ratioPC": -5.8229999999999995, "maxBatteryPerDay": 8.75, "maxAtThisDay": 10, "batteryLevelPercentage": -8.270823655683156, "buyPrice": 0.149072, "sellPrice": 0.1, "batteryLevel": -82.70823655683157, "maxBatteryForMonth": 10, "Temperature": 37.3, "ratioPc": "noData"}