{"bought": 15.21, "sold": 29.77, "Time_string": "Last update at 15:32 - 03/09/2023", "produce": 0.717, "consumption": 0.745, "ratioPC": -0.028000000000000025, "maxBatteryPerDay": 8.75, "maxAtThisDay": 10, "batteryLevelPercentage": 0.4760215734678546, "buyPrice": 0.149072, "sellPrice": 0.1, "batteryLevel": 4.760215734678546, "maxBatteryForMonth": 10, "Temperature": 20.5, "ratioPc": "noData"}