{"bought": 108.31, "sold": 149.36, "Time_string": "Last update at 12:16 - 12/07/2023", "produce": 3.575, "consumption": 5.19, "buyPrice": 0.149072, "sellPrice": 0.1, "batteryLevel": -8.116804765482442, "maxBatteryPerDay": 8.75, "batteryLevelPercentage": -0.8116804765482442, "maxAtThisDay": 10, "ratioPC": -1.6150000000000002, "maxBatteryForMonth": 10, "ratioPc": "noData"}