{"bought": 136.85, "sold": 136.13, "Time_string": "Last update at 11:14 - 20/12/2023", "produce": 1.396, "consumption": 0.559, "ratioPC": 1.7599999999999998, "maxBatteryPerDay": 8.75, "maxAtThisDay": 100, "batteryLevelPercentage": -0.45531710851132345, "buyPrice": 0.149072, "sellPrice": 0.1, "batteryLevel": -45.531710851132345, "maxBatteryForMonth": 100, "Temperature": 7.7, "ratioPc": "noData"}