{"bought": 176.04, "sold": 367.2, "Time_string": "Last update at 23:54 - 24/06/2023", "produce": 0.0, "consumption": 2.664, "ratioPc": "noData", "buyPrice": 0.149072, "sellPrice": 0.1, "batteryLevel": 70.2839240098744, "maxBatteryPerDay": 8.75, "batteryLevelPercentage": 0.3346853524279733, "maxAtThisDay": 210.0, "ratioPC": -2.664}