{"bought": 215.34, "sold": 580.63, "Time_string": "Last update at 00:50 - 25/05/2024", "produce": 0.0, "consumption": 0.156, "ratioPC": -0.161, "maxBatteryPerDay": 8.75, "maxAtThisDay": 100, "batteryLevelPercentage": 1.7415635075668134, "buyPrice": 0.149072, "sellPrice": 0.1, "batteryLevel": 174.15635075668135, "maxBatteryForMonth": 100, "Temperature": 19.2, "ratioPc": "noData"}