{"bought": 74.21, "sold": 54.52, "Time_string": "Last update at 14:40 - 10/12/2023", "produce": 4.209, "consumption": 2.564, "ratioPC": 3.9509999999999996, "maxBatteryPerDay": 8.75, "maxAtThisDay": 87.5, "batteryLevelPercentage": -0.43013792913108134, "buyPrice": 0.149072, "sellPrice": 0.1, "batteryLevel": -37.637068798969615, "maxBatteryForMonth": 100, "Temperature": 18.7, "ratioPc": "noData"}