{"bought": 406.48, "sold": 64.8, "Time_string": "Last update at 15:52 - 19/08/2024", "produce": 4.77, "consumption": 4.251, "ratioPC": 0.4189999999999996, "maxBatteryPerDay": 8.75, "maxAtThisDay": 100, "batteryLevelPercentage": -3.630110722335516, "buyPrice": 0.149072, "sellPrice": 0.1, "batteryLevel": -363.0110722335516, "maxBatteryForMonth": 100, "Temperature": 37.0, "ratioPc": "noData"}