{"bought": 519.98, "sold": 84.55, "Time_string": "Last update at 10:09 - 24/08/2024", "produce": 0.85, "consumption": 0.272, "ratioPC": 0.36499999999999994, "maxBatteryPerDay": 8.75, "maxAtThisDay": 100, "batteryLevelPercentage": -4.632624406997961, "buyPrice": 0.149072, "sellPrice": 0.1, "batteryLevel": -463.2624406997961, "maxBatteryForMonth": 100, "Temperature": 26.5, "ratioPc": "noData"}