{"bought": 109.98, "sold": 159.13, "Time_string": "Last update at 12:56 - 12/06/2024", "produce": 2.174, "consumption": 1.0, "ratioPC": 2.053, "maxBatteryPerDay": 8.75, "maxAtThisDay": 100, "batteryLevelPercentage": -0.03232924761189238, "buyPrice": 0.149072, "sellPrice": 0.1, "batteryLevel": -3.2329247611892384, "maxBatteryForMonth": 100, "Temperature": 25.9, "ratioPc": "noData"}