{"bought": 177.45, "sold": 367.72, "Time_string": "Last update at 10:02 - 25/06/2023", "produce": 0.889, "consumption": 2.208, "ratioPc": "noData", "buyPrice": 0.149072, "sellPrice": 0.1, "batteryLevel": 69.22274873886448, "maxBatteryPerDay": 8.75, "batteryLevelPercentage": 0.3164468513776662, "maxAtThisDay": 218.75, "ratioPC": -1.3190000000000002}