{"bought": 228.35, "sold": 197.13, "Time_string": "Last update at 15:10 - 28/12/2023", "produce": 4.384, "consumption": 0.477, "ratioPC": -4.972, "maxBatteryPerDay": 8.75, "maxAtThisDay": 100, "batteryLevelPercentage": -0.9611188687345711, "buyPrice": 0.149072, "sellPrice": 0.1, "batteryLevel": -96.11188687345711, "maxBatteryForMonth": 100, "Temperature": 16.2, "ratioPc": "noData"}