{"bought": 279.35, "sold": 330.32, "Time_string": "Last update at 16:57 - 25/10/2024", "produce": 0.708, "consumption": 0.311, "ratioPC": 0.372, "maxBatteryPerDay": 8.75, "maxAtThisDay": 100, "batteryLevelPercentage": -0.5776579907695611, "buyPrice": 0.149072, "sellPrice": 0.1, "batteryLevel": -57.765799076956114, "maxBatteryForMonth": 100, "Temperature": 22.1, "ratioPc": "noData"}