{"bought": 121.18, "sold": 141.92, "Time_string": "Last update at 13:40 - 11/11/2024", "produce": 4.723, "consumption": 1.287, "ratioPC": 3.441, "maxBatteryPerDay": 8.75, "maxAtThisDay": 96.25, "batteryLevelPercentage": -0.2698979912434888, "buyPrice": 0.149072, "sellPrice": 0.1, "batteryLevel": -25.977681657185798, "maxBatteryForMonth": 100, "Temperature": 21.0, "ratioPc": "noData"}