{"bought": 395.72, "sold": 371.37, "Time_string": "Last update at 13:50 - 31/10/2024", "produce": 1.338, "consumption": 0.315, "ratioPC": 1.158, "maxBatteryPerDay": 8.75, "maxAtThisDay": 100, "batteryLevelPercentage": -1.465987699903403, "buyPrice": 0.149072, "sellPrice": 0.1, "batteryLevel": -146.5987699903403, "maxBatteryForMonth": 100, "Temperature": 18.0, "ratioPc": "noData"}