{"bought": 214.5, "sold": 195.6, "Time_string": "Last update at 20:26 - 20/08/2023", "produce": 0.225, "consumption": 5.605, "ratioPC": -5.380000000000001, "maxBatteryPerDay": 8.75, "maxAtThisDay": 10, "batteryLevelPercentage": -8.328823655683157, "buyPrice": 0.149072, "sellPrice": 0.1, "batteryLevel": -83.28823655683158, "maxBatteryForMonth": 10, "Temperature": 37.1, "ratioPc": "noData"}