{"bought": 139.19, "sold": 89.83, "Time_string": "Last update at 18:34 - 12/08/2023", "produce": 2.806, "consumption": 4.158, "ratioPC": -1.3520000000000003, "maxBatteryPerDay": 8.75, "maxAtThisDay": 10, "batteryLevelPercentage": -7.893052806697435, "buyPrice": 0.149072, "sellPrice": 0.1, "batteryLevel": -78.93052806697435, "maxBatteryForMonth": 10, "Temperature": 39.4, "ratioPc": "noData"}