{"bought": 134.85, "sold": 333.92, "Time_string": "Last update at 11:16 - 24/10/2023", "produce": 2.679, "consumption": 0.181, "ratioPC": 2.4979999999999998, "maxBatteryPerDay": 8.75, "maxAtThisDay": 10, "batteryLevelPercentage": 8.914914135451326, "buyPrice": 0.149072, "sellPrice": 0.1, "batteryLevel": 89.14914135451326, "maxBatteryForMonth": 10, "Temperature": 13.5, "ratioPc": "noData"}