{"bought": 43.59, "sold": 65.68, "Time_string": "Last update at 16:18 - 05/11/2024", "produce": 2.826, "consumption": 5.205, "ratioPC": -4.007, "maxBatteryPerDay": 8.75, "maxAtThisDay": 43.75, "batteryLevelPercentage": 0.010725635167666009, "buyPrice": 0.149072, "sellPrice": 0.1, "batteryLevel": 0.4692465385853879, "maxBatteryForMonth": 100, "Temperature": 21.7, "ratioPc": "noData"}