{"bought": 137.33, "sold": 84.45, "Time_string": "Last update at 10:57 - 12/08/2023", "produce": 2.171, "consumption": 0.994, "ratioPC": 1.1769999999999998, "maxBatteryPerDay": 8.75, "maxAtThisDay": 10, "batteryLevelPercentage": -8.067952237844802, "buyPrice": 0.149072, "sellPrice": 0.1, "batteryLevel": -80.67952237844801, "maxBatteryForMonth": 10, "Temperature": 31.9, "ratioPc": "noData"}