{"bought": 144.71, "sold": 141.48, "Time_string": "Last update at 11:15 - 21/12/2023", "produce": 2.945, "consumption": 0.444, "ratioPC": 2.3480000000000003, "maxBatteryPerDay": 8.75, "maxAtThisDay": 100, "batteryLevelPercentage": -0.4980284104325429, "buyPrice": 0.149072, "sellPrice": 0.1, "batteryLevel": -49.80284104325429, "maxBatteryForMonth": 100, "Temperature": 9.5, "ratioPc": "noData"}