{"bought": 243.5, "sold": 199.52, "Time_string": "Last update at 11:48 - 22/08/2023", "produce": 3.082, "consumption": 4.176, "ratioPC": -1.0940000000000003, "maxBatteryPerDay": 8.75, "maxAtThisDay": 10, "batteryLevelPercentage": -10.965863475367607, "buyPrice": 0.149072, "sellPrice": 0.1, "batteryLevel": -109.65863475367607, "maxBatteryForMonth": 10, "Temperature": 35.4, "ratioPc": "noData"}