{"bought": 198.91, "sold": 248.14, "Time_string": "Last update at 10:44 - 17/09/2024", "produce": 1.677, "consumption": 1.356, "ratioPC": 0.14800000000000013, "maxBatteryPerDay": 8.75, "maxAtThisDay": 100, "batteryLevelPercentage": -0.3245352259310937, "buyPrice": 0.149072, "sellPrice": 0.1, "batteryLevel": -32.45352259310937, "maxBatteryForMonth": 100, "Temperature": 24.5, "ratioPc": "noData"}