{"bought": 250.35, "sold": 207.75, "Time_string": "Last update at 17:06 - 30/12/2023", "produce": 1.126, "consumption": 0.322, "ratioPC": 0.9709999999999999, "maxBatteryPerDay": 8.75, "maxAtThisDay": 100, "batteryLevelPercentage": -1.1098781260062252, "buyPrice": 0.149072, "sellPrice": 0.1, "batteryLevel": -110.9878126006225, "maxBatteryForMonth": 100, "Temperature": 13.8, "ratioPc": "noData"}