{"bought": 217.06, "sold": 231.92, "Time_string": "Last update at 08:19 - 21/07/2023", "produce": 0.137, "consumption": 0.111, "buyPrice": 0.149072, "sellPrice": 0.1, "batteryLevel": -61.48417087045186, "maxBatteryPerDay": 8.75, "batteryLevelPercentage": -6.148417087045186, "maxAtThisDay": 10, "ratioPC": 0.02600000000000001, "maxBatteryForMonth": 10, "ratioPc": "noData"}