{"bought": 145.05, "sold": 353.97, "Time_string": "Last update at 23:59 - 22/06/2023", "produce": 0.0, "consumption": 0.931, "ratioPc": "noData", "buyPrice": 0.149072, "sellPrice": 0.1, "batteryLevel": 92.39901792422455, "maxBatteryPerDay": 8.75, "batteryLevelPercentage": 0.47999489830766, "maxAtThisDay": 192.5, "ratioPC": -0.931}