{"bought": 150.37, "sold": 73.87, "Time_string": "Last update at 16:07 - 15/01/2024", "produce": 0.534, "consumption": 1.975, "ratioPC": -0.5189999999999999, "maxBatteryPerDay": 8.75, "maxAtThisDay": 100, "batteryLevelPercentage": -1.0081676397982184, "buyPrice": 0.149072, "sellPrice": 0.1, "batteryLevel": -100.81676397982184, "maxBatteryForMonth": 100, "Temperature": 19.9, "ratioPc": "noData"}