{"bought": 191.14, "sold": 194.38, "Time_string": "Last update at 15:15 - 17/10/2024", "produce": 2.581, "consumption": 0.242, "ratioPC": 2.17, "maxBatteryPerDay": 8.75, "maxAtThisDay": 100, "batteryLevelPercentage": -0.6074663303638508, "buyPrice": 0.149072, "sellPrice": 0.1, "batteryLevel": -60.74663303638508, "maxBatteryForMonth": 100, "Temperature": 21.0, "ratioPc": "noData"}