{"bought": 103.75, "sold": 251.89, "Time_string": "Last update at 18:01 - 12/05/2024", "produce": 3.462, "consumption": 2.269, "ratioPC": 0.5660000000000003, "maxBatteryPerDay": 8.75, "maxAtThisDay": 100, "batteryLevelPercentage": 0.6522204035633785, "buyPrice": 0.149072, "sellPrice": 0.1, "batteryLevel": 65.22204035633786, "maxBatteryForMonth": 100, "Temperature": 31.0, "ratioPc": "noData"}