{"bought": 2.98, "sold": 10.04, "Time_string": "Last update at 18:04 - 01/08/2023", "produce": 3.33, "consumption": 3.449, "ratioPC": -0.11899999999999977, "maxBatteryPerDay": 8.75, "maxAtThisDay": 8.75, "batteryLevelPercentage": 0.42914291847467756, "buyPrice": 0.149072, "sellPrice": 0.1, "batteryLevel": 3.7550005366534287, "maxBatteryForMonth": 10, "Temperature": 34.9, "ratioPc": "noData"}