{"bought": 63.62, "sold": 179.4, "Time_string": "Last update at 09:17 - 12/10/2023", "produce": 0.187, "consumption": 0.136, "ratioPC": 0.05099999999999999, "maxBatteryPerDay": 8.75, "maxAtThisDay": 10, "batteryLevelPercentage": 5.672453150155629, "buyPrice": 0.149072, "sellPrice": 0.1, "batteryLevel": 56.72453150155629, "maxBatteryForMonth": 10, "Temperature": 18.9, "ratioPc": "noData"}