{"bought": 20.34, "sold": 28.4, "Time_string": "Last update at 11:46 - 03/07/2023", "produce": 3.102, "consumption": 3.889, "buyPrice": 0.149072, "sellPrice": 0.1, "batteryLevel": -1.288803262852852, "maxBatteryPerDay": 8.75, "batteryLevelPercentage": -0.1288803262852852, "maxAtThisDay": 10, "ratioPC": -0.7869999999999999, "maxBatteryForMonth": 10, "ratioPc": "noData"}