{"bought": 18.72, "sold": 44.17, "Time_string": "Last update at 03:47 - 03/10/2024", "produce": 0.0, "consumption": 0.136, "ratioPC": -0.092, "maxBatteryPerDay": 8.75, "maxAtThisDay": 26.25, "batteryLevelPercentage": 0.41561818897356095, "buyPrice": 0.149072, "sellPrice": 0.1, "batteryLevel": 10.909977460555975, "maxBatteryForMonth": 100, "Temperature": 21.2, "ratioPc": "noData"}