{"bought": 146.03, "sold": 353.97, "Time_string": "Last update at 05:50 - 23/06/2023", "produce": 0.0, "consumption": 0.121, "ratioPc": "noData", "buyPrice": 0.149072, "sellPrice": 0.1, "batteryLevel": 91.41901792422456, "maxBatteryPerDay": 8.75, "batteryLevelPercentage": 0.4542559896855879, "maxAtThisDay": 201.25, "ratioPC": -0.121}