{"bought": 648.4, "sold": 102.18, "Time_string": "Last update at 18:47 - 29/08/2024", "produce": 2.063, "consumption": 6.444, "ratioPC": -0.5219999999999998, "maxBatteryPerDay": 8.75, "maxAtThisDay": 100, "batteryLevelPercentage": -5.798559407534614, "buyPrice": 0.149072, "sellPrice": 0.1, "batteryLevel": -579.8559407534614, "maxBatteryForMonth": 100, "Temperature": 31.2, "ratioPc": "noData"}