{"bought": 181.65, "sold": 172.25, "Time_string": "Last update at 09:37 - 25/12/2023", "produce": 0.533, "consumption": 0.25, "ratioPC": 0.24100000000000002, "maxBatteryPerDay": 8.75, "maxAtThisDay": 100, "batteryLevelPercentage": -0.6610180852205646, "buyPrice": 0.149072, "sellPrice": 0.1, "batteryLevel": -66.10180852205646, "maxBatteryForMonth": 100, "Temperature": 5.6, "ratioPc": "noData"}