{"bought": 47.48, "sold": 186.71, "Time_string": "Last update at 16:44 - 11/09/2023", "produce": 2.015, "consumption": 0.989, "ratioPC": 1.0260000000000002, "maxBatteryPerDay": 8.75, "maxAtThisDay": 10, "batteryLevelPercentage": 7.776820221101215, "buyPrice": 0.149072, "sellPrice": 0.1, "batteryLevel": 77.76820221101215, "maxBatteryForMonth": 10, "Temperature": 28.7, "ratioPc": "noData"}