{"bought": 132.2, "sold": 317.93, "Time_string": "Last update at 10:43 - 21/06/2023", "produce": 1.456, "consumption": 1.31, "ratioPc": "noData", "buyPrice": 0.149072, "sellPrice": 0.1, "batteryLevel": 81.07278093807022, "maxBatteryPerDay": 8.75, "batteryLevelPercentage": 0.4412124132684094, "maxAtThisDay": 183.75, "ratioPC": 0.1459999999999999}