{"bought": 66.42, "sold": 32.84, "Time_string": "Last update at 17:39 - 08/12/2023", "produce": 0.145, "consumption": 0.182, "ratioPC": -0.037000000000000005, "maxBatteryPerDay": 8.75, "maxAtThisDay": 70.0, "batteryLevelPercentage": -0.6341482390101043, "buyPrice": 0.149072, "sellPrice": 0.1, "batteryLevel": -44.3903767307073, "maxBatteryForMonth": 100, "Temperature": 14.3, "ratioPc": "noData"}