{"bought": 1.75, "sold": 0.27, "Time_string": "Last update at 11:31 - 01/12/2023", "produce": 1.031, "consumption": 0.122, "ratioPC": 0.9089999999999999, "maxBatteryPerDay": 8.75, "maxAtThisDay": 8.75, "batteryLevelPercentage": -0.1793005105874055, "buyPrice": 0.149072, "sellPrice": 0.1, "batteryLevel": -1.5688794676397981, "maxBatteryForMonth": 100, "Temperature": 11.5, "ratioPc": "noData"}