{"bought": 143.98, "sold": 281.24, "Time_string": "Last update at 10:13 - 14/05/2024", "produce": 1.636, "consumption": 0.204, "ratioPC": 1.041, "maxBatteryPerDay": 8.75, "maxAtThisDay": 100, "batteryLevelPercentage": 0.4468051304067833, "buyPrice": 0.149072, "sellPrice": 0.1, "batteryLevel": 44.680513040678335, "maxBatteryForMonth": 100, "Temperature": 17.4, "ratioPc": "noData"}