{"bought": 44.67, "sold": 178.48, "Time_string": "Last update at 16:31 - 12/11/2023", "produce": 1.824, "consumption": 0.295, "ratioPC": 1.5290000000000001, "maxBatteryPerDay": 8.75, "maxAtThisDay": 10, "batteryLevelPercentage": 7.505738005795855, "buyPrice": 0.149072, "sellPrice": 0.1, "batteryLevel": 75.05738005795855, "maxBatteryForMonth": 10, "Temperature": 22.0, "ratioPc": "noData"}