{"bought": 216.84, "sold": 582.61, "Time_string": "Last update at 11:13 - 25/05/2024", "produce": 2.671, "consumption": 0.247, "ratioPC": 1.241, "maxBatteryPerDay": 8.75, "maxAtThisDay": 100, "batteryLevelPercentage": 1.739845679939895, "buyPrice": 0.149072, "sellPrice": 0.1, "batteryLevel": 173.9845679939895, "maxBatteryForMonth": 100, "Temperature": 24.4, "ratioPc": "noData"}