{"bought": 10.79, "sold": 33.44, "Time_string": "Last update at 15:58 - 02/10/2023", "produce": 3.851, "consumption": 3.306, "ratioPC": 0.5449999999999999, "maxBatteryPerDay": 8.75, "maxAtThisDay": 10, "batteryLevelPercentage": 1.1642113341204248, "buyPrice": 0.149072, "sellPrice": 0.1, "batteryLevel": 11.642113341204247, "maxBatteryForMonth": 10, "Temperature": 35.0, "ratioPc": "noData"}