{"bought": 196.69, "sold": 514.76, "Time_string": "Last update at 14:15 - 22/05/2024", "produce": 4.988, "consumption": 0.24, "ratioPC": 4.604, "maxBatteryPerDay": 8.75, "maxAtThisDay": 100, "batteryLevelPercentage": 1.4861964902865725, "buyPrice": 0.149072, "sellPrice": 0.1, "batteryLevel": 148.61964902865725, "maxBatteryForMonth": 100, "Temperature": 25.2, "ratioPc": "noData"}