{"bought": 41.81, "sold": 11.2, "Time_string": "Last update at 14:10 - 04/01/2024", "produce": 0.731, "consumption": 0.35, "ratioPC": -0.9959999999999999, "maxBatteryPerDay": 8.75, "maxAtThisDay": 35.0, "batteryLevelPercentage": -0.9799100568852636, "buyPrice": 0.149072, "sellPrice": 0.1, "batteryLevel": -34.29685199098422, "maxBatteryForMonth": 100, "Temperature": 17.2, "ratioPc": "noData"}