{"bought": 123.12, "sold": 566.77, "Time_string": "Last update at 11:04 - 30/09/2023", "produce": 2.326, "consumption": 0.855, "ratioPC": 1.471, "maxBatteryPerDay": 8.75, "maxAtThisDay": 10, "batteryLevelPercentage": 25.707883009552425, "buyPrice": 0.149072, "sellPrice": 0.1, "batteryLevel": 257.07883009552427, "maxBatteryForMonth": 10, "Temperature": 27.1, "ratioPc": "noData"}