{"bought": 99.09, "sold": 258.02, "Time_string": "Last update at 10:54 - 17/06/2023", "produce": 2.319, "consumption": 3.821, "ratioPc": null, "buyPrice": 0.149072, "sellPrice": 0.1, "batteryLevel": 73.99414725770094, "maxBatteryPerDay": 8.75, "batteryLevelPercentage": 0.4974396454299223, "maxAtThisDay": 148.75, "ratioPC": -1.5020000000000002}