{"bought": 179.19, "sold": 215.46, "Time_string": "Last update at 08:33 - 17/11/2024", "produce": 0.068, "consumption": 0.135, "ratioPC": -1.299, "maxBatteryPerDay": 8.75, "maxAtThisDay": 100, "batteryLevelPercentage": -0.34655815176558974, "buyPrice": 0.149072, "sellPrice": 0.1, "batteryLevel": -34.655815176558974, "maxBatteryForMonth": 100, "Temperature": 16.0, "ratioPc": "noData"}