{"bought": 102.3, "sold": 103.2, "Time_string": "Last update at 20:51 - 09/06/2024", "produce": 0.172, "consumption": 0.29, "ratioPC": 0.014999999999999986, "maxBatteryPerDay": 8.75, "maxAtThisDay": 78.75, "batteryLevelPercentage": -0.4199581921423716, "buyPrice": 0.149072, "sellPrice": 0.1, "batteryLevel": -33.071707631211765, "maxBatteryForMonth": 100, "Temperature": 22.1, "ratioPc": "noData"}