{"bought": 128.21, "sold": 173.03, "Time_string": "Last update at 22:57 - 12/11/2024", "produce": 0.0, "consumption": 0.211, "ratioPC": -0.238, "maxBatteryPerDay": 8.75, "maxAtThisDay": 100, "batteryLevelPercentage": -0.12138571428571439, "buyPrice": 0.149072, "sellPrice": 0.1, "batteryLevel": -12.138571428571439, "maxBatteryForMonth": 100, "Temperature": 15.0, "ratioPc": "noData"}