{"bought": 325.61, "sold": 354.5, "Time_string": "Last update at 11:13 - 28/10/2024", "produce": 3.857, "consumption": 0.269, "ratioPC": 1.186, "maxBatteryPerDay": 8.75, "maxAtThisDay": 100, "batteryLevelPercentage": -0.8780544917892027, "buyPrice": 0.149072, "sellPrice": 0.1, "batteryLevel": -87.80544917892027, "maxBatteryForMonth": 100, "Temperature": 15.2, "ratioPc": "noData"}