{"bought": 199.95, "sold": 258.24, "Time_string": "Last update at 16:57 - 17/09/2024", "produce": 3.953, "consumption": 1.398, "ratioPC": 2.4459999999999997, "maxBatteryPerDay": 8.75, "maxAtThisDay": 100, "batteryLevelPercentage": -0.2671827304926478, "buyPrice": 0.149072, "sellPrice": 0.1, "batteryLevel": -26.71827304926478, "maxBatteryForMonth": 100, "Temperature": 29.0, "ratioPc": "noData"}