{"bought": 164.71, "sold": 346.1, "Time_string": "Last update at 12:46 - 16/05/2024", "produce": 1.847, "consumption": 0.136, "ratioPC": 1.266, "maxBatteryPerDay": 8.75, "maxAtThisDay": 100, "batteryLevelPercentage": 0.6745968981431792, "buyPrice": 0.149072, "sellPrice": 0.1, "batteryLevel": 67.45968981431793, "maxBatteryForMonth": 100, "Temperature": 19.0, "ratioPc": "noData"}