{"bought": 223.54, "sold": 246.12, "Time_string": "Last update at 12:03 - 21/10/2024", "produce": 2.408, "consumption": 1.255, "ratioPC": 1.9989999999999999, "maxBatteryPerDay": 8.75, "maxAtThisDay": 100, "batteryLevelPercentage": -0.5843857250187827, "buyPrice": 0.149072, "sellPrice": 0.1, "batteryLevel": -58.43857250187827, "maxBatteryForMonth": 100, "Temperature": 21.1, "ratioPc": "noData"}