{"bought": 248.93, "sold": 398.45, "Time_string": "Last update at 06:37 - 30/06/2023", "produce": 0.0, "consumption": 0.236, "buyPrice": 0.149072, "sellPrice": 0.1, "batteryLevel": 18.356948588601426, "maxBatteryPerDay": 8.75, "batteryLevelPercentage": 0.18356948588601427, "maxAtThisDay": 100, "ratioPC": -0.236, "maxBatteryForMonth": 100, "ratioPc": "noData"}