{"bought": 275.52, "sold": 320.42, "Time_string": "Last update at 15:55 - 24/10/2024", "produce": 4.34, "consumption": 2.594, "ratioPC": 4.229, "maxBatteryPerDay": 8.75, "maxAtThisDay": 100, "batteryLevelPercentage": -0.6057688526349682, "buyPrice": 0.149072, "sellPrice": 0.1, "batteryLevel": -60.57688526349682, "maxBatteryForMonth": 100, "Temperature": 25.9, "ratioPc": "noData"}