{"bought": 266.43, "sold": 364.7, "Time_string": "Last update at 07:53 - 23/06/2024", "produce": 0.114, "consumption": 0.131, "ratioPC": -0.04100000000000001, "maxBatteryPerDay": 8.75, "maxAtThisDay": 100, "batteryLevelPercentage": -0.2178311795642378, "buyPrice": 0.149072, "sellPrice": 0.1, "batteryLevel": -21.78311795642378, "maxBatteryForMonth": 100, "Temperature": 18.9, "ratioPc": "noData"}