{"bought": 76.89, "sold": 119.55, "Time_string": "Last update at 13:23 - 09/11/2024", "produce": 5.244, "consumption": 0.379, "ratioPC": 4.223000000000001, "maxBatteryPerDay": 8.75, "maxAtThisDay": 78.75, "batteryLevelPercentage": 0.041982816868295005, "buyPrice": 0.149072, "sellPrice": 0.1, "batteryLevel": 3.306146828378232, "maxBatteryForMonth": 100, "Temperature": 21.0, "ratioPc": "noData"}