{"bought": 174.92, "sold": 131.39, "Time_string": "Last update at 15:33 - 16/08/2023", "produce": 4.785, "consumption": 4.15, "ratioPC": 0.6349999999999998, "maxBatteryPerDay": 8.75, "maxAtThisDay": 10, "batteryLevelPercentage": -8.678138241923365, "buyPrice": 0.149072, "sellPrice": 0.1, "batteryLevel": -86.78138241923365, "maxBatteryForMonth": 10, "Temperature": 34.5, "ratioPc": "noData"}