{"bought": 233.32, "sold": 644.74, "Time_string": "Last update at 16:18 - 27/05/2024", "produce": 4.661, "consumption": 1.601, "ratioPC": 3.202, "maxBatteryPerDay": 8.75, "maxAtThisDay": 100, "batteryLevelPercentage": 1.991824149404315, "buyPrice": 0.149072, "sellPrice": 0.1, "batteryLevel": 199.1824149404315, "maxBatteryForMonth": 100, "Temperature": 32.3, "ratioPc": "noData"}