{"bought": 268.21, "sold": 306.71, "Time_string": "Last update at 17:37 - 25/07/2023", "produce": 3.929, "consumption": 2.563, "buyPrice": 0.149072, "sellPrice": 0.1, "batteryLevel": -62.46378340667596, "maxBatteryPerDay": 8.75, "batteryLevelPercentage": -6.2463783406675955, "maxAtThisDay": 10, "ratioPC": 1.3659999999999997, "maxBatteryForMonth": 10, "ratioPc": "noData"}