{"bought": 113.06, "sold": 554.27, "Time_string": "Last update at 20:21 - 28/09/2023", "produce": 0.011, "consumption": 1.003, "ratioPC": -0.9919999999999999, "maxBatteryPerDay": 8.75, "maxAtThisDay": 10, "batteryLevelPercentage": 25.875362026403344, "buyPrice": 0.149072, "sellPrice": 0.1, "batteryLevel": 258.75362026403343, "maxBatteryForMonth": 10, "Temperature": 31.4, "ratioPc": "noData"}