{"bought": 79.96, "sold": 228.9, "Time_string": "Last update at 15:56 - 11/05/2024", "produce": 4.814, "consumption": 6.095, "ratioPC": -1.2399999999999993, "maxBatteryPerDay": 8.75, "maxAtThisDay": 96.25, "batteryLevelPercentage": 0.7645710382780255, "buyPrice": 0.149072, "sellPrice": 0.1, "batteryLevel": 73.58996243425996, "maxBatteryForMonth": 100, "Temperature": 29.9, "ratioPc": "noData"}