{"bought": 122.63, "sold": 269.0, "Time_string": "Last update at 18:35 - 16/06/2024", "produce": 2.948, "consumption": 1.98, "ratioPC": 1.1340000000000001, "maxBatteryPerDay": 8.75, "maxAtThisDay": 100, "batteryLevelPercentage": 0.5781971557368252, "buyPrice": 0.149072, "sellPrice": 0.1, "batteryLevel": 57.819715573682515, "maxBatteryForMonth": 100, "Temperature": 30.4, "ratioPc": "noData"}