{"bought": 108.66, "sold": 75.33, "Time_string": "Last update at 08:46 - 10/08/2023", "produce": 0.298, "consumption": 0.278, "ratioPC": 0.019999999999999962, "maxBatteryPerDay": 8.75, "maxAtThisDay": 10, "batteryLevelPercentage": -5.81273714715037, "buyPrice": 0.149072, "sellPrice": 0.1, "batteryLevel": -58.1273714715037, "maxBatteryForMonth": 10, "Temperature": 24.3, "ratioPc": "noData"}