{"bought": 199.12, "sold": 113.75, "Time_string": "Last update at 14:01 - 21/01/2024", "produce": 4.635, "consumption": 0.212, "ratioPC": 4.45, "maxBatteryPerDay": 8.75, "maxAtThisDay": 100, "batteryLevelPercentage": -1.228145905334335, "buyPrice": 0.149072, "sellPrice": 0.1, "batteryLevel": -122.81459053343352, "maxBatteryForMonth": 100, "Temperature": 16.0, "ratioPc": "noData"}