{"bought": 199.12, "sold": 112.52, "Time_string": "Last update at 13:44 - 21/01/2024", "produce": 4.63, "consumption": 0.155, "ratioPC": 3.894, "maxBatteryPerDay": 8.75, "maxAtThisDay": 100, "batteryLevelPercentage": -1.236396951808522, "buyPrice": 0.149072, "sellPrice": 0.1, "batteryLevel": -123.63969518085221, "maxBatteryForMonth": 100, "Temperature": 16.0, "ratioPc": "noData"}