{"bought": 268.96, "sold": 436.75, "Time_string": "Last update at 19:07 - 30/11/2023", "produce": 0.0, "consumption": 0.289, "ratioPC": -0.289, "maxBatteryPerDay": 8.75, "maxAtThisDay": 100, "batteryLevelPercentage": 0.24019231512289366, "buyPrice": 0.149072, "sellPrice": 0.1, "batteryLevel": 24.019231512289366, "maxBatteryForMonth": 100, "Temperature": 18.0, "ratioPc": "noData"}