{"bought": 128.62, "sold": 125.19, "Time_string": "Last update at 09:11 - 19/12/2023", "produce": 0.283, "consumption": 0.297, "ratioPC": -0.049000000000000016, "maxBatteryPerDay": 8.75, "maxAtThisDay": 100, "batteryLevelPercentage": -0.44640446495653124, "buyPrice": 0.149072, "sellPrice": 0.1, "batteryLevel": -44.64044649565312, "maxBatteryForMonth": 100, "Temperature": 4.2, "ratioPc": "noData"}