{"bought": 27.54, "sold": 33.68, "Time_string": "Last update at 08:17 - 04/08/2023", "produce": 0.116, "consumption": 0.111, "ratioPC": 0.0050000000000000044, "maxBatteryPerDay": 8.75, "maxAtThisDay": 10, "batteryLevelPercentage": -0.4946890630031124, "buyPrice": 0.149072, "sellPrice": 0.1, "batteryLevel": -4.946890630031124, "maxBatteryForMonth": 10, "Temperature": 21.9, "ratioPc": "noData"}