{"bought": 18.52, "sold": 50.63, "Time_string": "Last update at 15:40 - 03/10/2023", "produce": 4.565, "consumption": 5.449, "ratioPC": -0.8839999999999995, "maxBatteryPerDay": 8.75, "maxAtThisDay": 10, "batteryLevelPercentage": 1.544345390147043, "buyPrice": 0.149072, "sellPrice": 0.1, "batteryLevel": 15.44345390147043, "maxBatteryForMonth": 10, "Temperature": 34.7, "ratioPc": "noData"}