{"bought": 83.78, "sold": 110.58, "Time_string": "Last update at 11:19 - 08/10/2024", "produce": 2.562, "consumption": 0.177, "ratioPC": 1.7710000000000001, "maxBatteryPerDay": 8.75, "maxAtThisDay": 70.0, "batteryLevelPercentage": -0.13715828209570832, "buyPrice": 0.149072, "sellPrice": 0.1, "batteryLevel": -9.601079746699583, "maxBatteryForMonth": 100, "Temperature": 19.3, "ratioPc": "noData"}