{"bought": 117.64, "sold": 285.35, "Time_string": "Last update at 00:47 - 19/06/2023", "produce": 0.0, "consumption": 0.145, "ratioPc": "noData", "buyPrice": 0.149072, "sellPrice": 0.1, "batteryLevel": 73.77757003327251, "maxBatteryPerDay": 8.75, "batteryLevelPercentage": 0.44377485734299255, "maxAtThisDay": 166.25, "ratioPC": -0.145}