{"bought": 21.85, "sold": 32.29, "Time_string": "Last update at 20:25 - 03/09/2024", "produce": 0.078, "consumption": 0.158, "ratioPC": -0.082, "maxBatteryPerDay": 8.75, "maxAtThisDay": 26.25, "batteryLevelPercentage": -0.007212417649253666, "buyPrice": 0.149072, "sellPrice": 0.1, "batteryLevel": -0.18932596329290874, "maxBatteryForMonth": 100, "Temperature": 25.6, "ratioPc": "noData"}