{"bought": 216.86, "sold": 606.59, "Time_string": "Last update at 18:18 - 25/05/2024", "produce": 2.844, "consumption": 1.006, "ratioPC": 1.9569999999999999, "maxBatteryPerDay": 8.75, "maxAtThisDay": 100, "batteryLevelPercentage": 1.9005075453472147, "buyPrice": 0.149072, "sellPrice": 0.1, "batteryLevel": 190.05075453472148, "maxBatteryForMonth": 100, "Temperature": 31.7, "ratioPc": "noData"}