{"bought": 20.12, "sold": 25.65, "Time_string": "Last update at 07:29 - 03/07/2023", "produce": 0.045, "consumption": 0.166, "buyPrice": 0.149072, "sellPrice": 0.1, "batteryLevel": -2.9135494257808325, "maxBatteryPerDay": 8.75, "batteryLevelPercentage": -0.29135494257808325, "maxAtThisDay": 10, "ratioPC": -0.12100000000000001, "maxBatteryForMonth": 10, "ratioPc": "noData"}