{"bought": 244.19, "sold": 258.36, "Time_string": "Last update at 08:42 - 23/07/2023", "produce": 0.303, "consumption": 0.285, "buyPrice": 0.149072, "sellPrice": 0.1, "batteryLevel": -70.87777503488246, "maxBatteryPerDay": 8.75, "batteryLevelPercentage": -7.087777503488246, "maxAtThisDay": 10, "ratioPC": 0.018000000000000016, "maxBatteryForMonth": 10, "ratioPc": "noData"}