{"bought": 20.17, "sold": 25.73, "Time_string": "Last update at 09:11 - 03/07/2023", "produce": 0.329, "consumption": 0.143, "buyPrice": 0.149072, "sellPrice": 0.1, "batteryLevel": -2.909884082859289, "maxBatteryPerDay": 8.75, "batteryLevelPercentage": -0.2909884082859289, "maxAtThisDay": 10, "ratioPC": 0.18600000000000003, "maxBatteryForMonth": 10, "ratioPc": "noData"}