{"bought": 181.75, "sold": 139.64, "Time_string": "Last update at 12:05 - 17/08/2023", "produce": 3.402, "consumption": 1.276, "ratioPC": 2.1260000000000003, "maxBatteryPerDay": 8.75, "maxAtThisDay": 10, "batteryLevelPercentage": -8.807714393044973, "buyPrice": 0.149072, "sellPrice": 0.1, "batteryLevel": -88.07714393044974, "maxBatteryForMonth": 10, "Temperature": 28.2, "ratioPc": "noData"}