{"bought": 69.72, "sold": 80.97, "Time_string": "Last update at 17:20 - 05/10/2024", "produce": 3.474, "consumption": 5.036, "ratioPC": -1.4260000000000006, "maxBatteryPerDay": 8.75, "maxAtThisDay": 43.75, "batteryLevelPercentage": -0.35209062389794393, "buyPrice": 0.149072, "sellPrice": 0.1, "batteryLevel": -15.403964795535046, "maxBatteryForMonth": 100, "Temperature": 32.3, "ratioPc": "noData"}