{"bought": 182.63, "sold": 320.13, "Time_string": "Last update at 20:07 - 19/06/2024", "produce": 0.697, "consumption": 6.303, "ratioPC": -5.407, "maxBatteryPerDay": 8.75, "maxAtThisDay": 100, "batteryLevelPercentage": 0.32118577868412557, "buyPrice": 0.149072, "sellPrice": 0.1, "batteryLevel": 32.11857786841256, "maxBatteryForMonth": 100, "Temperature": 20.8, "ratioPc": "noData"}