{"bought": 338.0, "sold": 55.08, "Time_string": "Last update at 09:51 - 17/08/2024", "produce": 0.0, "consumption": 1.458, "ratioPC": -1.1179999999999999, "maxBatteryPerDay": 8.75, "maxAtThisDay": 100, "batteryLevelPercentage": -3.0105141139851885, "buyPrice": 0.149072, "sellPrice": 0.1, "batteryLevel": -301.05141139851884, "maxBatteryForMonth": 100, "Temperature": 25.5, "ratioPc": "noData"}