{"bought": 94.17, "sold": 257.68, "Time_string": "Last update at 20:25 - 16/06/2023", "produce": 0.284, "consumption": 3.517, "ratioPc": null, "buyPrice": 0.149072, "sellPrice": 0.1, "batteryLevel": 78.68606955028442, "maxBatteryPerDay": 8.75, "batteryLevelPercentage": 0.562043353930603, "maxAtThisDay": 140.0, "ratioPC": -3.233}