{"bought": 174.87, "sold": 121.35, "Time_string": "Last update at 10:17 - 16/08/2023", "produce": 1.045, "consumption": 0.818, "ratioPC": 0.22699999999999998, "maxBatteryPerDay": 8.75, "maxAtThisDay": 10, "batteryLevelPercentage": -9.34663829558871, "buyPrice": 0.149072, "sellPrice": 0.1, "batteryLevel": -93.4663829558871, "maxBatteryForMonth": 10, "Temperature": 24.8, "ratioPc": "noData"}