{"bought": 117.12, "sold": 56.45, "Time_string": "Last update at 16:17 - 11/01/2024", "produce": 2.33, "consumption": 0.873, "ratioPC": 1.9100000000000001, "maxBatteryPerDay": 8.75, "maxAtThisDay": 96.25, "batteryLevelPercentage": -0.8234014794907787, "buyPrice": 0.149072, "sellPrice": 0.1, "batteryLevel": -79.25239240098745, "maxBatteryForMonth": 100, "Temperature": 13.7, "ratioPc": "noData"}