{"bought": 291.79, "sold": 340.07, "Time_string": "Last update at 12:33 - 28/07/2023", "produce": 3.869, "consumption": 0.508, "buyPrice": 0.149072, "sellPrice": 0.1, "batteryLevel": -63.665335408393304, "maxBatteryPerDay": 8.75, "batteryLevelPercentage": -6.36653354083933, "maxAtThisDay": 10, "ratioPC": 3.361, "maxBatteryForMonth": 10, "ratioPc": "noData"}