{"bought": 189.01, "sold": 413.91, "Time_string": "Last update at 09:49 - 19/05/2024", "produce": 0.894, "consumption": 0.126, "ratioPC": 0.391, "maxBatteryPerDay": 8.75, "maxAtThisDay": 100, "batteryLevelPercentage": 0.8864777610818936, "buyPrice": 0.149072, "sellPrice": 0.1, "batteryLevel": 88.64777610818936, "maxBatteryForMonth": 100, "Temperature": 16.6, "ratioPc": "noData"}