{"bought": 88.21, "sold": 132.92, "Time_string": "Last update at 00:52 - 10/10/2024", "produce": 0.0, "consumption": 0.091, "ratioPC": -0.129, "maxBatteryPerDay": 8.75, "maxAtThisDay": 87.5, "batteryLevelPercentage": 0.010913911590180793, "buyPrice": 0.149072, "sellPrice": 0.1, "batteryLevel": 0.9549672641408193, "maxBatteryForMonth": 100, "Temperature": 17.1, "ratioPc": "noData"}