{"bought": 138.49, "sold": 335.12, "Time_string": "Last update at 03:58 - 22/06/2023", "produce": 0.0, "consumption": 0.128, "ratioPc": "noData", "buyPrice": 0.149072, "sellPrice": 0.1, "batteryLevel": 86.31412149833636, "maxBatteryPerDay": 8.75, "batteryLevelPercentage": 0.4483850467446045, "maxAtThisDay": 192.5, "ratioPC": -0.128}