{"bought": 138.94, "sold": 139.52, "Time_string": "Last update at 16:23 - 20/12/2023", "produce": 0.752, "consumption": 1.046, "ratioPC": -0.41500000000000004, "maxBatteryPerDay": 8.75, "maxAtThisDay": 100, "batteryLevelPercentage": -0.4534764194483202, "buyPrice": 0.149072, "sellPrice": 0.1, "batteryLevel": -45.34764194483202, "maxBatteryForMonth": 100, "Temperature": 12.2, "ratioPc": "noData"}