{"bought": 476.94, "sold": 73.11, "Time_string": "Last update at 14:54 - 22/08/2024", "produce": 4.865, "consumption": 3.518, "ratioPC": 1.254, "maxBatteryPerDay": 8.75, "maxAtThisDay": 100, "batteryLevelPercentage": -4.278965847375765, "buyPrice": 0.149072, "sellPrice": 0.1, "batteryLevel": -427.89658473757646, "maxBatteryForMonth": 100, "Temperature": 32.9, "ratioPc": "noData"}