{"bought": 219.48, "sold": 609.62, "Time_string": "Last update at 10:47 - 26/05/2024", "produce": 2.191, "consumption": 0.199, "ratioPC": 0.9359999999999999, "maxBatteryPerDay": 8.75, "maxAtThisDay": 100, "batteryLevelPercentage": 1.8946332939787485, "buyPrice": 0.149072, "sellPrice": 0.1, "batteryLevel": 189.46332939787484, "maxBatteryForMonth": 100, "Temperature": 25.4, "ratioPc": "noData"}