{"bought": 92.21, "sold": 231.92, "Time_string": "Last update at 09:02 - 12/05/2024", "produce": 0.288, "consumption": 0.132, "ratioPC": 0.01999999999999999, "maxBatteryPerDay": 8.75, "maxAtThisDay": 100, "batteryLevelPercentage": 0.6336582912954815, "buyPrice": 0.149072, "sellPrice": 0.1, "batteryLevel": 63.365829129548146, "maxBatteryForMonth": 100, "Temperature": 18.1, "ratioPc": "noData"}