{"bought": 105.14, "sold": 127.23, "Time_string": "Last update at 22:21 - 10/06/2024", "produce": 0.0, "consumption": 0.225, "ratioPC": -0.229, "maxBatteryPerDay": 8.75, "maxAtThisDay": 87.5, "batteryLevelPercentage": -0.22619406001318632, "buyPrice": 0.149072, "sellPrice": 0.1, "batteryLevel": -19.791980251153802, "maxBatteryForMonth": 100, "Temperature": 20.6, "ratioPc": "noData"}