{"bought": 301.33, "sold": 381.03, "Time_string": "Last update at 18:01 - 25/06/2024", "produce": 3.329, "consumption": 3.59, "ratioPC": -0.21799999999999997, "maxBatteryPerDay": 8.75, "maxAtThisDay": 100, "batteryLevelPercentage": -0.45728679832564123, "buyPrice": 0.149072, "sellPrice": 0.1, "batteryLevel": -45.728679832564126, "maxBatteryForMonth": 100, "Temperature": 34.0, "ratioPc": "noData"}