{"bought": 171.92, "sold": 203.96, "Time_string": "Last update at 17:35 - 15/11/2024", "produce": 0.14, "consumption": 0.167, "ratioPC": 0.19399999999999998, "maxBatteryPerDay": 8.75, "maxAtThisDay": 100, "batteryLevelPercentage": -0.3510020822153052, "buyPrice": 0.149072, "sellPrice": 0.1, "batteryLevel": -35.10020822153052, "maxBatteryForMonth": 100, "Temperature": 19.4, "ratioPc": "noData"}