{"bought": 2.14, "sold": 16.62, "Time_string": "Last update at 19:05 - 01/09/2023", "produce": 1.903, "consumption": 1.595, "ratioPC": 0.30800000000000005, "maxBatteryPerDay": 8.75, "maxAtThisDay": 8.75, "batteryLevelPercentage": 1.0295971419371657, "buyPrice": 0.149072, "sellPrice": 0.1, "batteryLevel": 9.008974991950199, "maxBatteryForMonth": 10, "Temperature": 29.8, "ratioPc": "noData"}