{"bought": 630.58, "sold": 93.53, "Time_string": "Last update at 10:45 - 28/08/2024", "produce": 1.86, "consumption": 1.341, "ratioPC": 0.30000000000000004, "maxBatteryPerDay": 8.75, "maxAtThisDay": 100, "batteryLevelPercentage": -5.678385059568532, "buyPrice": 0.149072, "sellPrice": 0.1, "batteryLevel": -567.8385059568532, "maxBatteryForMonth": 100, "Temperature": 27.5, "ratioPc": "noData"}