{"bought": 153.58, "sold": 289.21, "Time_string": "Last update at 23:28 - 17/06/2024", "produce": 0.0, "consumption": 0.167, "ratioPC": -0.166, "maxBatteryPerDay": 8.75, "maxAtThisDay": 100, "batteryLevelPercentage": 0.40426922829236844, "buyPrice": 0.149072, "sellPrice": 0.1, "batteryLevel": 40.426922829236844, "maxBatteryForMonth": 100, "Temperature": 21.5, "ratioPc": "noData"}