{"bought": 105.39, "sold": 514.21, "Time_string": "Last update at 09:06 - 27/09/2023", "produce": 0.169, "consumption": 0.13, "ratioPC": 0.03900000000000001, "maxBatteryPerDay": 8.75, "maxAtThisDay": 10, "batteryLevelPercentage": 23.955069979607174, "buyPrice": 0.149072, "sellPrice": 0.1, "batteryLevel": 239.55069979607174, "maxBatteryForMonth": 10, "Temperature": 19.2, "ratioPc": "noData"}