{"bought": 9.91, "sold": 16.04, "Time_string": "Last update at 14:00 - 02/08/2023", "produce": 4.614, "consumption": 4.389, "ratioPC": 0.22499999999999964, "maxBatteryPerDay": 8.75, "maxAtThisDay": 10, "batteryLevelPercentage": 0.08499012557690247, "buyPrice": 0.149072, "sellPrice": 0.1, "batteryLevel": 0.8499012557690246, "maxBatteryForMonth": 10, "Temperature": 35.0, "ratioPc": "noData"}