{"bought": 137.24, "sold": 146.29, "Time_string": "Last update at 04:22 - 13/10/2024", "produce": 0.0, "consumption": 0.092, "ratioPC": -0.038, "maxBatteryPerDay": 8.75, "maxAtThisDay": 100, "batteryLevelPercentage": -0.39106212300096616, "buyPrice": 0.149072, "sellPrice": 0.1, "batteryLevel": -39.106212300096615, "maxBatteryForMonth": 100, "Temperature": 18.0, "ratioPc": "noData"}