{"bought": 230.38, "sold": 291.04, "Time_string": "Last update at 10:04 - 23/10/2024", "produce": 0.748, "consumption": 0.149, "ratioPC": -1.802, "maxBatteryPerDay": 8.75, "maxAtThisDay": 100, "batteryLevelPercentage": -0.3514548245143285, "buyPrice": 0.149072, "sellPrice": 0.1, "batteryLevel": -35.145482451432855, "maxBatteryForMonth": 100, "Temperature": 19.1, "ratioPc": "noData"}