{"bought": 206.48, "sold": 193.08, "Time_string": "Last update at 15:54 - 20/08/2023", "produce": 4.381, "consumption": 1.93, "ratioPC": 2.4510000000000005, "maxBatteryPerDay": 8.75, "maxAtThisDay": 10, "batteryLevelPercentage": -7.695869485886012, "buyPrice": 0.149072, "sellPrice": 0.1, "batteryLevel": -76.95869485886013, "maxBatteryForMonth": 10, "Temperature": 40.9, "ratioPc": "noData"}