{"bought": 279.71, "sold": 208.81, "Time_string": "Last update at 08:18 - 24/08/2023", "produce": 0.072, "consumption": 0.161, "ratioPC": -0.08900000000000001, "maxBatteryPerDay": 8.75, "maxAtThisDay": 10, "batteryLevelPercentage": -13.963674680691208, "buyPrice": 0.149072, "sellPrice": 0.1, "batteryLevel": -139.63674680691207, "maxBatteryForMonth": 10, "Temperature": 23.9, "ratioPc": "noData"}