{"bought": 151.12, "sold": 143.42, "Time_string": "Last update at 16:17 - 21/12/2023", "produce": 2.123, "consumption": 4.517, "ratioPC": -2.3160000000000003, "maxBatteryPerDay": 8.75, "maxAtThisDay": 100, "batteryLevelPercentage": -0.5491145647740692, "buyPrice": 0.149072, "sellPrice": 0.1, "batteryLevel": -54.911456477406915, "maxBatteryForMonth": 100, "Temperature": 15.4, "ratioPc": "noData"}