{"bought": 20.18, "sold": 27.63, "Time_string": "Last update at 11:11 - 03/07/2023", "produce": 2.547, "consumption": 0.33, "buyPrice": 0.149072, "sellPrice": 0.1, "batteryLevel": -1.6453321884726861, "maxBatteryPerDay": 8.75, "batteryLevelPercentage": -0.16453321884726863, "maxAtThisDay": 10, "ratioPC": 2.217, "maxBatteryForMonth": 10, "ratioPc": "noData"}