{"bought": 263.54, "sold": 435.33, "Time_string": "Last update at 18:43 - 29/11/2023", "produce": 0.0, "consumption": 0.109, "ratioPC": -0.109, "maxBatteryPerDay": 8.75, "maxAtThisDay": 100, "batteryLevelPercentage": 0.2848667167543198, "buyPrice": 0.149072, "sellPrice": 0.1, "batteryLevel": 28.486671675431978, "maxBatteryForMonth": 100, "Temperature": 17.6, "ratioPc": "noData"}