{"bought": 184.51, "sold": 351.76, "Time_string": "Last update at 08:27 - 17/05/2024", "produce": 0.379, "consumption": 0.129, "ratioPC": 0.12699999999999997, "maxBatteryPerDay": 8.75, "maxAtThisDay": 100, "batteryLevelPercentage": 0.5145651282601696, "buyPrice": 0.149072, "sellPrice": 0.1, "batteryLevel": 51.45651282601696, "maxBatteryForMonth": 100, "Temperature": 13.9, "ratioPc": "noData"}