{"bought": 637.2, "sold": 97.33, "Time_string": "Last update at 19:34 - 28/08/2024", "produce": 0.592, "consumption": 2.788, "ratioPC": -1.7249999999999999, "maxBatteryPerDay": 8.75, "maxAtThisDay": 100, "batteryLevelPercentage": -5.719094021680799, "buyPrice": 0.149072, "sellPrice": 0.1, "batteryLevel": -571.9094021680799, "maxBatteryForMonth": 100, "Temperature": 30.0, "ratioPc": "noData"}