{"bought": 75.66, "sold": 28.89, "Time_string": "Last update at 15:40 - 07/01/2024", "produce": 3.872, "consumption": 3.288, "ratioPC": 1.9020000000000001, "maxBatteryPerDay": 8.75, "maxAtThisDay": 61.25, "batteryLevelPercentage": -0.9188588251013616, "buyPrice": 0.149072, "sellPrice": 0.1, "batteryLevel": -56.2801030374584, "maxBatteryForMonth": 100, "Temperature": 13.7, "ratioPc": "noData"}