{"bought": 185.15, "sold": 370.91, "Time_string": "Last update at 19:43 - 25/06/2023", "produce": 1.14, "consumption": 3.57, "ratioPc": "noData", "buyPrice": 0.149072, "sellPrice": 0.1, "batteryLevel": 63.662654287860875, "maxBatteryPerDay": 8.75, "batteryLevelPercentage": 0.29102927674450685, "maxAtThisDay": 218.75, "ratioPC": -2.4299999999999997}