{"bought": 44.37, "sold": 168.25, "Time_string": "Last update at 19:41 - 10/09/2023", "produce": 0.265, "consumption": 1.027, "ratioPC": -0.7619999999999999, "maxBatteryPerDay": 8.75, "maxAtThisDay": 10, "batteryLevelPercentage": 6.849492433186645, "buyPrice": 0.149072, "sellPrice": 0.1, "batteryLevel": 68.49492433186646, "maxBatteryForMonth": 10, "Temperature": 26.3, "ratioPc": "noData"}