{"bought": 303.89, "sold": 215.14, "Time_string": "Last update at 15:20 - 25/08/2023", "produce": 4.069, "consumption": 3.654, "ratioPC": 0.41500000000000004, "maxBatteryPerDay": 8.75, "maxAtThisDay": 10, "batteryLevelPercentage": -15.957047654824516, "buyPrice": 0.149072, "sellPrice": 0.1, "batteryLevel": -159.57047654824515, "maxBatteryForMonth": 10, "Temperature": 41.3, "ratioPc": "noData"}