{"bought": 199.99, "sold": 31.7, "Time_string": "Last update at 12:57 - 10/08/2024", "produce": 4.076, "consumption": 4.996, "ratioPC": -0.9500000000000002, "maxBatteryPerDay": 8.75, "maxAtThisDay": 87.5, "batteryLevelPercentage": -2.0425726613410204, "buyPrice": 0.149072, "sellPrice": 0.1, "batteryLevel": -178.7251078673393, "maxBatteryForMonth": 100, "Temperature": 33.9, "ratioPc": "noData"}