{"bought": 33.56, "sold": 38.09, "Time_string": "Last update at 08:41 - 04/07/2023", "produce": 0.473, "consumption": 0.274, "buyPrice": 0.149072, "sellPrice": 0.1, "batteryLevel": -8.008588601481165, "maxBatteryPerDay": 8.75, "batteryLevelPercentage": -0.8008588601481165, "maxAtThisDay": 10, "ratioPC": 0.19899999999999995, "maxBatteryForMonth": 10, "ratioPc": "noData"}