{"bought": 107.62, "sold": 252.46, "Time_string": "Last update at 07:48 - 13/05/2024", "produce": 0.068, "consumption": 0.14, "ratioPC": -0.08800000000000002, "maxBatteryPerDay": 8.75, "maxAtThisDay": 100, "batteryLevelPercentage": 0.6173440592465386, "buyPrice": 0.149072, "sellPrice": 0.1, "batteryLevel": 61.734405924653856, "maxBatteryForMonth": 100, "Temperature": 15.0, "ratioPc": "noData"}