{"bought": 144.56, "sold": 139.88, "Time_string": "Last update at 10:05 - 21/12/2023", "produce": 1.317, "consumption": 0.516, "ratioPC": 0.14900000000000002, "maxBatteryPerDay": 8.75, "maxAtThisDay": 100, "batteryLevelPercentage": -0.5072614790168511, "buyPrice": 0.149072, "sellPrice": 0.1, "batteryLevel": -50.72614790168511, "maxBatteryForMonth": 100, "Temperature": 7.2, "ratioPc": "noData"}