{"bought": 104.62, "sold": 279.75, "Time_string": "Last update at 11:24 - 19/10/2023", "produce": 0.186, "consumption": 1.01, "ratioPC": -0.8240000000000001, "maxBatteryPerDay": 8.75, "maxAtThisDay": 10, "batteryLevelPercentage": 8.304099602876462, "buyPrice": 0.149072, "sellPrice": 0.1, "batteryLevel": 83.04099602876462, "maxBatteryForMonth": 10, "Temperature": 21.4, "ratioPc": "noData"}