{"bought": 123.19, "sold": 301.79, "Time_string": "Last update at 10:16 - 20/06/2023", "produce": 1.313, "consumption": 0.808, "ratioPc": "noData", "buyPrice": 0.149072, "sellPrice": 0.1, "batteryLevel": 79.25579800364923, "maxBatteryPerDay": 8.75, "batteryLevelPercentage": 0.45289027430656703, "maxAtThisDay": 175.0, "ratioPC": 0.5049999999999999}