{"bought": 280.52, "sold": 368.45, "Time_string": "Last update at 08:07 - 24/06/2024", "produce": 0.143, "consumption": 0.219, "ratioPC": -0.092, "maxBatteryPerDay": 8.75, "maxAtThisDay": 100, "batteryLevelPercentage": -0.33357555006976497, "buyPrice": 0.149072, "sellPrice": 0.1, "batteryLevel": -33.3575550069765, "maxBatteryForMonth": 100, "Temperature": 20.3, "ratioPc": "noData"}