{"bought": 75.66, "sold": 25.35, "Time_string": "Last update at 13:56 - 07/01/2024", "produce": 4.694, "consumption": 2.514, "ratioPC": 2.3349999999999995, "maxBatteryPerDay": 8.75, "maxAtThisDay": 61.25, "batteryLevelPercentage": -0.9576292973344752, "buyPrice": 0.149072, "sellPrice": 0.1, "batteryLevel": -58.65479446173661, "maxBatteryForMonth": 100, "Temperature": 12.9, "ratioPc": "noData"}