{"bought": 267.83, "sold": 208.59, "Time_string": "Last update at 15:44 - 31/12/2023", "produce": 2.026, "consumption": 5.822, "ratioPC": -3.9800000000000004, "maxBatteryPerDay": 8.75, "maxAtThisDay": 100, "batteryLevelPercentage": -1.279043264999463, "buyPrice": 0.149072, "sellPrice": 0.1, "batteryLevel": -127.90432649994631, "maxBatteryForMonth": 100, "Temperature": 15.7, "ratioPc": "noData"}