{"bought": 198.91, "sold": 249.72, "Time_string": "Last update at 11:34 - 17/09/2024", "produce": 3.049, "consumption": 0.328, "ratioPC": 0.917, "maxBatteryPerDay": 8.75, "maxAtThisDay": 100, "batteryLevelPercentage": -0.3139363207040893, "buyPrice": 0.149072, "sellPrice": 0.1, "batteryLevel": -31.393632070408927, "maxBatteryForMonth": 100, "Temperature": 25.6, "ratioPc": "noData"}