{"bought": 258.92, "sold": 290.02, "Time_string": "Last update at 18:36 - 24/07/2023", "produce": 2.934, "consumption": 4.182, "buyPrice": 0.149072, "sellPrice": 0.1, "batteryLevel": -64.36971557368256, "maxBatteryPerDay": 8.75, "batteryLevelPercentage": -6.436971557368255, "maxAtThisDay": 10, "ratioPC": -1.2480000000000002, "maxBatteryForMonth": 10, "ratioPc": "noData"}