{"bought": 348.65, "sold": 57.5, "Time_string": "Last update at 20:55 - 17/08/2024", "produce": 0.13, "consumption": 0.24, "ratioPC": -0.07299999999999998, "maxBatteryPerDay": 8.75, "maxAtThisDay": 100, "batteryLevelPercentage": -3.100780347751422, "buyPrice": 0.149072, "sellPrice": 0.1, "batteryLevel": -310.0780347751422, "maxBatteryForMonth": 100, "Temperature": 36.2, "ratioPc": "noData"}