{"bought": 6.32, "sold": 44.17, "Time_string": "Last update at 18:17 - 02/10/2024", "produce": 2.268, "consumption": 7.84, "ratioPC": -5.332000000000001, "maxBatteryPerDay": 8.75, "maxAtThisDay": 17.5, "batteryLevelPercentage": 1.33199871203177, "buyPrice": 0.149072, "sellPrice": 0.1, "batteryLevel": 23.309977460555974, "maxBatteryForMonth": 100, "Temperature": 29.7, "ratioPc": "noData"}