{"bought": 115.0, "sold": 121.54, "Time_string": "Last update at 17:14 - 17/12/2023", "produce": 1.077, "consumption": 0.378, "ratioPC": 0.722, "maxBatteryPerDay": 8.75, "maxAtThisDay": 100, "batteryLevelPercentage": -0.33468927766448414, "buyPrice": 0.149072, "sellPrice": 0.1, "batteryLevel": -33.46892776644842, "maxBatteryForMonth": 100, "Temperature": 14.5, "ratioPc": "noData"}