{"bought": 10.35, "sold": 24.65, "Time_string": "Last update at 08:29 - 02/10/2023", "produce": 0.025, "consumption": 0.129, "ratioPC": -0.10400000000000001, "maxBatteryPerDay": 8.75, "maxAtThisDay": 10, "batteryLevelPercentage": 0.6185633787699901, "buyPrice": 0.149072, "sellPrice": 0.1, "batteryLevel": 6.185633787699901, "maxBatteryForMonth": 10, "Temperature": 20.4, "ratioPc": "noData"}