{"bought": 315.01, "sold": 48.67, "Time_string": "Last update at 16:17 - 15/08/2024", "produce": 4.536, "consumption": 4.323, "ratioPC": -0.10799999999999965, "maxBatteryPerDay": 8.75, "maxAtThisDay": 100, "batteryLevelPercentage": -2.8236134700010735, "buyPrice": 0.149072, "sellPrice": 0.1, "batteryLevel": -282.36134700010734, "maxBatteryForMonth": 100, "Temperature": 36.3, "ratioPc": "noData"}