{"bought": 303.92, "sold": 215.62, "Time_string": "Last update at 16:24 - 25/08/2023", "produce": 3.5966, "consumption": 3.764, "ratioPC": -0.16739999999999977, "maxBatteryPerDay": 8.75, "maxAtThisDay": 10, "batteryLevelPercentage": -15.927848449071593, "buyPrice": 0.149072, "sellPrice": 0.1, "batteryLevel": -159.27848449071593, "maxBatteryForMonth": 10, "Temperature": 42.4, "ratioPc": "noData"}