{"bought": 64.87, "sold": 109.38, "Time_string": "Last update at 11:23 - 08/07/2023", "produce": 2.804, "consumption": 1.144, "buyPrice": 0.149072, "sellPrice": 0.1, "batteryLevel": 8.503940109477298, "maxBatteryPerDay": 8.75, "batteryLevelPercentage": 0.8503940109477298, "maxAtThisDay": 10, "ratioPC": 1.66, "maxBatteryForMonth": 10, "ratioPc": "noData"}