{"bought": 137.73, "sold": 335.12, "Time_string": "Last update at 22:33 - 21/06/2023", "produce": 0.0, "consumption": 0.428, "ratioPc": "noData", "buyPrice": 0.149072, "sellPrice": 0.1, "batteryLevel": 87.07412149833638, "maxBatteryPerDay": 8.75, "batteryLevelPercentage": 0.4738727700589735, "maxAtThisDay": 183.75, "ratioPC": -0.428}