{"bought": 121.18, "sold": 146.29, "Time_string": "Last update at 14:58 - 11/11/2024", "produce": 4.25, "consumption": 2.599, "ratioPC": 4.091, "maxBatteryPerDay": 8.75, "maxAtThisDay": 96.25, "batteryLevelPercentage": -0.23944116675425053, "buyPrice": 0.149072, "sellPrice": 0.1, "batteryLevel": -23.046212300096613, "maxBatteryForMonth": 100, "Temperature": 22.0, "ratioPc": "noData"}