{"bought": 108.22, "sold": 215.75, "Time_string": "Last update at 18:15 - 13/09/2024", "produce": 2.65, "consumption": 6.761, "ratioPC": -4.061999999999999, "maxBatteryPerDay": 8.75, "maxAtThisDay": 100, "batteryLevelPercentage": 0.3650872169153163, "buyPrice": 0.149072, "sellPrice": 0.1, "batteryLevel": 36.50872169153163, "maxBatteryForMonth": 100, "Temperature": 32.5, "ratioPc": "noData"}