{"bought": 120.97, "sold": 300.77, "Time_string": "Last update at 20:40 - 19/06/2023", "produce": 0.408, "consumption": 0.334, "ratioPc": "noData", "buyPrice": 0.149072, "sellPrice": 0.1, "batteryLevel": 80.79156488139958, "maxBatteryPerDay": 8.75, "batteryLevelPercentage": 0.4859643000384937, "maxAtThisDay": 166.25, "ratioPC": 0.07399999999999995}