{"bought": 122.39, "sold": 124.31, "Time_string": "Last update at 14:43 - 18/12/2023", "produce": 4.34, "consumption": 4.783, "ratioPC": -0.40499999999999936, "maxBatteryPerDay": 8.75, "maxAtThisDay": 100, "batteryLevelPercentage": -0.3900076526779006, "buyPrice": 0.149072, "sellPrice": 0.1, "batteryLevel": -39.00076526779006, "maxBatteryForMonth": 100, "Temperature": 14.7, "ratioPc": "noData"}