{"bought": 257.12, "sold": 327.49, "Time_string": "Last update at 20:13 - 23/09/2024", "produce": 0.099, "consumption": 0.099, "ratioPC": -0.9890000000000001, "maxBatteryPerDay": 8.75, "maxAtThisDay": 100, "batteryLevelPercentage": -0.3743421058280563, "buyPrice": 0.149072, "sellPrice": 0.1, "batteryLevel": -37.43421058280563, "maxBatteryForMonth": 100, "Temperature": 23.5, "ratioPc": "noData"}