{"bought": 173.51, "sold": 299.37, "Time_string": "Last update at 07:14 - 19/06/2024", "produce": 0.014, "consumption": 0.235, "ratioPC": -0.175, "maxBatteryPerDay": 8.75, "maxAtThisDay": 100, "batteryLevelPercentage": 0.2731242138027261, "buyPrice": 0.149072, "sellPrice": 0.1, "batteryLevel": 27.31242138027261, "maxBatteryForMonth": 100, "Temperature": 14.0, "ratioPc": "noData"}