{"bought": 169.52, "sold": 187.17, "Time_string": "Last update at 14:48 - 17/07/2023", "produce": 4.479, "consumption": 3.658, "buyPrice": 0.149072, "sellPrice": 0.1, "batteryLevel": -43.96322206718904, "maxBatteryPerDay": 8.75, "batteryLevelPercentage": -4.396322206718904, "maxAtThisDay": 10, "ratioPC": 0.8210000000000002, "maxBatteryForMonth": 10, "ratioPc": "noData"}