{"bought": 132.75, "sold": 334.91, "Time_string": "Last update at 18:26 - 21/06/2023", "produce": 3.021, "consumption": 1.015, "ratioPc": "noData", "buyPrice": 0.149072, "sellPrice": 0.1, "batteryLevel": 91.91324997316735, "maxBatteryPerDay": 8.75, "batteryLevelPercentage": 0.5002081631192781, "maxAtThisDay": 183.75, "ratioPC": 2.0060000000000002}