{"bought": 57.31, "sold": 239.98, "Time_string": "Last update at 10:36 - 14/09/2023", "produce": 1.699, "consumption": 0.838, "ratioPC": 0.8610000000000001, "maxBatteryPerDay": 8.75, "maxAtThisDay": 10, "batteryLevelPercentage": 10.367261242889342, "buyPrice": 0.149072, "sellPrice": 0.1, "batteryLevel": 103.67261242889342, "maxBatteryForMonth": 10, "Temperature": 26.8, "ratioPc": "noData"}