{"bought": 71.23, "sold": 80.97, "Time_string": "Last update at 17:57 - 05/10/2024", "produce": 2.758, "consumption": 5.004, "ratioPC": -2.2960000000000003, "maxBatteryPerDay": 8.75, "maxAtThisDay": 43.75, "batteryLevelPercentage": -0.38660490961222976, "buyPrice": 0.149072, "sellPrice": 0.1, "batteryLevel": -16.91396479553505, "maxBatteryForMonth": 100, "Temperature": 33.0, "ratioPc": "noData"}