{"bought": 285.73, "sold": 376.31, "Time_string": "Last update at 18:39 - 24/06/2024", "produce": 2.643, "consumption": 0.404, "ratioPC": 2.4240000000000004, "maxBatteryPerDay": 8.75, "maxAtThisDay": 100, "batteryLevelPercentage": -0.3329493506493509, "buyPrice": 0.149072, "sellPrice": 0.1, "batteryLevel": -33.29493506493509, "maxBatteryForMonth": 100, "Temperature": 36.4, "ratioPc": "noData"}