{"bought": 55.77, "sold": 140.17, "Time_string": "Last update at 11:25 - 10/10/2023", "produce": 2.793, "consumption": 0.916, "ratioPC": 1.8770000000000002, "maxBatteryPerDay": 8.75, "maxAtThisDay": 10, "batteryLevelPercentage": 3.8258388966405485, "buyPrice": 0.149072, "sellPrice": 0.1, "batteryLevel": 38.258388966405484, "maxBatteryForMonth": 10, "Temperature": 23.2, "ratioPc": "noData"}