{"bought": 295.53, "sold": 693.43, "Time_string": "Last update at 09:41 - 31/05/2024", "produce": 0.585, "consumption": 0.166, "ratioPC": 0.364, "maxBatteryPerDay": 8.75, "maxAtThisDay": 100, "batteryLevelPercentage": 1.6963448427605454, "buyPrice": 0.149072, "sellPrice": 0.1, "batteryLevel": 169.63448427605454, "maxBatteryForMonth": 100, "Temperature": 24.7, "ratioPc": "noData"}