{"bought": 31.73, "sold": 111.56, "Time_string": "Last update at 19:56 - 07/09/2023", "produce": 0.243, "consumption": 0.337, "ratioPC": -0.09400000000000003, "maxBatteryPerDay": 8.75, "maxAtThisDay": 10, "batteryLevelPercentage": 4.31063207040893, "buyPrice": 0.149072, "sellPrice": 0.1, "batteryLevel": 43.1063207040893, "maxBatteryForMonth": 10, "Temperature": 27.1, "ratioPc": "noData"}