{"bought": 236.64, "sold": 309.12, "Time_string": "Last update at 12:47 - 22/09/2024", "produce": 4.136, "consumption": 6.802, "ratioPC": -1.4369999999999998, "maxBatteryPerDay": 8.75, "maxAtThisDay": 100, "batteryLevelPercentage": -0.2927711495116452, "buyPrice": 0.149072, "sellPrice": 0.1, "batteryLevel": -29.27711495116452, "maxBatteryForMonth": 100, "Temperature": 24.6, "ratioPc": "noData"}