{"bought": 81.89, "sold": 131.3, "Time_string": "Last update at 11:40 - 10/11/2024", "produce": 3.881, "consumption": 0.241, "ratioPC": 3.496, "maxBatteryPerDay": 8.75, "maxAtThisDay": 87.5, "batteryLevelPercentage": 0.07072278937119564, "buyPrice": 0.149072, "sellPrice": 0.1, "batteryLevel": 6.188244069979618, "maxBatteryForMonth": 100, "Temperature": 19.3, "ratioPc": "noData"}