{"bought": 32.89, "sold": 14.81, "Time_string": "Last update at 10:01 - 03/06/2024", "produce": 0.965, "consumption": 0.227, "ratioPC": 0.483, "maxBatteryPerDay": 8.75, "maxAtThisDay": 26.25, "batteryLevelPercentage": -0.8744839387295115, "buyPrice": 0.149072, "sellPrice": 0.1, "batteryLevel": -22.955203391649675, "maxBatteryForMonth": 100, "Temperature": 24.0, "ratioPc": "noData"}