{"bought": 126.13, "sold": 157.04, "Time_string": "Last update at 11:51 - 12/11/2024", "produce": 3.942, "consumption": 0.228, "ratioPC": 3.6310000000000002, "maxBatteryPerDay": 8.75, "maxAtThisDay": 100, "batteryLevelPercentage": -0.20784931845014484, "buyPrice": 0.149072, "sellPrice": 0.1, "batteryLevel": -20.784931845014484, "maxBatteryForMonth": 100, "Temperature": 18.7, "ratioPc": "noData"}