{"bought": 203.06, "sold": 320.14, "Time_string": "Last update at 00:15 - 20/06/2024", "produce": 0.0, "consumption": 4.558, "ratioPC": -5.697, "maxBatteryPerDay": 8.75, "maxAtThisDay": 100, "batteryLevelPercentage": 0.11695286036277765, "buyPrice": 0.149072, "sellPrice": 0.1, "batteryLevel": 11.695286036277764, "maxBatteryForMonth": 100, "Temperature": 16.7, "ratioPc": "noData"}