{"bought": 57.6, "sold": 97.32, "Time_string": "Last update at 14:41 - 07/07/2023", "produce": 4.868, "consumption": 0.939, "buyPrice": 0.149072, "sellPrice": 0.1, "batteryLevel": 7.683889664054938, "maxBatteryPerDay": 8.75, "batteryLevelPercentage": 0.7683889664054938, "maxAtThisDay": 10, "ratioPC": 3.9290000000000003, "maxBatteryForMonth": 10, "ratioPc": "noData"}