{"bought": 133.9, "sold": 146.29, "Time_string": "Last update at 19:28 - 12/10/2024", "produce": 0.009, "consumption": 0.261, "ratioPC": -0.22399999999999998, "maxBatteryPerDay": 8.75, "maxAtThisDay": 100, "batteryLevelPercentage": -0.3576621230009661, "buyPrice": 0.149072, "sellPrice": 0.1, "batteryLevel": -35.76621230009661, "maxBatteryForMonth": 100, "Temperature": 19.0, "ratioPc": "noData"}