{"bought": 146.03, "sold": 236.82, "Time_string": "Last update at 17:20 - 15/09/2024", "produce": 2.864, "consumption": 1.762, "ratioPC": 1.006, "maxBatteryPerDay": 8.75, "maxAtThisDay": 100, "batteryLevelPercentage": 0.12832831383492532, "buyPrice": 0.149072, "sellPrice": 0.1, "batteryLevel": 12.832831383492532, "maxBatteryForMonth": 100, "Temperature": 33.7, "ratioPc": "noData"}