{"bought": 14.54, "sold": 14.71, "Time_string": "Last update at 17:11 - 02/09/2024", "produce": 3.956, "consumption": 2.499, "ratioPC": 1.5050000000000003, "maxBatteryPerDay": 8.75, "maxAtThisDay": 17.5, "batteryLevelPercentage": -0.26698771830294843, "buyPrice": 0.149072, "sellPrice": 0.1, "batteryLevel": -4.672285070301598, "maxBatteryForMonth": 100, "Temperature": 33.6, "ratioPc": "noData"}