{"bought": 154.54, "sold": 295.28, "Time_string": "Last update at 16:12 - 18/06/2024", "produce": 2.935, "consumption": 1.002, "ratioPC": 1.9419999999999997, "maxBatteryPerDay": 8.75, "maxAtThisDay": 100, "batteryLevelPercentage": 0.4353878072340882, "buyPrice": 0.149072, "sellPrice": 0.1, "batteryLevel": 43.53878072340882, "maxBatteryForMonth": 100, "Temperature": 22.2, "ratioPc": "noData"}