{"bought": 213.14, "sold": 222.92, "Time_string": "Last update at 09:45 - 20/10/2024", "produce": 0.485, "consumption": 0.162, "ratioPC": 0.18899999999999997, "maxBatteryPerDay": 8.75, "maxAtThisDay": 100, "batteryLevelPercentage": -0.6360152194912524, "buyPrice": 0.149072, "sellPrice": 0.1, "batteryLevel": -63.60152194912524, "maxBatteryForMonth": 100, "Temperature": 16.8, "ratioPc": "noData"}