{"bought": 140.42, "sold": 361.59, "Time_string": "Last update at 15:16 - 25/10/2023", "produce": 0.809, "consumption": 0.321, "ratioPC": 0.48800000000000004, "maxBatteryPerDay": 8.75, "maxAtThisDay": 10, "batteryLevelPercentage": 10.214064183750134, "buyPrice": 0.149072, "sellPrice": 0.1, "batteryLevel": 102.14064183750133, "maxBatteryForMonth": 10, "Temperature": 23.0, "ratioPc": "noData"}