{"bought": 182.15, "sold": 369.41, "Time_string": "Last update at 15:18 - 25/06/2023", "produce": 4.515, "consumption": 3.36, "ratioPc": "noData", "buyPrice": 0.149072, "sellPrice": 0.1, "batteryLevel": 65.656429108082, "maxBatteryPerDay": 8.75, "batteryLevelPercentage": 0.30014367592266056, "maxAtThisDay": 218.75, "ratioPC": 1.1549999999999998}