{"bought": 63.08, "sold": 44.19, "Time_string": "Last update at 16:06 - 05/06/2024", "produce": 4.581, "consumption": 2.234, "ratioPC": 2.0740000000000003, "maxBatteryPerDay": 8.75, "maxAtThisDay": 43.75, "batteryLevelPercentage": -0.7642652846563118, "buyPrice": 0.149072, "sellPrice": 0.1, "batteryLevel": -33.436606203713644, "maxBatteryForMonth": 100, "Temperature": 34.1, "ratioPc": "noData"}