{"bought": 109.98, "sold": 78.29, "Time_string": "Last update at 16:02 - 10/08/2023", "produce": 4.207, "consumption": 3.857, "ratioPC": 0.34999999999999964, "maxBatteryPerDay": 8.75, "maxAtThisDay": 10, "batteryLevelPercentage": -5.746175378340668, "buyPrice": 0.149072, "sellPrice": 0.1, "batteryLevel": -57.46175378340668, "maxBatteryForMonth": 10, "Temperature": 42.0, "ratioPc": "noData"}