{"bought": 395.76, "sold": 371.53, "Time_string": "Last update at 14:31 - 31/10/2024", "produce": 0.583, "consumption": 0.22, "ratioPC": 0.006000000000000005, "maxBatteryPerDay": 8.75, "maxAtThisDay": 100, "batteryLevelPercentage": -1.465314393044972, "buyPrice": 0.149072, "sellPrice": 0.1, "batteryLevel": -146.53143930449718, "maxBatteryForMonth": 100, "Temperature": 17.5, "ratioPc": "noData"}