{"bought": 249.57, "sold": 398.89, "Time_string": "Last update at 10:41 - 30/06/2023", "produce": 1.931, "consumption": 1.211, "buyPrice": 0.149072, "sellPrice": 0.1, "batteryLevel": 18.01210797466996, "maxBatteryPerDay": 8.75, "batteryLevelPercentage": 0.18012107974669958, "maxAtThisDay": 100, "ratioPC": 0.72, "maxBatteryForMonth": 100, "ratioPc": "noData"}