{"bought": 112.62, "sold": 196.7, "Time_string": "Last update at 15:47 - 13/06/2024", "produce": 4.792, "consumption": 1.116, "ratioPC": 3.696, "maxBatteryPerDay": 8.75, "maxAtThisDay": 100, "batteryLevelPercentage": 0.19329661908339602, "buyPrice": 0.149072, "sellPrice": 0.1, "batteryLevel": 19.329661908339602, "maxBatteryForMonth": 100, "Temperature": 30.8, "ratioPc": "noData"}