{"bought": 242.11, "sold": 345.21, "Time_string": "Last update at 12:40 - 21/06/2024", "produce": 4.161, "consumption": 6.358, "ratioPC": -2.396, "maxBatteryPerDay": 8.75, "maxAtThisDay": 100, "batteryLevelPercentage": -0.10537337125684246, "buyPrice": 0.149072, "sellPrice": 0.1, "batteryLevel": -10.537337125684246, "maxBatteryForMonth": 100, "Temperature": 25.7, "ratioPc": "noData"}