{"bought": 361.35, "sold": 236.12, "Time_string": "Last update at 08:49 - 28/08/2023", "produce": 0.117, "consumption": 0.184, "ratioPC": -0.06699999999999999, "maxBatteryPerDay": 8.75, "maxAtThisDay": 10, "batteryLevelPercentage": -20.295674036707098, "buyPrice": 0.149072, "sellPrice": 0.1, "batteryLevel": -202.95674036707098, "maxBatteryForMonth": 10, "Temperature": 22.5, "ratioPc": "noData"}