{"bought": 67.05, "sold": 109.67, "Time_string": "Last update at 22:08 - 07/11/2024", "produce": 0.0, "consumption": 0.199, "ratioPC": -0.173, "maxBatteryPerDay": 8.75, "maxAtThisDay": 61.25, "batteryLevelPercentage": 0.10642411391947569, "buyPrice": 0.149072, "sellPrice": 0.1, "batteryLevel": 6.518476977567886, "maxBatteryForMonth": 100, "Temperature": 16.9, "ratioPc": "noData"}