{"bought": 270.58, "sold": 34.28, "Time_string": "Last update at 10:37 - 13/08/2024", "produce": 1.853, "consumption": 0.217, "ratioPC": -0.07200000000000006, "maxBatteryPerDay": 8.75, "maxAtThisDay": 100, "batteryLevelPercentage": -2.4758440055811954, "buyPrice": 0.149072, "sellPrice": 0.1, "batteryLevel": -247.58440055811954, "maxBatteryForMonth": 100, "Temperature": 27.2, "ratioPc": "noData"}