{"bought": 219.62, "sold": 252.06, "Time_string": "Last update at 19:00 - 21/07/2023", "produce": 2.37, "consumption": 5.018, "buyPrice": 0.149072, "sellPrice": 0.1, "batteryLevel": -50.53392078995384, "maxBatteryPerDay": 8.75, "batteryLevelPercentage": -5.053392078995384, "maxAtThisDay": 10, "ratioPC": -2.6479999999999997, "maxBatteryForMonth": 10, "ratioPc": "noData"}