{"bought": 71.95, "sold": 82.17, "Time_string": "Last update at 19:30 - 05/10/2024", "produce": 0.142, "consumption": 0.205, "ratioPC": 0.171, "maxBatteryPerDay": 8.75, "maxAtThisDay": 43.75, "batteryLevelPercentage": -0.38466250632484406, "buyPrice": 0.149072, "sellPrice": 0.1, "batteryLevel": -16.828984651711927, "maxBatteryForMonth": 100, "Temperature": 26.5, "ratioPc": "noData"}