{"bought": 126.13, "sold": 152.34, "Time_string": "Last update at 10:01 - 12/11/2024", "produce": 1.84, "consumption": 0.264, "ratioPC": 1.411, "maxBatteryPerDay": 8.75, "maxAtThisDay": 100, "batteryLevelPercentage": -0.2393777074165503, "buyPrice": 0.149072, "sellPrice": 0.1, "batteryLevel": -23.93777074165503, "maxBatteryForMonth": 100, "Temperature": 15.0, "ratioPc": "noData"}