{"bought": 83.66, "sold": 109.28, "Time_string": "Last update at 09:11 - 08/10/2024", "produce": 0.179, "consumption": 0.142, "ratioPC": 0.016999999999999987, "maxBatteryPerDay": 8.75, "maxAtThisDay": 70.0, "batteryLevelPercentage": -0.14790202241678035, "buyPrice": 0.149072, "sellPrice": 0.1, "batteryLevel": -10.353141569174625, "maxBatteryForMonth": 100, "Temperature": 15.4, "ratioPc": "noData"}