{"bought": 61.89, "sold": 21.68, "Time_string": "Last update at 14:18 - 06/01/2024", "produce": 2.189, "consumption": 2.608, "ratioPC": -0.22299999999999986, "maxBatteryPerDay": 8.75, "maxAtThisDay": 52.5, "batteryLevelPercentage": -0.9018417536811869, "buyPrice": 0.149072, "sellPrice": 0.1, "batteryLevel": -47.346692068262314, "maxBatteryForMonth": 100, "Temperature": 13.3, "ratioPc": "noData"}