{"bought": 1.19, "sold": 1.5, "Time_string": "Last update at 10:52 - 01/07/2023", "produce": 2.129, "consumption": 0.195, "buyPrice": 0.149072, "sellPrice": 0.1, "batteryLevel": -0.18377482022110114, "maxBatteryPerDay": 8.75, "batteryLevelPercentage": -0.021002836596697272, "maxAtThisDay": 8.75, "ratioPC": 1.934, "maxBatteryForMonth": 100, "ratioPc": "noData"}