{"bought": 14.54, "sold": 15.84, "Time_string": "Last update at 18:23 - 02/09/2024", "produce": 2.846, "consumption": 2.537, "ratioPC": 0.6660000000000004, "maxBatteryPerDay": 8.75, "maxAtThisDay": 17.5, "batteryLevelPercentage": -0.22367212008770443, "buyPrice": 0.149072, "sellPrice": 0.1, "batteryLevel": -3.9142621015348276, "maxBatteryForMonth": 100, "Temperature": 31.6, "ratioPc": "noData"}