{"bought": 174.92, "sold": 129.71, "Time_string": "Last update at 14:41 - 16/08/2023", "produce": 0, "consumption": 0, "ratioPC": 3.5229999999999997, "maxBatteryPerDay": 8.75, "maxAtThisDay": 10, "batteryLevelPercentage": -8.7908354620586, "buyPrice": 0.149072, "sellPrice": 0.1, "batteryLevel": -87.90835462058601, "maxBatteryForMonth": 10, "Temperature": 33.7, "ratioPc": "noData"}