{"bought": 30.89, "sold": 106.64, "Time_string": "Last update at 13:29 - 07/09/2023", "produce": 3.901, "consumption": 2.081, "ratioPC": 1.8199999999999998, "maxBatteryPerDay": 8.75, "maxAtThisDay": 10, "batteryLevelPercentage": 4.064590211441451, "buyPrice": 0.149072, "sellPrice": 0.1, "batteryLevel": 40.64590211441451, "maxBatteryForMonth": 10, "Temperature": 27.5, "ratioPc": "noData"}