{"bought": 297.24, "sold": 700.75, "Time_string": "Last update at 18:59 - 31/05/2024", "produce": 2.284, "consumption": 3.046, "ratioPC": -0.762, "maxBatteryPerDay": 8.75, "maxAtThisDay": 100, "batteryLevelPercentage": 1.7283486315337553, "buyPrice": 0.149072, "sellPrice": 0.1, "batteryLevel": 172.83486315337552, "maxBatteryForMonth": 100, "Temperature": 32.0, "ratioPc": "noData"}