{"bought": 63.67, "sold": 223.56, "Time_string": "Last update at 12:47 - 14/06/2023", "produce": 4.132, "consumption": 0.899, "ratioPc": null, "buyPrice": 0.149072, "sellPrice": 0.1, "batteryLevel": 86.29780079424707, "maxBatteryPerDay": 8.75, "batteryLevelPercentage": 0.7044718432183434, "maxAtThisDay": 122.5, "ratioPC": 3.2329999999999997}