{"bought": 584.9, "sold": 92.67, "Time_string": "Last update at 13:40 - 27/08/2024", "produce": 4.492, "consumption": 4.068, "ratioPC": -0.22299999999999986, "maxBatteryPerDay": 8.75, "maxAtThisDay": 100, "batteryLevelPercentage": -5.227354083932596, "buyPrice": 0.149072, "sellPrice": 0.1, "batteryLevel": -522.7354083932596, "maxBatteryForMonth": 100, "Temperature": 33.7, "ratioPc": "noData"}