{"bought": 74.67, "sold": 117.39, "Time_string": "Last update at 11:14 - 09/11/2024", "produce": 1.387, "consumption": 5.298, "ratioPC": 0.863, "maxBatteryPerDay": 8.75, "maxAtThisDay": 78.75, "batteryLevelPercentage": 0.05177374691424272, "buyPrice": 0.149072, "sellPrice": 0.1, "batteryLevel": 4.077182569496614, "maxBatteryForMonth": 100, "Temperature": 19.2, "ratioPc": "noData"}