{"bought": 112.16, "sold": 179.28, "Time_string": "Last update at 04:56 - 13/06/2024", "produce": 0.0, "consumption": 0.159, "ratioPC": -0.157, "maxBatteryPerDay": 8.75, "maxAtThisDay": 100, "batteryLevelPercentage": 0.08104033487173978, "buyPrice": 0.149072, "sellPrice": 0.1, "batteryLevel": 8.104033487173979, "maxBatteryForMonth": 100, "Temperature": 16.1, "ratioPc": "noData"}