{"bought": 224.53, "sold": 308.71, "Time_string": "Last update at 20:18 - 21/09/2024", "produce": 0.034, "consumption": 0.242, "ratioPC": -1.223, "maxBatteryPerDay": 8.75, "maxAtThisDay": 100, "batteryLevelPercentage": -0.17442149833637471, "buyPrice": 0.149072, "sellPrice": 0.1, "batteryLevel": -17.442149833637473, "maxBatteryForMonth": 100, "Temperature": 21.7, "ratioPc": "noData"}