{"bought": 21.77, "sold": 33.62, "Time_string": "Last update at 18:36 - 03/08/2023", "produce": 2.78, "consumption": 4.102, "ratioPC": -1.3220000000000005, "maxBatteryPerDay": 8.75, "maxAtThisDay": 10, "batteryLevelPercentage": 0.07828603627777184, "buyPrice": 0.149072, "sellPrice": 0.1, "batteryLevel": 0.7828603627777184, "maxBatteryForMonth": 10, "Temperature": 36.4, "ratioPc": "noData"}