{"bought": 336.74, "sold": 366.41, "Time_string": "Last update at 11:08 - 30/10/2024", "produce": 0.296, "consumption": 0.261, "ratioPC": 0.29100000000000004, "maxBatteryPerDay": 8.75, "maxAtThisDay": 100, "batteryLevelPercentage": -0.909460212514758, "buyPrice": 0.149072, "sellPrice": 0.1, "batteryLevel": -90.9460212514758, "maxBatteryForMonth": 100, "Temperature": 13.0, "ratioPc": "noData"}