{"bought": 123.18, "sold": 301.31, "Time_string": "Last update at 09:38 - 20/06/2023", "produce": 0.609, "consumption": 0.126, "ratioPc": "noData", "buyPrice": 0.149072, "sellPrice": 0.1, "batteryLevel": 78.94380594611997, "maxBatteryPerDay": 8.75, "batteryLevelPercentage": 0.45110746254925693, "maxAtThisDay": 175.0, "ratioPC": 0.483}