{"bought": 207.94, "sold": 558.71, "Time_string": "Last update at 10:04 - 24/05/2024", "produce": 1.155, "consumption": 0.232, "ratioPC": 0.8089999999999999, "maxBatteryPerDay": 8.75, "maxAtThisDay": 100, "batteryLevelPercentage": 1.6685204679617909, "buyPrice": 0.149072, "sellPrice": 0.1, "batteryLevel": 166.85204679617908, "maxBatteryForMonth": 100, "Temperature": 21.2, "ratioPc": "noData"}