{"bought": 104.81, "sold": 109.28, "Time_string": "Last update at 12:48 - 10/06/2024", "produce": 1.304, "consumption": 0.138, "ratioPC": 4.2490000000000006, "maxBatteryPerDay": 8.75, "maxAtThisDay": 87.5, "batteryLevelPercentage": -0.36003590364771004, "buyPrice": 0.149072, "sellPrice": 0.1, "batteryLevel": -31.50314156917463, "maxBatteryForMonth": 100, "Temperature": 24.8, "ratioPc": "noData"}