{"bought": 119.36, "sold": 293.31, "Time_string": "Last update at 14:28 - 19/06/2023", "produce": 4.187, "consumption": 3.185, "ratioPc": "noData", "buyPrice": 0.149072, "sellPrice": 0.1, "batteryLevel": 77.39727165396589, "maxBatteryPerDay": 8.75, "batteryLevelPercentage": 0.4655474986704715, "maxAtThisDay": 166.25, "ratioPC": 1.0020000000000002}