{"bought": 257.37, "sold": 283.67, "Time_string": "Last update at 11:44 - 24/07/2023", "produce": 3.17, "consumption": 4.275, "buyPrice": 0.149072, "sellPrice": 0.1, "batteryLevel": -67.07940216807984, "maxBatteryPerDay": 8.75, "batteryLevelPercentage": -6.707940216807984, "maxAtThisDay": 10, "ratioPC": -1.1050000000000004, "maxBatteryForMonth": 10, "ratioPc": "noData"}