{"bought": 88.57, "sold": 132.92, "Time_string": "Last update at 03:42 - 10/10/2024", "produce": 0.0, "consumption": 0.137, "ratioPC": -0.13, "maxBatteryPerDay": 8.75, "maxAtThisDay": 87.5, "batteryLevelPercentage": 0.006799625875895085, "buyPrice": 0.149072, "sellPrice": 0.1, "batteryLevel": 0.5949672641408199, "maxBatteryForMonth": 100, "Temperature": 15.3, "ratioPc": "noData"}