{"bought": 158.5, "sold": 422.28, "Time_string": "Last update at 15:44 - 29/10/2023", "produce": 4.238, "consumption": 1.51, "ratioPC": 2.7280000000000006, "maxBatteryPerDay": 8.75, "maxAtThisDay": 10, "batteryLevelPercentage": 12.477251261135558, "buyPrice": 0.149072, "sellPrice": 0.1, "batteryLevel": 124.77251261135558, "maxBatteryForMonth": 10, "Temperature": 21.2, "ratioPc": "noData"}