{"bought": 271.13, "sold": 35.32, "Time_string": "Last update at 12:10 - 13/08/2024", "produce": 1.813, "consumption": 2.839, "ratioPC": -1.784, "maxBatteryPerDay": 8.75, "maxAtThisDay": 100, "batteryLevelPercentage": -2.4743675110013954, "buyPrice": 0.149072, "sellPrice": 0.1, "batteryLevel": -247.43675110013953, "maxBatteryForMonth": 100, "Temperature": 29.2, "ratioPc": "noData"}