{"bought": 195.73, "sold": 370.91, "Time_string": "Last update at 05:58 - 26/06/2023", "produce": 0.0, "consumption": 0.119, "ratioPc": "noData", "buyPrice": 0.149072, "sellPrice": 0.1, "batteryLevel": 53.08265428786089, "maxBatteryPerDay": 8.75, "batteryLevelPercentage": 0.23333034851806986, "maxAtThisDay": 227.5, "ratioPC": -0.119}