{"bought": 200.6, "sold": 194.73, "Time_string": "Last update at 08:21 - 19/07/2023", "produce": 0.221, "consumption": 0.225, "buyPrice": 0.149072, "sellPrice": 0.1, "batteryLevel": -69.97184716110337, "maxBatteryPerDay": 8.75, "batteryLevelPercentage": -6.997184716110337, "maxAtThisDay": 10, "ratioPC": -0.0040000000000000036, "maxBatteryForMonth": 10, "ratioPc": "noData"}