{"bought": 109.4, "sold": 152.25, "Time_string": "Last update at 16:50 - 12/07/2023", "produce": 3.804, "consumption": 3.816, "buyPrice": 0.149072, "sellPrice": 0.1, "batteryLevel": -7.268144252441772, "maxBatteryPerDay": 8.75, "batteryLevelPercentage": -0.7268144252441772, "maxAtThisDay": 10, "ratioPC": -0.01200000000000001, "maxBatteryForMonth": 10, "ratioPc": "noData"}