{"bought": 30.89, "sold": 108.81, "Time_string": "Last update at 14:37 - 07/09/2023", "produce": 3.28, "consumption": 3.025, "ratioPC": 0.2549999999999999, "maxBatteryPerDay": 8.75, "maxAtThisDay": 10, "batteryLevelPercentage": 4.210157454116131, "buyPrice": 0.149072, "sellPrice": 0.1, "batteryLevel": 42.10157454116131, "maxBatteryForMonth": 10, "Temperature": 28.6, "ratioPc": "noData"}