{"bought": 174.08, "sold": 402.4, "Time_string": "Last update at 13:44 - 24/11/2023", "produce": 0, "consumption": 0, "ratioPC": 2.8229999999999995, "maxBatteryPerDay": 8.75, "maxAtThisDay": 100, "batteryLevelPercentage": 0.9585667489535254, "buyPrice": 0.149072, "sellPrice": 0.1, "batteryLevel": 95.85667489535254, "maxBatteryForMonth": 100, "Temperature": 17.0, "ratioPc": "noData"}