{"bought": 117.12, "sold": 52.18, "Time_string": "Last update at 14:41 - 11/01/2024", "produce": 4.437, "consumption": 0.492, "ratioPC": 2.118, "maxBatteryPerDay": 8.75, "maxAtThisDay": 96.25, "batteryLevelPercentage": -0.8531613514745425, "buyPrice": 0.149072, "sellPrice": 0.1, "batteryLevel": -82.11678007942471, "maxBatteryForMonth": 100, "Temperature": 13.0, "ratioPc": "noData"}