{"bought": 175.48, "sold": 320.13, "Time_string": "Last update at 18:24 - 19/06/2024", "produce": 3.513, "consumption": 6.441, "ratioPC": -2.91, "maxBatteryPerDay": 8.75, "maxAtThisDay": 100, "batteryLevelPercentage": 0.39268577868412563, "buyPrice": 0.149072, "sellPrice": 0.1, "batteryLevel": 39.268577868412564, "maxBatteryForMonth": 100, "Temperature": 21.2, "ratioPc": "noData"}