{"bought": 233.52, "sold": 258.19, "Time_string": "Last update at 16:42 - 22/07/2023", "produce": 4.018, "consumption": 3.973, "buyPrice": 0.149072, "sellPrice": 0.1, "batteryLevel": -60.32181388859075, "maxBatteryPerDay": 8.75, "batteryLevelPercentage": -6.032181388859075, "maxAtThisDay": 10, "ratioPC": 0.04499999999999993, "maxBatteryForMonth": 10, "ratioPc": "noData"}