{"bought": 107.66, "sold": 253.96, "Time_string": "Last update at 10:46 - 13/05/2024", "produce": 2.296, "consumption": 0.192, "ratioPC": 1.8150000000000002, "maxBatteryPerDay": 8.75, "maxAtThisDay": 100, "batteryLevelPercentage": 0.6270063110443275, "buyPrice": 0.149072, "sellPrice": 0.1, "batteryLevel": 62.700631104432745, "maxBatteryForMonth": 100, "Temperature": 23.3, "ratioPc": "noData"}