{"bought": 47.52, "sold": 192.06, "Time_string": "Last update at 19:02 - 11/09/2023", "produce": 1.731, "consumption": 1.042, "ratioPC": 0.6890000000000001, "maxBatteryPerDay": 8.75, "maxAtThisDay": 10, "batteryLevelPercentage": 8.13170720188902, "buyPrice": 0.149072, "sellPrice": 0.1, "batteryLevel": 81.3170720188902, "maxBatteryForMonth": 10, "Temperature": 27.0, "ratioPc": "noData"}