{"bought": 324.85, "sold": 385.42, "Time_string": "Last update at 16:06 - 31/07/2023", "produce": 4.809, "consumption": 6.509, "ratioPC": -1.7000000000000002, "maxBatteryPerDay": 8.75, "maxAtThisDay": 10, "batteryLevelPercentage": -6.630379413974458, "buyPrice": 0.149072, "sellPrice": 0.1, "batteryLevel": -66.30379413974458, "maxBatteryForMonth": 10, "Temperature": "37"}