{"bought": 200.93, "sold": 534.29, "Time_string": "Last update at 11:10 - 23/05/2024", "produce": 2.679, "consumption": 8.191, "ratioPC": -4.877000000000001, "maxBatteryPerDay": 8.75, "maxAtThisDay": 100, "batteryLevelPercentage": 1.5748070086937855, "buyPrice": 0.149072, "sellPrice": 0.1, "batteryLevel": 157.48070086937855, "maxBatteryForMonth": 100, "Temperature": 23.3, "ratioPc": "noData"}