{"bought": 63.22, "sold": 46.56, "Time_string": "Last update at 18:29 - 05/06/2024", "produce": 2.535, "consumption": 3.059, "ratioPC": -0.41800000000000015, "maxBatteryPerDay": 8.75, "maxAtThisDay": 43.75, "batteryLevelPercentage": -0.731126181020868, "buyPrice": 0.149072, "sellPrice": 0.1, "batteryLevel": -31.986770419662978, "maxBatteryForMonth": 100, "Temperature": 33.5, "ratioPc": "noData"}