{"bought": 216.86, "sold": 592.75, "Time_string": "Last update at 14:20 - 25/05/2024", "produce": 4.674, "consumption": 0.385, "ratioPC": 4.297000000000001, "maxBatteryPerDay": 8.75, "maxAtThisDay": 100, "batteryLevelPercentage": 1.8076665020929483, "buyPrice": 0.149072, "sellPrice": 0.1, "batteryLevel": 180.76665020929482, "maxBatteryForMonth": 100, "Temperature": 30.3, "ratioPc": "noData"}