{"bought": 112.62, "sold": 190.86, "Time_string": "Last update at 14:12 - 13/06/2024", "produce": 4.822, "consumption": 1.096, "ratioPC": 3.665, "maxBatteryPerDay": 8.75, "maxAtThisDay": 100, "batteryLevelPercentage": 0.1541209187506709, "buyPrice": 0.149072, "sellPrice": 0.1, "batteryLevel": 15.412091875067091, "maxBatteryForMonth": 100, "Temperature": 29.2, "ratioPc": "noData"}