{"bought": 82.02, "sold": 138.02, "Time_string": "Last update at 16:55 - 10/07/2023", "produce": 3.813, "consumption": 3.693, "buyPrice": 0.149072, "sellPrice": 0.1, "batteryLevel": 10.566132875389087, "maxBatteryPerDay": 8.75, "batteryLevelPercentage": 1.0566132875389087, "maxAtThisDay": 10, "ratioPC": 0.1200000000000001, "maxBatteryForMonth": 10, "ratioPc": "noData"}