{"bought": 257.41, "sold": 327.49, "Time_string": "Last update at 22:12 - 23/09/2024", "produce": 0.0, "consumption": 0.275, "ratioPC": -0.219, "maxBatteryPerDay": 8.75, "maxAtThisDay": 100, "batteryLevelPercentage": -0.37724210582805656, "buyPrice": 0.149072, "sellPrice": 0.1, "batteryLevel": -37.724210582805654, "maxBatteryForMonth": 100, "Temperature": 20.6, "ratioPc": "noData"}