{"bought": 339.25, "sold": 55.47, "Time_string": "Last update at 11:28 - 17/08/2024", "produce": 2.8, "consumption": 3.954, "ratioPC": -1.9050000000000002, "maxBatteryPerDay": 8.75, "maxAtThisDay": 100, "batteryLevelPercentage": -3.020397928517763, "buyPrice": 0.149072, "sellPrice": 0.1, "batteryLevel": -302.0397928517763, "maxBatteryForMonth": 100, "Temperature": 29.9, "ratioPc": "noData"}