{"bought": 229.51, "sold": 620.51, "Time_string": "Last update at 16:00 - 26/05/2024", "produce": 4.535, "consumption": 0.399, "ratioPC": 4.221, "maxBatteryPerDay": 8.75, "maxAtThisDay": 100, "batteryLevelPercentage": 1.8673852420306962, "buyPrice": 0.149072, "sellPrice": 0.1, "batteryLevel": 186.73852420306963, "maxBatteryForMonth": 100, "Temperature": 33.0, "ratioPc": "noData"}