{"bought": 190.35, "sold": 194.67, "Time_string": "Last update at 18:18 - 18/07/2023", "produce": 1.698, "consumption": 2.026, "buyPrice": 0.149072, "sellPrice": 0.1, "batteryLevel": -59.76209616829453, "maxBatteryPerDay": 8.75, "batteryLevelPercentage": -5.976209616829453, "maxAtThisDay": 10, "ratioPC": -0.32799999999999985, "maxBatteryForMonth": 10, "ratioPc": "noData"}