{"bought": 214.84, "sold": 580.62, "Time_string": "Last update at 22:24 - 24/05/2024", "produce": 0.0, "consumption": 0.362, "ratioPC": -0.362, "maxBatteryPerDay": 8.75, "maxAtThisDay": 100, "batteryLevelPercentage": 1.7464964258881615, "buyPrice": 0.149072, "sellPrice": 0.1, "batteryLevel": 174.64964258881614, "maxBatteryForMonth": 100, "Temperature": 22.8, "ratioPc": "noData"}