{"bought": 232.9, "sold": 256.34, "Time_string": "Last update at 13:12 - 22/07/2023", "produce": 4.307, "consumption": 4.204, "buyPrice": 0.149072, "sellPrice": 0.1, "batteryLevel": -60.9428249436514, "maxBatteryPerDay": 8.75, "batteryLevelPercentage": -6.094282494365141, "maxAtThisDay": 10, "ratioPC": 0.10300000000000065, "maxBatteryForMonth": 10, "ratioPc": "noData"}