{"bought": 171.54, "sold": 166.0, "Time_string": "Last update at 09:10 - 24/12/2023", "produce": 0.215, "consumption": 0.263, "ratioPC": -0.12899999999999998, "maxBatteryPerDay": 8.75, "maxAtThisDay": 100, "batteryLevelPercentage": -0.6018441343780185, "buyPrice": 0.149072, "sellPrice": 0.1, "batteryLevel": -60.18441343780185, "maxBatteryForMonth": 100, "Temperature": 5.2, "ratioPc": "noData"}