{"bought": 105.06, "sold": 215.75, "Time_string": "Last update at 17:27 - 13/09/2024", "produce": 3.611, "consumption": 6.85, "ratioPC": -3.2859999999999996, "maxBatteryPerDay": 8.75, "maxAtThisDay": 100, "batteryLevelPercentage": 0.3966872169153163, "buyPrice": 0.149072, "sellPrice": 0.1, "batteryLevel": 39.66872169153163, "maxBatteryForMonth": 100, "Temperature": 34.1, "ratioPc": "noData"}