{"bought": 14.54, "sold": 13.72, "Time_string": "Last update at 16:34 - 02/09/2024", "produce": 4.409, "consumption": 2.506, "ratioPC": 1.7229999999999994, "maxBatteryPerDay": 8.75, "maxAtThisDay": 17.5, "batteryLevelPercentage": -0.3049367822260384, "buyPrice": 0.149072, "sellPrice": 0.1, "batteryLevel": -5.336393688955672, "maxBatteryForMonth": 100, "Temperature": 33.6, "ratioPc": "noData"}