{"bought": 260.61, "sold": 338.37, "Time_string": "Last update at 15:47 - 24/09/2024", "produce": 5.068, "consumption": 1.057, "ratioPC": 2.644, "maxBatteryPerDay": 8.75, "maxAtThisDay": 100, "batteryLevelPercentage": -0.3362572394547601, "buyPrice": 0.149072, "sellPrice": 0.1, "batteryLevel": -33.62572394547601, "maxBatteryForMonth": 100, "Temperature": 26.0, "ratioPc": "noData"}