{"bought": 187.65, "sold": 193.27, "Time_string": "Last update at 14:59 - 18/07/2023", "produce": 3.351, "consumption": 4.874, "buyPrice": 0.149072, "sellPrice": 0.1, "batteryLevel": -58.001239669421494, "maxBatteryPerDay": 8.75, "batteryLevelPercentage": -5.80012396694215, "maxAtThisDay": 10, "ratioPC": -1.5229999999999997, "maxBatteryForMonth": 10, "ratioPc": "noData"}