{"bought": 189.05, "sold": 414.07, "Time_string": "Last update at 10:12 - 19/05/2024", "produce": 1.609, "consumption": 1.281, "ratioPC": 0.921, "maxBatteryPerDay": 8.75, "maxAtThisDay": 100, "batteryLevelPercentage": 0.8871510679403241, "buyPrice": 0.149072, "sellPrice": 0.1, "batteryLevel": 88.71510679403241, "maxBatteryForMonth": 100, "Temperature": 17.4, "ratioPc": "noData"}