{"bought": 96.23, "sold": 197.42, "Time_string": "Last update at 16:32 - 12/09/2024", "produce": 3.707, "consumption": 0.392, "ratioPC": 3.272, "maxBatteryPerDay": 8.75, "maxAtThisDay": 100, "batteryLevelPercentage": 0.3620264999463346, "buyPrice": 0.149072, "sellPrice": 0.1, "batteryLevel": 36.20264999463346, "maxBatteryForMonth": 100, "Temperature": 32.1, "ratioPc": "noData"}