{"bought": 235.83, "sold": 258.36, "Time_string": "Last update at 19:33 - 22/07/2023", "produce": 1.57, "consumption": 3.503, "buyPrice": 0.149072, "sellPrice": 0.1, "batteryLevel": -62.517775034882476, "maxBatteryPerDay": 8.75, "batteryLevelPercentage": -6.251777503488247, "maxAtThisDay": 10, "ratioPC": -1.933, "maxBatteryForMonth": 10, "ratioPc": "noData"}