{"bought": 570.29, "sold": 90.41, "Time_string": "Last update at 13:00 - 26/08/2024", "produce": 4.059, "consumption": 5.316, "ratioPC": 0.005999999999999783, "maxBatteryPerDay": 8.75, "maxAtThisDay": 100, "batteryLevelPercentage": -5.096414543307931, "buyPrice": 0.149072, "sellPrice": 0.1, "batteryLevel": -509.6414543307931, "maxBatteryForMonth": 100, "Temperature": 31.0, "ratioPc": "noData"}