{"bought": 208.44, "sold": 374.79, "Time_string": "Last update at 03:00 - 27/06/2023", "produce": 0.0, "consumption": 0.122, "buyPrice": 0.149072, "sellPrice": 0.1, "batteryLevel": 42.97542341955568, "maxBatteryPerDay": 8.75, "batteryLevelPercentage": 0.4297542341955568, "maxAtThisDay": 100, "ratioPC": -0.122, "maxBatteryForMonth": 100, "ratioPc": "noData"}