{"bought": 14.54, "sold": 9.76, "Time_string": "Last update at 13:43 - 02/09/2024", "produce": 4.619, "consumption": 2.784, "ratioPC": 1.7129999999999996, "maxBatteryPerDay": 8.75, "maxAtThisDay": 17.5, "batteryLevelPercentage": -0.45673303791839803, "buyPrice": 0.149072, "sellPrice": 0.1, "batteryLevel": -7.992828163571965, "maxBatteryForMonth": 100, "Temperature": 31.4, "ratioPc": "noData"}