{"bought": 138.3, "sold": 154.25, "Time_string": "Last update at 16:40 - 13/10/2024", "produce": 1.439, "consumption": 0.975, "ratioPC": -0.32299999999999995, "maxBatteryPerDay": 8.75, "maxAtThisDay": 100, "batteryLevelPercentage": -0.34826510679403255, "buyPrice": 0.149072, "sellPrice": 0.1, "batteryLevel": -34.826510679403256, "maxBatteryForMonth": 100, "Temperature": 24.3, "ratioPc": "noData"}