{"bought": 280.38, "sold": 690.04, "Time_string": "Last update at 06:10 - 30/05/2024", "produce": 0.0, "consumption": 0.156, "ratioPC": -0.203, "maxBatteryPerDay": 8.75, "maxAtThisDay": 100, "batteryLevelPercentage": 1.8251041536975423, "buyPrice": 0.149072, "sellPrice": 0.1, "batteryLevel": 182.51041536975424, "maxBatteryForMonth": 100, "Temperature": 18.6, "ratioPc": "noData"}