{"bought": 158.77, "sold": 145.59, "Time_string": "Last update at 12:58 - 22/12/2023", "produce": 4.316, "consumption": 5.512, "ratioPC": -2.2780000000000005, "maxBatteryPerDay": 8.75, "maxAtThisDay": 100, "batteryLevelPercentage": -0.611057840506601, "buyPrice": 0.149072, "sellPrice": 0.1, "batteryLevel": -61.10578405066009, "maxBatteryForMonth": 100, "Temperature": 15.0, "ratioPc": "noData"}