{"bought": 191.46, "sold": 441.53, "Time_string": "Last update at 08:40 - 20/05/2024", "produce": 0.201, "consumption": 0.132, "ratioPC": 0.04999999999999999, "maxBatteryPerDay": 8.75, "maxAtThisDay": 100, "batteryLevelPercentage": 1.0472573575185142, "buyPrice": 0.149072, "sellPrice": 0.1, "batteryLevel": 104.72573575185143, "maxBatteryForMonth": 100, "Temperature": 13.3, "ratioPc": "noData"}