{"bought": 280.52, "sold": 368.52, "Time_string": "Last update at 09:34 - 24/06/2024", "produce": 0.428, "consumption": 0.172, "ratioPC": 0.19799999999999998, "maxBatteryPerDay": 8.75, "maxAtThisDay": 100, "batteryLevelPercentage": -0.33310597831920175, "buyPrice": 0.149072, "sellPrice": 0.1, "batteryLevel": -33.31059783192018, "maxBatteryForMonth": 100, "Temperature": 24.1, "ratioPc": "noData"}