{"bought": 132.67, "sold": 319.6, "Time_string": "Last update at 12:37 - 21/06/2023", "produce": 3.32, "consumption": 1.82, "ratioPc": "noData", "buyPrice": 0.149072, "sellPrice": 0.1, "batteryLevel": 81.72304497155739, "maxBatteryPerDay": 8.75, "batteryLevelPercentage": 0.44475126515133273, "maxAtThisDay": 183.75, "ratioPC": 1.4999999999999998}