{"bought": 315.75, "sold": 48.7, "Time_string": "Last update at 18:05 - 15/08/2024", "produce": 3.239, "consumption": 3.709, "ratioPC": -0.07499999999999973, "maxBatteryPerDay": 8.75, "maxAtThisDay": 100, "batteryLevelPercentage": -2.8308122249651175, "buyPrice": 0.149072, "sellPrice": 0.1, "batteryLevel": -283.08122249651177, "maxBatteryForMonth": 100, "Temperature": 37.0, "ratioPc": "noData"}