{"bought": 39.96, "sold": 67.49, "Time_string": "Last update at 08:08 - 06/09/2024", "produce": 0.022, "consumption": 0.133, "ratioPC": -0.127, "maxBatteryPerDay": 8.75, "maxAtThisDay": 52.5, "batteryLevelPercentage": 0.1012080937559095, "buyPrice": 0.149072, "sellPrice": 0.1, "batteryLevel": 5.3134249221852485, "maxBatteryForMonth": 100, "Temperature": 16.3, "ratioPc": "noData"}