{"bought": 110.21, "sold": 152.5, "Time_string": "Last update at 18:51 - 12/07/2023", "produce": 2.518, "consumption": 4.426, "buyPrice": 0.149072, "sellPrice": 0.1, "batteryLevel": -7.910440055811961, "maxBatteryPerDay": 8.75, "batteryLevelPercentage": -0.791044005581196, "maxAtThisDay": 10, "ratioPC": -1.9080000000000004, "maxBatteryForMonth": 10, "ratioPc": "noData"}