{"bought": 177.24, "sold": 367.2, "Time_string": "Last update at 05:58 - 25/06/2023", "produce": 0.0, "consumption": 0.132, "ratioPc": "noData", "buyPrice": 0.149072, "sellPrice": 0.1, "batteryLevel": 69.08392400987438, "maxBatteryPerDay": 8.75, "batteryLevelPercentage": 0.31581222404514003, "maxAtThisDay": 218.75, "ratioPC": -0.132}