{"bought": 66.37, "sold": 112.59, "Time_string": "Last update at 11:05 - 09/09/2024", "produce": 2.259, "consumption": 0.104, "ratioPC": 0.585, "maxBatteryPerDay": 8.75, "maxAtThisDay": 78.75, "batteryLevelPercentage": 0.11628269198989377, "buyPrice": 0.149072, "sellPrice": 0.1, "batteryLevel": 9.157261994204134, "maxBatteryForMonth": 100, "Temperature": 23.2, "ratioPc": "noData"}