{"bought": 345.0, "sold": 57.5, "Time_string": "Last update at 19:43 - 17/08/2024", "produce": 0.63, "consumption": 5.638, "ratioPC": -3.5390000000000006, "maxBatteryPerDay": 8.75, "maxAtThisDay": 100, "batteryLevelPercentage": -3.0642803477514224, "buyPrice": 0.149072, "sellPrice": 0.1, "batteryLevel": -306.42803477514224, "maxBatteryForMonth": 100, "Temperature": 39.0, "ratioPc": "noData"}