{"bought": 123.18, "sold": 300.85, "Time_string": "Last update at 08:35 - 20/06/2023", "produce": 0.483, "consumption": 0.26, "ratioPc": "noData", "buyPrice": 0.149072, "sellPrice": 0.1, "batteryLevel": 78.63523022432113, "maxBatteryPerDay": 8.75, "batteryLevelPercentage": 0.4493441727104065, "maxAtThisDay": 175.0, "ratioPC": 0.22299999999999998}