{"bought": 324.64, "sold": 381.73, "Time_string": "Last update at 14:17 - 31/07/2023", "produce": 4.857, "consumption": 2.095, "ratioPC": 2.762, "maxBatteryPerDay": 8.75, "maxAtThisDay": 10, "batteryLevelPercentage": -6.856910808200064, "buyPrice": 0.149072, "sellPrice": 0.1, "batteryLevel": -68.56910808200064, "maxBatteryForMonth": 10, "Temperature": "36"}