{"bought": 164.7, "sold": 362.97, "Time_string": "Last update at 07:17 - 24/06/2023", "produce": 0.033, "consumption": 0.202, "ratioPc": "noData", "buyPrice": 0.149072, "sellPrice": 0.1, "batteryLevel": 78.78636900289794, "maxBatteryPerDay": 8.75, "batteryLevelPercentage": 0.37517318572808545, "maxAtThisDay": 210.0, "ratioPC": -0.169}