{"bought": 187.75, "sold": 168.85, "Time_string": "Last update at 15:44 - 18/08/2023", "produce": 4.789, "consumption": 4.407, "ratioPC": 0.3819999999999997, "maxBatteryPerDay": 8.75, "maxAtThisDay": 10, "batteryLevelPercentage": -7.448258559622195, "buyPrice": 0.149072, "sellPrice": 0.1, "batteryLevel": -74.48258559622195, "maxBatteryForMonth": 10, "Temperature": 34.7, "ratioPc": "noData"}