{"bought": 194.91, "sold": 180.16, "Time_string": "Last update at 14:53 - 19/08/2023", "produce": 4.631, "consumption": 2.92, "ratioPC": 1.7110000000000003, "maxBatteryPerDay": 8.75, "maxAtThisDay": 10, "batteryLevelPercentage": -7.405564774068905, "buyPrice": 0.149072, "sellPrice": 0.1, "batteryLevel": -74.05564774068905, "maxBatteryForMonth": 10, "Temperature": 36.9, "ratioPc": "noData"}