{"bought": 88.91, "sold": 132.92, "Time_string": "Last update at 06:04 - 10/10/2024", "produce": 0.0, "consumption": 0.187, "ratioPC": -0.151, "maxBatteryPerDay": 8.75, "maxAtThisDay": 87.5, "batteryLevelPercentage": 0.00291391159018076, "buyPrice": 0.149072, "sellPrice": 0.1, "batteryLevel": 0.2549672641408165, "maxBatteryForMonth": 100, "Temperature": 14.0, "ratioPc": "noData"}