{"bought": 286.33, "sold": 332.2, "Time_string": "Last update at 09:11 - 26/10/2024", "produce": 0.092, "consumption": 5.96, "ratioPC": -5.859999999999999, "maxBatteryPerDay": 8.75, "maxAtThisDay": 100, "batteryLevelPercentage": -0.634846635182999, "buyPrice": 0.149072, "sellPrice": 0.1, "batteryLevel": -63.4846635182999, "maxBatteryForMonth": 100, "Temperature": 11.2, "ratioPc": "noData"}