{"bought": 73.02, "sold": 50.79, "Time_string": "Last update at 11:11 - 10/12/2023", "produce": 2.89, "consumption": 1.025, "ratioPC": 1.8650000000000002, "maxBatteryPerDay": 8.75, "maxAtThisDay": 87.5, "batteryLevelPercentage": -0.4451338904307027, "buyPrice": 0.149072, "sellPrice": 0.1, "batteryLevel": -38.949215412686485, "maxBatteryForMonth": 100, "Temperature": 14.4, "ratioPc": "noData"}