{"bought": 85.98, "sold": 128.5, "Time_string": "Last update at 05:23 - 09/10/2024", "produce": 0.0, "consumption": 0.191, "ratioPC": -0.133, "maxBatteryPerDay": 8.75, "maxAtThisDay": 78.75, "batteryLevelPercentage": 0.002793105621913128, "buyPrice": 0.149072, "sellPrice": 0.1, "batteryLevel": 0.21995706772565882, "maxBatteryForMonth": 100, "Temperature": 18.0, "ratioPc": "noData"}