{"bought": 268.21, "sold": 303.82, "Time_string": "Last update at 16:18 - 25/07/2023", "produce": 4.705, "consumption": 3.846, "buyPrice": 0.149072, "sellPrice": 0.1, "batteryLevel": -64.40244391971663, "maxBatteryPerDay": 8.75, "batteryLevelPercentage": -6.440244391971663, "maxAtThisDay": 10, "ratioPC": 0.859, "maxBatteryForMonth": 10, "ratioPc": "noData"}