{"bought": 374.27, "sold": 283.73, "Time_string": "Last update at 16:13 - 30/08/2023", "produce": 4.493, "consumption": 0.371, "ratioPC": 4.122, "maxBatteryPerDay": 8.75, "maxAtThisDay": 10, "batteryLevelPercentage": -18.393915316088865, "buyPrice": 0.149072, "sellPrice": 0.1, "batteryLevel": -183.93915316088865, "maxBatteryForMonth": 10, "Temperature": 35.0, "ratioPc": "noData"}