{"bought": 179.58, "sold": 216.25, "Time_string": "Last update at 12:00 - 17/11/2024", "produce": 0.577, "consumption": 0.288, "ratioPC": -1.5929999999999997, "maxBatteryPerDay": 8.75, "maxAtThisDay": 100, "batteryLevelPercentage": -0.3451586991520878, "buyPrice": 0.149072, "sellPrice": 0.1, "batteryLevel": -34.51586991520878, "maxBatteryForMonth": 100, "Temperature": 20.0, "ratioPc": "noData"}