{"bought": 249.04, "sold": 362.03, "Time_string": "Last update at 01:09 - 22/06/2024", "produce": 0.0, "consumption": 0.161, "ratioPC": -0.161, "maxBatteryPerDay": 8.75, "maxAtThisDay": 100, "batteryLevelPercentage": -0.061841987764302074, "buyPrice": 0.149072, "sellPrice": 0.1, "batteryLevel": -6.1841987764302075, "maxBatteryForMonth": 100, "Temperature": 20.0, "ratioPc": "noData"}