{"bought": 95.27, "sold": 448.5, "Time_string": "Last update at 12:04 - 24/09/2023", "produce": 3.732, "consumption": 0.993, "ratioPC": 2.7390000000000003, "maxBatteryPerDay": 8.75, "maxAtThisDay": 10, "batteryLevelPercentage": 20.559132875389075, "buyPrice": 0.149072, "sellPrice": 0.1, "batteryLevel": 205.59132875389076, "maxBatteryForMonth": 10, "Temperature": 25.2, "ratioPc": "noData"}