{"bought": 102.41, "sold": 503.87, "Time_string": "Last update at 15:06 - 26/09/2023", "produce": 4.892, "consumption": 1.141, "ratioPC": 3.7510000000000003, "maxBatteryPerDay": 8.75, "maxAtThisDay": 10, "batteryLevelPercentage": 23.559445422346247, "buyPrice": 0.149072, "sellPrice": 0.1, "batteryLevel": 235.59445422346246, "maxBatteryForMonth": 10, "Temperature": 30.1, "ratioPc": "noData"}