{"bought": 39.06, "sold": 49.39, "Time_string": "Last update at 14:23 - 05/08/2023", "produce": 4.794, "consumption": 4.577, "ratioPC": 0.21699999999999964, "maxBatteryPerDay": 8.75, "maxAtThisDay": 10, "batteryLevelPercentage": -0.5928358913813462, "buyPrice": 0.149072, "sellPrice": 0.1, "batteryLevel": -5.928358913813462, "maxBatteryForMonth": 10, "Temperature": 35.4, "ratioPc": "noData"}