{"bought": 572.02, "sold": 90.53, "Time_string": "Last update at 15:18 - 26/08/2024", "produce": 4.705, "consumption": 5.004, "ratioPC": -0.35300000000000065, "maxBatteryPerDay": 8.75, "maxAtThisDay": 100, "batteryLevelPercentage": -5.112909563164108, "buyPrice": 0.149072, "sellPrice": 0.1, "batteryLevel": -511.29095631641087, "maxBatteryForMonth": 100, "Temperature": 34.3, "ratioPc": "noData"}