{"bought": 64.92, "sold": 111.15, "Time_string": "Last update at 12:24 - 08/07/2023", "produce": 3.752, "consumption": 1.008, "buyPrice": 0.149072, "sellPrice": 0.1, "batteryLevel": 9.641285821616407, "maxBatteryPerDay": 8.75, "batteryLevelPercentage": 0.9641285821616407, "maxAtThisDay": 10, "ratioPC": 2.7439999999999998, "maxBatteryForMonth": 10, "ratioPc": "noData"}