{"bought": 278.89, "sold": 324.21, "Time_string": "Last update at 12:01 - 25/10/2024", "produce": 0.221, "consumption": 0.118, "ratioPC": 0.395, "maxBatteryPerDay": 8.75, "maxAtThisDay": 100, "batteryLevelPercentage": -0.6140448964258883, "buyPrice": 0.149072, "sellPrice": 0.1, "batteryLevel": -61.40448964258883, "maxBatteryForMonth": 100, "Temperature": 20.0, "ratioPc": "noData"}