{"bought": 334.04, "sold": 445.33, "Time_string": "Last update at 13:15 - 30/09/2024", "produce": 4.474, "consumption": 0.159, "ratioPC": 4.336, "maxBatteryPerDay": 8.75, "maxAtThisDay": 100, "batteryLevelPercentage": -0.35305160459375373, "buyPrice": 0.149072, "sellPrice": 0.1, "batteryLevel": -35.30516045937537, "maxBatteryForMonth": 100, "Temperature": 27.5, "ratioPc": "noData"}