{"bought": 77.92, "sold": 228.9, "Time_string": "Last update at 14:58 - 11/05/2024", "produce": 4.063, "consumption": 6.124, "ratioPC": -4.423, "maxBatteryPerDay": 8.75, "maxAtThisDay": 96.25, "batteryLevelPercentage": 0.7857658434728306, "buyPrice": 0.149072, "sellPrice": 0.1, "batteryLevel": 75.62996243425995, "maxBatteryForMonth": 100, "Temperature": 29.0, "ratioPc": "noData"}