{"bought": 396.38, "sold": 372.05, "Time_string": "Last update at 16:40 - 31/10/2024", "produce": 0.844, "consumption": 0.302, "ratioPC": 0.301, "maxBatteryPerDay": 8.75, "maxAtThisDay": 100, "batteryLevelPercentage": -1.4680261457550712, "buyPrice": 0.149072, "sellPrice": 0.1, "batteryLevel": -146.8026145755071, "maxBatteryForMonth": 100, "Temperature": 18.0, "ratioPc": "noData"}