{"bought": 91.75, "sold": 69.62, "Time_string": "Last update at 20:51 - 08/08/2023", "produce": 0.144, "consumption": 4.185, "ratioPC": -4.0409999999999995, "maxBatteryPerDay": 8.75, "maxAtThisDay": 10, "batteryLevelPercentage": -4.504773532252871, "buyPrice": 0.149072, "sellPrice": 0.1, "batteryLevel": -45.04773532252871, "maxBatteryForMonth": 10, "Temperature": 34.5, "ratioPc": "noData"}