{"bought": 222.45, "sold": 125.89, "Time_string": "Last update at 12:31 - 22/01/2024", "produce": 4.271, "consumption": 0.327, "ratioPC": 3.8, "maxBatteryPerDay": 8.75, "maxAtThisDay": 100, "batteryLevelPercentage": -1.3800087474508962, "buyPrice": 0.149072, "sellPrice": 0.1, "batteryLevel": -138.00087474508962, "maxBatteryForMonth": 100, "Temperature": 14.0, "ratioPc": "noData"}