{"bought": 65.36, "sold": 111.88, "Time_string": "Last update at 03:22 - 09/09/2024", "produce": 0.0, "consumption": 0.089, "ratioPC": -0.124, "maxBatteryPerDay": 8.75, "maxAtThisDay": 78.75, "batteryLevelPercentage": 0.12306008985111702, "buyPrice": 0.149072, "sellPrice": 0.1, "batteryLevel": 9.690982075775466, "maxBatteryForMonth": 100, "Temperature": 18.6, "ratioPc": "noData"}