{"bought": 222.45, "sold": 138.64, "Time_string": "Last update at 16:28 - 22/01/2024", "produce": 2.439, "consumption": 1.155, "ratioPC": 1.73, "maxBatteryPerDay": 8.75, "maxAtThisDay": 100, "batteryLevelPercentage": -1.2944796071696896, "buyPrice": 0.149072, "sellPrice": 0.1, "batteryLevel": -129.44796071696896, "maxBatteryForMonth": 100, "Temperature": 16.5, "ratioPc": "noData"}