{"bought": 65.27, "sold": 123.54, "Time_string": "Last update at 17:42 - 08/07/2023", "produce": 3.581, "consumption": 1.906, "buyPrice": 0.149072, "sellPrice": 0.1, "batteryLevel": 17.60270580659011, "maxBatteryPerDay": 8.75, "batteryLevelPercentage": 1.7602705806590109, "maxAtThisDay": 10, "ratioPC": 1.675, "maxBatteryForMonth": 10, "ratioPc": "noData"}