{"bought": 204.02, "sold": 212.08, "Time_string": "Last update at 12:42 - 19/10/2024", "produce": 4.022, "consumption": 7.755, "ratioPC": -3.7329999999999997, "maxBatteryPerDay": 8.75, "maxAtThisDay": 100, "batteryLevelPercentage": -0.6175317591499411, "buyPrice": 0.149072, "sellPrice": 0.1, "batteryLevel": -61.7531759149941, "maxBatteryForMonth": 100, "Temperature": 20.7, "ratioPc": "noData"}