{"bought": 242.9, "sold": 387.12, "Time_string": "Last update at 09:43 - 29/06/2023", "produce": 0.813, "consumption": 0.341, "buyPrice": 0.149072, "sellPrice": 0.1, "batteryLevel": 16.786594397338177, "maxBatteryPerDay": 8.75, "batteryLevelPercentage": 0.16786594397338178, "maxAtThisDay": 100, "ratioPC": 0.4719999999999999, "maxBatteryForMonth": 100, "ratioPc": "noData"}