{"bought": 71.56, "sold": 253.18, "Time_string": "Last update at 17:14 - 15/06/2023", "produce": 3.933, "consumption": 2.054, "ratioPc": null, "buyPrice": 0.149072, "sellPrice": 0.1, "batteryLevel": 98.27739401094772, "maxBatteryPerDay": 8.75, "batteryLevelPercentage": 0.748780144845316, "maxAtThisDay": 131.25, "ratioPC": 1.879}