{"bought": 31.06, "sold": 110.12, "Time_string": "Last update at 16:15 - 07/09/2023", "produce": 1.761, "consumption": 1.002, "ratioPC": 0.7589999999999999, "maxBatteryPerDay": 8.75, "maxAtThisDay": 10, "batteryLevelPercentage": 4.281034453150156, "buyPrice": 0.149072, "sellPrice": 0.1, "batteryLevel": 42.810344531501556, "maxBatteryForMonth": 10, "Temperature": 29.8, "ratioPc": "noData"}