{"bought": 157.86, "sold": 362.97, "Time_string": "Last update at 01:08 - 24/06/2023", "produce": 0.0, "consumption": 0.135, "ratioPc": "noData", "buyPrice": 0.149072, "sellPrice": 0.1, "batteryLevel": 85.62636900289792, "maxBatteryPerDay": 8.75, "batteryLevelPercentage": 0.40774461429951386, "maxAtThisDay": 210.0, "ratioPC": -0.135}