{"bought": 20.74, "sold": 15.96, "Time_string": "Last update at 09:43 - 03/09/2024", "produce": 0.425, "consumption": 0.135, "ratioPC": -0.961, "maxBatteryPerDay": 8.75, "maxAtThisDay": 26.25, "batteryLevelPercentage": -0.3822386318915244, "buyPrice": 0.149072, "sellPrice": 0.1, "batteryLevel": -10.033764087152516, "maxBatteryForMonth": 100, "Temperature": 23.4, "ratioPc": "noData"}