{"bought": 14.54, "sold": 9.43, "Time_string": "Last update at 13:35 - 02/09/2024", "produce": 4.531, "consumption": 2.818, "ratioPC": 1.6799999999999997, "maxBatteryPerDay": 8.75, "maxAtThisDay": 17.5, "batteryLevelPercentage": -0.46938272589276125, "buyPrice": 0.149072, "sellPrice": 0.1, "batteryLevel": -8.214197703123322, "maxBatteryForMonth": 100, "Temperature": 31.2, "ratioPc": "noData"}