{"bought": 70.71, "sold": 218.31, "Time_string": "Last update at 18:45 - 10/05/2024", "produce": 2.532, "consumption": 3.008, "ratioPC": -0.347, "maxBatteryPerDay": 8.75, "maxAtThisDay": 87.5, "batteryLevelPercentage": 0.8655544304573821, "buyPrice": 0.149072, "sellPrice": 0.1, "batteryLevel": 75.73601266502094, "maxBatteryForMonth": 100, "Temperature": 30.2, "ratioPc": "noData"}