{"bought": 281.19, "sold": 211.27, "Time_string": "Last update at 14:29 - 24/08/2023", "produce": 4.492, "consumption": 3.608, "ratioPC": 0.8839999999999999, "maxBatteryPerDay": 8.75, "maxAtThisDay": 10, "batteryLevelPercentage": -13.946653751207469, "buyPrice": 0.149072, "sellPrice": 0.1, "batteryLevel": -139.4665375120747, "maxBatteryForMonth": 10, "Temperature": 39.5, "ratioPc": "noData"}