{"bought": 232.8, "sold": 627.04, "Time_string": "Last update at 07:30 - 27/05/2024", "produce": 0.04, "consumption": 0.173, "ratioPC": -0.144, "maxBatteryPerDay": 8.75, "maxAtThisDay": 100, "batteryLevelPercentage": 1.8782895781904045, "buyPrice": 0.149072, "sellPrice": 0.1, "batteryLevel": 187.82895781904045, "maxBatteryForMonth": 100, "Temperature": 17.5, "ratioPc": "noData"}