{"bought": 266.45, "sold": 365.03, "Time_string": "Last update at 09:58 - 23/06/2024", "produce": 0.803, "consumption": 0.129, "ratioPC": 0.5409999999999999, "maxBatteryPerDay": 8.75, "maxAtThisDay": 100, "batteryLevelPercentage": -0.21581748416872387, "buyPrice": 0.149072, "sellPrice": 0.1, "batteryLevel": -21.581748416872387, "maxBatteryForMonth": 100, "Temperature": 24.9, "ratioPc": "noData"}