{"bought": 319.67, "sold": 417.89, "Time_string": "Last update at 11:00 - 29/09/2024", "produce": 2.313, "consumption": 7.649, "ratioPC": -5.503, "maxBatteryPerDay": 8.75, "maxAtThisDay": 100, "batteryLevelPercentage": -0.39342373081464016, "buyPrice": 0.149072, "sellPrice": 0.1, "batteryLevel": -39.34237308146402, "maxBatteryForMonth": 100, "Temperature": 22.0, "ratioPc": "noData"}