{"bought": 125.56, "sold": 285.65, "Time_string": "Last update at 16:03 - 17/06/2024", "produce": 4.722, "consumption": 2.319, "ratioPC": 2.478, "maxBatteryPerDay": 8.75, "maxAtThisDay": 100, "batteryLevelPercentage": 0.6605881506922827, "buyPrice": 0.149072, "sellPrice": 0.1, "batteryLevel": 66.05881506922827, "maxBatteryForMonth": 100, "Temperature": 33.0, "ratioPc": "noData"}