{"bought": 165.01, "sold": 247.99, "Time_string": "Last update at 20:46 - 16/09/2024", "produce": 0.0, "consumption": 6.709, "ratioPC": -6.671, "maxBatteryPerDay": 8.75, "maxAtThisDay": 100, "batteryLevelPercentage": 0.013458548889127541, "buyPrice": 0.149072, "sellPrice": 0.1, "batteryLevel": 1.3458548889127542, "maxBatteryForMonth": 100, "Temperature": 29.5, "ratioPc": "noData"}