{"bought": 235.5, "sold": 199.31, "Time_string": "Last update at 09:49 - 29/12/2023", "produce": 0.407, "consumption": 0.277, "ratioPC": 0.038000000000000034, "maxBatteryPerDay": 8.75, "maxAtThisDay": 100, "batteryLevelPercentage": -1.017995062788451, "buyPrice": 0.149072, "sellPrice": 0.1, "batteryLevel": -101.79950627884512, "maxBatteryForMonth": 100, "Temperature": 7.8, "ratioPc": "noData"}