{"bought": 635.86, "sold": 95.16, "Time_string": "Last update at 15:43 - 28/08/2024", "produce": 4.535, "consumption": 4.026, "ratioPC": 1.2649999999999997, "maxBatteryPerDay": 8.75, "maxAtThisDay": 100, "batteryLevelPercentage": -5.720250745948267, "buyPrice": 0.149072, "sellPrice": 0.1, "batteryLevel": -572.0250745948267, "maxBatteryForMonth": 100, "Temperature": 32.3, "ratioPc": "noData"}