{"bought": 27.0, "sold": 86.25, "Time_string": "Last update at 11:59 - 07/11/2023", "produce": 4.344, "consumption": 0.912, "ratioPC": 3.4320000000000004, "maxBatteryPerDay": 8.75, "maxAtThisDay": 10, "batteryLevelPercentage": 3.0857947837286672, "buyPrice": 0.149072, "sellPrice": 0.1, "batteryLevel": 30.857947837286673, "maxBatteryForMonth": 10, "Temperature": 14.0, "ratioPc": "noData"}