{"bought": 118.98, "sold": 215.75, "Time_string": "Last update at 20:23 - 13/09/2024", "produce": 0.067, "consumption": 0.943, "ratioPC": -4.653, "maxBatteryPerDay": 8.75, "maxAtThisDay": 100, "batteryLevelPercentage": 0.2574872169153163, "buyPrice": 0.149072, "sellPrice": 0.1, "batteryLevel": 25.748721691531628, "maxBatteryForMonth": 100, "Temperature": 29.2, "ratioPc": "noData"}