{"bought": 256.78, "sold": 326.14, "Time_string": "Last update at 18:12 - 23/09/2024", "produce": 1.73, "consumption": 0.168, "ratioPC": 0.971, "maxBatteryPerDay": 8.75, "maxAtThisDay": 100, "batteryLevelPercentage": -0.3799981324460663, "buyPrice": 0.149072, "sellPrice": 0.1, "batteryLevel": -37.99981324460663, "maxBatteryForMonth": 100, "Temperature": 26.6, "ratioPc": "noData"}