{"bought": 276.4, "sold": 675.1, "Time_string": "Last update at 10:13 - 29/05/2024", "produce": 1.22, "consumption": 1.27, "ratioPC": -0.20999999999999996, "maxBatteryPerDay": 8.75, "maxAtThisDay": 100, "batteryLevelPercentage": 1.764684125791564, "buyPrice": 0.149072, "sellPrice": 0.1, "batteryLevel": 176.4684125791564, "maxBatteryForMonth": 100, "Temperature": 23.6, "ratioPc": "noData"}