{"bought": 207.64, "sold": 374.79, "Time_string": "Last update at 21:29 - 26/06/2023", "produce": 0.074, "consumption": 2.596, "buyPrice": 0.149072, "sellPrice": 0.1, "batteryLevel": 43.77542341955569, "maxBatteryPerDay": 8.75, "batteryLevelPercentage": 0.4377542341955569, "maxAtThisDay": 100, "ratioPC": -2.5220000000000002, "maxBatteryForMonth": 100, "ratioPc": "noData"}