{"bought": 215.5, "sold": 205.56, "Time_string": "Last update at 12:54 - 20/07/2023", "produce": 4.182, "consumption": 0.178, "buyPrice": 0.149072, "sellPrice": 0.1, "batteryLevel": -77.60690136309972, "maxBatteryPerDay": 8.75, "batteryLevelPercentage": -7.7606901363099725, "maxAtThisDay": 10, "ratioPC": 4.0040000000000004, "maxBatteryForMonth": 10, "ratioPc": "noData"}