{"bought": 635.87, "sold": 97.33, "Time_string": "Last update at 18:04 - 28/08/2024", "produce": 2.837, "consumption": 2.943, "ratioPC": 0.24400000000000022, "maxBatteryPerDay": 8.75, "maxAtThisDay": 100, "batteryLevelPercentage": -5.705794021680799, "buyPrice": 0.149072, "sellPrice": 0.1, "batteryLevel": -570.5794021680799, "maxBatteryForMonth": 100, "Temperature": 30.9, "ratioPc": "noData"}