{"bought": 226.65, "sold": 280.67, "Time_string": "Last update at 15:10 - 22/10/2024", "produce": 4.556, "consumption": 0.193, "ratioPC": 4.075, "maxBatteryPerDay": 8.75, "maxAtThisDay": 100, "batteryLevelPercentage": -0.38371852527637657, "buyPrice": 0.149072, "sellPrice": 0.1, "batteryLevel": -38.37185252763766, "maxBatteryForMonth": 100, "Temperature": 25.0, "ratioPc": "noData"}