{"bought": 155.6, "sold": 73.91, "Time_string": "Last update at 09:50 - 16/01/2024", "produce": 0.344, "consumption": 0.174, "ratioPC": 0.0040000000000000036, "maxBatteryPerDay": 8.75, "maxAtThisDay": 100, "batteryLevelPercentage": -1.0601993130836107, "buyPrice": 0.149072, "sellPrice": 0.1, "batteryLevel": -106.01993130836107, "maxBatteryForMonth": 100, "Temperature": 11.8, "ratioPc": "noData"}