{"bought": 256.78, "sold": 321.21, "Time_string": "Last update at 15:22 - 23/09/2024", "produce": 5.069, "consumption": 1.047, "ratioPC": 3.5920000000000005, "maxBatteryPerDay": 8.75, "maxAtThisDay": 100, "batteryLevelPercentage": -0.41306940002146575, "buyPrice": 0.149072, "sellPrice": 0.1, "batteryLevel": -41.306940002146575, "maxBatteryForMonth": 100, "Temperature": 27.4, "ratioPc": "noData"}