{"bought": 79.69, "sold": 126.41, "Time_string": "Last update at 23:42 - 09/11/2024", "produce": 0.0, "consumption": 0.296, "ratioPC": -0.211, "maxBatteryPerDay": 8.75, "maxAtThisDay": 78.75, "batteryLevelPercentage": 0.06486285693841774, "buyPrice": 0.149072, "sellPrice": 0.1, "batteryLevel": 5.107949983900397, "maxBatteryForMonth": 100, "Temperature": 16.0, "ratioPc": "noData"}