{"bought": 98.23, "sold": 71.87, "Time_string": "Last update at 11:59 - 09/08/2023", "produce": 2.653, "consumption": 2.568, "ratioPC": 0.08499999999999996, "maxBatteryPerDay": 8.75, "maxAtThisDay": 10, "batteryLevelPercentage": -5.001839755286037, "buyPrice": 0.149072, "sellPrice": 0.1, "batteryLevel": -50.018397552860364, "maxBatteryForMonth": 10, "Temperature": 31.0, "ratioPc": "noData"}