{"bought": 81.46, "sold": 357.81, "Time_string": "Last update at 11:40 - 20/09/2023", "produce": 3.215, "consumption": 0.85, "ratioPC": 2.3649999999999998, "maxBatteryPerDay": 8.75, "maxAtThisDay": 10, "batteryLevelPercentage": 15.856495438445847, "buyPrice": 0.149072, "sellPrice": 0.1, "batteryLevel": 158.56495438445847, "maxBatteryForMonth": 10, "Temperature": 23.3, "ratioPc": "noData"}