{"bought": 63.35, "sold": 65.43, "Time_string": "Last update at 15:15 - 07/08/2023", "produce": 4.585, "consumption": 5.307, "ratioPC": -0.7220000000000004, "maxBatteryPerDay": 8.75, "maxAtThisDay": 10, "batteryLevelPercentage": -1.945845765804443, "buyPrice": 0.149072, "sellPrice": 0.1, "batteryLevel": -19.45845765804443, "maxBatteryForMonth": 10, "Temperature": 40.2, "ratioPc": "noData"}