{"bought": 200.25, "sold": 183.48, "Time_string": "Last update at 16:41 - 26/12/2023", "produce": 1.794, "consumption": 4.36, "ratioPC": -3.1159999999999997, "maxBatteryPerDay": 8.75, "maxAtThisDay": 100, "batteryLevelPercentage": -0.7716853600944512, "buyPrice": 0.149072, "sellPrice": 0.1, "batteryLevel": -77.16853600944512, "maxBatteryForMonth": 100, "Temperature": 13.3, "ratioPc": "noData"}