{"bought": 50.08, "sold": 107.5, "Time_string": "Last update at 23:57 - 07/09/2024", "produce": 0.0, "consumption": 0.138, "ratioPC": -0.237, "maxBatteryPerDay": 8.75, "maxAtThisDay": 61.25, "batteryLevelPercentage": 0.35971925797258913, "buyPrice": 0.149072, "sellPrice": 0.1, "batteryLevel": 22.032804550821083, "maxBatteryForMonth": 100, "Temperature": 19.1, "ratioPc": "noData"}