{"bought": 122.77, "sold": 152.5, "Time_string": "Last update at 10:14 - 13/07/2023", "produce": 1.076, "consumption": 1.618, "buyPrice": 0.149072, "sellPrice": 0.1, "batteryLevel": -20.470440055811963, "maxBatteryPerDay": 8.75, "batteryLevelPercentage": -2.0470440055811965, "maxAtThisDay": 10, "ratioPC": -0.542, "maxBatteryForMonth": 10, "ratioPc": "noData"}