{"bought": 105.41, "sold": 528.29, "Time_string": "Last update at 14:56 - 27/09/2023", "produce": 4.872, "consumption": 2.544, "ratioPC": 2.328, "maxBatteryPerDay": 8.75, "maxAtThisDay": 10, "batteryLevelPercentage": 24.897580015026293, "buyPrice": 0.149072, "sellPrice": 0.1, "batteryLevel": 248.97580015026293, "maxBatteryForMonth": 10, "Temperature": 30.9, "ratioPc": "noData"}