{"bought": 194.31, "sold": 172.18, "Time_string": "Last update at 09:27 - 19/08/2023", "produce": 0.29, "consumption": 0.313, "ratioPC": -0.02300000000000002, "maxBatteryPerDay": 8.75, "maxAtThisDay": 10, "batteryLevelPercentage": -7.8808765697112815, "buyPrice": 0.149072, "sellPrice": 0.1, "batteryLevel": -78.80876569711282, "maxBatteryForMonth": 10, "Temperature": 25.4, "ratioPc": "noData"}