{"bought": 353.58, "sold": 216.85, "Time_string": "Last update at 09:13 - 27/08/2023", "produce": 0.219, "consumption": 0.117, "ratioPC": 0.102, "maxBatteryPerDay": 8.75, "maxAtThisDay": 10, "batteryLevelPercentage": -20.811337984329718, "buyPrice": 0.149072, "sellPrice": 0.1, "batteryLevel": -208.11337984329717, "maxBatteryForMonth": 10, "Temperature": 20.4, "ratioPc": "noData"}