{"bought": 298.33, "sold": 367.16, "Time_string": "Last update at 09:07 - 27/09/2024", "produce": 0.155, "consumption": 0.207, "ratioPC": -0.027999999999999997, "maxBatteryPerDay": 8.75, "maxAtThisDay": 100, "batteryLevelPercentage": -0.5203290866158633, "buyPrice": 0.149072, "sellPrice": 0.1, "batteryLevel": -52.03290866158633, "maxBatteryForMonth": 100, "Temperature": 17.2, "ratioPc": "noData"}