{"bought": 109.06, "sold": 150.0, "Time_string": "Last update at 13:54 - 12/07/2023", "produce": 4.527, "consumption": 3.455, "buyPrice": 0.149072, "sellPrice": 0.1, "batteryLevel": -8.437482022110132, "maxBatteryPerDay": 8.75, "batteryLevelPercentage": -0.8437482022110132, "maxAtThisDay": 10, "ratioPC": 1.072, "maxBatteryForMonth": 10, "ratioPc": "noData"}