{"bought": 96.23, "sold": 179.51, "Time_string": "Last update at 11:00 - 12/09/2024", "produce": 2.125, "consumption": 0.11, "ratioPC": 0.44399999999999995, "maxBatteryPerDay": 8.75, "maxAtThisDay": 100, "batteryLevelPercentage": 0.24188321348073402, "buyPrice": 0.149072, "sellPrice": 0.1, "batteryLevel": 24.1883213480734, "maxBatteryForMonth": 100, "Temperature": 22.0, "ratioPc": "noData"}