{"bought": 104.81, "sold": 105.46, "Time_string": "Last update at 11:29 - 10/06/2024", "produce": 1.933, "consumption": 0.081, "ratioPC": 1.417, "maxBatteryPerDay": 8.75, "maxAtThisDay": 87.5, "batteryLevelPercentage": -0.38932184792775126, "buyPrice": 0.149072, "sellPrice": 0.1, "batteryLevel": -34.06566169367824, "maxBatteryForMonth": 100, "Temperature": 23.5, "ratioPc": "noData"}