{"bought": 233.59, "sold": 386.12, "Time_string": "Last update at 17:27 - 28/06/2023", "produce": 2.851, "consumption": 1.805, "buyPrice": 0.149072, "sellPrice": 0.1, "batteryLevel": 25.425777610818926, "maxBatteryPerDay": 8.75, "batteryLevelPercentage": 0.2542577761081893, "maxAtThisDay": 100, "ratioPC": 1.046, "maxBatteryForMonth": 100, "ratioPc": "noData"}