{"bought": 175.41, "sold": 214.32, "Time_string": "Last update at 15:59 - 16/11/2024", "produce": 1.123, "consumption": 1.266, "ratioPC": 0.69, "maxBatteryPerDay": 8.75, "maxAtThisDay": 100, "batteryLevelPercentage": -0.31640546313190926, "buyPrice": 0.149072, "sellPrice": 0.1, "batteryLevel": -31.640546313190924, "maxBatteryForMonth": 100, "Temperature": 24.0, "ratioPc": "noData"}