{"bought": 42.71, "sold": 56.17, "Time_string": "Last update at 13:10 - 05/07/2023", "produce": 4.305, "consumption": 4.01, "buyPrice": 0.149072, "sellPrice": 0.1, "batteryLevel": -5.030221101212831, "maxBatteryPerDay": 8.75, "batteryLevelPercentage": -0.5030221101212831, "maxAtThisDay": 10, "ratioPC": 0.29499999999999993, "maxBatteryForMonth": 10, "ratioPc": "noData"}