{"bought": 51.83, "sold": 216.85, "Time_string": "Last update at 20:46 - 12/09/2023", "produce": 0.008, "consumption": 0.282, "ratioPC": -0.27399999999999997, "maxBatteryPerDay": 8.75, "maxAtThisDay": 10, "batteryLevelPercentage": 9.363662015670283, "buyPrice": 0.149072, "sellPrice": 0.1, "batteryLevel": 93.63662015670282, "maxBatteryForMonth": 10, "Temperature": 25.5, "ratioPc": "noData"}