{"bought": 231.79, "sold": 382.2, "Time_string": "Last update at 12:36 - 28/06/2023", "produce": 3.222, "consumption": 4.238, "buyPrice": 0.149072, "sellPrice": 0.1, "batteryLevel": 24.5961758076634, "maxBatteryPerDay": 8.75, "batteryLevelPercentage": 0.245961758076634, "maxAtThisDay": 100, "ratioPC": -1.0160000000000005, "maxBatteryForMonth": 100, "ratioPc": "noData"}