{"bought": 231.47, "sold": 379.37, "Time_string": "Last update at 09:35 - 28/06/2023", "produce": 0.865, "consumption": 0.207, "buyPrice": 0.149072, "sellPrice": 0.1, "batteryLevel": 23.017764301813912, "maxBatteryPerDay": 8.75, "batteryLevelPercentage": 0.23017764301813912, "maxAtThisDay": 100, "ratioPC": 0.658, "maxBatteryForMonth": 100, "ratioPc": "noData"}