{"bought": 86.11, "sold": 128.5, "Time_string": "Last update at 06:30 - 09/10/2024", "produce": 0.0, "consumption": 0.129, "ratioPC": -0.131, "maxBatteryPerDay": 8.75, "maxAtThisDay": 78.75, "batteryLevelPercentage": 0.0011423119711195349, "buyPrice": 0.149072, "sellPrice": 0.1, "batteryLevel": 0.08995706772566336, "maxBatteryForMonth": 100, "Temperature": 18.0, "ratioPc": "noData"}