{"bought": 79.19, "sold": 105.08, "Time_string": "Last update at 13:01 - 07/10/2024", "produce": 1.724, "consumption": 0.162, "ratioPC": 4.3999999999999995, "maxBatteryPerDay": 8.75, "maxAtThisDay": 61.25, "batteryLevelPercentage": -0.14205015628662115, "buyPrice": 0.149072, "sellPrice": 0.1, "batteryLevel": -8.700572072555545, "maxBatteryForMonth": 100, "Temperature": 24.0, "ratioPc": "noData"}