{"bought": 174.05, "sold": 305.52, "Time_string": "Last update at 13:38 - 19/06/2024", "produce": 2.159, "consumption": 0.355, "ratioPC": 4.773, "maxBatteryPerDay": 8.75, "maxAtThisDay": 100, "batteryLevelPercentage": 0.3089794461736608, "buyPrice": 0.149072, "sellPrice": 0.1, "batteryLevel": 30.89794461736608, "maxBatteryForMonth": 100, "Temperature": 18.3, "ratioPc": "noData"}