{"bought": 243.96, "sold": 398.45, "Time_string": "Last update at 20:08 - 29/06/2023", "produce": 0.584, "consumption": 2.359, "buyPrice": 0.149072, "sellPrice": 0.1, "batteryLevel": 23.326948588601425, "maxBatteryPerDay": 8.75, "batteryLevelPercentage": 0.23326948588601426, "maxAtThisDay": 100, "ratioPC": -1.775, "maxBatteryForMonth": 100, "ratioPc": "noData"}