{"bought": 181.75, "sold": 137.54, "Time_string": "Last update at 10:47 - 17/08/2023", "produce": 1.972, "consumption": 0.949, "ratioPC": 1.0230000000000001, "maxBatteryPerDay": 8.75, "maxAtThisDay": 10, "batteryLevelPercentage": -8.948585918214018, "buyPrice": 0.149072, "sellPrice": 0.1, "batteryLevel": -89.48585918214019, "maxBatteryForMonth": 10, "Temperature": 25.4, "ratioPc": "noData"}