{"bought": 520.62, "sold": 85.0, "Time_string": "Last update at 11:21 - 24/08/2024", "produce": 2.614, "consumption": 3.901, "ratioPC": -1.1629999999999998, "maxBatteryPerDay": 8.75, "maxAtThisDay": 100, "batteryLevelPercentage": -4.636005731458624, "buyPrice": 0.149072, "sellPrice": 0.1, "batteryLevel": -463.6005731458624, "maxBatteryForMonth": 100, "Temperature": 29.7, "ratioPc": "noData"}