{"bought": 20.73, "sold": 28.98, "Time_string": "Last update at 13:05 - 03/07/2023", "produce": 4.057, "consumption": 2.844, "buyPrice": 0.149072, "sellPrice": 0.1, "batteryLevel": -1.2897295266716746, "maxBatteryPerDay": 8.75, "batteryLevelPercentage": -0.12897295266716746, "maxAtThisDay": 10, "ratioPC": 1.2130000000000005, "maxBatteryForMonth": 10, "ratioPc": "noData"}