{"bought": 21.81, "sold": 33.66, "Time_string": "Last update at 18:55 - 03/08/2023", "produce": 2.453, "consumption": 2.437, "ratioPC": 0.016000000000000014, "maxBatteryPerDay": 8.75, "maxAtThisDay": 10, "batteryLevelPercentage": 0.0769693034238486, "buyPrice": 0.149072, "sellPrice": 0.1, "batteryLevel": 0.769693034238486, "maxBatteryForMonth": 10, "Temperature": 36.1, "ratioPc": "noData"}