{"bought": 144.5, "sold": 160.82, "Time_string": "Last update at 19:32 - 14/07/2023", "produce": 1.66, "consumption": 3.272, "buyPrice": 0.149072, "sellPrice": 0.1, "batteryLevel": -36.61924439197166, "maxBatteryPerDay": 8.75, "batteryLevelPercentage": -3.661924439197166, "maxAtThisDay": 10, "ratioPC": -1.6119999999999999, "maxBatteryForMonth": 10, "ratioPc": "noData"}