{"bought": 147.83, "sold": 357.0, "Time_string": "Last update at 14:05 - 23/06/2023", "produce": 4.586, "consumption": 2.544, "ratioPc": "noData", "buyPrice": 0.149072, "sellPrice": 0.1, "batteryLevel": 91.6515927873779, "maxBatteryPerDay": 8.75, "batteryLevelPercentage": 0.4554116411795175, "maxAtThisDay": 201.25, "ratioPC": 2.0420000000000003}