{"bought": 275.72, "sold": 322.33, "Time_string": "Last update at 17:16 - 24/10/2024", "produce": 2.965, "consumption": 1.513, "ratioPC": 1.5110000000000001, "maxBatteryPerDay": 8.75, "maxAtThisDay": 100, "batteryLevelPercentage": -0.5949562520124511, "buyPrice": 0.149072, "sellPrice": 0.1, "batteryLevel": -59.495625201245105, "maxBatteryForMonth": 100, "Temperature": 24.7, "ratioPc": "noData"}