{"bought": 337.4, "sold": 55.08, "Time_string": "Last update at 08:29 - 17/08/2024", "produce": 0.113, "consumption": 0.393, "ratioPC": -0.07600000000000001, "maxBatteryPerDay": 8.75, "maxAtThisDay": 100, "batteryLevelPercentage": -3.0045141139851883, "buyPrice": 0.149072, "sellPrice": 0.1, "batteryLevel": -300.4514113985188, "maxBatteryForMonth": 100, "Temperature": 22.0, "ratioPc": "noData"}