{"bought": 325.1, "sold": 385.56, "Time_string": "Last update at 17:08 - 31/07/2023", "produce": 4.194, "consumption": 3.239, "ratioPC": 0.9550000000000001, "maxBatteryPerDay": 8.75, "maxAtThisDay": 10, "batteryLevelPercentage": -6.645987978963189, "buyPrice": 0.149072, "sellPrice": 0.1, "batteryLevel": -66.45987978963188, "maxBatteryForMonth": 10, "Temperature": "38"}