{"bought": 122.23, "sold": 124.25, "Time_string": "Last update at 14:11 - 18/12/2023", "produce": 4.512, "consumption": 3.223, "ratioPC": 1.2940000000000005, "maxBatteryPerDay": 8.75, "maxAtThisDay": 100, "batteryLevelPercentage": -0.38881014274981224, "buyPrice": 0.149072, "sellPrice": 0.1, "batteryLevel": -38.881014274981226, "maxBatteryForMonth": 100, "Temperature": 14.2, "ratioPc": "noData"}