{"bought": 209.28, "sold": 274.84, "Time_string": "Last update at 03:55 - 19/09/2024", "produce": 0.0, "consumption": 0.127, "ratioPC": -0.128, "maxBatteryPerDay": 8.75, "maxAtThisDay": 100, "batteryLevelPercentage": -0.24912714393045007, "buyPrice": 0.149072, "sellPrice": 0.1, "batteryLevel": -24.912714393045007, "maxBatteryForMonth": 100, "Temperature": 19.0, "ratioPc": "noData"}