{"bought": 188.1, "sold": 172.18, "Time_string": "Last update at 19:16 - 18/08/2023", "produce": 1.264, "consumption": 1.906, "ratioPC": -0.6419999999999999, "maxBatteryPerDay": 8.75, "maxAtThisDay": 10, "batteryLevelPercentage": -7.259876569711281, "buyPrice": 0.149072, "sellPrice": 0.1, "batteryLevel": -72.59876569711281, "maxBatteryForMonth": 10, "Temperature": 33.7, "ratioPc": "noData"}