{"bought": 266.53, "sold": 365.07, "Time_string": "Last update at 10:08 - 23/06/2024", "produce": 0.867, "consumption": 0.972, "ratioPC": 0.674, "maxBatteryPerDay": 8.75, "maxAtThisDay": 100, "batteryLevelPercentage": -0.21634915745411604, "buyPrice": 0.149072, "sellPrice": 0.1, "batteryLevel": -21.634915745411604, "maxBatteryForMonth": 100, "Temperature": 25.4, "ratioPc": "noData"}