{"bought": 125.47, "sold": 269.46, "Time_string": "Last update at 08:39 - 17/06/2024", "produce": 0.206, "consumption": 0.166, "ratioPC": 0.063, "maxBatteryPerDay": 8.75, "maxAtThisDay": 100, "batteryLevelPercentage": 0.5528829129548134, "buyPrice": 0.149072, "sellPrice": 0.1, "batteryLevel": 55.28829129548134, "maxBatteryForMonth": 100, "Temperature": 20.3, "ratioPc": "noData"}