{"bought": 115.14, "sold": 78.7, "Time_string": "Last update at 20:46 - 10/08/2023", "produce": 0.171, "consumption": 2.079, "ratioPC": -1.9080000000000001, "maxBatteryPerDay": 8.75, "maxAtThisDay": 10, "batteryLevelPercentage": -6.234671890093377, "buyPrice": 0.149072, "sellPrice": 0.1, "batteryLevel": -62.34671890093377, "maxBatteryForMonth": 10, "Temperature": 39.5, "ratioPc": "noData"}