{"bought": 215.5, "sold": 231.92, "Time_string": "Last update at 20:36 - 20/07/2023", "produce": 0.161, "consumption": 0.106, "buyPrice": 0.149072, "sellPrice": 0.1, "batteryLevel": -59.92417087045186, "maxBatteryPerDay": 8.75, "batteryLevelPercentage": -5.992417087045186, "maxAtThisDay": 10, "ratioPC": 0.05500000000000001, "maxBatteryForMonth": 10, "ratioPc": "noData"}