{"bought": 256.69, "sold": 316.12, "Time_string": "Last update at 13:21 - 23/09/2024", "produce": 3.881, "consumption": 0.326, "ratioPC": 3.9299999999999997, "maxBatteryPerDay": 8.75, "maxAtThisDay": 100, "batteryLevelPercentage": -0.4463139744552967, "buyPrice": 0.149072, "sellPrice": 0.1, "batteryLevel": -44.63139744552967, "maxBatteryForMonth": 100, "Temperature": 26.4, "ratioPc": "noData"}