{"bought": 223.54, "sold": 255.17, "Time_string": "Last update at 14:41 - 21/10/2024", "produce": 4.687, "consumption": 0.413, "ratioPC": 4.117, "maxBatteryPerDay": 8.75, "maxAtThisDay": 100, "batteryLevelPercentage": -0.5236768058387895, "buyPrice": 0.149072, "sellPrice": 0.1, "batteryLevel": -52.36768058387895, "maxBatteryForMonth": 100, "Temperature": 24.7, "ratioPc": "noData"}