{"bought": 190.33, "sold": 194.65, "Time_string": "Last update at 17:59 - 18/07/2023", "produce": 2.15, "consumption": 1.937, "buyPrice": 0.149072, "sellPrice": 0.1, "batteryLevel": -59.75551250402489, "maxBatteryPerDay": 8.75, "batteryLevelPercentage": -5.975551250402489, "maxAtThisDay": 10, "ratioPC": 0.21299999999999986, "maxBatteryForMonth": 10, "ratioPc": "noData"}