{"bought": 153.83, "sold": 94.56, "Time_string": "Last update at 16:22 - 13/08/2023", "produce": 4.642, "consumption": 3.76, "ratioPC": 0.8820000000000006, "maxBatteryPerDay": 8.75, "maxAtThisDay": 10, "batteryLevelPercentage": -9.039756466673822, "buyPrice": 0.149072, "sellPrice": 0.1, "batteryLevel": -90.39756466673822, "maxBatteryForMonth": 10, "Temperature": 38.0, "ratioPc": "noData"}