{"bought": 75.66, "sold": 28.18, "Time_string": "Last update at 15:13 - 07/01/2024", "produce": 4.317, "consumption": 3.299, "ratioPC": 2.3640000000000003, "maxBatteryPerDay": 8.75, "maxAtThisDay": 61.25, "batteryLevelPercentage": -0.9266348237695852, "buyPrice": 0.149072, "sellPrice": 0.1, "batteryLevel": -56.75638295588709, "maxBatteryForMonth": 100, "Temperature": 13.2, "ratioPc": "noData"}