{"bought": 153.6, "sold": 92.73, "Time_string": "Last update at 14:17 - 13/08/2023", "produce": 4.72, "consumption": 3.585, "ratioPC": 1.1349999999999998, "maxBatteryPerDay": 8.75, "maxAtThisDay": 10, "batteryLevelPercentage": -9.139515938606845, "buyPrice": 0.149072, "sellPrice": 0.1, "batteryLevel": -91.39515938606846, "maxBatteryForMonth": 10, "Temperature": 36.3, "ratioPc": "noData"}