{"bought": 61.64, "sold": 218.93, "Time_string": "Last update at 20:56 - 13/06/2023", "produce": 0.129, "consumption": 2.557, "ratioPc": null, "buyPrice": 0.149072, "sellPrice": 0.1, "batteryLevel": 85.22191907266286, "maxBatteryPerDay": 8.75, "batteryLevelPercentage": 0.7492036841552778, "maxAtThisDay": 113.75, "ratioPC": -2.428}