{"bought": 211.49, "sold": 320.14, "Time_string": "Last update at 01:44 - 20/06/2024", "produce": 0.0, "consumption": 4.003, "ratioPC": -4.0606, "maxBatteryPerDay": 8.75, "maxAtThisDay": 100, "batteryLevelPercentage": 0.03265286036277757, "buyPrice": 0.149072, "sellPrice": 0.1, "batteryLevel": 3.2652860362777574, "maxBatteryForMonth": 100, "Temperature": 16.0, "ratioPc": "noData"}