{"bought": 246.23, "sold": 202.15, "Time_string": "Last update at 11:36 - 30/12/2023", "produce": 2.969, "consumption": 4.93, "ratioPC": -0.20399999999999974, "maxBatteryPerDay": 8.75, "maxAtThisDay": 100, "batteryLevelPercentage": -1.1062438660513039, "buyPrice": 0.149072, "sellPrice": 0.1, "batteryLevel": -110.62438660513038, "maxBatteryForMonth": 100, "Temperature": 11.2, "ratioPc": "noData"}