{"bought": 460.25, "sold": 69.59, "Time_string": "Last update at 12:23 - 21/08/2024", "produce": 3.66, "consumption": 4.732, "ratioPC": -1.1230000000000002, "maxBatteryPerDay": 8.75, "maxAtThisDay": 100, "batteryLevelPercentage": -4.135678598261243, "buyPrice": 0.149072, "sellPrice": 0.1, "batteryLevel": -413.5678598261243, "maxBatteryForMonth": 100, "Temperature": 30.8, "ratioPc": "noData"}