{"bought": 5.0, "sold": 14.08, "Time_string": "Last update at 10:13 - 02/11/2023", "produce": 0.571, "consumption": 0.239, "ratioPC": 0.33199999999999996, "maxBatteryPerDay": 8.75, "maxAtThisDay": 10, "batteryLevelPercentage": 0.4445100354191263, "buyPrice": 0.149072, "sellPrice": 0.1, "batteryLevel": 4.445100354191263, "maxBatteryForMonth": 10, "Temperature": 20.2, "ratioPc": "noData"}