{"bought": 43.19, "sold": 65.96, "Time_string": "Last update at 19:16 - 05/07/2023", "produce": 1.967, "consumption": 2.792, "buyPrice": 0.149072, "sellPrice": 0.1, "batteryLevel": 1.057075238810775, "maxBatteryPerDay": 8.75, "batteryLevelPercentage": 0.10570752388107749, "maxAtThisDay": 10, "ratioPC": -0.8249999999999997, "maxBatteryForMonth": 10, "ratioPc": "noData"}