{"bought": 116.56, "sold": 152.5, "Time_string": "Last update at 21:42 - 12/07/2023", "produce": 0.023, "consumption": 1.292, "buyPrice": 0.149072, "sellPrice": 0.1, "batteryLevel": -14.26044005581197, "maxBatteryPerDay": 8.75, "batteryLevelPercentage": -1.426044005581197, "maxAtThisDay": 10, "ratioPC": -1.2690000000000001, "maxBatteryForMonth": 10, "ratioPc": "noData"}