{"bought": 476.65, "sold": 70.95, "Time_string": "Last update at 12:39 - 22/08/2024", "produce": 1.806, "consumption": 3.134, "ratioPC": 0.33299999999999974, "maxBatteryPerDay": 8.75, "maxAtThisDay": 100, "batteryLevelPercentage": -4.29055548996458, "buyPrice": 0.149072, "sellPrice": 0.1, "batteryLevel": -429.05554899645807, "maxBatteryForMonth": 100, "Temperature": 29.3, "ratioPc": "noData"}