{"bought": 1.83, "sold": 13.5, "Time_string": "Last update at 18:15 - 01/07/2023", "produce": 2.931, "consumption": 1.156, "buyPrice": 0.149072, "sellPrice": 0.1, "batteryLevel": 7.2260266180100885, "maxBatteryPerDay": 8.75, "batteryLevelPercentage": 0.8258316134868673, "maxAtThisDay": 8.75, "ratioPC": 1.7750000000000001, "maxBatteryForMonth": 100, "ratioPc": "noData"}