{"bought": 101.88, "sold": 93.29, "Time_string": "Last update at 12:40 - 09/06/2024", "produce": 3.617, "consumption": 0.088, "ratioPC": 5.045, "maxBatteryPerDay": 8.75, "maxAtThisDay": 78.75, "batteryLevelPercentage": -0.49904129505546263, "buyPrice": 0.149072, "sellPrice": 0.1, "batteryLevel": -39.29950198561768, "maxBatteryForMonth": 100, "Temperature": 23.0, "ratioPc": "noData"}