{"bought": 63.06, "sold": 259.96, "Time_string": "Last update at 10:28 - 15/09/2023", "produce": 1.978, "consumption": 0.842, "ratioPC": 1.1360000000000001, "maxBatteryPerDay": 8.75, "maxAtThisDay": 10, "batteryLevelPercentage": 11.132553182354831, "buyPrice": 0.149072, "sellPrice": 0.1, "batteryLevel": 111.32553182354832, "maxBatteryForMonth": 10, "Temperature": 22.5, "ratioPc": "noData"}