{"bought": 193.54, "sold": 202.5, "Time_string": "Last update at 10:15 - 18/10/2024", "produce": 0.541, "consumption": 0.108, "ratioPC": 0.483, "maxBatteryPerDay": 8.75, "maxAtThisDay": 100, "batteryLevelPercentage": -0.5769960072984867, "buyPrice": 0.149072, "sellPrice": 0.1, "batteryLevel": -57.69960072984867, "maxBatteryForMonth": 100, "Temperature": 15.5, "ratioPc": "noData"}