{"bought": 63.08, "sold": 41.06, "Time_string": "Last update at 14:33 - 05/06/2024", "produce": 4.705, "consumption": 2.326, "ratioPC": 0.3730000000000002, "maxBatteryPerDay": 8.75, "maxAtThisDay": 43.75, "batteryLevelPercentage": -0.8122574341832901, "buyPrice": 0.149072, "sellPrice": 0.1, "batteryLevel": -35.53626274551894, "maxBatteryForMonth": 100, "Temperature": 32.5, "ratioPc": "noData"}