{"bought": 78.39, "sold": 229.52, "Time_string": "Last update at 11:04 - 15/10/2023", "produce": 0.498, "consumption": 1.017, "ratioPC": -0.5189999999999999, "maxBatteryPerDay": 8.75, "maxAtThisDay": 10, "batteryLevelPercentage": 7.557586884190191, "buyPrice": 0.149072, "sellPrice": 0.1, "batteryLevel": 75.57586884190191, "maxBatteryForMonth": 10, "Temperature": 21.1, "ratioPc": "noData"}