{"bought": 220.59, "sold": 235.57, "Time_string": "Last update at 15:36 - 20/10/2024", "produce": 3.564, "consumption": 0.117, "ratioPC": 3.723, "maxBatteryPerDay": 8.75, "maxAtThisDay": 100, "batteryLevelPercentage": -0.6256568959965654, "buyPrice": 0.149072, "sellPrice": 0.1, "batteryLevel": -62.56568959965654, "maxBatteryForMonth": 100, "Temperature": 24.6, "ratioPc": "noData"}