{"bought": 126.08, "sold": 151.46, "Time_string": "Last update at 08:38 - 12/11/2024", "produce": 0.165, "consumption": 0.249, "ratioPC": -0.08399999999999999, "maxBatteryPerDay": 8.75, "maxAtThisDay": 100, "batteryLevelPercentage": -0.24478089513792, "buyPrice": 0.149072, "sellPrice": 0.1, "batteryLevel": -24.478089513792, "maxBatteryForMonth": 100, "Temperature": 14.6, "ratioPc": "noData"}