{"bought": 117.75, "sold": 322.61, "Time_string": "Last update at 17:26 - 21/10/2023", "produce": 0.968, "consumption": 0.318, "ratioPC": 0.6499999999999999, "maxBatteryPerDay": 8.75, "maxAtThisDay": 10, "batteryLevelPercentage": 9.866220349898038, "buyPrice": 0.149072, "sellPrice": 0.1, "batteryLevel": 98.66220349898038, "maxBatteryForMonth": 10, "Temperature": 20.6, "ratioPc": "noData"}