{"bought": 230.63, "sold": 625.65, "Time_string": "Last update at 18:31 - 26/05/2024", "produce": 2.412, "consumption": 4.193, "ratioPC": -2.294, "maxBatteryPerDay": 8.75, "maxAtThisDay": 100, "batteryLevelPercentage": 1.8906652248577864, "buyPrice": 0.149072, "sellPrice": 0.1, "batteryLevel": 189.06652248577865, "maxBatteryForMonth": 100, "Temperature": 32.5, "ratioPc": "noData"}