{"bought": 476.31, "sold": 70.07, "Time_string": "Last update at 11:02 - 22/08/2024", "produce": 0.71, "consumption": 0.254, "ratioPC": 0.44999999999999996, "maxBatteryPerDay": 8.75, "maxAtThisDay": 100, "batteryLevelPercentage": -4.29305867768595, "buyPrice": 0.149072, "sellPrice": 0.1, "batteryLevel": -429.305867768595, "maxBatteryForMonth": 100, "Temperature": 26.1, "ratioPc": "noData"}