{"bought": 87.73, "sold": 132.92, "Time_string": "Last update at 22:02 - 09/10/2024", "produce": 0.0, "consumption": 0.171, "ratioPC": -0.152, "maxBatteryPerDay": 8.75, "maxAtThisDay": 78.75, "batteryLevelPercentage": 0.01822180652877218, "buyPrice": 0.149072, "sellPrice": 0.1, "batteryLevel": 1.434967264140809, "maxBatteryForMonth": 100, "Temperature": 20.0, "ratioPc": "noData"}