{"bought": 68.92, "sold": 110.34, "Time_string": "Last update at 10:37 - 08/11/2024", "produce": 0.623, "consumption": 0.181, "ratioPC": 0.251, "maxBatteryPerDay": 8.75, "maxAtThisDay": 70.0, "batteryLevelPercentage": 0.07282748892193983, "buyPrice": 0.149072, "sellPrice": 0.1, "batteryLevel": 5.097924224535788, "maxBatteryForMonth": 100, "Temperature": 17.6, "ratioPc": "noData"}