{"bought": 63.28, "sold": 89.54, "Time_string": "Last update at 17:46 - 06/11/2024", "produce": 0.166, "consumption": 0.171, "ratioPC": 0.04300000000000001, "maxBatteryPerDay": 8.75, "maxAtThisDay": 52.5, "batteryLevelPercentage": -0.061239332096474995, "buyPrice": 0.149072, "sellPrice": 0.1, "batteryLevel": -3.2150649350649374, "maxBatteryForMonth": 100, "Temperature": 21.4, "ratioPc": "noData"}