{"bought": 233.3, "sold": 633.0, "Time_string": "Last update at 12:29 - 27/05/2024", "produce": 3.987, "consumption": 2.578, "ratioPC": 1.4140000000000001, "maxBatteryPerDay": 8.75, "maxAtThisDay": 100, "batteryLevelPercentage": 1.913270258666953, "buyPrice": 0.149072, "sellPrice": 0.1, "batteryLevel": 191.3270258666953, "maxBatteryForMonth": 100, "Temperature": 28.5, "ratioPc": "noData"}