{"bought": 38.29, "sold": 50.9, "Time_string": "Last update at 21:45 - 04/07/2023", "produce": 0.021, "consumption": 1.6, "buyPrice": 0.149072, "sellPrice": 0.1, "batteryLevel": -4.145425566169372, "maxBatteryPerDay": 8.75, "batteryLevelPercentage": -0.41454255661693723, "maxAtThisDay": 10, "ratioPC": -1.5790000000000002, "maxBatteryForMonth": 10, "ratioPc": "noData"}