{"bought": 445.33, "sold": 67.11, "Time_string": "Last update at 12:41 - 20/08/2024", "produce": 3.924, "consumption": 3.851, "ratioPC": 0.11900000000000022, "maxBatteryPerDay": 8.75, "maxAtThisDay": 100, "batteryLevelPercentage": -4.00311485456692, "buyPrice": 0.149072, "sellPrice": 0.1, "batteryLevel": -400.311485456692, "maxBatteryForMonth": 100, "Temperature": 30.4, "ratioPc": "noData"}