{"bought": 4.08, "sold": 1.36, "Time_string": "Last update at 11:24 - 01/06/2024", "produce": 2.783, "consumption": 6.34, "ratioPC": -3.7460000000000004, "maxBatteryPerDay": 8.75, "maxAtThisDay": 8.75, "batteryLevelPercentage": -0.3620216194667198, "buyPrice": 0.149072, "sellPrice": 0.1, "batteryLevel": -3.1676891703337984, "maxBatteryForMonth": 100, "Temperature": 26.8, "ratioPc": "noData"}