{"bought": 57.62, "sold": 107.75, "Time_string": "Last update at 18:35 - 07/07/2023", "produce": 3.052, "consumption": 1.736, "buyPrice": 0.149072, "sellPrice": 0.1, "batteryLevel": 14.660508747450898, "maxBatteryPerDay": 8.75, "batteryLevelPercentage": 1.4660508747450898, "maxAtThisDay": 10, "ratioPC": 1.316, "maxBatteryForMonth": 10, "ratioPc": "noData"}