{"bought": 122.06, "sold": 324.44, "Time_string": "Last update at 16:59 - 22/10/2023", "produce": 0.188, "consumption": 0.208, "ratioPC": -0.01999999999999999, "maxBatteryPerDay": 8.75, "maxAtThisDay": 10, "batteryLevelPercentage": 9.557979821831063, "buyPrice": 0.149072, "sellPrice": 0.1, "batteryLevel": 95.57979821831063, "maxBatteryForMonth": 10, "Temperature": 16.0, "ratioPc": "noData"}