{"bought": 189.01, "sold": 413.66, "Time_string": "Last update at 09:05 - 19/05/2024", "produce": 0.305, "consumption": 0.161, "ratioPC": 0.15999999999999998, "maxBatteryPerDay": 8.75, "maxAtThisDay": 100, "batteryLevelPercentage": 0.8848007191155954, "buyPrice": 0.149072, "sellPrice": 0.1, "batteryLevel": 88.48007191155955, "maxBatteryForMonth": 100, "Temperature": 15.2, "ratioPc": "noData"}