{"bought": 247.65, "sold": 352.95, "Time_string": "Last update at 16:00 - 21/06/2024", "produce": 4.891, "consumption": 0.164, "ratioPC": 4.662, "maxBatteryPerDay": 8.75, "maxAtThisDay": 100, "batteryLevelPercentage": -0.10885215198025122, "buyPrice": 0.149072, "sellPrice": 0.1, "batteryLevel": -10.885215198025122, "maxBatteryForMonth": 100, "Temperature": 30.0, "ratioPc": "noData"}