{"bought": 117.12, "sold": 49.66, "Time_string": "Last update at 13:59 - 11/01/2024", "produce": 4.658, "consumption": 0.232, "ratioPC": 4.593999999999999, "maxBatteryPerDay": 8.75, "maxAtThisDay": 96.25, "batteryLevelPercentage": -0.8707245546125014, "buyPrice": 0.149072, "sellPrice": 0.1, "batteryLevel": -83.80723838145326, "maxBatteryForMonth": 100, "Temperature": 13.0, "ratioPc": "noData"}