{"bought": 136.75, "sold": 134.84, "Time_string": "Last update at 08:47 - 20/12/2023", "produce": 0.096, "consumption": 0.335, "ratioPC": -0.23100000000000004, "maxBatteryPerDay": 8.75, "maxAtThisDay": 100, "batteryLevelPercentage": -0.46297064505742186, "buyPrice": 0.149072, "sellPrice": 0.1, "batteryLevel": -46.297064505742185, "maxBatteryForMonth": 100, "Temperature": 3.8, "ratioPc": "noData"}