{"bought": 216.86, "sold": 585.12, "Time_string": "Last update at 12:08 - 25/05/2024", "produce": 3.569, "consumption": 1.322, "ratioPC": 1.951, "maxBatteryPerDay": 8.75, "maxAtThisDay": 100, "batteryLevelPercentage": 1.7564831812815282, "buyPrice": 0.149072, "sellPrice": 0.1, "batteryLevel": 175.64831812815282, "maxBatteryForMonth": 100, "Temperature": 26.3, "ratioPc": "noData"}