{"bought": 138.28, "sold": 149.66, "Time_string": "Last update at 13:59 - 13/10/2024", "produce": 3.443, "consumption": 0.828, "ratioPC": 1.4300000000000002, "maxBatteryPerDay": 8.75, "maxAtThisDay": 100, "batteryLevelPercentage": -0.37885559729526674, "buyPrice": 0.149072, "sellPrice": 0.1, "batteryLevel": -37.885559729526676, "maxBatteryForMonth": 100, "Temperature": 23.0, "ratioPc": "noData"}