{"bought": 4.92, "sold": 13.34, "Time_string": "Last update at 08:46 - 02/11/2023", "produce": 0.157, "consumption": 0.168, "ratioPC": -0.01100000000000001, "maxBatteryPerDay": 8.75, "maxAtThisDay": 10, "batteryLevelPercentage": 0.40286959321670057, "buyPrice": 0.149072, "sellPrice": 0.1, "batteryLevel": 4.028695932167006, "maxBatteryForMonth": 10, "Temperature": 18.8, "ratioPc": "noData"}