{"bought": 636.62, "sold": 97.33, "Time_string": "Last update at 19:08 - 28/08/2024", "produce": 1.888, "consumption": 2.953, "ratioPC": -0.7989999999999999, "maxBatteryPerDay": 8.75, "maxAtThisDay": 100, "batteryLevelPercentage": -5.713294021680799, "buyPrice": 0.149072, "sellPrice": 0.1, "batteryLevel": -571.3294021680799, "maxBatteryForMonth": 100, "Temperature": 30.0, "ratioPc": "noData"}