{"bought": 130.41, "sold": 67.56, "Time_string": "Last update at 17:35 - 13/01/2024", "produce": 0.158, "consumption": 0.328, "ratioPC": -0.14100000000000001, "maxBatteryPerDay": 8.75, "maxAtThisDay": 100, "batteryLevelPercentage": -0.850896179027584, "buyPrice": 0.149072, "sellPrice": 0.1, "batteryLevel": -85.08961790275839, "maxBatteryForMonth": 100, "Temperature": 14.4, "ratioPc": "noData"}