{"bought": 298.79, "sold": 395.83, "Time_string": "Last update at 20:21 - 27/09/2024", "produce": 0.009, "consumption": 0.255, "ratioPC": -0.18100000000000002, "maxBatteryPerDay": 8.75, "maxAtThisDay": 100, "batteryLevelPercentage": -0.3326059139207905, "buyPrice": 0.149072, "sellPrice": 0.1, "batteryLevel": -33.26059139207905, "maxBatteryForMonth": 100, "Temperature": 23.6, "ratioPc": "noData"}