{"bought": 94.63, "sold": 178.88, "Time_string": "Last update at 23:53 - 11/09/2024", "produce": 0.0, "consumption": 0.126, "ratioPC": -0.127, "maxBatteryPerDay": 8.75, "maxAtThisDay": 96.25, "batteryLevelPercentage": 0.2635398106240653, "buyPrice": 0.149072, "sellPrice": 0.1, "batteryLevel": 25.365706772566284, "maxBatteryForMonth": 100, "Temperature": 19.1, "ratioPc": "noData"}