{"bought": 291.79, "sold": 336.96, "Time_string": "Last update at 11:10 - 28/07/2023", "produce": 2.522, "consumption": 0.899, "buyPrice": 0.149072, "sellPrice": 0.1, "batteryLevel": -65.75157561446824, "maxBatteryPerDay": 8.75, "batteryLevelPercentage": -6.575157561446824, "maxAtThisDay": 10, "ratioPC": 1.6229999999999998, "maxBatteryForMonth": 10, "ratioPc": "noData"}