{"bought": 93.77, "sold": 35.25, "Time_string": "Last update at 14:49 - 09/01/2024", "produce": 0.814, "consumption": 2.153, "ratioPC": -1.6760000000000002, "maxBatteryPerDay": 8.75, "maxAtThisDay": 78.75, "batteryLevelPercentage": -0.8904597876215348, "buyPrice": 0.149072, "sellPrice": 0.1, "batteryLevel": -70.12370827519587, "maxBatteryForMonth": 100, "Temperature": 11.0, "ratioPc": "noData"}