{"bought": 35.33, "sold": 121.25, "Time_string": "Last update at 15:12 - 09/11/2023", "produce": 4.211, "consumption": 0.227, "ratioPC": 3.9840000000000004, "maxBatteryPerDay": 8.75, "maxAtThisDay": 10, "batteryLevelPercentage": 4.600653536546098, "buyPrice": 0.149072, "sellPrice": 0.1, "batteryLevel": 46.00653536546098, "maxBatteryForMonth": 10, "Temperature": 22.0, "ratioPc": "noData"}