{"bought": 258.71, "sold": 289.67, "Time_string": "Last update at 17:13 - 24/07/2023", "produce": 4.056, "consumption": 3.377, "buyPrice": 0.149072, "sellPrice": 0.1, "batteryLevel": -64.39450144896423, "maxBatteryPerDay": 8.75, "batteryLevelPercentage": -6.439450144896424, "maxAtThisDay": 10, "ratioPC": 0.6790000000000003, "maxBatteryForMonth": 10, "ratioPc": "noData"}