{"bought": 107.35, "sold": 148.87, "Time_string": "Last update at 17:04 - 11/06/2024", "produce": 0.554, "consumption": 0.277, "ratioPC": 0.637, "maxBatteryPerDay": 8.75, "maxAtThisDay": 96.25, "batteryLevelPercentage": -0.07777148042469496, "buyPrice": 0.149072, "sellPrice": 0.1, "batteryLevel": -7.4855049908768905, "maxBatteryForMonth": 100, "Temperature": 26.1, "ratioPc": "noData"}