{"bought": 169.12, "sold": 365.18, "Time_string": "Last update at 15:09 - 24/06/2023", "produce": 4.657, "consumption": 3.4, "ratioPc": "noData", "buyPrice": 0.149072, "sellPrice": 0.1, "batteryLevel": 75.84887410110548, "maxBatteryPerDay": 8.75, "batteryLevelPercentage": 0.36118511476716897, "maxAtThisDay": 210.0, "ratioPC": 1.2570000000000001}