{"bought": 165.94, "sold": 445.23, "Time_string": "Last update at 17:33 - 30/10/2023", "produce": 0.547, "consumption": 0.261, "ratioPC": 0.28600000000000003, "maxBatteryPerDay": 8.75, "maxAtThisDay": 10, "batteryLevelPercentage": 13.272775786197275, "buyPrice": 0.149072, "sellPrice": 0.1, "batteryLevel": 132.72775786197275, "maxBatteryForMonth": 10, "Temperature": 18.4, "ratioPc": "noData"}