{"bought": 81.19, "sold": 131.73, "Time_string": "Last update at 11:23 - 10/07/2023", "produce": 2.577, "consumption": 1.81, "buyPrice": 0.149072, "sellPrice": 0.1, "batteryLevel": 7.176695288182884, "maxBatteryPerDay": 8.75, "batteryLevelPercentage": 0.7176695288182884, "maxAtThisDay": 10, "ratioPC": 0.7669999999999999, "maxBatteryForMonth": 10, "ratioPc": "noData"}