{"bought": 169.52, "sold": 186.02, "Time_string": "Last update at 13:38 - 17/07/2023", "produce": 4.253, "consumption": 3.266, "buyPrice": 0.149072, "sellPrice": 0.1, "batteryLevel": -44.73466137168619, "maxBatteryPerDay": 8.75, "batteryLevelPercentage": -4.473466137168619, "maxAtThisDay": 10, "ratioPC": 0.9870000000000001, "maxBatteryForMonth": 10, "ratioPc": "noData"}