{"bought": 9.57, "sold": 27.7, "Time_string": "Last update at 09:25 - 03/11/2024", "produce": 1.178, "consumption": 0.181, "ratioPC": 0.22200000000000003, "maxBatteryPerDay": 8.75, "maxAtThisDay": 26.25, "batteryLevelPercentage": 0.34329999948890144, "buyPrice": 0.149072, "sellPrice": 0.1, "batteryLevel": 9.011624986583662, "maxBatteryForMonth": 100, "Temperature": 16.4, "ratioPc": "noData"}