{"bought": 66.48, "sold": 123.75, "Time_string": "Last update at 20:17 - 08/07/2023", "produce": 0.419, "consumption": 1.224, "buyPrice": 0.149072, "sellPrice": 0.1, "batteryLevel": 16.533577331759147, "maxBatteryPerDay": 8.75, "batteryLevelPercentage": 1.6533577331759148, "maxAtThisDay": 10, "ratioPC": -0.8049999999999999, "maxBatteryForMonth": 10, "ratioPc": "noData"}