{"bought": 219.19, "sold": 608.96, "Time_string": "Last update at 09:28 - 26/05/2024", "produce": 0.556, "consumption": 1.294, "ratioPC": -0.6269999999999999, "maxBatteryPerDay": 8.75, "maxAtThisDay": 100, "batteryLevelPercentage": 1.8931059031877213, "buyPrice": 0.149072, "sellPrice": 0.1, "batteryLevel": 189.31059031877214, "maxBatteryForMonth": 100, "Temperature": 21.4, "ratioPc": "noData"}