{"bought": 110.13, "sold": 179.25, "Time_string": "Last update at 20:22 - 12/06/2024", "produce": 0.398, "consumption": 0.291, "ratioPC": 0.23700000000000002, "maxBatteryPerDay": 8.75, "maxAtThisDay": 100, "batteryLevelPercentage": 0.10113908983578412, "buyPrice": 0.149072, "sellPrice": 0.1, "batteryLevel": 10.113908983578412, "maxBatteryForMonth": 100, "Temperature": 26.3, "ratioPc": "noData"}