{"bought": 98.73, "sold": 471.14, "Time_string": "Last update at 10:54 - 25/09/2023", "produce": 2.214, "consumption": 0.836, "ratioPC": 1.3780000000000001, "maxBatteryPerDay": 8.75, "maxAtThisDay": 10, "batteryLevelPercentage": 21.73186208006869, "buyPrice": 0.149072, "sellPrice": 0.1, "batteryLevel": 217.31862080068692, "maxBatteryForMonth": 10, "Temperature": 23.8, "ratioPc": "noData"}