{"bought": 341.26, "sold": 57.5, "Time_string": "Last update at 17:38 - 17/08/2024", "produce": 3.684, "consumption": 4.452, "ratioPC": 0.4099999999999997, "maxBatteryPerDay": 8.75, "maxAtThisDay": 100, "batteryLevelPercentage": -3.026880347751422, "buyPrice": 0.149072, "sellPrice": 0.1, "batteryLevel": -302.6880347751422, "maxBatteryForMonth": 100, "Temperature": 39.4, "ratioPc": "noData"}