{"bought": 70.44, "sold": 160.21, "Time_string": "Last update at 17:03 - 10/09/2024", "produce": 3.967, "consumption": 1.573, "ratioPC": 3.139, "maxBatteryPerDay": 8.75, "maxAtThisDay": 87.5, "batteryLevelPercentage": 0.4232177984943038, "buyPrice": 0.149072, "sellPrice": 0.1, "batteryLevel": 37.03155736825158, "maxBatteryForMonth": 100, "Temperature": 30.9, "ratioPc": "noData"}