{"bought": 211.27, "sold": 278.22, "Time_string": "Last update at 14:30 - 19/09/2024", "produce": 4.679, "consumption": 2.263, "ratioPC": 4.019, "maxBatteryPerDay": 8.75, "maxAtThisDay": 100, "batteryLevelPercentage": -0.24635353654609843, "buyPrice": 0.149072, "sellPrice": 0.1, "batteryLevel": -24.635353654609844, "maxBatteryForMonth": 100, "Temperature": 27.5, "ratioPc": "noData"}