{"bought": 214.5, "sold": 375.02, "Time_string": "Last update at 09:44 - 27/06/2023", "produce": 0.608, "consumption": 0.108, "buyPrice": 0.149072, "sellPrice": 0.1, "batteryLevel": 37.069711280455095, "maxBatteryPerDay": 8.75, "batteryLevelPercentage": 0.370697112804551, "maxAtThisDay": 100, "ratioPC": 0.5, "maxBatteryForMonth": 100, "ratioPc": "noData"}