{"bought": 174.05, "sold": 316.28, "Time_string": "Last update at 16:40 - 19/06/2024", "produce": 3.34, "consumption": 0.291, "ratioPC": 1.899, "maxBatteryPerDay": 8.75, "maxAtThisDay": 100, "batteryLevelPercentage": 0.3811593324031338, "buyPrice": 0.149072, "sellPrice": 0.1, "batteryLevel": 38.11593324031338, "maxBatteryForMonth": 100, "Temperature": 21.3, "ratioPc": "noData"}