{"bought": 111.86, "sold": 285.35, "Time_string": "Last update at 19:43 - 18/06/2023", "produce": 0.867, "consumption": 3.561, "ratioPc": "noData", "buyPrice": 0.149072, "sellPrice": 0.1, "batteryLevel": 79.55757003327251, "maxBatteryPerDay": 8.75, "batteryLevelPercentage": 0.5051274287826826, "maxAtThisDay": 157.5, "ratioPC": -2.694}