{"bought": 187.75, "sold": 169.64, "Time_string": "Last update at 16:33 - 18/08/2023", "produce": 4.007, "consumption": 2.219, "ratioPC": 1.7879999999999998, "maxBatteryPerDay": 8.75, "maxAtThisDay": 10, "batteryLevelPercentage": -7.395264033487176, "buyPrice": 0.149072, "sellPrice": 0.1, "batteryLevel": -73.95264033487176, "maxBatteryForMonth": 10, "Temperature": 36.1, "ratioPc": "noData"}