{"bought": 317.29, "sold": 417.5, "Time_string": "Last update at 09:51 - 29/09/2024", "produce": 0.719, "consumption": 0.116, "ratioPC": 0.29500000000000004, "maxBatteryPerDay": 8.75, "maxAtThisDay": 100, "batteryLevelPercentage": -0.3722399162820653, "buyPrice": 0.149072, "sellPrice": 0.1, "batteryLevel": -37.223991628206534, "maxBatteryForMonth": 100, "Temperature": 19.7, "ratioPc": "noData"}