{"bought": 230.88, "sold": 627.03, "Time_string": "Last update at 21:31 - 26/05/2024", "produce": 0.028, "consumption": 0.369, "ratioPC": -0.27, "maxBatteryPerDay": 8.75, "maxAtThisDay": 100, "batteryLevelPercentage": 1.8974224965117525, "buyPrice": 0.149072, "sellPrice": 0.1, "batteryLevel": 189.74224965117526, "maxBatteryForMonth": 100, "Temperature": 28.0, "ratioPc": "noData"}