{"bought": 279.35, "sold": 330.72, "Time_string": "Last update at 17:20 - 25/10/2024", "produce": 1.668, "consumption": 0.305, "ratioPC": 1.181, "maxBatteryPerDay": 8.75, "maxAtThisDay": 100, "batteryLevelPercentage": -0.5749747236234842, "buyPrice": 0.149072, "sellPrice": 0.1, "batteryLevel": -57.49747236234842, "maxBatteryForMonth": 100, "Temperature": 21.7, "ratioPc": "noData"}