{"bought": 299.09, "sold": 700.82, "Time_string": "Last update at 22:14 - 31/05/2024", "produce": 0.0, "consumption": 0.368, "ratioPC": -0.368, "maxBatteryPerDay": 8.75, "maxAtThisDay": 100, "batteryLevelPercentage": 1.7103182032843194, "buyPrice": 0.149072, "sellPrice": 0.1, "batteryLevel": 171.03182032843193, "maxBatteryForMonth": 100, "Temperature": 26.2, "ratioPc": "noData"}