{"bought": 117.52, "sold": 560.41, "Time_string": "Last update at 13:58 - 29/09/2023", "produce": 4.712, "consumption": 3.265, "ratioPC": 1.4469999999999996, "maxBatteryPerDay": 8.75, "maxAtThisDay": 10, "batteryLevelPercentage": 25.84124353332617, "buyPrice": 0.149072, "sellPrice": 0.1, "batteryLevel": 258.4124353332617, "maxBatteryForMonth": 10, "Temperature": 34.0, "ratioPc": "noData"}