{"bought": 83.58, "sold": 32.54, "Time_string": "Last update at 13:50 - 08/01/2024", "produce": 1.372, "consumption": 2.079, "ratioPC": -0.7550000000000001, "maxBatteryPerDay": 8.75, "maxAtThisDay": 70.0, "batteryLevelPercentage": -0.8821660252380442, "buyPrice": 0.149072, "sellPrice": 0.1, "batteryLevel": -61.75162176666309, "maxBatteryForMonth": 100, "Temperature": 11.0, "ratioPc": "noData"}