{"bought": 97.06, "sold": 147.07, "Time_string": "Last update at 17:58 - 11/07/2023", "produce": 3.173, "consumption": 1.932, "buyPrice": 0.149072, "sellPrice": 0.1, "batteryLevel": 1.597024793388428, "maxBatteryPerDay": 8.75, "batteryLevelPercentage": 0.1597024793388428, "maxAtThisDay": 10, "ratioPC": 1.241, "maxBatteryForMonth": 10, "ratioPc": "noData"}