{"bought": 299.15, "sold": 700.82, "Time_string": "Last update at 22:21 - 31/05/2024", "produce": 0.0, "consumption": 0.205, "ratioPC": -0.368, "maxBatteryPerDay": 8.75, "maxAtThisDay": 100, "batteryLevelPercentage": 1.7097182032843192, "buyPrice": 0.149072, "sellPrice": 0.1, "batteryLevel": 170.97182032843193, "maxBatteryForMonth": 100, "Temperature": 25.9, "ratioPc": "noData"}