{"bought": 269.44, "sold": 307.36, "Time_string": "Last update at 19:13 - 25/07/2023", "produce": 2.195, "consumption": 3.639, "buyPrice": 0.149072, "sellPrice": 0.1, "batteryLevel": -63.25775249543844, "maxBatteryPerDay": 8.75, "batteryLevelPercentage": -6.3257752495438435, "maxAtThisDay": 10, "ratioPC": -1.444, "maxBatteryForMonth": 10, "ratioPc": "noData"}