{"bought": 295.53, "sold": 693.33, "Time_string": "Last update at 09:25 - 31/05/2024", "produce": 0.423, "consumption": 0.151, "ratioPC": 0.19, "maxBatteryPerDay": 8.75, "maxAtThisDay": 100, "batteryLevelPercentage": 1.6956740259740268, "buyPrice": 0.149072, "sellPrice": 0.1, "batteryLevel": 169.5674025974027, "maxBatteryForMonth": 100, "Temperature": 23.7, "ratioPc": "noData"}