{"bought": 82.3, "sold": 229.29, "Time_string": "Last update at 17:33 - 11/05/2024", "produce": 3.909, "consumption": 2.874, "ratioPC": 1.0590000000000002, "maxBatteryPerDay": 8.75, "maxAtThisDay": 96.25, "batteryLevelPercentage": 0.742977464737688, "buyPrice": 0.149072, "sellPrice": 0.1, "batteryLevel": 71.51158098100247, "maxBatteryForMonth": 100, "Temperature": 30.4, "ratioPc": "noData"}