{"bought": 109.48, "sold": 77.06, "Time_string": "Last update at 13:53 - 10/08/2023", "produce": 4.225, "consumption": 5.793, "ratioPC": -1.5680000000000005, "maxBatteryPerDay": 8.75, "maxAtThisDay": 10, "batteryLevelPercentage": -5.778685843082537, "buyPrice": 0.149072, "sellPrice": 0.1, "batteryLevel": -57.786858430825376, "maxBatteryForMonth": 10, "Temperature": 38.6, "ratioPc": "noData"}