{"bought": 66.37, "sold": 131.96, "Time_string": "Last update at 16:39 - 09/09/2024", "produce": 4.344, "consumption": 0.265, "ratioPC": 2.606, "maxBatteryPerDay": 8.75, "maxAtThisDay": 78.75, "batteryLevelPercentage": 0.2812823257026327, "buyPrice": 0.149072, "sellPrice": 0.1, "batteryLevel": 22.15098314908232, "maxBatteryForMonth": 100, "Temperature": 29.6, "ratioPc": "noData"}