{"bought": 464.17, "sold": 69.68, "Time_string": "Last update at 18:14 - 21/08/2024", "produce": 3.021, "consumption": 4.301, "ratioPC": -1.2070000000000003, "maxBatteryPerDay": 8.75, "maxAtThisDay": 100, "batteryLevelPercentage": -4.174274863153375, "buyPrice": 0.149072, "sellPrice": 0.1, "batteryLevel": -417.42748631533755, "maxBatteryForMonth": 100, "Temperature": 33.8, "ratioPc": "noData"}