{"bought": 108.38, "sold": 269.04, "Time_string": "Last update at 06:29 - 18/06/2023", "produce": 0.0, "consumption": 0.274, "ratioPc": null, "buyPrice": 0.149072, "sellPrice": 0.1, "batteryLevel": 72.09654824514331, "maxBatteryPerDay": 8.75, "batteryLevelPercentage": 0.4577558618739258, "maxAtThisDay": 157.5, "ratioPC": -0.274}