{"bought": 122.27, "sold": 78.98, "Time_string": "Last update at 10:15 - 11/08/2023", "produce": 1.291, "consumption": 0.888, "ratioPC": 0.4029999999999999, "maxBatteryPerDay": 8.75, "maxAtThisDay": 10, "batteryLevelPercentage": -6.928889020070838, "buyPrice": 0.149072, "sellPrice": 0.1, "batteryLevel": -69.28889020070838, "maxBatteryForMonth": 10, "Temperature": 30.8, "ratioPc": "noData"}