{"bought": 343.56, "sold": 366.75, "Time_string": "Last update at 15:13 - 30/10/2024", "produce": 0.256, "consumption": 5.058, "ratioPC": -4.679, "maxBatteryPerDay": 8.75, "maxAtThisDay": 100, "batteryLevelPercentage": -0.9753794354405924, "buyPrice": 0.149072, "sellPrice": 0.1, "batteryLevel": -97.53794354405923, "maxBatteryForMonth": 100, "Temperature": 15.0, "ratioPc": "noData"}