{"bought": 122.18, "sold": 58.72, "Time_string": "Last update at 11:04 - 12/01/2024", "produce": 2.675, "consumption": 3.524, "ratioPC": -1.3090000000000002, "maxBatteryPerDay": 8.75, "maxAtThisDay": 100, "batteryLevelPercentage": -0.8278963829558872, "buyPrice": 0.149072, "sellPrice": 0.1, "batteryLevel": -82.78963829558872, "maxBatteryForMonth": 100, "Temperature": 10.1, "ratioPc": "noData"}