{"bought": 157.91, "sold": 362.97, "Time_string": "Last update at 01:34 - 24/06/2023", "produce": 0.0, "consumption": 0.128, "ratioPc": "noData", "buyPrice": 0.149072, "sellPrice": 0.1, "batteryLevel": 85.57636900289793, "maxBatteryPerDay": 8.75, "batteryLevelPercentage": 0.4075065190614187, "maxAtThisDay": 210.0, "ratioPC": -0.128}