{"bought": 88.72, "sold": 132.92, "Time_string": "Last update at 04:49 - 10/10/2024", "produce": 0.0, "consumption": 0.091, "ratioPC": -0.199, "maxBatteryPerDay": 8.75, "maxAtThisDay": 87.5, "batteryLevelPercentage": 0.005085340161609306, "buyPrice": 0.149072, "sellPrice": 0.1, "batteryLevel": 0.4449672641408142, "maxBatteryForMonth": 100, "Temperature": 15.0, "ratioPc": "noData"}