{"bought": 173.83, "sold": 447.38, "Time_string": "Last update at 13:17 - 31/10/2023", "produce": 1.16, "consumption": 3.254, "ratioPC": -2.0940000000000003, "maxBatteryPerDay": 8.75, "maxAtThisDay": 10, "batteryLevelPercentage": 12.628001395298915, "buyPrice": 0.149072, "sellPrice": 0.1, "batteryLevel": 126.28001395298915, "maxBatteryForMonth": 10, "Temperature": 16.0, "ratioPc": "noData"}