{"bought": 127.64, "sold": 138.42, "Time_string": "Last update at 05:25 - 11/10/2024", "produce": 0.0, "consumption": 0.129, "ratioPC": -0.136, "maxBatteryPerDay": 8.75, "maxAtThisDay": 96.25, "batteryLevelPercentage": -0.36140821205198165, "buyPrice": 0.149072, "sellPrice": 0.1, "batteryLevel": -34.785540410003236, "maxBatteryForMonth": 100, "Temperature": 15.4, "ratioPc": "noData"}