{"bought": 27.79, "sold": 100.69, "Time_string": "Last update at 20:08 - 06/09/2023", "produce": 0.196, "consumption": 1.372, "ratioPC": -1.1760000000000002, "maxBatteryPerDay": 8.75, "maxAtThisDay": 10, "batteryLevelPercentage": 3.9754542234624886, "buyPrice": 0.149072, "sellPrice": 0.1, "batteryLevel": 39.754542234624886, "maxBatteryForMonth": 10, "Temperature": 27.9, "ratioPc": "noData"}