{"bought": 509.83, "sold": 79.13, "Time_string": "Last update at 12:01 - 23/08/2024", "produce": 3.408, "consumption": 2.931, "ratioPC": -0.2250000000000001, "maxBatteryPerDay": 8.75, "maxAtThisDay": 100, "batteryLevelPercentage": -4.567482676827305, "buyPrice": 0.149072, "sellPrice": 0.1, "batteryLevel": -456.7482676827305, "maxBatteryForMonth": 100, "Temperature": 28.0, "ratioPc": "noData"}