{"bought": 44.33, "sold": 111.53, "Time_string": "Last update at 11:01 - 08/10/2023", "produce": 2.111, "consumption": 0.143, "ratioPC": 1.9680000000000002, "maxBatteryPerDay": 8.75, "maxAtThisDay": 10, "batteryLevelPercentage": 3.0486196200493723, "buyPrice": 0.149072, "sellPrice": 0.1, "batteryLevel": 30.486196200493723, "maxBatteryForMonth": 10, "Temperature": 25.0, "ratioPc": "noData"}