{"bought": 7.48, "sold": 27.83, "Time_string": "Last update at 16:40 - 02/09/2023", "produce": 0.952, "consumption": 0.419, "ratioPC": 0.5329999999999999, "maxBatteryPerDay": 8.75, "maxAtThisDay": 10, "batteryLevelPercentage": 1.1188831168831168, "buyPrice": 0.149072, "sellPrice": 0.1, "batteryLevel": 11.188831168831168, "maxBatteryForMonth": 10, "Temperature": 25.3, "ratioPc": "noData"}