{"bought": 123.47, "sold": 223.59, "Time_string": "Last update at 14:32 - 14/09/2024", "produce": 4.656, "consumption": 3.239, "ratioPC": -0.9950000000000001, "maxBatteryPerDay": 8.75, "maxAtThisDay": 100, "batteryLevelPercentage": 0.26517925297842654, "buyPrice": 0.149072, "sellPrice": 0.1, "batteryLevel": 26.517925297842652, "maxBatteryForMonth": 100, "Temperature": 31.6, "ratioPc": "noData"}