{"bought": 633.58, "sold": 94.34, "Time_string": "Last update at 13:54 - 28/08/2024", "produce": 1.494, "consumption": 3.962, "ratioPC": 0.9670000000000005, "maxBatteryPerDay": 8.75, "maxAtThisDay": 100, "batteryLevelPercentage": -5.702951443597725, "buyPrice": 0.149072, "sellPrice": 0.1, "batteryLevel": -570.2951443597725, "maxBatteryForMonth": 100, "Temperature": 32.8, "ratioPc": "noData"}