{"bought": 294.03, "sold": 351.7, "Time_string": "Last update at 13:05 - 26/09/2024", "produce": 5.374, "consumption": 7.959, "ratioPC": -0.6049999999999995, "maxBatteryPerDay": 8.75, "maxAtThisDay": 100, "batteryLevelPercentage": -0.5810373618117418, "buyPrice": 0.149072, "sellPrice": 0.1, "batteryLevel": -58.103736181174185, "maxBatteryForMonth": 100, "Temperature": 25.2, "ratioPc": "noData"}