{"bought": 109.98, "sold": 78.66, "Time_string": "Last update at 17:00 - 10/08/2023", "produce": 3.817, "consumption": 3.505, "ratioPC": 0.3120000000000003, "maxBatteryPerDay": 8.75, "maxAtThisDay": 10, "batteryLevelPercentage": -5.721355157239456, "buyPrice": 0.149072, "sellPrice": 0.1, "batteryLevel": -57.21355157239456, "maxBatteryForMonth": 10, "Temperature": 43.0, "ratioPc": "noData"}