{"bought": 138.28, "sold": 154.22, "Time_string": "Last update at 16:36 - 13/10/2024", "produce": 0.552, "consumption": 0.875, "ratioPC": 0.492, "maxBatteryPerDay": 8.75, "maxAtThisDay": 100, "batteryLevelPercentage": -0.3482663518299883, "buyPrice": 0.149072, "sellPrice": 0.1, "batteryLevel": -34.82663518299883, "maxBatteryForMonth": 100, "Temperature": 24.4, "ratioPc": "noData"}