{"bought": 145.12, "sold": 289.21, "Time_string": "Last update at 21:21 - 17/06/2024", "produce": 0.036, "consumption": 5.67, "ratioPC": -5.516, "maxBatteryPerDay": 8.75, "maxAtThisDay": 100, "batteryLevelPercentage": 0.4888692282923685, "buyPrice": 0.149072, "sellPrice": 0.1, "batteryLevel": 48.88692282923685, "maxBatteryForMonth": 100, "Temperature": 25.3, "ratioPc": "noData"}