{"bought": 102.09, "sold": 102.96, "Time_string": "Last update at 19:25 - 09/06/2024", "produce": 0.749, "consumption": 0.182, "ratioPC": 0.6100000000000001, "maxBatteryPerDay": 8.75, "maxAtThisDay": 78.75, "batteryLevelPercentage": -0.4193359194917638, "buyPrice": 0.149072, "sellPrice": 0.1, "batteryLevel": -33.0227036599764, "maxBatteryForMonth": 100, "Temperature": 23.0, "ratioPc": "noData"}