{"bought": 173.94, "sold": 350.7, "Time_string": "Last update at 17:09 - 16/05/2024", "produce": 5.964, "consumption": 8.159, "ratioPC": -4.178999999999999, "maxBatteryPerDay": 8.75, "maxAtThisDay": 100, "batteryLevelPercentage": 0.6131544703230654, "buyPrice": 0.149072, "sellPrice": 0.1, "batteryLevel": 61.31544703230654, "maxBatteryForMonth": 100, "Temperature": 21.0, "ratioPc": "noData"}