{"bought": 29.23, "sold": 53.14, "Time_string": "Last update at 08:38 - 05/09/2024", "produce": 0.113, "consumption": 1.451, "ratioPC": -0.12000000000000001, "maxBatteryPerDay": 8.75, "maxAtThisDay": 43.75, "batteryLevelPercentage": 0.14667894938591505, "buyPrice": 0.149072, "sellPrice": 0.1, "batteryLevel": 6.417204035633784, "maxBatteryForMonth": 100, "Temperature": 18.9, "ratioPc": "noData"}