{"bought": 36.26, "sold": 48.07, "Time_string": "Last update at 14:31 - 04/11/2024", "produce": 3.404, "consumption": 0.258, "ratioPC": 3.9720000000000004, "maxBatteryPerDay": 8.75, "maxAtThisDay": 35.0, "batteryLevelPercentage": -0.11468105920053964, "buyPrice": 0.149072, "sellPrice": 0.1, "batteryLevel": -4.013837072018887, "maxBatteryForMonth": 100, "Temperature": 22.0, "ratioPc": "noData"}