{"bought": 279.75, "sold": 209.18, "Time_string": "Last update at 10:22 - 24/08/2023", "produce": 1.291, "consumption": 0.909, "ratioPC": 0.3819999999999999, "maxBatteryPerDay": 8.75, "maxAtThisDay": 10, "batteryLevelPercentage": -13.942854459589995, "buyPrice": 0.149072, "sellPrice": 0.1, "batteryLevel": -139.42854459589995, "maxBatteryForMonth": 10, "Temperature": 31.1, "ratioPc": "noData"}