{"bought": 20.9, "sold": 7.04, "Time_string": "Last update at 15:51 - 02/12/2023", "produce": 2.484, "consumption": 5.115, "ratioPC": -2.6310000000000002, "maxBatteryPerDay": 8.75, "maxAtThisDay": 17.5, "batteryLevelPercentage": -0.9244257041659639, "buyPrice": 0.149072, "sellPrice": 0.1, "batteryLevel": -16.177449822904368, "maxBatteryForMonth": 100, "Temperature": 15.0, "ratioPc": "noData"}