{"bought": 146.03, "sold": 238.04, "Time_string": "Last update at 18:41 - 15/09/2024", "produce": 2.042, "consumption": 1.744, "ratioPC": 0.5980000000000001, "maxBatteryPerDay": 8.75, "maxAtThisDay": 100, "batteryLevelPercentage": 0.13651227863046045, "buyPrice": 0.149072, "sellPrice": 0.1, "batteryLevel": 13.651227863046046, "maxBatteryForMonth": 100, "Temperature": 33.0, "ratioPc": "noData"}