{"bought": 101.86, "sold": 89.03, "Time_string": "Last update at 08:04 - 09/06/2024", "produce": 0.174, "consumption": 0.137, "ratioPC": 0.03999999999999998, "maxBatteryPerDay": 8.75, "maxAtThisDay": 78.75, "batteryLevelPercentage": -0.5350753205865366, "buyPrice": 0.149072, "sellPrice": 0.1, "batteryLevel": -42.13718149618976, "maxBatteryForMonth": 100, "Temperature": 16.1, "ratioPc": "noData"}