{"bought": 143.98, "sold": 281.53, "Time_string": "Last update at 10:22 - 14/05/2024", "produce": 1.914, "consumption": 0.185, "ratioPC": 1.432, "maxBatteryPerDay": 8.75, "maxAtThisDay": 100, "batteryLevelPercentage": 0.44875049908768916, "buyPrice": 0.149072, "sellPrice": 0.1, "batteryLevel": 44.875049908768915, "maxBatteryForMonth": 100, "Temperature": 17.7, "ratioPc": "noData"}