{"bought": 233.3, "sold": 640.9, "Time_string": "Last update at 15:06 - 27/05/2024", "produce": 4.935, "consumption": 1.002, "ratioPC": 3.1400000000000006, "maxBatteryPerDay": 8.75, "maxAtThisDay": 100, "batteryLevelPercentage": 1.9662647848019748, "buyPrice": 0.149072, "sellPrice": 0.1, "batteryLevel": 196.62647848019748, "maxBatteryForMonth": 100, "Temperature": 32.0, "ratioPc": "noData"}