{"bought": 281.58, "sold": 212.85, "Time_string": "Last update at 16:56 - 24/08/2023", "produce": 3.493, "consumption": 3.536, "ratioPC": -0.04300000000000015, "maxBatteryPerDay": 8.75, "maxAtThisDay": 10, "batteryLevelPercentage": -13.879664698937427, "buyPrice": 0.149072, "sellPrice": 0.1, "batteryLevel": -138.79664698937427, "maxBatteryForMonth": 10, "Temperature": 41.9, "ratioPc": "noData"}