{"bought": 695.49, "sold": 108.42, "Time_string": "Last update at 15:23 - 31/08/2024", "produce": 1.827, "consumption": 3.204, "ratioPC": 0.7439999999999998, "maxBatteryPerDay": 8.75, "maxAtThisDay": 100, "batteryLevelPercentage": -6.227600440055812, "buyPrice": 0.149072, "sellPrice": 0.1, "batteryLevel": -622.7600440055812, "maxBatteryForMonth": 100, "Temperature": 33.4, "ratioPc": "noData"}