{"bought": 208.01, "sold": 567.17, "Time_string": "Last update at 13:13 - 24/05/2024", "produce": 4.424, "consumption": 0.319, "ratioPC": 3.8829999999999996, "maxBatteryPerDay": 8.75, "maxAtThisDay": 100, "batteryLevelPercentage": 1.72457156810132, "buyPrice": 0.149072, "sellPrice": 0.1, "batteryLevel": 172.457156810132, "maxBatteryForMonth": 100, "Temperature": 27.4, "ratioPc": "noData"}