{"bought": 198.3, "sold": 212.08, "Time_string": "Last update at 11:27 - 19/10/2024", "produce": 2.39, "consumption": 8.723, "ratioPC": 2.6479999999999997, "maxBatteryPerDay": 8.75, "maxAtThisDay": 100, "batteryLevelPercentage": -0.560331759149941, "buyPrice": 0.149072, "sellPrice": 0.1, "batteryLevel": -56.0331759149941, "maxBatteryForMonth": 100, "Temperature": 19.5, "ratioPc": "noData"}