{"bought": 181.94, "sold": 157.87, "Time_string": "Last update at 19:46 - 17/08/2023", "produce": 1.137, "consumption": 1.193, "ratioPC": -0.05600000000000005, "maxBatteryPerDay": 8.75, "maxAtThisDay": 10, "batteryLevelPercentage": -7.603815391220349, "buyPrice": 0.149072, "sellPrice": 0.1, "batteryLevel": -76.0381539122035, "maxBatteryForMonth": 10, "Temperature": 32.2, "ratioPc": "noData"}