{"bought": 100.53, "sold": 147.77, "Time_string": "Last update at 02:51 - 12/07/2023", "produce": 0.0, "consumption": 0.101, "buyPrice": 0.149072, "sellPrice": 0.1, "batteryLevel": -1.403403456048082, "maxBatteryPerDay": 8.75, "batteryLevelPercentage": -0.14034034560480818, "maxAtThisDay": 10, "ratioPC": -0.101, "maxBatteryForMonth": 10, "ratioPc": "noData"}