{"bought": 187.07, "sold": 413.47, "Time_string": "Last update at 19:56 - 18/05/2024", "produce": 0.99, "consumption": 1.291, "ratioPC": -0.1100000000000001, "maxBatteryPerDay": 8.75, "maxAtThisDay": 100, "batteryLevelPercentage": 0.902926167221209, "buyPrice": 0.149072, "sellPrice": 0.1, "batteryLevel": 90.2926167221209, "maxBatteryForMonth": 100, "Temperature": 22.1, "ratioPc": "noData"}