{"bought": 298.33, "sold": 395.82, "Time_string": "Last update at 19:28 - 27/09/2024", "produce": 0.408, "consumption": 0.201, "ratioPC": 0.774, "maxBatteryPerDay": 8.75, "maxAtThisDay": 100, "batteryLevelPercentage": -0.3280729955994417, "buyPrice": 0.149072, "sellPrice": 0.1, "batteryLevel": -32.80729955994417, "maxBatteryForMonth": 100, "Temperature": 24.5, "ratioPc": "noData"}