{"bought": 74.04, "sold": 163.79, "Time_string": "Last update at 05:09 - 11/09/2024", "produce": 0.0, "consumption": 0.089, "ratioPC": -0.128, "maxBatteryPerDay": 8.75, "maxAtThisDay": 96.25, "batteryLevelPercentage": 0.37229175547003174, "buyPrice": 0.149072, "sellPrice": 0.1, "batteryLevel": 35.83308146399055, "maxBatteryForMonth": 100, "Temperature": 16.8, "ratioPc": "noData"}