{"bought": 132.15, "sold": 332.02, "Time_string": "Last update at 19:07 - 23/10/2023", "produce": 0.376, "consumption": 0.358, "ratioPC": 0.018000000000000016, "maxBatteryPerDay": 8.75, "maxAtThisDay": 10, "batteryLevelPercentage": 9.057458946012662, "buyPrice": 0.149072, "sellPrice": 0.1, "batteryLevel": 90.57458946012662, "maxBatteryForMonth": 10, "Temperature": 16.9, "ratioPc": "noData"}