{"bought": 95.64, "sold": 178.88, "Time_string": "Last update at 09:04 - 12/09/2024", "produce": 0.175, "consumption": 0.136, "ratioPC": 0.07599999999999998, "maxBatteryPerDay": 8.75, "maxAtThisDay": 100, "batteryLevelPercentage": 0.2435570677256628, "buyPrice": 0.149072, "sellPrice": 0.1, "batteryLevel": 24.35570677256628, "maxBatteryForMonth": 100, "Temperature": 19.1, "ratioPc": "noData"}