{"bought": 34.58, "sold": 47.69, "Time_string": "Last update at 17:14 - 04/07/2023", "produce": 4.068, "consumption": 2.25, "buyPrice": 0.149072, "sellPrice": 0.1, "batteryLevel": -2.5887474508962107, "maxBatteryPerDay": 8.75, "batteryLevelPercentage": -0.25887474508962105, "maxAtThisDay": 10, "ratioPC": 1.8179999999999996, "maxBatteryForMonth": 10, "ratioPc": "noData"}