{"bought": 162.75, "sold": 96.48, "Time_string": "Last update at 11:18 - 14/08/2023", "produce": 2.642, "consumption": 1.096, "ratioPC": 1.5459999999999998, "maxBatteryPerDay": 8.75, "maxAtThisDay": 10, "batteryLevelPercentage": -9.802959643662122, "buyPrice": 0.149072, "sellPrice": 0.1, "batteryLevel": -98.02959643662122, "maxBatteryForMonth": 10, "Temperature": 27.6, "ratioPc": "noData"}