{"bought": 216.48, "sold": 580.63, "Time_string": "Last update at 08:06 - 25/05/2024", "produce": 0.173, "consumption": 0.198, "ratioPC": -0.03799999999999998, "maxBatteryPerDay": 8.75, "maxAtThisDay": 100, "batteryLevelPercentage": 1.7301635075668136, "buyPrice": 0.149072, "sellPrice": 0.1, "batteryLevel": 173.01635075668136, "maxBatteryForMonth": 100, "Temperature": 15.3, "ratioPc": "noData"}