{"bought": 133.77, "sold": 146.29, "Time_string": "Last update at 17:46 - 12/10/2024", "produce": 0.108, "consumption": 0.136, "ratioPC": 0.04600000000000001, "maxBatteryPerDay": 8.75, "maxAtThisDay": 100, "batteryLevelPercentage": -0.35636212300096615, "buyPrice": 0.149072, "sellPrice": 0.1, "batteryLevel": -35.636212300096616, "maxBatteryForMonth": 100, "Temperature": 19.2, "ratioPc": "noData"}