{"bought": 115.06, "sold": 121.58, "Time_string": "Last update at 17:33 - 17/12/2023", "produce": 0.124, "consumption": 0.406, "ratioPC": -0.28200000000000003, "maxBatteryPerDay": 8.75, "maxAtThisDay": 100, "batteryLevelPercentage": -0.3350209509498765, "buyPrice": 0.149072, "sellPrice": 0.1, "batteryLevel": -33.50209509498765, "maxBatteryForMonth": 100, "Temperature": 13.9, "ratioPc": "noData"}