{"bought": 65.95, "sold": 111.88, "Time_string": "Last update at 08:24 - 09/09/2024", "produce": 0.052, "consumption": 0.038, "ratioPC": -0.10300000000000001, "maxBatteryPerDay": 8.75, "maxAtThisDay": 78.75, "batteryLevelPercentage": 0.11556802635905349, "buyPrice": 0.149072, "sellPrice": 0.1, "batteryLevel": 9.100982075775462, "maxBatteryForMonth": 100, "Temperature": 16.0, "ratioPc": "noData"}