{"bought": 278.18, "sold": 368.44, "Time_string": "Last update at 20:50 - 23/06/2024", "produce": 0.171, "consumption": 0.177, "ratioPC": 0.0, "maxBatteryPerDay": 8.75, "maxAtThisDay": 100, "batteryLevelPercentage": -0.31024263174841704, "buyPrice": 0.149072, "sellPrice": 0.1, "batteryLevel": -31.024263174841707, "maxBatteryForMonth": 100, "Temperature": 33.5, "ratioPc": "noData"}