{"bought": 226.95, "sold": 320.94, "Time_string": "Last update at 10:48 - 20/06/2024", "produce": 2.256, "consumption": 0.925, "ratioPC": 1.1440000000000001, "maxBatteryPerDay": 8.75, "maxAtThisDay": 100, "batteryLevelPercentage": -0.11658060534506802, "buyPrice": 0.149072, "sellPrice": 0.1, "batteryLevel": -11.658060534506802, "maxBatteryForMonth": 100, "Temperature": 18.6, "ratioPc": "noData"}