{"bought": 48.7, "sold": 20.04, "Time_string": "Last update at 08:17 - 04/06/2024", "produce": 0.178, "consumption": 0.133, "ratioPC": 0.02099999999999999, "maxBatteryPerDay": 8.75, "maxAtThisDay": 35.0, "batteryLevelPercentage": -1.0073380456615404, "buyPrice": 0.149072, "sellPrice": 0.1, "batteryLevel": -35.256831598153916, "maxBatteryForMonth": 100, "Temperature": 18.9, "ratioPc": "noData"}