{"bought": 27.98, "sold": 82.15, "Time_string": "Last update at 14:44 - 05/10/2023", "produce": 4.789, "consumption": 4.272, "ratioPC": 0.5169999999999995, "maxBatteryPerDay": 8.75, "maxAtThisDay": 10, "batteryLevelPercentage": 2.7127599012557697, "buyPrice": 0.149072, "sellPrice": 0.1, "batteryLevel": 27.1275990125577, "maxBatteryForMonth": 10, "Temperature": 32.8, "ratioPc": "noData"}