{"bought": 156.33, "sold": 170.32, "Time_string": "Last update at 20:30 - 15/07/2023", "produce": 0.214, "consumption": 2.135, "buyPrice": 0.149072, "sellPrice": 0.1, "batteryLevel": -42.07648492003865, "maxBatteryPerDay": 8.75, "batteryLevelPercentage": -4.207648492003865, "maxAtThisDay": 10, "ratioPC": -1.9209999999999998, "maxBatteryForMonth": 10, "ratioPc": "noData"}