{"bought": 226.8, "sold": 320.23, "Time_string": "Last update at 09:21 - 20/06/2024", "produce": 0.325, "consumption": 0.224, "ratioPC": 0.12499999999999997, "maxBatteryPerDay": 8.75, "maxAtThisDay": 100, "batteryLevelPercentage": -0.11984340452935499, "buyPrice": 0.149072, "sellPrice": 0.1, "batteryLevel": -11.984340452935498, "maxBatteryForMonth": 100, "Temperature": 16.4, "ratioPc": "noData"}