{"bought": 247.65, "sold": 346.45, "Time_string": "Last update at 14:34 - 21/06/2024", "produce": 4.987, "consumption": 0.213, "ratioPC": 4.729, "maxBatteryPerDay": 8.75, "maxAtThisDay": 100, "batteryLevelPercentage": -0.15245524310400355, "buyPrice": 0.149072, "sellPrice": 0.1, "batteryLevel": -15.245524310400356, "maxBatteryForMonth": 100, "Temperature": 28.6, "ratioPc": "noData"}