{"bought": 174.05, "sold": 311.66, "Time_string": "Last update at 15:14 - 19/06/2024", "produce": 1.078, "consumption": 0.177, "ratioPC": 5.832, "maxBatteryPerDay": 8.75, "maxAtThisDay": 100, "batteryLevelPercentage": 0.3501675968659441, "buyPrice": 0.149072, "sellPrice": 0.1, "batteryLevel": 35.01675968659441, "maxBatteryForMonth": 100, "Temperature": 19.7, "ratioPc": "noData"}