{"bought": 2.1, "sold": 0.91, "Time_string": "Last update at 11:05 - 01/08/2023", "produce": 2.493, "consumption": 1.27, "ratioPC": 1.2229999999999999, "maxBatteryPerDay": 8.75, "maxAtThisDay": 8.75, "batteryLevelPercentage": -0.17023505420199636, "buyPrice": 0.149072, "sellPrice": 0.1, "batteryLevel": -1.489556724267468, "maxBatteryForMonth": 10, "Temperature": "28", "ratioPc": "noData"}