{"bought": 46.98, "sold": 106.55, "Time_string": "Last update at 17:15 - 07/09/2024", "produce": 0.342, "consumption": 0.143, "ratioPC": 0.5690000000000001, "maxBatteryPerDay": 8.75, "maxAtThisDay": 61.25, "batteryLevelPercentage": 0.3999269976102495, "buyPrice": 0.149072, "sellPrice": 0.1, "batteryLevel": 24.495528603627783, "maxBatteryForMonth": 100, "Temperature": 30.5, "ratioPc": "noData"}