{"bought": 89.82, "sold": 257.68, "Time_string": "Last update at 18:57 - 16/06/2023", "produce": 2.417, "consumption": 5.368, "ratioPc": null, "buyPrice": 0.149072, "sellPrice": 0.1, "batteryLevel": 83.03606955028442, "maxBatteryPerDay": 8.75, "batteryLevelPercentage": 0.5931147825020316, "maxAtThisDay": 140.0, "ratioPC": -2.9510000000000005}