{"bought": 268.23, "sold": 209.33, "Time_string": "Last update at 17:31 - 31/12/2023", "produce": 0.457, "consumption": 0.386, "ratioPC": 0.21800000000000003, "maxBatteryPerDay": 8.75, "maxAtThisDay": 100, "batteryLevelPercentage": -1.2780792207792209, "buyPrice": 0.149072, "sellPrice": 0.1, "batteryLevel": -127.80792207792209, "maxBatteryForMonth": 100, "Temperature": 13.0, "ratioPc": "noData"}