{"bought": 69.48, "sold": 51.9, "Time_string": "Last update at 14:23 - 06/06/2024", "produce": 3.904, "consumption": 2.957, "ratioPC": -0.1849999999999996, "maxBatteryPerDay": 8.75, "maxAtThisDay": 52.5, "batteryLevelPercentage": -0.6602782624695257, "buyPrice": 0.149072, "sellPrice": 0.1, "batteryLevel": -34.6646087796501, "maxBatteryForMonth": 100, "Temperature": 34.4, "ratioPc": "noData"}