{"bought": 96.29, "sold": 60.69, "Time_string": "Last update at 14:00 - 07/06/2024", "produce": 2.984, "consumption": 0.261, "ratioPC": 1.1059999999999999, "maxBatteryPerDay": 8.75, "maxAtThisDay": 61.25, "batteryLevelPercentage": -0.9073980281819717, "buyPrice": 0.149072, "sellPrice": 0.1, "batteryLevel": -55.57812922614576, "maxBatteryForMonth": 100, "Temperature": 26.0, "ratioPc": "noData"}