{"bought": 154.23, "sold": 406.34, "Time_string": "Last update at 15:26 - 28/10/2023", "produce": 2.109, "consumption": 2.128, "ratioPC": -0.019000000000000128, "maxBatteryPerDay": 8.75, "maxAtThisDay": 10, "batteryLevelPercentage": 11.834969303423847, "buyPrice": 0.149072, "sellPrice": 0.1, "batteryLevel": 118.34969303423847, "maxBatteryForMonth": 10, "Temperature": 21.4, "ratioPc": "noData"}