{"bought": 198.92, "sold": 250.96, "Time_string": "Last update at 12:16 - 17/09/2024", "produce": 3.084, "consumption": 0.384, "ratioPC": 0.943, "maxBatteryPerDay": 8.75, "maxAtThisDay": 100, "batteryLevelPercentage": -0.30571819255125005, "buyPrice": 0.149072, "sellPrice": 0.1, "batteryLevel": -30.571819255125007, "maxBatteryForMonth": 100, "Temperature": 26.5, "ratioPc": "noData"}