{"bought": 126.13, "sold": 161.88, "Time_string": "Last update at 13:07 - 12/11/2024", "produce": 4.476, "consumption": 2.267, "ratioPC": 4.2139999999999995, "maxBatteryPerDay": 8.75, "maxAtThisDay": 100, "batteryLevelPercentage": -0.17538178598261253, "buyPrice": 0.149072, "sellPrice": 0.1, "batteryLevel": -17.538178598261254, "maxBatteryForMonth": 100, "Temperature": 20.1, "ratioPc": "noData"}