{"bought": 99.67, "sold": 74.81, "Time_string": "Last update at 17:02 - 09/08/2023", "produce": 3.079, "consumption": 3.128, "ratioPC": -0.04899999999999993, "maxBatteryPerDay": 8.75, "maxAtThisDay": 10, "batteryLevelPercentage": -4.948619620049373, "buyPrice": 0.149072, "sellPrice": 0.1, "batteryLevel": -49.48619620049372, "maxBatteryForMonth": 10, "Temperature": 38.0, "ratioPc": "noData"}