{"bought": 71.29, "sold": 123.75, "Time_string": "Last update at 08:32 - 09/07/2023", "produce": 0.185, "consumption": 0.104, "buyPrice": 0.149072, "sellPrice": 0.1, "batteryLevel": 11.723577331759145, "maxBatteryPerDay": 8.75, "batteryLevelPercentage": 1.1723577331759145, "maxAtThisDay": 10, "ratioPC": 0.081, "maxBatteryForMonth": 10, "ratioPc": "noData"}