{"bought": 65.16, "sold": 46.56, "Time_string": "Last update at 20:18 - 05/06/2024", "produce": 0.566, "consumption": 2.067, "ratioPC": -1.3890000000000002, "maxBatteryPerDay": 8.75, "maxAtThisDay": 43.75, "batteryLevelPercentage": -0.775469038163725, "buyPrice": 0.149072, "sellPrice": 0.1, "batteryLevel": -33.92677041966297, "maxBatteryForMonth": 100, "Temperature": 31.4, "ratioPc": "noData"}