{"bought": 41.18, "sold": 74.84, "Time_string": "Last update at 13:09 - 06/09/2024", "produce": 4.35, "consumption": 0.74, "ratioPC": 3.3200000000000003, "maxBatteryPerDay": 8.75, "maxAtThisDay": 52.5, "batteryLevelPercentage": 0.17188434863051164, "buyPrice": 0.149072, "sellPrice": 0.1, "batteryLevel": 9.023928303101862, "maxBatteryForMonth": 100, "Temperature": 27.3, "ratioPc": "noData"}