{"bought": 171.38, "sold": 190.7, "Time_string": "Last update at 11:26 - 15/11/2024", "produce": 3.273, "consumption": 0.197, "ratioPC": 3.1039999999999996, "maxBatteryPerDay": 8.75, "maxAtThisDay": 100, "batteryLevelPercentage": -0.4345523881077601, "buyPrice": 0.149072, "sellPrice": 0.1, "batteryLevel": -43.45523881077601, "maxBatteryForMonth": 100, "Temperature": 16.4, "ratioPc": "noData"}