{"bought": 243.42, "sold": 391.72, "Time_string": "Last update at 14:35 - 29/06/2023", "produce": 4.631, "consumption": 4.385, "buyPrice": 0.149072, "sellPrice": 0.1, "batteryLevel": 19.352351615326853, "maxBatteryPerDay": 8.75, "batteryLevelPercentage": 0.19352351615326854, "maxAtThisDay": 100, "ratioPC": 0.24600000000000044, "maxBatteryForMonth": 100, "ratioPc": "noData"}