{"bought": 130.71, "sold": 324.44, "Time_string": "Last update at 09:32 - 23/10/2023", "produce": 0.277, "consumption": 2.485, "ratioPC": -2.2079999999999997, "maxBatteryPerDay": 8.75, "maxAtThisDay": 10, "batteryLevelPercentage": 8.692979821831063, "buyPrice": 0.149072, "sellPrice": 0.1, "batteryLevel": 86.92979821831062, "maxBatteryForMonth": 10, "Temperature": 13.6, "ratioPc": "noData"}