{"bought": 55.83, "sold": 233.75, "Time_string": "Last update at 14:19 - 15/11/2023", "produce": 4.488, "consumption": 0.295, "ratioPC": 4.1930000000000005, "maxBatteryPerDay": 8.75, "maxAtThisDay": 10, "batteryLevelPercentage": 10.09734238488784, "buyPrice": 0.149072, "sellPrice": 0.1, "batteryLevel": 100.9734238488784, "maxBatteryForMonth": 10, "Temperature": 24.0, "ratioPc": "noData"}