{"bought": 232.65, "sold": 252.06, "Time_string": "Last update at 08:03 - 22/07/2023", "produce": 0.096, "consumption": 0.352, "buyPrice": 0.149072, "sellPrice": 0.1, "batteryLevel": -63.56392078995384, "maxBatteryPerDay": 8.75, "batteryLevelPercentage": -6.356392078995384, "maxAtThisDay": 10, "ratioPC": -0.256, "maxBatteryForMonth": 10, "ratioPc": "noData"}