{"bought": 1.5, "sold": 21.8, "Time_string": "Last update at 16:40 - 01/10/2023", "produce": 4.124, "consumption": 0.123, "ratioPC": 4.0009999999999994, "maxBatteryPerDay": 8.75, "maxAtThisDay": 8.75, "batteryLevelPercentage": 1.4998635366994282, "buyPrice": 0.149072, "sellPrice": 0.1, "batteryLevel": 13.123805946119996, "maxBatteryForMonth": 10, "Temperature": 35.7, "ratioPc": "noData"}