{"bought": 226.61, "sold": 274.63, "Time_string": "Last update at 13:12 - 22/10/2024", "produce": 4.261, "consumption": 0.435, "ratioPC": 2.5400000000000005, "maxBatteryPerDay": 8.75, "maxAtThisDay": 100, "batteryLevelPercentage": -0.4238358591821404, "buyPrice": 0.149072, "sellPrice": 0.1, "batteryLevel": -42.38358591821404, "maxBatteryForMonth": 100, "Temperature": 22.4, "ratioPc": "noData"}