{"bought": 137.44, "sold": 138.61, "Time_string": "Last update at 13:02 - 20/12/2023", "produce": 3.62, "consumption": 2.502, "ratioPC": 1.399, "maxBatteryPerDay": 8.75, "maxAtThisDay": 100, "batteryLevelPercentage": -0.4445808522056454, "buyPrice": 0.149072, "sellPrice": 0.1, "batteryLevel": -44.45808522056454, "maxBatteryForMonth": 100, "Temperature": 12.0, "ratioPc": "noData"}