{"bought": 115.97, "sold": 204.46, "Time_string": "Last update at 07:56 - 14/06/2024", "produce": 0.155, "consumption": 0.164, "ratioPC": -0.034, "maxBatteryPerDay": 8.75, "maxAtThisDay": 100, "batteryLevelPercentage": 0.21185200171729093, "buyPrice": 0.149072, "sellPrice": 0.1, "batteryLevel": 21.185200171729093, "maxBatteryForMonth": 100, "Temperature": 17.9, "ratioPc": "noData"}