{"bought": 1.19, "sold": 0.67, "Time_string": "Last update at 10:18 - 01/07/2023", "produce": 1.306, "consumption": 0.22, "buyPrice": 0.149072, "sellPrice": 0.1, "batteryLevel": -0.7405527530320919, "maxBatteryPerDay": 8.75, "batteryLevelPercentage": -0.08463460034652479, "maxAtThisDay": 8.75, "ratioPC": 1.086, "maxBatteryForMonth": 100, "ratioPc": "noData"}