{"bought": 165.92, "sold": 157.29, "Time_string": "Last update at 13:20 - 23/12/2023", "produce": 4.452, "consumption": 0.3, "ratioPC": 4.002, "maxBatteryPerDay": 8.75, "maxAtThisDay": 100, "batteryLevelPercentage": -0.6040722764838468, "buyPrice": 0.149072, "sellPrice": 0.1, "batteryLevel": -60.407227648384676, "maxBatteryForMonth": 100, "Temperature": 14.3, "ratioPc": "noData"}