{"bought": 189.23, "sold": 438.93, "Time_string": "Last update at 18:15 - 19/05/2024", "produce": 3.337, "consumption": 1.025, "ratioPC": 2.365, "maxBatteryPerDay": 8.75, "maxAtThisDay": 100, "batteryLevelPercentage": 1.0521161210690135, "buyPrice": 0.149072, "sellPrice": 0.1, "batteryLevel": 105.21161210690136, "maxBatteryForMonth": 100, "Temperature": 22.8, "ratioPc": "noData"}