{"bought": 214.01, "sold": 579.7, "Time_string": "Last update at 19:02 - 24/05/2024", "produce": 2.315, "consumption": 0.963, "ratioPC": 1.6280000000000001, "maxBatteryPerDay": 8.75, "maxAtThisDay": 100, "batteryLevelPercentage": 1.7486249114521843, "buyPrice": 0.149072, "sellPrice": 0.1, "batteryLevel": 174.86249114521843, "maxBatteryForMonth": 100, "Temperature": 29.0, "ratioPc": "noData"}