{"bought": 194.19, "sold": 172.18, "Time_string": "Last update at 08:30 - 19/08/2023", "produce": 0.017, "consumption": 0.238, "ratioPC": -0.22099999999999997, "maxBatteryPerDay": 8.75, "maxAtThisDay": 10, "batteryLevelPercentage": -7.868876569711281, "buyPrice": 0.149072, "sellPrice": 0.1, "batteryLevel": -78.68876569711281, "maxBatteryForMonth": 10, "Temperature": 22.5, "ratioPc": "noData"}