{"bought": 7.48, "sold": 19.44, "Time_string": "Last update at 12:18 - 02/09/2023", "produce": 3.804, "consumption": 1.143, "ratioPC": 2.6609999999999996, "maxBatteryPerDay": 8.75, "maxAtThisDay": 10, "batteryLevelPercentage": 0.5560678329934529, "buyPrice": 0.149072, "sellPrice": 0.1, "batteryLevel": 5.560678329934529, "maxBatteryForMonth": 10, "Temperature": 25.3, "ratioPc": "noData"}