{"bought": 111.0, "sold": 534.98, "Time_string": "Last update at 09:59 - 28/09/2023", "produce": 0.766, "consumption": 1.285, "ratioPC": -0.5189999999999999, "maxBatteryPerDay": 8.75, "maxAtThisDay": 10, "batteryLevelPercentage": 24.787356445207685, "buyPrice": 0.149072, "sellPrice": 0.1, "batteryLevel": 247.87356445207683, "maxBatteryForMonth": 10, "Temperature": 22.0, "ratioPc": "noData"}