{"bought": 244.71, "sold": 260.25, "Time_string": "Last update at 12:12 - 23/07/2023", "produce": 3.513, "consumption": 1.532, "buyPrice": 0.149072, "sellPrice": 0.1, "batteryLevel": -70.12993130836108, "maxBatteryPerDay": 8.75, "batteryLevelPercentage": -7.012993130836108, "maxAtThisDay": 10, "ratioPC": 1.9809999999999999, "maxBatteryForMonth": 10, "ratioPc": "noData"}