{"bought": 69.05, "sold": 138.63, "Time_string": "Last update at 00:37 - 10/09/2024", "produce": 0.0, "consumption": 0.094, "ratioPC": -0.133, "maxBatteryPerDay": 8.75, "maxAtThisDay": 87.5, "batteryLevelPercentage": 0.27366092703046646, "buyPrice": 0.149072, "sellPrice": 0.1, "batteryLevel": 23.945331115165814, "maxBatteryForMonth": 100, "Temperature": 18.4, "ratioPc": "noData"}