{"bought": 233.3, "sold": 639.16, "Time_string": "Last update at 14:33 - 27/05/2024", "produce": 4.864, "consumption": 2.458, "ratioPC": 3.084, "maxBatteryPerDay": 8.75, "maxAtThisDay": 100, "batteryLevelPercentage": 1.9545925727165387, "buyPrice": 0.149072, "sellPrice": 0.1, "batteryLevel": 195.45925727165388, "maxBatteryForMonth": 100, "Temperature": 31.6, "ratioPc": "noData"}