{"bought": 146.22, "sold": 354.1, "Time_string": "Last update at 09:23 - 23/06/2023", "produce": 0.366, "consumption": 0.139, "ratioPc": "noData", "buyPrice": 0.149072, "sellPrice": 0.1, "batteryLevel": 91.31622410647205, "maxBatteryPerDay": 8.75, "batteryLevelPercentage": 0.4537452129514139, "maxAtThisDay": 201.25, "ratioPC": 0.22699999999999998}