{"bought": 89.58, "sold": 257.68, "Time_string": "Last update at 18:51 - 16/06/2023", "produce": 2.657, "consumption": 4.335, "ratioPc": null, "buyPrice": 0.149072, "sellPrice": 0.1, "batteryLevel": 83.27606955028442, "maxBatteryPerDay": 8.75, "batteryLevelPercentage": 0.5948290682163173, "maxAtThisDay": 140.0, "ratioPC": -1.678}