{"bought": 74.21, "sold": 163.79, "Time_string": "Last update at 06:40 - 11/09/2024", "produce": 0.0, "consumption": 0.122, "ratioPC": -0.119, "maxBatteryPerDay": 8.75, "maxAtThisDay": 96.25, "batteryLevelPercentage": 0.3705255217037981, "buyPrice": 0.149072, "sellPrice": 0.1, "batteryLevel": 35.663081463990565, "maxBatteryForMonth": 100, "Temperature": 16.0, "ratioPc": "noData"}