{"bought": 285.83, "sold": 334.88, "Time_string": "Last update at 17:30 - 27/07/2023", "produce": 4.057, "consumption": 2.945, "buyPrice": 0.149072, "sellPrice": 0.1, "batteryLevel": -61.18687453042824, "maxBatteryPerDay": 8.75, "batteryLevelPercentage": -6.118687453042824, "maxAtThisDay": 10, "ratioPC": 1.1120000000000005, "maxBatteryForMonth": 10, "ratioPc": "noData"}