{"bought": 18.83, "sold": 44.17, "Time_string": "Last update at 04:32 - 03/10/2024", "produce": 0.0, "consumption": 0.087, "ratioPC": -0.156, "maxBatteryPerDay": 8.75, "maxAtThisDay": 26.25, "batteryLevelPercentage": 0.41142771278308476, "buyPrice": 0.149072, "sellPrice": 0.1, "batteryLevel": 10.799977460555976, "maxBatteryForMonth": 100, "Temperature": 21.0, "ratioPc": "noData"}