{"bought": 153.54, "sold": 289.21, "Time_string": "Last update at 23:20 - 17/06/2024", "produce": 0.0, "consumption": 0.166, "ratioPC": -0.162, "maxBatteryPerDay": 8.75, "maxAtThisDay": 100, "batteryLevelPercentage": 0.4046692282923686, "buyPrice": 0.149072, "sellPrice": 0.1, "batteryLevel": 40.466922829236864, "maxBatteryForMonth": 100, "Temperature": 21.7, "ratioPc": "noData"}