{"bought": 74.69, "sold": 169.57, "Time_string": "Last update at 12:45 - 11/09/2024", "produce": 3.989, "consumption": 0.145, "ratioPC": 3.728, "maxBatteryPerDay": 8.75, "maxAtThisDay": 96.25, "batteryLevelPercentage": 0.40582236353321466, "buyPrice": 0.149072, "sellPrice": 0.1, "batteryLevel": 39.06040249007191, "maxBatteryForMonth": 100, "Temperature": 26.5, "ratioPc": "noData"}