{"bought": 243.83, "sold": 392.31, "Time_string": "Last update at 16:30 - 29/06/2023", "produce": 4.233, "consumption": 4.313, "buyPrice": 0.149072, "sellPrice": 0.1, "batteryLevel": 19.338133519373145, "maxBatteryPerDay": 8.75, "batteryLevelPercentage": 0.19338133519373144, "maxAtThisDay": 100, "ratioPC": -0.08000000000000007, "maxBatteryForMonth": 100, "ratioPc": "noData"}