{"bought": 74.69, "sold": 170.68, "Time_string": "Last update at 13:15 - 11/09/2024", "produce": 4.35, "consumption": 3.12, "ratioPC": 2.6710000000000003, "maxBatteryPerDay": 8.75, "maxAtThisDay": 96.25, "batteryLevelPercentage": 0.4135585363439824, "buyPrice": 0.149072, "sellPrice": 0.1, "batteryLevel": 39.805009123108306, "maxBatteryForMonth": 100, "Temperature": 27.5, "ratioPc": "noData"}