{"bought": 44.06, "sold": 161.5, "Time_string": "Last update at 16:04 - 10/09/2023", "produce": 1.194, "consumption": 0.985, "ratioPC": 0.20899999999999996, "maxBatteryPerDay": 8.75, "maxAtThisDay": 10, "batteryLevelPercentage": 6.427691102286144, "buyPrice": 0.149072, "sellPrice": 0.1, "batteryLevel": 64.27691102286144, "maxBatteryForMonth": 10, "Temperature": 29.0, "ratioPc": "noData"}