{"bought": 87.97, "sold": 132.92, "Time_string": "Last update at 23:11 - 09/10/2024", "produce": 0.0, "consumption": 0.202, "ratioPC": -0.227, "maxBatteryPerDay": 8.75, "maxAtThisDay": 78.75, "batteryLevelPercentage": 0.015174187481153196, "buyPrice": 0.149072, "sellPrice": 0.1, "batteryLevel": 1.1949672641408142, "maxBatteryForMonth": 100, "Temperature": 18.8, "ratioPc": "noData"}