{"bought": 2.21, "sold": 5.71, "Time_string": "Last update at 15:15 - 01/11/2024", "produce": 1.1, "consumption": 2.405, "ratioPC": 1.0659999999999998, "maxBatteryPerDay": 8.75, "maxAtThisDay": 8.75, "batteryLevelPercentage": 0.18518444011714383, "buyPrice": 0.149072, "sellPrice": 0.1, "batteryLevel": 1.6203638510250085, "maxBatteryForMonth": 100, "Temperature": 19.0, "ratioPc": "noData"}