{"bought": 109.98, "sold": 178.94, "Time_string": "Last update at 19:18 - 12/06/2024", "produce": 2.086, "consumption": 1.503, "ratioPC": 0.8630000000000002, "maxBatteryPerDay": 8.75, "maxAtThisDay": 100, "batteryLevelPercentage": 0.1005595577975744, "buyPrice": 0.149072, "sellPrice": 0.1, "batteryLevel": 10.05595577975744, "maxBatteryForMonth": 100, "Temperature": 27.7, "ratioPc": "noData"}