{"bought": 35.16, "sold": 57.18, "Time_string": "Last update at 15:34 - 05/09/2024", "produce": 4.777, "consumption": 1.067, "ratioPC": 2.779, "maxBatteryPerDay": 8.75, "maxAtThisDay": 43.75, "batteryLevelPercentage": 0.07308123092963716, "buyPrice": 0.149072, "sellPrice": 0.1, "batteryLevel": 3.1973038531716256, "maxBatteryForMonth": 100, "Temperature": 32.0, "ratioPc": "noData"}