{"bought": 177.44, "sold": 367.27, "Time_string": "Last update at 08:49 - 25/06/2023", "produce": 0.282, "consumption": 0.159, "ratioPc": "noData", "buyPrice": 0.149072, "sellPrice": 0.1, "batteryLevel": 68.93088118493074, "maxBatteryPerDay": 8.75, "batteryLevelPercentage": 0.3151125997025405, "maxAtThisDay": 218.75, "ratioPC": 0.12299999999999997}