{"bought": 122.59, "sold": 300.79, "Time_string": "Last update at 05:29 - 20/06/2023", "produce": 0.0, "consumption": 0.317, "ratioPc": "noData", "buyPrice": 0.149072, "sellPrice": 0.1, "batteryLevel": 79.18498121713, "maxBatteryPerDay": 8.75, "batteryLevelPercentage": 0.4524856069550286, "maxAtThisDay": 175.0, "ratioPC": -0.317}