{"bought": 21.85, "sold": 1.47, "Time_string": "Last update at 11:31 - 02/01/2024", "produce": 2.501, "consumption": 3.39, "ratioPC": -0.46799999999999997, "maxBatteryPerDay": 8.75, "maxAtThisDay": 17.5, "batteryLevelPercentage": -1.1922228185038104, "buyPrice": 0.149072, "sellPrice": 0.1, "batteryLevel": -20.863899323816682, "maxBatteryForMonth": 100, "Temperature": 12.0, "ratioPc": "noData"}