{"bought": 235.57, "sold": 669.93, "Time_string": "Last update at 16:10 - 28/05/2024", "produce": 4.565, "consumption": 0.932, "ratioPC": 3.6350000000000002, "maxBatteryPerDay": 8.75, "maxAtThisDay": 100, "batteryLevelPercentage": 2.1383028979285172, "buyPrice": 0.149072, "sellPrice": 0.1, "batteryLevel": 213.83028979285172, "maxBatteryForMonth": 100, "Temperature": 32.2, "ratioPc": "noData"}