{"bought": 142.06, "sold": 160.38, "Time_string": "Last update at 15:16 - 14/07/2023", "produce": 4.797, "consumption": 4.561, "buyPrice": 0.149072, "sellPrice": 0.1, "batteryLevel": -34.474403778040156, "maxBatteryPerDay": 8.75, "batteryLevelPercentage": -3.4474403778040155, "maxAtThisDay": 10, "ratioPC": 0.23599999999999977, "maxBatteryForMonth": 10, "ratioPc": "noData"}