{"bought": 127.71, "sold": 138.42, "Time_string": "Last update at 06:02 - 11/10/2024", "produce": 0.0, "consumption": 0.092, "ratioPC": -0.198, "maxBatteryPerDay": 8.75, "maxAtThisDay": 96.25, "batteryLevelPercentage": -0.36213548477925434, "buyPrice": 0.149072, "sellPrice": 0.1, "batteryLevel": -34.85554041000323, "maxBatteryForMonth": 100, "Temperature": 16.0, "ratioPc": "noData"}