{"bought": 117.04, "sold": 47.81, "Time_string": "Last update at 13:31 - 11/01/2024", "produce": 1.04, "consumption": 3.796, "ratioPC": 2.2060000000000004, "maxBatteryPerDay": 8.75, "maxAtThisDay": 96.25, "batteryLevelPercentage": -0.8827870071326119, "buyPrice": 0.149072, "sellPrice": 0.1, "batteryLevel": -84.9682494365139, "maxBatteryForMonth": 100, "Temperature": 12.5, "ratioPc": "noData"}