{"bought": 161.6, "sold": 174.25, "Time_string": "Last update at 13:57 - 16/07/2023", "produce": 4.552, "consumption": 1.426, "buyPrice": 0.149072, "sellPrice": 0.1, "batteryLevel": -44.710174949017926, "maxBatteryPerDay": 8.75, "batteryLevelPercentage": -4.471017494901792, "maxAtThisDay": 10, "ratioPC": 3.1259999999999994, "maxBatteryForMonth": 10, "ratioPc": "noData"}