{"bought": 125.56, "sold": 278.66, "Time_string": "Last update at 13:43 - 17/06/2024", "produce": 4.652, "consumption": 0.387, "ratioPC": 3.532, "maxBatteryPerDay": 8.75, "maxAtThisDay": 100, "batteryLevelPercentage": 0.6136980573145863, "buyPrice": 0.149072, "sellPrice": 0.1, "batteryLevel": 61.36980573145863, "maxBatteryForMonth": 100, "Temperature": 30.5, "ratioPc": "noData"}