{"bought": 200.48, "sold": 183.48, "Time_string": "Last update at 16:48 - 26/12/2023", "produce": 1.468, "consumption": 4.337, "ratioPC": -2.5660000000000003, "maxBatteryPerDay": 8.75, "maxAtThisDay": 100, "batteryLevelPercentage": -0.7739853600944511, "buyPrice": 0.149072, "sellPrice": 0.1, "batteryLevel": -77.39853600944511, "maxBatteryForMonth": 100, "Temperature": 13.2, "ratioPc": "noData"}