{"bought": 188.16, "sold": 172.18, "Time_string": "Last update at 19:31 - 18/08/2023", "produce": 1.685, "consumption": 2.144, "ratioPC": -0.4590000000000001, "maxBatteryPerDay": 8.75, "maxAtThisDay": 10, "batteryLevelPercentage": -7.265876569711281, "buyPrice": 0.149072, "sellPrice": 0.1, "batteryLevel": -72.65876569711281, "maxBatteryForMonth": 10, "Temperature": 33.5, "ratioPc": "noData"}