{"bought": 173.83, "sold": 445.42, "Time_string": "Last update at 10:28 - 31/10/2023", "produce": 0.566, "consumption": 0.234, "ratioPC": 0.33199999999999996, "maxBatteryPerDay": 8.75, "maxAtThisDay": 10, "batteryLevelPercentage": 12.496521305141139, "buyPrice": 0.149072, "sellPrice": 0.1, "batteryLevel": 124.96521305141138, "maxBatteryForMonth": 10, "Temperature": 14.5, "ratioPc": "noData"}