{"bought": 102.36, "sold": 103.2, "Time_string": "Last update at 21:16 - 09/06/2024", "produce": 0.08, "consumption": 0.304, "ratioPC": -0.11499999999999999, "maxBatteryPerDay": 8.75, "maxAtThisDay": 78.75, "batteryLevelPercentage": -0.4207200969042764, "buyPrice": 0.149072, "sellPrice": 0.1, "batteryLevel": -33.13170763121177, "maxBatteryForMonth": 100, "Temperature": 21.7, "ratioPc": "noData"}