{"bought": 128.74, "sold": 144.29, "Time_string": "Last update at 17:22 - 11/10/2024", "produce": 0.264, "consumption": 0.216, "ratioPC": 0.01200000000000001, "maxBatteryPerDay": 8.75, "maxAtThisDay": 96.25, "batteryLevelPercentage": -0.3319256714091962, "buyPrice": 0.149072, "sellPrice": 0.1, "batteryLevel": -31.947845873135137, "maxBatteryForMonth": 100, "Temperature": 20.0, "ratioPc": "noData"}