{"bought": 293.77, "sold": 352.61, "Time_string": "Last update at 19:06 - 28/07/2023", "produce": 2.311, "consumption": 5.136, "buyPrice": 0.149072, "sellPrice": 0.1, "batteryLevel": -57.23329290544166, "maxBatteryPerDay": 8.75, "batteryLevelPercentage": -5.723329290544166, "maxAtThisDay": 10, "ratioPC": -2.825, "maxBatteryForMonth": 10, "ratioPc": "noData"}