{"bought": 88.4, "sold": 132.92, "Time_string": "Last update at 02:21 - 10/10/2024", "produce": 0.0, "consumption": 0.128, "ratioPC": -0.132, "maxBatteryPerDay": 8.75, "maxAtThisDay": 87.5, "batteryLevelPercentage": 0.008742483018752084, "buyPrice": 0.149072, "sellPrice": 0.1, "batteryLevel": 0.7649672641408074, "maxBatteryForMonth": 100, "Temperature": 16.6, "ratioPc": "noData"}