{"bought": 187.65, "sold": 174.4, "Time_string": "Last update at 17:14 - 25/12/2023", "produce": 1.132, "consumption": 0.288, "ratioPC": 1.0550000000000002, "maxBatteryPerDay": 8.75, "maxAtThisDay": 100, "batteryLevelPercentage": -0.7065955243104004, "buyPrice": 0.149072, "sellPrice": 0.1, "batteryLevel": -70.65955243104004, "maxBatteryForMonth": 100, "Temperature": 12.8, "ratioPc": "noData"}