{"bought": 147.83, "sold": 360.54, "Time_string": "Last update at 16:11 - 23/06/2023", "produce": 4.485, "consumption": 4.402, "ratioPc": "noData", "buyPrice": 0.149072, "sellPrice": 0.1, "batteryLevel": 94.0262842116561, "maxBatteryPerDay": 8.75, "batteryLevelPercentage": 0.46721135012003034, "maxAtThisDay": 201.25, "ratioPC": 0.08300000000000018}