{"bought": 78.81, "sold": 66.71, "Time_string": "Last update at 09:27 - 08/08/2023", "produce": 0.496, "consumption": 0.161, "ratioPC": 0.33499999999999996, "maxBatteryPerDay": 8.75, "maxAtThisDay": 10, "batteryLevelPercentage": -3.405981217129978, "buyPrice": 0.149072, "sellPrice": 0.1, "batteryLevel": -34.05981217129978, "maxBatteryForMonth": 10, "Temperature": 26.9, "ratioPc": "noData"}