{"bought": 95.86, "sold": 179.01, "Time_string": "Last update at 09:57 - 12/09/2024", "produce": 0.867, "consumption": 1.375, "ratioPC": -0.5790000000000001, "maxBatteryPerDay": 8.75, "maxAtThisDay": 100, "batteryLevelPercentage": 0.2422291295481378, "buyPrice": 0.149072, "sellPrice": 0.1, "batteryLevel": 24.22291295481378, "maxBatteryForMonth": 100, "Temperature": 20.9, "ratioPc": "noData"}