{"bought": 174.6, "sold": 447.55, "Time_string": "Last update at 14:10 - 31/10/2023", "produce": 0.724, "consumption": 3.13, "ratioPC": -2.4059999999999997, "maxBatteryPerDay": 8.75, "maxAtThisDay": 10, "batteryLevelPercentage": 12.562405280669745, "buyPrice": 0.149072, "sellPrice": 0.1, "batteryLevel": 125.62405280669745, "maxBatteryForMonth": 10, "Temperature": 16.0, "ratioPc": "noData"}