{"bought": 180.69, "sold": 409.09, "Time_string": "Last update at 10:07 - 25/11/2023", "produce": 1.88, "consumption": 0.222, "ratioPC": 1.658, "maxBatteryPerDay": 8.75, "maxAtThisDay": 100, "batteryLevelPercentage": 0.9373443919716646, "buyPrice": 0.149072, "sellPrice": 0.1, "batteryLevel": 93.73443919716647, "maxBatteryForMonth": 100, "Temperature": 10.2, "ratioPc": "noData"}