{"bought": 117.75, "sold": 300.05, "Time_string": "Last update at 10:21 - 21/10/2023", "produce": 0.487, "consumption": 0.256, "ratioPC": 0.23099999999999998, "maxBatteryPerDay": 8.75, "maxAtThisDay": 10, "batteryLevelPercentage": 8.352857679510572, "buyPrice": 0.149072, "sellPrice": 0.1, "batteryLevel": 83.52857679510572, "maxBatteryForMonth": 10, "Temperature": 14.7, "ratioPc": "noData"}