{"bought": 193.33, "sold": 109.97, "Time_string": "Last update at 09:29 - 21/01/2024", "produce": 0.438, "consumption": 0.256, "ratioPC": 0.024999999999999967, "maxBatteryPerDay": 8.75, "maxAtThisDay": 100, "batteryLevelPercentage": -1.1956027798647635, "buyPrice": 0.149072, "sellPrice": 0.1, "batteryLevel": -119.56027798647635, "maxBatteryForMonth": 100, "Temperature": 9.5, "ratioPc": "noData"}