{"bought": 101.88, "sold": 90.67, "Time_string": "Last update at 11:07 - 09/06/2024", "produce": 0.79, "consumption": 0.135, "ratioPC": 0.694, "maxBatteryPerDay": 8.75, "maxAtThisDay": 78.75, "batteryLevelPercentage": -0.5213592630641036, "buyPrice": 0.149072, "sellPrice": 0.1, "batteryLevel": -41.057041966298165, "maxBatteryForMonth": 100, "Temperature": 22.1, "ratioPc": "noData"}