{"bought": 253.06, "sold": 309.57, "Time_string": "Last update at 19:11 - 22/09/2024", "produce": 0.606, "consumption": 0.184, "ratioPC": 0.602, "maxBatteryPerDay": 8.75, "maxAtThisDay": 100, "batteryLevelPercentage": -0.45395247397230887, "buyPrice": 0.149072, "sellPrice": 0.1, "batteryLevel": -45.39524739723089, "maxBatteryForMonth": 100, "Temperature": 24.6, "ratioPc": "noData"}