{"bought": 50.89, "sold": 27.12, "Time_string": "Last update at 13:45 - 04/06/2024", "produce": 4.492, "consumption": 7.147, "ratioPC": -2.5660000000000007, "maxBatteryPerDay": 8.75, "maxAtThisDay": 35.0, "batteryLevelPercentage": -0.9342128214170717, "buyPrice": 0.149072, "sellPrice": 0.1, "batteryLevel": -32.69744874959751, "maxBatteryForMonth": 100, "Temperature": 29.8, "ratioPc": "noData"}