{"bought": 154.15, "sold": 402.32, "Time_string": "Last update at 14:05 - 28/10/2023", "produce": 3.96, "consumption": 0.248, "ratioPC": 3.7119999999999997, "maxBatteryPerDay": 8.75, "maxAtThisDay": 10, "batteryLevelPercentage": 11.573300955243102, "buyPrice": 0.149072, "sellPrice": 0.1, "batteryLevel": 115.73300955243101, "maxBatteryForMonth": 10, "Temperature": 21.0, "ratioPc": "noData"}