{"bought": 3.25, "sold": 24.65, "Time_string": "Last update at 19:27 - 01/10/2023", "produce": 0.102, "consumption": 4.911, "ratioPC": -4.808999999999999, "maxBatteryPerDay": 8.75, "maxAtThisDay": 8.75, "batteryLevelPercentage": 1.5183581471657028, "buyPrice": 0.149072, "sellPrice": 0.1, "batteryLevel": 13.2856337876999, "maxBatteryForMonth": 10, "Temperature": 33.6, "ratioPc": "noData"}