{"bought": 232.98, "sold": 382.29, "Time_string": "Last update at 13:57 - 28/06/2023", "produce": 3.875, "consumption": 3.695, "buyPrice": 0.149072, "sellPrice": 0.1, "batteryLevel": 23.466549318450205, "maxBatteryPerDay": 8.75, "batteryLevelPercentage": 0.23466549318450206, "maxAtThisDay": 100, "ratioPC": 0.18000000000000016, "maxBatteryForMonth": 100, "ratioPc": "noData"}