{"bought": 143.96, "sold": 280.77, "Time_string": "Last update at 08:10 - 14/05/2024", "produce": 0.109, "consumption": 0.196, "ratioPC": -0.07599999999999998, "maxBatteryPerDay": 8.75, "maxAtThisDay": 100, "batteryLevelPercentage": 0.44385229151014244, "buyPrice": 0.149072, "sellPrice": 0.1, "batteryLevel": 44.385229151014244, "maxBatteryForMonth": 100, "Temperature": 13.3, "ratioPc": "noData"}