{"bought": 125.67, "sold": 151.46, "Time_string": "Last update at 06:59 - 12/11/2024", "produce": 0.0, "consumption": 0.251, "ratioPC": -0.262, "maxBatteryPerDay": 8.75, "maxAtThisDay": 100, "batteryLevelPercentage": -0.24068089513792004, "buyPrice": 0.149072, "sellPrice": 0.1, "batteryLevel": -24.068089513792003, "maxBatteryForMonth": 100, "Temperature": 13.0, "ratioPc": "noData"}