{"bought": 147.46, "sold": 338.97, "Time_string": "Last update at 17:33 - 15/05/2024", "produce": 3.03, "consumption": 0.187, "ratioPC": 1.803, "maxBatteryPerDay": 8.75, "maxAtThisDay": 100, "batteryLevelPercentage": 0.7992676612643556, "buyPrice": 0.149072, "sellPrice": 0.1, "batteryLevel": 79.92676612643555, "maxBatteryForMonth": 100, "Temperature": 25.5, "ratioPc": "noData"}