{"bought": 189.55, "sold": 441.49, "Time_string": "Last update at 20:18 - 19/05/2024", "produce": 0.246, "consumption": 1.297, "ratioPC": -0.829, "maxBatteryPerDay": 8.75, "maxAtThisDay": 100, "batteryLevelPercentage": 1.0660890308039064, "buyPrice": 0.149072, "sellPrice": 0.1, "batteryLevel": 106.60890308039063, "maxBatteryForMonth": 100, "Temperature": 20.4, "ratioPc": "noData"}