{"bought": 107.66, "sold": 269.0, "Time_string": "Last update at 15:02 - 13/05/2024", "produce": 5.051, "consumption": 0.179, "ratioPC": 4.497, "maxBatteryPerDay": 8.75, "maxAtThisDay": 100, "batteryLevelPercentage": 0.7278971557368251, "buyPrice": 0.149072, "sellPrice": 0.1, "batteryLevel": 72.78971557368251, "maxBatteryForMonth": 100, "Temperature": 30.0, "ratioPc": "noData"}