{"bought": 112.62, "sold": 200.16, "Time_string": "Last update at 16:32 - 13/06/2024", "produce": 4.32, "consumption": 0.198, "ratioPC": 4.3580000000000005, "maxBatteryPerDay": 8.75, "maxAtThisDay": 100, "batteryLevelPercentage": 0.21650687989696252, "buyPrice": 0.149072, "sellPrice": 0.1, "batteryLevel": 21.65068798969625, "maxBatteryForMonth": 100, "Temperature": 31.5, "ratioPc": "noData"}