{"bought": 25.1, "sold": 1.54, "Time_string": "Last update at 14:27 - 02/01/2024", "produce": 4.192, "consumption": 5.033, "ratioPC": -0.8070000000000004, "maxBatteryPerDay": 8.75, "maxAtThisDay": 17.5, "batteryLevelPercentage": -1.375253837072019, "buyPrice": 0.149072, "sellPrice": 0.1, "batteryLevel": -24.066942148760333, "maxBatteryForMonth": 100, "Temperature": 17.5, "ratioPc": "noData"}