{"bought": 108.96, "sold": 76.77, "Time_string": "Last update at 12:38 - 10/08/2023", "produce": 3.612, "consumption": 2.409, "ratioPC": 1.2030000000000003, "maxBatteryPerDay": 8.75, "maxAtThisDay": 10, "batteryLevelPercentage": -5.746139529891596, "buyPrice": 0.149072, "sellPrice": 0.1, "batteryLevel": -57.46139529891596, "maxBatteryForMonth": 10, "Temperature": 35.3, "ratioPc": "noData"}