{"bought": 149.85, "sold": 143.42, "Time_string": "Last update at 15:53 - 21/12/2023", "produce": 2.532, "consumption": 7.318, "ratioPC": -4.720000000000001, "maxBatteryPerDay": 8.75, "maxAtThisDay": 100, "batteryLevelPercentage": -0.536414564774069, "buyPrice": 0.149072, "sellPrice": 0.1, "batteryLevel": -53.641456477406905, "maxBatteryForMonth": 100, "Temperature": 15.9, "ratioPc": "noData"}