{"bought": 60.14, "sold": 21.64, "Time_string": "Last update at 12:54 - 06/01/2024", "produce": 2.35, "consumption": 2.682, "ratioPC": -0.5329999999999999, "maxBatteryPerDay": 8.75, "maxAtThisDay": 52.5, "batteryLevelPercentage": -0.8690195188518683, "buyPrice": 0.149072, "sellPrice": 0.1, "batteryLevel": -45.62352473972309, "maxBatteryForMonth": 100, "Temperature": 11.8, "ratioPc": "noData"}