{"bought": 71.58, "sold": 124.11, "Time_string": "Last update at 10:41 - 09/07/2023", "produce": 1.915, "consumption": 1.048, "buyPrice": 0.149072, "sellPrice": 0.1, "batteryLevel": 11.675071374906096, "maxBatteryPerDay": 8.75, "batteryLevelPercentage": 1.1675071374906096, "maxAtThisDay": 10, "ratioPC": 0.867, "maxBatteryForMonth": 10, "ratioPc": "noData"}