{"bought": 233.15, "sold": 32.64, "Time_string": "Last update at 18:22 - 11/08/2024", "produce": 3.093, "consumption": 4.132, "ratioPC": -1.016, "maxBatteryPerDay": 8.75, "maxAtThisDay": 96.25, "batteryLevelPercentage": -2.1948523645507656, "buyPrice": 0.149072, "sellPrice": 0.1, "batteryLevel": -211.25454008801117, "maxBatteryForMonth": 100, "Temperature": 33.3, "ratioPc": "noData"}