{"bought": 181.37, "sold": 367.72, "Time_string": "Last update at 12:21 - 25/06/2023", "produce": 3.599, "consumption": 4.228, "ratioPc": "noData", "buyPrice": 0.149072, "sellPrice": 0.1, "batteryLevel": 65.30274873886447, "maxBatteryPerDay": 8.75, "batteryLevelPercentage": 0.2985268513776661, "maxAtThisDay": 218.75, "ratioPC": -0.6289999999999996}