{"bought": 155.31, "sold": 73.89, "Time_string": "Last update at 09:28 - 16/01/2024", "produce": 0.198, "consumption": 0.294, "ratioPC": -0.133, "maxBatteryPerDay": 8.75, "maxAtThisDay": 100, "batteryLevelPercentage": -1.0574334764409143, "buyPrice": 0.149072, "sellPrice": 0.1, "batteryLevel": -105.74334764409144, "maxBatteryForMonth": 100, "Temperature": 11.5, "ratioPc": "noData"}