{"bought": 236.12, "sold": 199.69, "Time_string": "Last update at 11:34 - 29/12/2023", "produce": 1.043, "consumption": 1.863, "ratioPC": -1.4529999999999998, "maxBatteryPerDay": 8.75, "maxAtThisDay": 100, "batteryLevelPercentage": -1.021645958999678, "buyPrice": 0.149072, "sellPrice": 0.1, "batteryLevel": -102.1645958999678, "maxBatteryForMonth": 100, "Temperature": 10.6, "ratioPc": "noData"}