{"bought": 245.35, "sold": 201.27, "Time_string": "Last update at 16:02 - 22/08/2023", "produce": 4.509, "consumption": 3.663, "ratioPC": 0.8460000000000005, "maxBatteryPerDay": 8.75, "maxAtThisDay": 10, "batteryLevelPercentage": -11.033470537726734, "buyPrice": 0.149072, "sellPrice": 0.1, "batteryLevel": -110.33470537726734, "maxBatteryForMonth": 10, "Temperature": 41.0, "ratioPc": "noData"}