{"bought": 50.04, "sold": 135.46, "Time_string": "Last update at 16:54 - 09/10/2023", "produce": 3.853, "consumption": 1.464, "ratioPC": 2.3890000000000002, "maxBatteryPerDay": 8.75, "maxAtThisDay": 10, "batteryLevelPercentage": 4.082884190189976, "buyPrice": 0.149072, "sellPrice": 0.1, "batteryLevel": 40.82884190189976, "maxBatteryForMonth": 10, "Temperature": 32.9, "ratioPc": "noData"}