{"bought": 171.38, "sold": 202.03, "Time_string": "Last update at 15:01 - 15/11/2024", "produce": 2.718, "consumption": 0.697, "ratioPC": 2.3452, "maxBatteryPerDay": 8.75, "maxAtThisDay": 100, "batteryLevelPercentage": -0.35854884619512717, "buyPrice": 0.149072, "sellPrice": 0.1, "batteryLevel": -35.85488461951272, "maxBatteryForMonth": 100, "Temperature": 20.0, "ratioPc": "noData"}