{"bought": 252.67, "sold": 281.98, "Time_string": "Last update at 21:41 - 23/07/2023", "produce": 0.021, "consumption": 1.765, "buyPrice": 0.149072, "sellPrice": 0.1, "batteryLevel": -63.51308253729738, "maxBatteryPerDay": 8.75, "batteryLevelPercentage": -6.351308253729738, "maxAtThisDay": 10, "ratioPC": -1.744, "maxBatteryForMonth": 10, "ratioPc": "noData"}