{"bought": 109.9, "sold": 157.11, "Time_string": "Last update at 11:52 - 12/06/2024", "produce": 1.12, "consumption": 0.183, "ratioPC": 0.8719999999999999, "maxBatteryPerDay": 8.75, "maxAtThisDay": 100, "batteryLevelPercentage": -0.04507974669958145, "buyPrice": 0.149072, "sellPrice": 0.1, "batteryLevel": -4.507974669958145, "maxBatteryForMonth": 100, "Temperature": 23.7, "ratioPc": "noData"}