{"bought": 97.06, "sold": 143.07, "Time_string": "Last update at 16:02 - 11/07/2023", "produce": 0, "consumption": 0, "buyPrice": 0.149072, "sellPrice": 0.1, "batteryLevel": -1.086242352688643, "maxBatteryPerDay": 8.75, "batteryLevelPercentage": -0.1086242352688643, "maxAtThisDay": 10, "ratioPC": 2.9629999999999996, "maxBatteryForMonth": 10, "ratioPc": "noData"}