{"bought": 217.43, "sold": 281.99, "Time_string": "Last update at 09:57 - 20/09/2024", "produce": 0.779, "consumption": 1.454, "ratioPC": -0.789, "maxBatteryPerDay": 8.75, "maxAtThisDay": 100, "batteryLevelPercentage": -0.2826637436943224, "buyPrice": 0.149072, "sellPrice": 0.1, "batteryLevel": -28.266374369432242, "maxBatteryForMonth": 100, "Temperature": 20.9, "ratioPc": "noData"}