{"bought": 206.69, "sold": 200.65, "Time_string": "Last update at 19:34 - 19/07/2023", "produce": 1.101, "consumption": 1.39, "buyPrice": 0.149072, "sellPrice": 0.1, "batteryLevel": -72.0906117849093, "maxBatteryPerDay": 8.75, "batteryLevelPercentage": -7.20906117849093, "maxAtThisDay": 10, "ratioPC": -0.2889999999999999, "maxBatteryForMonth": 10, "ratioPc": "noData"}