{"bought": 215.5, "sold": 231.69, "Time_string": "Last update at 20:02 - 20/07/2023", "produce": 1.047, "consumption": 0.113, "buyPrice": 0.149072, "sellPrice": 0.1, "batteryLevel": -60.078458731351304, "maxBatteryPerDay": 8.75, "batteryLevelPercentage": -6.00784587313513, "maxAtThisDay": 10, "ratioPC": 0.9339999999999999, "maxBatteryForMonth": 10, "ratioPc": "noData"}