{"bought": 226.95, "sold": 320.82, "Time_string": "Last update at 10:41 - 20/06/2024", "produce": 2.136, "consumption": 0.992, "ratioPC": 0.7589999999999999, "maxBatteryPerDay": 8.75, "maxAtThisDay": 100, "batteryLevelPercentage": -0.1173855854888913, "buyPrice": 0.149072, "sellPrice": 0.1, "batteryLevel": -11.73855854888913, "maxBatteryForMonth": 100, "Temperature": 18.4, "ratioPc": "noData"}