{"bought": 281.58, "sold": 212.27, "Time_string": "Last update at 15:57 - 24/08/2023", "produce": 4.37, "consumption": 3.401, "ratioPC": 0.9690000000000003, "maxBatteryPerDay": 8.75, "maxAtThisDay": 10, "batteryLevelPercentage": -13.91857207255554, "buyPrice": 0.149072, "sellPrice": 0.1, "batteryLevel": -139.1857207255554, "maxBatteryForMonth": 10, "Temperature": 40.9, "ratioPc": "noData"}