{"bought": 266.6, "sold": 365.2, "Time_string": "Last update at 10:35 - 23/06/2024", "produce": 1.5, "consumption": 0.994, "ratioPC": 0.5299999999999999, "maxBatteryPerDay": 8.75, "maxAtThisDay": 100, "batteryLevelPercentage": -0.21617709563164142, "buyPrice": 0.149072, "sellPrice": 0.1, "batteryLevel": -21.61770956316414, "maxBatteryForMonth": 100, "Temperature": 26.8, "ratioPc": "noData"}