{"bought": 257.21, "sold": 282.57, "Time_string": "Last update at 10:51 - 24/07/2023", "produce": 2.111, "consumption": 1.082, "buyPrice": 0.149072, "sellPrice": 0.1, "batteryLevel": -67.65730063325103, "maxBatteryPerDay": 8.75, "batteryLevelPercentage": -6.765730063325103, "maxAtThisDay": 10, "ratioPC": 1.0290000000000001, "maxBatteryForMonth": 10, "ratioPc": "noData"}