{"bought": 42.71, "sold": 55.09, "Time_string": "Last update at 12:48 - 05/07/2023", "produce": 4.055, "consumption": 1.062, "buyPrice": 0.149072, "sellPrice": 0.1, "batteryLevel": -5.7547032306536465, "maxBatteryPerDay": 8.75, "batteryLevelPercentage": -0.5754703230653646, "maxAtThisDay": 10, "ratioPC": 2.9929999999999994, "maxBatteryForMonth": 10, "ratioPc": "noData"}