{"bought": 96.37, "sold": 64.4, "Time_string": "Last update at 15:40 - 07/06/2024", "produce": 4.947, "consumption": 1.513, "ratioPC": 3.8739999999999997, "maxBatteryPerDay": 8.75, "maxAtThisDay": 61.25, "batteryLevelPercentage": -0.8680718195617841, "buyPrice": 0.149072, "sellPrice": 0.1, "batteryLevel": -53.16939894815928, "maxBatteryForMonth": 100, "Temperature": 27.0, "ratioPc": "noData"}