{"bought": 241.09, "sold": 674.62, "Time_string": "Last update at 20:41 - 28/05/2024", "produce": 0.168, "consumption": 5.236, "ratioPC": -5.144, "maxBatteryPerDay": 8.75, "maxAtThisDay": 100, "batteryLevelPercentage": 2.114564205216271, "buyPrice": 0.149072, "sellPrice": 0.1, "batteryLevel": 211.4564205216271, "maxBatteryForMonth": 100, "Temperature": 28.9, "ratioPc": "noData"}