{"bought": 143.51, "sold": 228.7, "Time_string": "Last update at 11:54 - 15/09/2024", "produce": 3.177, "consumption": 5.378, "ratioPC": -2.3300000000000005, "maxBatteryPerDay": 8.75, "maxAtThisDay": 100, "batteryLevelPercentage": 0.099057990769561, "buyPrice": 0.149072, "sellPrice": 0.1, "batteryLevel": 9.9057990769561, "maxBatteryForMonth": 100, "Temperature": 26.8, "ratioPc": "noData"}