{"bought": 257.71, "sold": 406.68, "Time_string": "Last update at 22:53 - 30/06/2023", "produce": 0.0, "consumption": 1.566, "buyPrice": 0.149072, "sellPrice": 0.1, "batteryLevel": 15.097770741655097, "maxBatteryPerDay": 8.75, "batteryLevelPercentage": 0.15097770741655098, "maxAtThisDay": 100, "ratioPC": -1.566, "maxBatteryForMonth": 100, "ratioPc": "noData"}