{"bought": 213.4, "sold": 278.47, "Time_string": "Last update at 16:22 - 19/09/2024", "produce": 1.035, "consumption": 0.308, "ratioPC": 0.2690000000000001, "maxBatteryPerDay": 8.75, "maxAtThisDay": 100, "batteryLevelPercentage": -0.26597649457980027, "buyPrice": 0.149072, "sellPrice": 0.1, "batteryLevel": -26.597649457980026, "maxBatteryForMonth": 100, "Temperature": 24.1, "ratioPc": "noData"}