{"bought": 49.37, "sold": 59.96, "Time_string": "Last update at 18:04 - 06/08/2023", "produce": 3.228, "consumption": 3.52, "ratioPC": -0.2919999999999998, "maxBatteryPerDay": 8.75, "maxAtThisDay": 10, "batteryLevelPercentage": -0.9147825480304818, "buyPrice": 0.149072, "sellPrice": 0.1, "batteryLevel": -9.147825480304817, "maxBatteryForMonth": 10, "Temperature": 41.9, "ratioPc": "noData"}