{"bought": 551.65, "sold": 88.99, "Time_string": "Last update at 17:08 - 25/08/2024", "produce": 3.865, "consumption": 6.856, "ratioPC": -2.8800000000000003, "maxBatteryPerDay": 8.75, "maxAtThisDay": 100, "batteryLevelPercentage": -4.919540141676506, "buyPrice": 0.149072, "sellPrice": 0.1, "batteryLevel": -491.95401416765054, "maxBatteryForMonth": 100, "Temperature": 38.0, "ratioPc": "noData"}