{"bought": 229.52, "sold": 290.86, "Time_string": "Last update at 02:42 - 23/10/2024", "produce": 0.0, "consumption": 0.127, "ratioPC": -0.127, "maxBatteryPerDay": 8.75, "maxAtThisDay": 100, "batteryLevelPercentage": -0.34406229473006333, "buyPrice": 0.149072, "sellPrice": 0.1, "batteryLevel": -34.406229473006334, "maxBatteryForMonth": 100, "Temperature": 17.0, "ratioPc": "noData"}