{"bought": 9.83, "sold": 21.42, "Time_string": "Last update at 08:22 - 03/11/2023", "produce": 0.104, "consumption": 0.271, "ratioPC": -0.16700000000000004, "maxBatteryPerDay": 8.75, "maxAtThisDay": 10, "batteryLevelPercentage": 0.4538895567242676, "buyPrice": 0.149072, "sellPrice": 0.1, "batteryLevel": 4.538895567242676, "maxBatteryForMonth": 10, "Temperature": 12.4, "ratioPc": "noData"}