{"bought": 144.12, "sold": 373.23, "Time_string": "Last update at 17:06 - 26/10/2023", "produce": 0.221, "consumption": 0.288, "ratioPC": -0.06699999999999998, "maxBatteryPerDay": 8.75, "maxAtThisDay": 10, "batteryLevelPercentage": 10.624894923258557, "buyPrice": 0.149072, "sellPrice": 0.1, "batteryLevel": 106.24894923258557, "maxBatteryForMonth": 10, "Temperature": 22.0, "ratioPc": "noData"}