{"bought": 262.79, "sold": 345.62, "Time_string": "Last update at 00:59 - 25/09/2024", "produce": 0.0, "consumption": 0.128, "ratioPC": -0.133, "maxBatteryPerDay": 8.75, "maxAtThisDay": 100, "batteryLevelPercentage": -0.30942302243211345, "buyPrice": 0.149072, "sellPrice": 0.1, "batteryLevel": -30.942302243211344, "maxBatteryForMonth": 100, "Temperature": 19.0, "ratioPc": "noData"}