{"bought": 260.61, "sold": 339.63, "Time_string": "Last update at 16:14 - 24/09/2024", "produce": 2.354, "consumption": 0.228, "ratioPC": 3.2420000000000004, "maxBatteryPerDay": 8.75, "maxAtThisDay": 100, "batteryLevelPercentage": -0.3278049479446176, "buyPrice": 0.149072, "sellPrice": 0.1, "batteryLevel": -32.78049479446176, "maxBatteryForMonth": 100, "Temperature": 26.2, "ratioPc": "noData"}