{"bought": 104.81, "sold": 112.16, "Time_string": "Last update at 14:20 - 10/06/2024", "produce": 2.493, "consumption": 0.172, "ratioPC": 2.142, "maxBatteryPerDay": 8.75, "maxAtThisDay": 87.5, "batteryLevelPercentage": -0.3379564482742759, "buyPrice": 0.149072, "sellPrice": 0.1, "batteryLevel": -29.57118922399914, "maxBatteryForMonth": 100, "Temperature": 27.0, "ratioPc": "noData"}