{"bought": 342.3, "sold": 57.5, "Time_string": "Last update at 18:43 - 17/08/2024", "produce": 2.545, "consumption": 3.306, "ratioPC": -0.31499999999999995, "maxBatteryPerDay": 8.75, "maxAtThisDay": 100, "batteryLevelPercentage": -3.0372803477514223, "buyPrice": 0.149072, "sellPrice": 0.1, "batteryLevel": -303.72803477514225, "maxBatteryForMonth": 100, "Temperature": 39.0, "ratioPc": "noData"}