{"bought": 324.87, "sold": 216.35, "Time_string": "Last update at 11:02 - 26/08/2023", "produce": 2.33, "consumption": 1.071, "ratioPC": 1.2590000000000001, "maxBatteryPerDay": 8.75, "maxAtThisDay": 10, "batteryLevelPercentage": -17.973878823655685, "buyPrice": 0.149072, "sellPrice": 0.1, "batteryLevel": -179.73878823655684, "maxBatteryForMonth": 10, "Temperature": 33.1, "ratioPc": "noData"}