{"bought": 74.71, "sold": 131.25, "Time_string": "Last update at 20:00 - 09/07/2023", "produce": 1.03, "consumption": 2.173, "buyPrice": 0.149072, "sellPrice": 0.1, "batteryLevel": 13.334703230653645, "maxBatteryPerDay": 8.75, "batteryLevelPercentage": 1.3334703230653644, "maxAtThisDay": 10, "ratioPC": -1.143, "maxBatteryForMonth": 10, "ratioPc": "noData"}