{"bought": 165.9, "sold": 149.9, "Time_string": "Last update at 10:32 - 23/12/2023", "produce": 2.018, "consumption": 0.451, "ratioPC": 1.4409999999999998, "maxBatteryPerDay": 8.75, "maxAtThisDay": 100, "batteryLevelPercentage": -0.6534456370076205, "buyPrice": 0.149072, "sellPrice": 0.1, "batteryLevel": -65.34456370076205, "maxBatteryForMonth": 100, "Temperature": 8.1, "ratioPc": "noData"}