{"bought": 170.79, "sold": 367.2, "Time_string": "Last update at 19:51 - 24/06/2023", "produce": 1.165, "consumption": 2.058, "ratioPc": "noData", "buyPrice": 0.149072, "sellPrice": 0.1, "batteryLevel": 75.5339240098744, "maxBatteryPerDay": 8.75, "batteryLevelPercentage": 0.35968535242797334, "maxAtThisDay": 210.0, "ratioPC": -0.8929999999999998}