{"bought": 80.21, "sold": 228.9, "Time_string": "Last update at 16:09 - 11/05/2024", "produce": 4.755, "consumption": 6.126, "ratioPC": -1.362, "maxBatteryPerDay": 8.75, "maxAtThisDay": 96.25, "batteryLevelPercentage": 0.7619736356806229, "buyPrice": 0.149072, "sellPrice": 0.1, "batteryLevel": 73.33996243425996, "maxBatteryForMonth": 100, "Temperature": 30.1, "ratioPc": "noData"}