{"bought": 126.32, "sold": 173.03, "Time_string": "Last update at 17:55 - 12/11/2024", "produce": 0.078, "consumption": 0.234, "ratioPC": -0.147, "maxBatteryPerDay": 8.75, "maxAtThisDay": 100, "batteryLevelPercentage": -0.10248571428571424, "buyPrice": 0.149072, "sellPrice": 0.1, "batteryLevel": -10.248571428571424, "maxBatteryForMonth": 100, "Temperature": 18.2, "ratioPc": "noData"}