{"bought": 267.71, "sold": 346.37, "Time_string": "Last update at 13:55 - 25/09/2024", "produce": 5.972, "consumption": 8.043, "ratioPC": -3.4040000000000004, "maxBatteryPerDay": 8.75, "maxAtThisDay": 100, "batteryLevelPercentage": -0.35359189653321865, "buyPrice": 0.149072, "sellPrice": 0.1, "batteryLevel": -35.35918965332186, "maxBatteryForMonth": 100, "Temperature": 23.0, "ratioPc": "noData"}