{"bought": 270.5, "sold": 33.95, "Time_string": "Last update at 09:58 - 13/08/2024", "produce": 1.239, "consumption": 0.218, "ratioPC": 0.7949999999999999, "maxBatteryPerDay": 8.75, "maxAtThisDay": 100, "batteryLevelPercentage": -2.4772577009767094, "buyPrice": 0.149072, "sellPrice": 0.1, "batteryLevel": -247.72577009767093, "maxBatteryForMonth": 100, "Temperature": 25.9, "ratioPc": "noData"}