{"bought": 205.56, "sold": 271.04, "Time_string": "Last update at 16:25 - 18/09/2024", "produce": 4.607, "consumption": 1.33, "ratioPC": 1.9500000000000002, "maxBatteryPerDay": 8.75, "maxAtThisDay": 100, "batteryLevelPercentage": -0.2374181818181819, "buyPrice": 0.149072, "sellPrice": 0.1, "batteryLevel": -23.74181818181819, "maxBatteryForMonth": 100, "Temperature": 29.6, "ratioPc": "noData"}