{"bought": 244.71, "sold": 259.98, "Time_string": "Last update at 11:57 - 23/07/2023", "produce": 3.248, "consumption": 1.611, "buyPrice": 0.149072, "sellPrice": 0.1, "batteryLevel": -70.31105184072126, "maxBatteryPerDay": 8.75, "batteryLevelPercentage": -7.031105184072127, "maxAtThisDay": 10, "ratioPC": 1.6370000000000002, "maxBatteryForMonth": 10, "ratioPc": "noData"}