{"bought": 263.06, "sold": 207.18, "Time_string": "Last update at 13:50 - 23/08/2023", "produce": 4.369, "consumption": 3.49, "ratioPC": 0.8789999999999996, "maxBatteryPerDay": 8.75, "maxAtThisDay": 10, "batteryLevelPercentage": -12.40801781689385, "buyPrice": 0.149072, "sellPrice": 0.1, "batteryLevel": -124.08017816893849, "maxBatteryForMonth": 10, "Temperature": 38.7, "ratioPc": "noData"}