{"bought": 271.18, "sold": 367.25, "Time_string": "Last update at 13:26 - 23/06/2024", "produce": 4.416, "consumption": 6.537, "ratioPC": -2.2199999999999998, "maxBatteryPerDay": 8.75, "maxAtThisDay": 100, "batteryLevelPercentage": -0.24822535150799638, "buyPrice": 0.149072, "sellPrice": 0.1, "batteryLevel": -24.822535150799638, "maxBatteryForMonth": 100, "Temperature": 32.9, "ratioPc": "noData"}