{"bought": 155.25, "sold": 95.16, "Time_string": "Last update at 19:38 - 13/08/2023", "produce": 1.293, "consumption": 1.538, "ratioPC": -0.2450000000000001, "maxBatteryPerDay": 8.75, "maxAtThisDay": 10, "batteryLevelPercentage": -9.141507459482666, "buyPrice": 0.149072, "sellPrice": 0.1, "batteryLevel": -91.41507459482666, "maxBatteryForMonth": 10, "Temperature": 34.4, "ratioPc": "noData"}