{"bought": 246.34, "sold": 309.13, "Time_string": "Last update at 16:22 - 22/09/2024", "produce": 1.085, "consumption": 5.344, "ratioPC": -4.8229999999999995, "maxBatteryPerDay": 8.75, "maxAtThisDay": 100, "batteryLevelPercentage": -0.38970406783299355, "buyPrice": 0.149072, "sellPrice": 0.1, "batteryLevel": -38.97040678329935, "maxBatteryForMonth": 100, "Temperature": 27.0, "ratioPc": "noData"}