{"bought": 43.1, "sold": 65.96, "Time_string": "Last update at 19:07 - 05/07/2023", "produce": 2.129, "consumption": 2.492, "buyPrice": 0.149072, "sellPrice": 0.1, "batteryLevel": 1.1470752388107712, "maxBatteryPerDay": 8.75, "batteryLevelPercentage": 0.11470752388107712, "maxAtThisDay": 10, "ratioPC": -0.363, "maxBatteryForMonth": 10, "ratioPc": "noData"}