{"bought": 138.75, "sold": 139.52, "Time_string": "Last update at 15:57 - 20/12/2023", "produce": 0.622, "consumption": 1.443, "ratioPC": 0.03600000000000003, "maxBatteryPerDay": 8.75, "maxAtThisDay": 100, "batteryLevelPercentage": -0.4515764194483202, "buyPrice": 0.149072, "sellPrice": 0.1, "batteryLevel": -45.15764194483202, "maxBatteryForMonth": 100, "Temperature": 12.9, "ratioPc": "noData"}