{"bought": 218.98, "sold": 294.18, "Time_string": "Last update at 21:00 - 20/09/2024", "produce": 0.0, "consumption": 0.192, "ratioPC": -0.202, "maxBatteryPerDay": 8.75, "maxAtThisDay": 100, "batteryLevelPercentage": -0.21639117741762362, "buyPrice": 0.149072, "sellPrice": 0.1, "batteryLevel": -21.639117741762362, "maxBatteryForMonth": 100, "Temperature": 22.0, "ratioPc": "noData"}