{"bought": 175.15, "sold": 205.59, "Time_string": "Last update at 10:54 - 16/11/2024", "produce": 2.856, "consumption": 1.079, "ratioPC": 1.777, "maxBatteryPerDay": 8.75, "maxAtThisDay": 100, "batteryLevelPercentage": -0.37236776859504145, "buyPrice": 0.149072, "sellPrice": 0.1, "batteryLevel": -37.23677685950415, "maxBatteryForMonth": 100, "Temperature": 17.8, "ratioPc": "noData"}