{"bought": 242.42, "sold": 386.81, "Time_string": "Last update at 06:12 - 29/06/2023", "produce": 0.0, "consumption": 0.212, "buyPrice": 0.149072, "sellPrice": 0.1, "batteryLevel": 17.058641193517275, "maxBatteryPerDay": 8.75, "batteryLevelPercentage": 0.17058641193517274, "maxAtThisDay": 100, "ratioPC": -0.212, "maxBatteryForMonth": 100, "ratioPc": "noData"}