{"bought": 102.33, "sold": 499.75, "Time_string": "Last update at 13:22 - 26/09/2023", "produce": 4.599, "consumption": 2.831, "ratioPC": 1.7680000000000002, "maxBatteryPerDay": 8.75, "maxAtThisDay": 10, "batteryLevelPercentage": 23.291068906300314, "buyPrice": 0.149072, "sellPrice": 0.1, "batteryLevel": 232.91068906300313, "maxBatteryForMonth": 10, "Temperature": 27.7, "ratioPc": "noData"}