{"bought": 200.67, "sold": 374.79, "Time_string": "Last update at 18:00 - 26/06/2023", "produce": 3.225, "consumption": 3.38, "buyPrice": 0.149072, "sellPrice": 0.1, "batteryLevel": 50.74542341955569, "maxBatteryPerDay": 8.75, "batteryLevelPercentage": 0.5074542341955569, "maxAtThisDay": 100, "ratioPC": -0.1549999999999998, "maxBatteryForMonth": 100, "ratioPc": "noData"}