{"bought": 89.69, "sold": 134.2, "Time_string": "Last update at 11:04 - 10/10/2024", "produce": 2.318, "consumption": 0.141, "ratioPC": 1.819, "maxBatteryPerDay": 8.75, "maxAtThisDay": 87.5, "batteryLevelPercentage": 0.0038127171529768996, "buyPrice": 0.149072, "sellPrice": 0.1, "batteryLevel": 0.3336127508854787, "maxBatteryForMonth": 100, "Temperature": 18.1, "ratioPc": "noData"}