{"bought": 281.58, "sold": 212.1, "Time_string": "Last update at 15:45 - 24/08/2023", "produce": 4.44, "consumption": 3.396, "ratioPC": 1.0440000000000005, "maxBatteryPerDay": 8.75, "maxAtThisDay": 10, "batteryLevelPercentage": -13.92997595792637, "buyPrice": 0.149072, "sellPrice": 0.1, "batteryLevel": -139.2997595792637, "maxBatteryForMonth": 10, "Temperature": 40.8, "ratioPc": "noData"}