{"bought": 27.94, "sold": 81.61, "Time_string": "Last update at 14:19 - 05/10/2023", "produce": 4.877, "consumption": 0.307, "ratioPC": 4.569999999999999, "maxBatteryPerDay": 8.75, "maxAtThisDay": 10, "batteryLevelPercentage": 2.6805357947837276, "buyPrice": 0.149072, "sellPrice": 0.1, "batteryLevel": 26.805357947837276, "maxBatteryForMonth": 10, "Temperature": 32.3, "ratioPc": "noData"}