{"bought": 153.83, "sold": 95.14, "Time_string": "Last update at 17:30 - 13/08/2023", "produce": 3.893, "consumption": 3.746, "ratioPC": 0.1469999999999998, "maxBatteryPerDay": 8.75, "maxAtThisDay": 10, "batteryLevelPercentage": -9.000849093055706, "buyPrice": 0.149072, "sellPrice": 0.1, "batteryLevel": -90.00849093055706, "maxBatteryForMonth": 10, "Temperature": 37.0, "ratioPc": "noData"}