{"bought": 220.59, "sold": 224.82, "Time_string": "Last update at 12:38 - 20/10/2024", "produce": 3.095, "consumption": 2.316, "ratioPC": 3.532, "maxBatteryPerDay": 8.75, "maxAtThisDay": 100, "batteryLevelPercentage": -0.6977697005473865, "buyPrice": 0.149072, "sellPrice": 0.1, "batteryLevel": -69.77697005473865, "maxBatteryForMonth": 100, "Temperature": 21.6, "ratioPc": "noData"}