{"bought": 57.46, "sold": 85.79, "Time_string": "Last update at 09:22 - 07/07/2023", "produce": 0.335, "consumption": 0.119, "buyPrice": 0.149072, "sellPrice": 0.1, "batteryLevel": 0.08937211548781931, "maxBatteryPerDay": 8.75, "batteryLevelPercentage": 0.008937211548781932, "maxAtThisDay": 10, "ratioPC": 0.21600000000000003, "maxBatteryForMonth": 10, "ratioPc": "noData"}