{"bought": 244.06, "sold": 199.64, "Time_string": "Last update at 13:12 - 22/08/2023", "produce": 4.109, "consumption": 3.681, "ratioPC": 0.42799999999999994, "maxBatteryPerDay": 8.75, "maxAtThisDay": 10, "batteryLevelPercentage": -11.013813673929377, "buyPrice": 0.149072, "sellPrice": 0.1, "batteryLevel": -110.13813673929377, "maxBatteryForMonth": 10, "Temperature": 38.4, "ratioPc": "noData"}