{"bought": 230.76, "sold": 344.93, "Time_string": "Last update at 20:22 - 20/06/2024", "produce": 0.435, "consumption": 0.227, "ratioPC": 0.31299999999999994, "maxBatteryPerDay": 8.75, "maxAtThisDay": 100, "batteryLevelPercentage": 0.0062483417409038115, "buyPrice": 0.149072, "sellPrice": 0.1, "batteryLevel": 0.6248341740903811, "maxBatteryForMonth": 100, "Temperature": 22.6, "ratioPc": "noData"}