{"bought": 172.65, "sold": 299.37, "Time_string": "Last update at 02:03 - 19/06/2024", "produce": 0.0, "consumption": 0.122, "ratioPC": -0.131, "maxBatteryPerDay": 8.75, "maxAtThisDay": 100, "batteryLevelPercentage": 0.28172421380272594, "buyPrice": 0.149072, "sellPrice": 0.1, "batteryLevel": 28.172421380272596, "maxBatteryForMonth": 100, "Temperature": 15.9, "ratioPc": "noData"}