{"bought": 104.81, "sold": 104.95, "Time_string": "Last update at 11:11 - 10/06/2024", "produce": 1.281, "consumption": 0.181, "ratioPC": 1.0230000000000001, "maxBatteryPerDay": 8.75, "maxAtThisDay": 87.5, "batteryLevelPercentage": -0.3932317514834634, "buyPrice": 0.149072, "sellPrice": 0.1, "batteryLevel": -34.40777825480305, "maxBatteryForMonth": 100, "Temperature": 23.2, "ratioPc": "noData"}