{"bought": 3.94, "sold": 22.75, "Time_string": "Last update at 08:35 - 02/10/2024", "produce": 0.028, "consumption": 0.144, "ratioPC": -0.12999999999999998, "maxBatteryPerDay": 8.75, "maxAtThisDay": 17.5, "batteryLevelPercentage": 0.6469189653321884, "buyPrice": 0.149072, "sellPrice": 0.1, "batteryLevel": 11.321081893313297, "maxBatteryForMonth": 100, "Temperature": 19.2, "ratioPc": "noData"}