{"bought": 107.85, "sold": 147.77, "Time_string": "Last update at 08:54 - 12/07/2023", "produce": 0.21, "consumption": 0.216, "buyPrice": 0.149072, "sellPrice": 0.1, "batteryLevel": -8.723403456048075, "maxBatteryPerDay": 8.75, "batteryLevelPercentage": -0.8723403456048076, "maxAtThisDay": 10, "ratioPC": -0.006000000000000005, "maxBatteryForMonth": 10, "ratioPc": "noData"}