{"bought": 37.68, "sold": 44.17, "Time_string": "Last update at 12:01 - 03/10/2024", "produce": 3.516, "consumption": 6.805, "ratioPC": -3.4240000000000004, "maxBatteryPerDay": 8.75, "maxAtThisDay": 26.25, "batteryLevelPercentage": -0.30666752531215336, "buyPrice": 0.149072, "sellPrice": 0.1, "batteryLevel": -8.050022539444026, "maxBatteryForMonth": 100, "Temperature": 25.0, "ratioPc": "noData"}