{"bought": 231.48, "sold": 380.29, "Time_string": "Last update at 11:08 - 28/06/2023", "produce": 2.083, "consumption": 1.088, "buyPrice": 0.149072, "sellPrice": 0.1, "batteryLevel": 23.62491574541164, "maxBatteryPerDay": 8.75, "batteryLevelPercentage": 0.23624915745411643, "maxAtThisDay": 100, "ratioPC": 0.9950000000000001, "maxBatteryForMonth": 100, "ratioPc": "noData"}