{"bought": 125.54, "sold": 272.49, "Time_string": "Last update at 11:30 - 17/06/2024", "produce": 3.091, "consumption": 0.979, "ratioPC": 2.754, "maxBatteryPerDay": 8.75, "maxAtThisDay": 100, "batteryLevelPercentage": 0.5725086615863476, "buyPrice": 0.149072, "sellPrice": 0.1, "batteryLevel": 57.250866158634764, "maxBatteryForMonth": 100, "Temperature": 27.0, "ratioPc": "noData"}