{"bought": 83.8, "sold": 111.49, "Time_string": "Last update at 11:59 - 08/10/2024", "produce": 4.337, "consumption": 1.823, "ratioPC": 3.1020000000000003, "maxBatteryPerDay": 8.75, "maxAtThisDay": 70.0, "batteryLevelPercentage": -0.12872337815667204, "buyPrice": 0.149072, "sellPrice": 0.1, "batteryLevel": -9.010636470967043, "maxBatteryForMonth": 100, "Temperature": 20.0, "ratioPc": "noData"}