{"bought": 50.5, "sold": 84.88, "Time_string": "Last update at 18:00 - 06/07/2023", "produce": 3.364, "consumption": 1.687, "buyPrice": 0.149072, "sellPrice": 0.1, "batteryLevel": 6.4389288397552775, "maxBatteryPerDay": 8.75, "batteryLevelPercentage": 0.6438928839755278, "maxAtThisDay": 10, "ratioPC": 1.6769999999999998, "maxBatteryForMonth": 10, "ratioPc": "noData"}