{"bought": 219.4, "sold": 379.0, "Time_string": "Last update at 18:43 - 27/06/2023", "produce": 2.056, "consumption": 3.322, "buyPrice": 0.149072, "sellPrice": 0.1, "batteryLevel": 34.839562090801735, "maxBatteryPerDay": 8.75, "batteryLevelPercentage": 0.34839562090801734, "maxAtThisDay": 100, "ratioPC": -1.266, "maxBatteryForMonth": 100, "ratioPc": "noData"}