{"bought": 19.88, "sold": 62.75, "Time_string": "Last update at 17:43 - 05/11/2023", "produce": 0.173, "consumption": 0.226, "ratioPC": -0.05300000000000002, "maxBatteryPerDay": 8.75, "maxAtThisDay": 10, "batteryLevelPercentage": 2.221375335408393, "buyPrice": 0.149072, "sellPrice": 0.1, "batteryLevel": 22.21375335408393, "maxBatteryForMonth": 10, "Temperature": 17.3, "ratioPc": "noData"}