{"bought": 226.65, "sold": 288.04, "Time_string": "Last update at 17:04 - 22/10/2024", "produce": 3.486, "consumption": 0.222, "ratioPC": 3.422, "maxBatteryPerDay": 8.75, "maxAtThisDay": 100, "batteryLevelPercentage": -0.33427932810990657, "buyPrice": 0.149072, "sellPrice": 0.1, "batteryLevel": -33.427932810990654, "maxBatteryForMonth": 100, "Temperature": 25.9, "ratioPc": "noData"}