{"bought": 303.12, "sold": 381.03, "Time_string": "Last update at 19:39 - 25/06/2024", "produce": 1.623, "consumption": 3.442, "ratioPC": -1.845, "maxBatteryPerDay": 8.75, "maxAtThisDay": 100, "batteryLevelPercentage": -0.4751867983256415, "buyPrice": 0.149072, "sellPrice": 0.1, "batteryLevel": -47.518679832564146, "maxBatteryForMonth": 100, "Temperature": 32.4, "ratioPc": "noData"}