{"bought": 143.98, "sold": 285.06, "Time_string": "Last update at 11:51 - 14/05/2024", "produce": 2.064, "consumption": 0.032, "ratioPC": 1.017, "maxBatteryPerDay": 8.75, "maxAtThisDay": 100, "batteryLevelPercentage": 0.47243033165181914, "buyPrice": 0.149072, "sellPrice": 0.1, "batteryLevel": 47.24303316518191, "maxBatteryForMonth": 100, "Temperature": 19.9, "ratioPc": "noData"}