{"bought": 240.61, "sold": 674.62, "Time_string": "Last update at 20:32 - 28/05/2024", "produce": 0.185, "consumption": 5.329, "ratioPC": -5.109999999999999, "maxBatteryPerDay": 8.75, "maxAtThisDay": 100, "batteryLevelPercentage": 2.119364205216271, "buyPrice": 0.149072, "sellPrice": 0.1, "batteryLevel": 211.9364205216271, "maxBatteryForMonth": 100, "Temperature": 29.4, "ratioPc": "noData"}