{"bought": 109.98, "sold": 177.92, "Time_string": "Last update at 18:24 - 12/06/2024", "produce": 3.145, "consumption": 1.512, "ratioPC": 1.7650000000000001, "maxBatteryPerDay": 8.75, "maxAtThisDay": 100, "batteryLevelPercentage": 0.0937172265750776, "buyPrice": 0.149072, "sellPrice": 0.1, "batteryLevel": 9.37172265750776, "maxBatteryForMonth": 100, "Temperature": 28.6, "ratioPc": "noData"}