{"bought": 151.66, "sold": 238.14, "Time_string": "Last update at 09:32 - 16/09/2024", "produce": 0.386, "consumption": 0.196, "ratioPC": 0.203, "maxBatteryPerDay": 8.75, "maxAtThisDay": 100, "batteryLevelPercentage": 0.08088309541697952, "buyPrice": 0.149072, "sellPrice": 0.1, "batteryLevel": 8.088309541697953, "maxBatteryForMonth": 100, "Temperature": 22.6, "ratioPc": "noData"}