{"bought": 228.92, "sold": 199.29, "Time_string": "Last update at 18:23 - 28/12/2023", "produce": 0.004, "consumption": 0.241, "ratioPC": -0.13799999999999998, "maxBatteryPerDay": 8.75, "maxAtThisDay": 100, "batteryLevelPercentage": -0.952329226145755, "buyPrice": 0.149072, "sellPrice": 0.1, "batteryLevel": -95.2329226145755, "maxBatteryForMonth": 100, "Temperature": 12.2, "ratioPc": "noData"}