{"bought": 138.27, "sold": 147.22, "Time_string": "Last update at 12:00 - 13/10/2024", "produce": 1.139, "consumption": 0.13, "ratioPC": 0.772, "maxBatteryPerDay": 8.75, "maxAtThisDay": 100, "batteryLevelPercentage": -0.39512352688633684, "buyPrice": 0.149072, "sellPrice": 0.1, "batteryLevel": -39.51235268863368, "maxBatteryForMonth": 100, "Temperature": 20.0, "ratioPc": "noData"}