{"bought": 131.52, "sold": 329.48, "Time_string": "Last update at 16:07 - 23/10/2023", "produce": 1.055, "consumption": 0.411, "ratioPC": 0.6439999999999999, "maxBatteryPerDay": 8.75, "maxAtThisDay": 10, "batteryLevelPercentage": 8.950071482236769, "buyPrice": 0.149072, "sellPrice": 0.1, "batteryLevel": 89.50071482236768, "maxBatteryForMonth": 10, "Temperature": 18.9, "ratioPc": "noData"}