{"bought": 42.35, "sold": 15.42, "Time_string": "Last update at 13:19 - 03/06/2024", "produce": 4.277, "consumption": 6.972, "ratioPC": -2.6950000000000003, "maxBatteryPerDay": 8.75, "maxAtThisDay": 26.25, "batteryLevelPercentage": -1.2192763867380163, "buyPrice": 0.149072, "sellPrice": 0.1, "batteryLevel": -32.00600515187293, "maxBatteryForMonth": 100, "Temperature": 29.6, "ratioPc": "noData"}