{"bought": 235.57, "sold": 658.2, "Time_string": "Last update at 12:59 - 28/05/2024", "produce": 4.283, "consumption": 0.2, "ratioPC": 4.021999999999999, "maxBatteryPerDay": 8.75, "maxAtThisDay": 100, "batteryLevelPercentage": 2.059616088869808, "buyPrice": 0.149072, "sellPrice": 0.1, "batteryLevel": 205.9616088869808, "maxBatteryForMonth": 100, "Temperature": 28.0, "ratioPc": "noData"}