{"bought": 214.31, "sold": 200.65, "Time_string": "Last update at 07:55 - 20/07/2023", "produce": 0.111, "consumption": 0.115, "buyPrice": 0.149072, "sellPrice": 0.1, "batteryLevel": -79.7106117849093, "maxBatteryPerDay": 8.75, "batteryLevelPercentage": -7.97106117849093, "maxAtThisDay": 10, "ratioPC": -0.0040000000000000036, "maxBatteryForMonth": 10, "ratioPc": "noData"}