{"bought": 263.91, "sold": 208.75, "Time_string": "Last update at 16:53 - 23/08/2023", "produce": 3.625, "consumption": 5.583, "ratioPC": -1.9580000000000002, "maxBatteryPerDay": 8.75, "maxAtThisDay": 10, "batteryLevelPercentage": -12.387699581410327, "buyPrice": 0.149072, "sellPrice": 0.1, "batteryLevel": -123.87699581410328, "maxBatteryForMonth": 10, "Temperature": 41.9, "ratioPc": "noData"}