{"bought": 274.35, "sold": 307.36, "Time_string": "Last update at 21:28 - 25/07/2023", "produce": 0.035, "consumption": 1.476, "buyPrice": 0.149072, "sellPrice": 0.1, "batteryLevel": -68.16775249543846, "maxBatteryPerDay": 8.75, "batteryLevelPercentage": -6.816775249543847, "maxAtThisDay": 10, "ratioPC": -1.441, "maxBatteryForMonth": 10, "ratioPc": "noData"}