{"bought": 20.16, "sold": 25.65, "Time_string": "Last update at 07:51 - 03/07/2023", "produce": 0.114, "consumption": 0.156, "buyPrice": 0.149072, "sellPrice": 0.1, "batteryLevel": -2.9535494257808317, "maxBatteryPerDay": 8.75, "batteryLevelPercentage": -0.29535494257808315, "maxAtThisDay": 10, "ratioPC": -0.041999999999999996, "maxBatteryForMonth": 10, "ratioPc": "noData"}