{"bought": 138.92, "sold": 89.12, "Time_string": "Last update at 16:17 - 12/08/2023", "produce": 4.525, "consumption": 3.754, "ratioPC": 0.7710000000000004, "maxBatteryPerDay": 8.75, "maxAtThisDay": 10, "batteryLevelPercentage": -7.913680798540301, "buyPrice": 0.149072, "sellPrice": 0.1, "batteryLevel": -79.13680798540301, "maxBatteryForMonth": 10, "Temperature": 41.3, "ratioPc": "noData"}