{"bought": 110.71, "sold": 284.06, "Time_string": "Last update at 17:43 - 18/06/2023", "produce": 3.738, "consumption": 1.652, "ratioPc": "noData", "buyPrice": 0.149072, "sellPrice": 0.1, "batteryLevel": 79.84221637866266, "maxBatteryPerDay": 8.75, "batteryLevelPercentage": 0.5069347071661121, "maxAtThisDay": 157.5, "ratioPC": 2.0860000000000003}