{"bought": 9.61, "sold": 31.59, "Time_string": "Last update at 11:26 - 03/11/2024", "produce": 2.002, "consumption": 0.556, "ratioPC": 2.4800000000000004, "maxBatteryPerDay": 8.75, "maxAtThisDay": 26.25, "batteryLevelPercentage": 0.44118484899594695, "buyPrice": 0.149072, "sellPrice": 0.1, "batteryLevel": 11.581102286143608, "maxBatteryForMonth": 100, "Temperature": 19.4, "ratioPc": "noData"}