{"bought": 335.22, "sold": 55.08, "Time_string": "Last update at 21:03 - 16/08/2024", "produce": 0.047, "consumption": 0.371, "ratioPC": -0.399, "maxBatteryPerDay": 8.75, "maxAtThisDay": 100, "batteryLevelPercentage": -2.9827141139851885, "buyPrice": 0.149072, "sellPrice": 0.1, "batteryLevel": -298.27141139851886, "maxBatteryForMonth": 100, "Temperature": 33.8, "ratioPc": "noData"}