{"bought": 226.81, "sold": 290.86, "Time_string": "Last update at 19:38 - 22/10/2024", "produce": 0.032, "consumption": 0.215, "ratioPC": -0.16599999999999998, "maxBatteryPerDay": 8.75, "maxAtThisDay": 100, "batteryLevelPercentage": -0.31696229473006327, "buyPrice": 0.149072, "sellPrice": 0.1, "batteryLevel": -31.696229473006326, "maxBatteryForMonth": 100, "Temperature": 22.4, "ratioPc": "noData"}