{"bought": 65.75, "sold": 111.88, "Time_string": "Last update at 06:35 - 09/09/2024", "produce": 0.0, "consumption": 0.188, "ratioPC": -0.088, "maxBatteryPerDay": 8.75, "maxAtThisDay": 78.75, "batteryLevelPercentage": 0.11810770889873606, "buyPrice": 0.149072, "sellPrice": 0.1, "batteryLevel": 9.300982075775465, "maxBatteryForMonth": 100, "Temperature": 17.4, "ratioPc": "noData"}