{"bought": 79.35, "sold": 109.04, "Time_string": "Last update at 17:17 - 07/10/2024", "produce": 0.427, "consumption": 0.171, "ratioPC": 0.584, "maxBatteryPerDay": 8.75, "maxAtThisDay": 61.25, "batteryLevelPercentage": -0.10129204241533449, "buyPrice": 0.149072, "sellPrice": 0.1, "batteryLevel": -6.204137597939237, "maxBatteryForMonth": 100, "Temperature": 20.7, "ratioPc": "noData"}