{"bought": 232.44, "sold": 32.64, "Time_string": "Last update at 16:59 - 11/08/2024", "produce": 4.297, "consumption": 4.386, "ratioPC": -0.17300000000000004, "maxBatteryPerDay": 8.75, "maxAtThisDay": 96.25, "batteryLevelPercentage": -2.187475741174142, "buyPrice": 0.149072, "sellPrice": 0.1, "batteryLevel": -210.54454008801116, "maxBatteryForMonth": 100, "Temperature": 36.0, "ratioPc": "noData"}