{"bought": 44.29, "sold": 110.4, "Time_string": "Last update at 09:55 - 08/10/2023", "produce": 0.672, "consumption": 1.081, "ratioPC": -0.4089999999999999, "maxBatteryPerDay": 8.75, "maxAtThisDay": 10, "batteryLevelPercentage": 2.9768173231726953, "buyPrice": 0.149072, "sellPrice": 0.1, "batteryLevel": 29.768173231726955, "maxBatteryForMonth": 10, "Temperature": 22.8, "ratioPc": "noData"}