{"bought": 236.01, "sold": 674.6, "Time_string": "Last update at 19:36 - 28/05/2024", "produce": 1.453, "consumption": 0.177, "ratioPC": 1.438, "maxBatteryPerDay": 8.75, "maxAtThisDay": 100, "batteryLevelPercentage": 2.1652300418589676, "buyPrice": 0.149072, "sellPrice": 0.1, "batteryLevel": 216.52300418589675, "maxBatteryForMonth": 100, "Temperature": 31.4, "ratioPc": "noData"}