{"bought": 582.82, "sold": 90.63, "Time_string": "Last update at 09:15 - 27/08/2024", "produce": 0.292, "consumption": 1.377, "ratioPC": -1.1629999999999998, "maxBatteryPerDay": 8.75, "maxAtThisDay": 100, "batteryLevelPercentage": -5.22023874637759, "buyPrice": 0.149072, "sellPrice": 0.1, "batteryLevel": -522.023874637759, "maxBatteryForMonth": 100, "Temperature": 25.5, "ratioPc": "noData"}