{"bought": 51.51, "sold": 52.54, "Time_string": "Last update at 09:43 - 04/10/2024", "produce": 0.458, "consumption": 0.147, "ratioPC": 0.08399999999999999, "maxBatteryPerDay": 8.75, "maxAtThisDay": 35.0, "batteryLevelPercentage": -0.4647224581793649, "buyPrice": 0.149072, "sellPrice": 0.1, "batteryLevel": -16.26528603627777, "maxBatteryForMonth": 100, "Temperature": 20.7, "ratioPc": "noData"}