{"bought": 94.27, "sold": 132.5, "Time_string": "Last update at 17:38 - 10/11/2024", "produce": 0.253, "consumption": 4.939, "ratioPC": -4.675999999999999, "maxBatteryPerDay": 8.75, "maxAtThisDay": 87.5, "batteryLevelPercentage": -0.06156315184225459, "buyPrice": 0.149072, "sellPrice": 0.1, "batteryLevel": -5.386775786197276, "maxBatteryForMonth": 100, "Temperature": 20.4, "ratioPc": "noData"}