{"bought": 194.94, "sold": 500.37, "Time_string": "Last update at 21:39 - 21/05/2024", "produce": 0.007, "consumption": 0.299, "ratioPC": -0.164, "maxBatteryPerDay": 8.75, "maxAtThisDay": 100, "batteryLevelPercentage": 1.4071659547064508, "buyPrice": 0.149072, "sellPrice": 0.1, "batteryLevel": 140.71659547064507, "maxBatteryForMonth": 100, "Temperature": 19.4, "ratioPc": "noData"}