{"bought": 143.68, "sold": 353.97, "Time_string": "Last update at 22:35 - 22/06/2023", "produce": 0.0, "consumption": 2.605, "ratioPc": "noData", "buyPrice": 0.149072, "sellPrice": 0.1, "batteryLevel": 93.76901792422456, "maxBatteryPerDay": 8.75, "batteryLevelPercentage": 0.48711178142454314, "maxAtThisDay": 192.5, "ratioPC": -2.605}