{"bought": 266.6, "sold": 365.38, "Time_string": "Last update at 10:43 - 23/06/2024", "produce": 2.119, "consumption": 0.984, "ratioPC": 0.506, "maxBatteryPerDay": 8.75, "maxAtThisDay": 100, "batteryLevelPercentage": -0.21496962541590647, "buyPrice": 0.149072, "sellPrice": 0.1, "batteryLevel": -21.496962541590648, "maxBatteryForMonth": 100, "Temperature": 27.2, "ratioPc": "noData"}