{"bought": 145.35, "sold": 89.83, "Time_string": "Last update at 20:22 - 12/08/2023", "produce": 0.151, "consumption": 6.046, "ratioPC": -5.8950000000000005, "maxBatteryPerDay": 8.75, "maxAtThisDay": 10, "batteryLevelPercentage": -8.509052806697435, "buyPrice": 0.149072, "sellPrice": 0.1, "batteryLevel": -85.09052806697434, "maxBatteryForMonth": 10, "Temperature": 37.3, "ratioPc": "noData"}