{"bought": 64.73, "sold": 240.56, "Time_string": "Last update at 20:02 - 14/06/2023", "produce": 0.645, "consumption": 2.233, "ratioPc": null, "buyPrice": 0.149072, "sellPrice": 0.1, "batteryLevel": 96.64168616507457, "maxBatteryPerDay": 8.75, "batteryLevelPercentage": 0.7889117237965272, "maxAtThisDay": 122.5, "ratioPC": -1.588}