{"bought": 181.32, "sold": 221.05, "Time_string": "Last update at 18:07 - 17/11/2024", "produce": 0.038, "consumption": 0.21, "ratioPC": -0.16200000000000003, "maxBatteryPerDay": 8.75, "maxAtThisDay": 100, "batteryLevelPercentage": -0.3303594933991627, "buyPrice": 0.149072, "sellPrice": 0.1, "batteryLevel": -33.03594933991627, "maxBatteryForMonth": 100, "Temperature": 17.9, "ratioPc": "noData"}