{"bought": 161.6, "sold": 183.98, "Time_string": "Last update at 17:35 - 16/07/2023", "produce": 3.631, "consumption": 2.016, "buyPrice": 0.149072, "sellPrice": 0.1, "batteryLevel": -38.18312761618547, "maxBatteryPerDay": 8.75, "batteryLevelPercentage": -3.8183127616185475, "maxAtThisDay": 10, "ratioPC": 1.6149999999999998, "maxBatteryForMonth": 10, "ratioPc": "noData"}