{"bought": 217.97, "sold": 291.17, "Time_string": "Last update at 15:27 - 20/09/2024", "produce": 2.4, "consumption": 1.686, "ratioPC": -0.24299999999999988, "maxBatteryPerDay": 8.75, "maxAtThisDay": 100, "batteryLevelPercentage": -0.22648276269185344, "buyPrice": 0.149072, "sellPrice": 0.1, "batteryLevel": -22.648276269185345, "maxBatteryForMonth": 100, "Temperature": 28.5, "ratioPc": "noData"}