{"bought": 2.94, "sold": 9.48, "Time_string": "Last update at 16:15 - 01/08/2023", "produce": 4.618, "consumption": 3.822, "ratioPC": 0.7960000000000003, "maxBatteryPerDay": 8.75, "maxAtThisDay": 8.75, "batteryLevelPercentage": 0.39078207270887316, "buyPrice": 0.149072, "sellPrice": 0.1, "batteryLevel": 3.4193431362026403, "maxBatteryForMonth": 10, "Temperature": "36", "ratioPc": "noData"}