{"bought": 226.61, "sold": 277.62, "Time_string": "Last update at 14:00 - 22/10/2024", "produce": 3.757, "consumption": 0.278, "ratioPC": 4.186, "maxBatteryPerDay": 8.75, "maxAtThisDay": 100, "batteryLevelPercentage": -0.40377843726521434, "buyPrice": 0.149072, "sellPrice": 0.1, "batteryLevel": -40.377843726521434, "maxBatteryForMonth": 100, "Temperature": 24.0, "ratioPc": "noData"}