{"bought": 122.59, "sold": 250.53, "Time_string": "Last update at 11:40 - 16/06/2024", "produce": 3.303, "consumption": 0.187, "ratioPC": 2.935, "maxBatteryPerDay": 8.75, "maxAtThisDay": 100, "batteryLevelPercentage": 0.4546972952667167, "buyPrice": 0.149072, "sellPrice": 0.1, "batteryLevel": 45.46972952667167, "maxBatteryForMonth": 100, "Temperature": 25.3, "ratioPc": "noData"}