{"bought": 277.58, "sold": 308.88, "Time_string": "Last update at 11:13 - 26/07/2023", "produce": 2.538, "consumption": 0.897, "buyPrice": 0.149072, "sellPrice": 0.1, "batteryLevel": -70.37811097992915, "maxBatteryPerDay": 8.75, "batteryLevelPercentage": -7.037811097992915, "maxAtThisDay": 10, "ratioPC": 1.6409999999999998, "maxBatteryForMonth": 10, "ratioPc": "noData"}