{"bought": 14.25, "sold": 0.87, "Time_string": "Last update at 17:07 - 01/01/2024", "produce": 1.252, "consumption": 0.455, "ratioPC": 0.8919999999999999, "maxBatteryPerDay": 8.75, "maxAtThisDay": 8.75, "batteryLevelPercentage": -1.561873073797513, "buyPrice": 0.149072, "sellPrice": 0.1, "batteryLevel": -13.666389395728238, "maxBatteryForMonth": 100, "Temperature": 14.9, "ratioPc": "noData"}