{"bought": 30.89, "sold": 107.75, "Time_string": "Last update at 13:54 - 07/09/2023", "produce": 2.853, "consumption": 1.016, "ratioPC": 1.8370000000000002, "maxBatteryPerDay": 8.75, "maxAtThisDay": 10, "batteryLevelPercentage": 4.13905087474509, "buyPrice": 0.149072, "sellPrice": 0.1, "batteryLevel": 41.390508747450895, "maxBatteryForMonth": 10, "Temperature": 27.9, "ratioPc": "noData"}