{"bought": 68.88, "sold": 109.84, "Time_string": "Last update at 09:28 - 08/11/2024", "produce": 0.61, "consumption": 0.138, "ratioPC": 0.376, "maxBatteryPerDay": 8.75, "maxAtThisDay": 70.0, "batteryLevelPercentage": 0.06860736901823096, "buyPrice": 0.149072, "sellPrice": 0.1, "batteryLevel": 4.8025158312761675, "maxBatteryForMonth": 100, "Temperature": 16.0, "ratioPc": "noData"}