{"bought": 153.83, "sold": 95.02, "Time_string": "Last update at 17:11 - 13/08/2023", "produce": 4.143, "consumption": 3.673, "ratioPC": 0.46999999999999975, "maxBatteryPerDay": 8.75, "maxAtThisDay": 10, "batteryLevelPercentage": -9.008898894493937, "buyPrice": 0.149072, "sellPrice": 0.1, "batteryLevel": -90.08898894493937, "maxBatteryForMonth": 10, "Temperature": 37.6, "ratioPc": "noData"}