{"bought": 217.12, "sold": 252.06, "Time_string": "Last update at 17:10 - 21/07/2023", "produce": 4.186, "consumption": 4.227, "buyPrice": 0.149072, "sellPrice": 0.1, "batteryLevel": -48.03392078995384, "maxBatteryPerDay": 8.75, "batteryLevelPercentage": -4.803392078995384, "maxAtThisDay": 10, "ratioPC": -0.04100000000000037, "maxBatteryForMonth": 10, "ratioPc": "noData"}