{"bought": 169.33, "sold": 185.48, "Time_string": "Last update at 12:14 - 17/07/2023", "produce": 3.427, "consumption": 2.886, "buyPrice": 0.149072, "sellPrice": 0.1, "batteryLevel": -44.9069024364066, "maxBatteryPerDay": 8.75, "batteryLevelPercentage": -4.4906902436406595, "maxAtThisDay": 10, "ratioPC": 0.5409999999999999, "maxBatteryForMonth": 10, "ratioPc": "noData"}