{"bought": 173.83, "sold": 445.52, "Time_string": "Last update at 10:37 - 31/10/2023", "produce": 0.694, "consumption": 0.223, "ratioPC": 0.471, "maxBatteryPerDay": 8.75, "maxAtThisDay": 10, "batteryLevelPercentage": 12.503229473006328, "buyPrice": 0.149072, "sellPrice": 0.1, "batteryLevel": 125.03229473006328, "maxBatteryForMonth": 10, "Temperature": 14.6, "ratioPc": "noData"}