{"bought": 63.67, "sold": 221.81, "Time_string": "Last update at 12:01 - 14/06/2023", "produce": 3.532, "consumption": 1.939, "ratioPc": null, "buyPrice": 0.149072, "sellPrice": 0.1, "batteryLevel": 85.12387141783834, "maxBatteryPerDay": 8.75, "batteryLevelPercentage": 0.6948887462680681, "maxAtThisDay": 122.5, "ratioPC": 1.593}