{"bought": 36.68, "sold": 52.43, "Time_string": "Last update at 18:07 - 04/11/2024", "produce": 0.04, "consumption": 0.225, "ratioPC": -0.07900000000000001, "maxBatteryPerDay": 8.75, "maxAtThisDay": 35.0, "batteryLevelPercentage": -0.043116453794139684, "buyPrice": 0.149072, "sellPrice": 0.1, "batteryLevel": -1.509075882794889, "maxBatteryForMonth": 100, "Temperature": 19.9, "ratioPc": "noData"}