{"bought": 193.52, "sold": 202.17, "Time_string": "Last update at 09:27 - 18/10/2024", "produce": 0.122, "consumption": 0.168, "ratioPC": 0.04999999999999999, "maxBatteryPerDay": 8.75, "maxAtThisDay": 100, "batteryLevelPercentage": -0.5790097026940006, "buyPrice": 0.149072, "sellPrice": 0.1, "batteryLevel": -57.90097026940006, "maxBatteryForMonth": 100, "Temperature": 14.5, "ratioPc": "noData"}