{"bought": 154.25, "sold": 95.16, "Time_string": "Last update at 18:44 - 13/08/2023", "produce": 2.531, "consumption": 2.462, "ratioPC": 0.06899999999999995, "maxBatteryPerDay": 8.75, "maxAtThisDay": 10, "batteryLevelPercentage": -9.041507459482666, "buyPrice": 0.149072, "sellPrice": 0.1, "batteryLevel": -90.41507459482666, "maxBatteryForMonth": 10, "Temperature": 35.3, "ratioPc": "noData"}