{"bought": 125.54, "sold": 273.56, "Time_string": "Last update at 11:56 - 17/06/2024", "produce": 3.508, "consumption": 0.9606, "ratioPC": 2.3970000000000002, "maxBatteryPerDay": 8.75, "maxAtThisDay": 100, "batteryLevelPercentage": 0.5796864012021037, "buyPrice": 0.149072, "sellPrice": 0.1, "batteryLevel": 57.96864012021037, "maxBatteryForMonth": 100, "Temperature": 27.9, "ratioPc": "noData"}