{"bought": 208.01, "sold": 558.74, "Time_string": "Last update at 10:11 - 24/05/2024", "produce": 1.259, "consumption": 1.351, "ratioPC": 0.923, "maxBatteryPerDay": 8.75, "maxAtThisDay": 100, "batteryLevelPercentage": 1.6680217129977462, "buyPrice": 0.149072, "sellPrice": 0.1, "batteryLevel": 166.8021712997746, "maxBatteryForMonth": 100, "Temperature": 21.5, "ratioPc": "noData"}