{"bought": 301.29, "sold": 396.42, "Time_string": "Last update at 10:28 - 28/09/2024", "produce": 1.748, "consumption": 1.237, "ratioPC": 0.1439999999999999, "maxBatteryPerDay": 8.75, "maxAtThisDay": 100, "batteryLevelPercentage": -0.3536480948803262, "buyPrice": 0.149072, "sellPrice": 0.1, "batteryLevel": -35.36480948803262, "maxBatteryForMonth": 100, "Temperature": 19.4, "ratioPc": "noData"}