{"bought": 69.25, "sold": 116.17, "Time_string": "Last update at 17:11 - 08/11/2024", "produce": 0.533, "consumption": 0.241, "ratioPC": 0.6719999999999999, "maxBatteryPerDay": 8.75, "maxAtThisDay": 70.0, "batteryLevelPercentage": 0.12398265842775881, "buyPrice": 0.149072, "sellPrice": 0.1, "batteryLevel": 8.678786089943117, "maxBatteryForMonth": 100, "Temperature": 19.8, "ratioPc": "noData"}