{"bought": 215.48, "sold": 201.34, "Time_string": "Last update at 11:08 - 20/07/2023", "produce": 2.516, "consumption": 2.816, "buyPrice": 0.149072, "sellPrice": 0.1, "batteryLevel": -80.41774820221102, "maxBatteryPerDay": 8.75, "batteryLevelPercentage": -8.041774820221102, "maxAtThisDay": 10, "ratioPC": -0.2999999999999998, "maxBatteryForMonth": 10, "ratioPc": "noData"}