{"bought": 61.08, "sold": 110.87, "Time_string": "Last update at 17:48 - 08/09/2024", "produce": 3.374, "consumption": 1.66, "ratioPC": 2.0100000000000002, "maxBatteryPerDay": 8.75, "maxAtThisDay": 70.0, "batteryLevelPercentage": 0.18990653030558594, "buyPrice": 0.149072, "sellPrice": 0.1, "batteryLevel": 13.293457121391015, "maxBatteryForMonth": 100, "Temperature": 29.2, "ratioPc": "noData"}