{"bought": 174.05, "sold": 304.04, "Time_string": "Last update at 13:20 - 19/06/2024", "produce": 5.485, "consumption": 0.144, "ratioPC": 5.046, "maxBatteryPerDay": 8.75, "maxAtThisDay": 100, "batteryLevelPercentage": 0.299051357733176, "buyPrice": 0.149072, "sellPrice": 0.1, "batteryLevel": 29.905135773317596, "maxBatteryForMonth": 100, "Temperature": 17.7, "ratioPc": "noData"}