{"bought": 107.66, "sold": 278.37, "Time_string": "Last update at 17:45 - 13/05/2024", "produce": 3.426, "consumption": 0.995, "ratioPC": 2.885, "maxBatteryPerDay": 8.75, "maxAtThisDay": 100, "batteryLevelPercentage": 0.7907526886336805, "buyPrice": 0.149072, "sellPrice": 0.1, "batteryLevel": 79.07526886336805, "maxBatteryForMonth": 100, "Temperature": 28.5, "ratioPc": "noData"}