{"bought": 583.11, "sold": 90.63, "Time_string": "Last update at 09:29 - 27/08/2024", "produce": 0.407, "consumption": 1.418, "ratioPC": -1.0020000000000002, "maxBatteryPerDay": 8.75, "maxAtThisDay": 100, "batteryLevelPercentage": -5.22313874637759, "buyPrice": 0.149072, "sellPrice": 0.1, "batteryLevel": -522.313874637759, "maxBatteryForMonth": 100, "Temperature": 26.0, "ratioPc": "noData"}