{"bought": 76.4, "sold": 117.39, "Time_string": "Last update at 11:55 - 09/11/2024", "produce": 1.149, "consumption": 1.938, "ratioPC": -3.0520000000000005, "maxBatteryPerDay": 8.75, "maxAtThisDay": 78.75, "batteryLevelPercentage": 0.029805492945988697, "buyPrice": 0.149072, "sellPrice": 0.1, "batteryLevel": 2.34718256949661, "maxBatteryForMonth": 100, "Temperature": 19.9, "ratioPc": "noData"}