{"bought": 178.02, "sold": 106.39, "Time_string": "Last update at 18:24 - 19/01/2024", "produce": 0.043, "consumption": 0.419, "ratioPC": -0.19999999999999998, "maxBatteryPerDay": 8.75, "maxAtThisDay": 100, "batteryLevelPercentage": -1.0665180208221532, "buyPrice": 0.149072, "sellPrice": 0.1, "batteryLevel": -106.65180208221531, "maxBatteryForMonth": 100, "Temperature": 13.6, "ratioPc": "noData"}