{"bought": 165.62, "sold": 424.25, "Time_string": "Last update at 08:49 - 30/10/2023", "produce": 0.417, "consumption": 0.132, "ratioPC": 0.285, "maxBatteryPerDay": 8.75, "maxAtThisDay": 10, "batteryLevelPercentage": 11.897402168079855, "buyPrice": 0.149072, "sellPrice": 0.1, "batteryLevel": 118.97402168079856, "maxBatteryForMonth": 10, "Temperature": 17.0, "ratioPc": "noData"}