{"bought": 205.27, "sold": 268.84, "Time_string": "Last update at 14:37 - 18/09/2024", "produce": 2.355, "consumption": 1.839, "ratioPC": 2.53, "maxBatteryPerDay": 8.75, "maxAtThisDay": 100, "batteryLevelPercentage": -0.24927615112160595, "buyPrice": 0.149072, "sellPrice": 0.1, "batteryLevel": -24.927615112160595, "maxBatteryForMonth": 100, "Temperature": 27.8, "ratioPc": "noData"}