{"bought": 107.66, "sold": 256.54, "Time_string": "Last update at 11:45 - 13/05/2024", "produce": 3.327, "consumption": 0.204, "ratioPC": 3.206, "maxBatteryPerDay": 8.75, "maxAtThisDay": 100, "batteryLevelPercentage": 0.6443133841365247, "buyPrice": 0.149072, "sellPrice": 0.1, "batteryLevel": 64.43133841365247, "maxBatteryForMonth": 100, "Temperature": 24.8, "ratioPc": "noData"}