{"bought": 105.46, "sold": 269.04, "Time_string": "Last update at 02:17 - 18/06/2023", "produce": 0.0, "consumption": 0.139, "ratioPc": null, "buyPrice": 0.149072, "sellPrice": 0.1, "batteryLevel": 75.01654824514331, "maxBatteryPerDay": 8.75, "batteryLevelPercentage": 0.47629554441360833, "maxAtThisDay": 157.5, "ratioPC": -0.139}