{"bought": 152.11, "sold": 238.26, "Time_string": "Last update at 10:47 - 16/09/2024", "produce": 1.349, "consumption": 1.406, "ratioPC": -0.1259999999999999, "maxBatteryPerDay": 8.75, "maxAtThisDay": 100, "batteryLevelPercentage": 0.07718807556080265, "buyPrice": 0.149072, "sellPrice": 0.1, "batteryLevel": 7.7188075560802645, "maxBatteryForMonth": 100, "Temperature": 25.6, "ratioPc": "noData"}