{"bought": 127.56, "sold": 289.21, "Time_string": "Last update at 18:05 - 17/06/2024", "produce": 3.426, "consumption": 7.967, "ratioPC": -4.37, "maxBatteryPerDay": 8.75, "maxAtThisDay": 100, "batteryLevelPercentage": 0.6644692282923685, "buyPrice": 0.149072, "sellPrice": 0.1, "batteryLevel": 66.44692282923685, "maxBatteryForMonth": 100, "Temperature": 30.9, "ratioPc": "noData"}