{"bought": 164.71, "sold": 347.02, "Time_string": "Last update at 13:24 - 16/05/2024", "produce": 3.453, "consumption": 0.049, "ratioPC": 1.176, "maxBatteryPerDay": 8.75, "maxAtThisDay": 100, "batteryLevelPercentage": 0.6807684125791559, "buyPrice": 0.149072, "sellPrice": 0.1, "batteryLevel": 68.07684125791559, "maxBatteryForMonth": 100, "Temperature": 19.4, "ratioPc": "noData"}