{"bought": 71.56, "sold": 242.83, "Time_string": "Last update at 13:07 - 15/06/2023", "produce": 4.299, "consumption": 1.823, "ratioPc": null, "buyPrice": 0.149072, "sellPrice": 0.1, "batteryLevel": 91.33444027047332, "maxBatteryPerDay": 8.75, "batteryLevelPercentage": 0.6958814496797967, "maxAtThisDay": 131.25, "ratioPC": 2.4760000000000004}