{"bought": 190.36, "sold": 441.51, "Time_string": "Last update at 00:20 - 20/05/2024", "produce": 0.0, "consumption": 0.128, "ratioPC": -0.194, "maxBatteryPerDay": 8.75, "maxAtThisDay": 100, "batteryLevelPercentage": 1.0581231941612106, "buyPrice": 0.149072, "sellPrice": 0.1, "batteryLevel": 105.81231941612106, "maxBatteryForMonth": 100, "Temperature": 15.7, "ratioPc": "noData"}