{"bought": 70.4, "sold": 150.14, "Time_string": "Last update at 14:02 - 10/09/2024", "produce": 4.734, "consumption": 2.934, "ratioPC": 4.444, "maxBatteryPerDay": 8.75, "maxAtThisDay": 87.5, "batteryLevelPercentage": 0.34647351232002926, "buyPrice": 0.149072, "sellPrice": 0.1, "batteryLevel": 30.316432328002563, "maxBatteryForMonth": 100, "Temperature": 28.0, "ratioPc": "noData"}