{"bought": 585.42, "sold": 92.87, "Time_string": "Last update at 15:19 - 27/08/2024", "produce": 4.661, "consumption": 5.053, "ratioPC": -0.4240000000000004, "maxBatteryPerDay": 8.75, "maxAtThisDay": 100, "batteryLevelPercentage": -5.231212450359558, "buyPrice": 0.149072, "sellPrice": 0.1, "batteryLevel": -523.1212450359558, "maxBatteryForMonth": 100, "Temperature": 35.3, "ratioPc": "noData"}