{"bought": 214.5, "sold": 374.83, "Time_string": "Last update at 08:45 - 27/06/2023", "produce": 0.237, "consumption": 0.107, "buyPrice": 0.149072, "sellPrice": 0.1, "batteryLevel": 36.94225609101639, "maxBatteryPerDay": 8.75, "batteryLevelPercentage": 0.3694225609101639, "maxAtThisDay": 100, "ratioPC": 0.13, "maxBatteryForMonth": 100, "ratioPc": "noData"}