{"bought": 22.75, "sold": 66.61, "Time_string": "Last update at 17:13 - 04/10/2023", "produce": 3.565, "consumption": 1.223, "ratioPC": 2.3419999999999996, "maxBatteryPerDay": 8.75, "maxAtThisDay": 10, "batteryLevelPercentage": 2.1933106150048296, "buyPrice": 0.149072, "sellPrice": 0.1, "batteryLevel": 21.933106150048296, "maxBatteryForMonth": 10, "Temperature": 33.8, "ratioPc": "noData"}