{"bought": 99.24, "sold": 71.06, "Time_string": "Last update at 10:48 - 08/06/2024", "produce": 1.048, "consumption": 0.175, "ratioPC": 0.8879999999999999, "maxBatteryPerDay": 8.75, "maxAtThisDay": 70.0, "batteryLevelPercentage": -0.736739416427728, "buyPrice": 0.149072, "sellPrice": 0.1, "batteryLevel": -51.57175914994096, "maxBatteryForMonth": 100, "Temperature": 20.8, "ratioPc": "noData"}