{"bought": 27.0, "sold": 79.5, "Time_string": "Last update at 09:07 - 07/11/2023", "produce": 0.576, "consumption": 0.32, "ratioPC": 0.25599999999999995, "maxBatteryPerDay": 8.75, "maxAtThisDay": 10, "batteryLevelPercentage": 2.6329934528281633, "buyPrice": 0.149072, "sellPrice": 0.1, "batteryLevel": 26.329934528281633, "maxBatteryForMonth": 10, "Temperature": 9.2, "ratioPc": "noData"}