{"bought": 144.19, "sold": 373.25, "Time_string": "Last update at 17:35 - 26/10/2023", "produce": 0.112, "consumption": 0.368, "ratioPC": -0.256, "maxBatteryPerDay": 8.75, "maxAtThisDay": 10, "batteryLevelPercentage": 10.619236556831599, "buyPrice": 0.149072, "sellPrice": 0.1, "batteryLevel": 106.19236556831598, "maxBatteryForMonth": 10, "Temperature": 22.0, "ratioPc": "noData"}