{"bought": 123.65, "sold": 314.72, "Time_string": "Last update at 16:22 - 20/06/2023", "produce": 0.0, "consumption": 0.0, "ratioPc": "noData", "buyPrice": 0.149072, "sellPrice": 0.1, "batteryLevel": 87.46945905334337, "maxBatteryPerDay": 8.75, "batteryLevelPercentage": 0.49982548030481927, "maxAtThisDay": 175.0, "ratioPC": 0.0}