{"bought": 327.18, "sold": 50.2, "Time_string": "Last update at 12:08 - 16/08/2024", "produce": 3.551, "consumption": 3.951, "ratioPC": -1.0669999999999997, "maxBatteryPerDay": 8.75, "maxAtThisDay": 100, "batteryLevelPercentage": -2.9350499731673283, "buyPrice": 0.149072, "sellPrice": 0.1, "batteryLevel": -293.50499731673284, "maxBatteryForMonth": 100, "Temperature": 30.4, "ratioPc": "noData"}