{"bought": 286.05, "sold": 691.33, "Time_string": "Last update at 12:23 - 30/05/2024", "produce": 3.66, "consumption": 5.373, "ratioPC": -1.8040000000000003, "maxBatteryPerDay": 8.75, "maxAtThisDay": 100, "batteryLevelPercentage": 1.7770576902436408, "buyPrice": 0.149072, "sellPrice": 0.1, "batteryLevel": 177.7057690243641, "maxBatteryForMonth": 100, "Temperature": 30.8, "ratioPc": "noData"}