{"bought": 194.37, "sold": 175.38, "Time_string": "Last update at 10:40 - 26/12/2023", "produce": 2.118, "consumption": 2.309, "ratioPC": 1.7610000000000001, "maxBatteryPerDay": 8.75, "maxAtThisDay": 100, "batteryLevelPercentage": -0.7672215198025117, "buyPrice": 0.149072, "sellPrice": 0.1, "batteryLevel": -76.72215198025117, "maxBatteryForMonth": 100, "Temperature": 5.3, "ratioPc": "noData"}