{"bought": 118.8, "sold": 285.37, "Time_string": "Last update at 07:54 - 19/06/2023", "produce": 0.183, "consumption": 1.148, "ratioPc": "noData", "buyPrice": 0.149072, "sellPrice": 0.1, "batteryLevel": 72.63098636900291, "maxBatteryPerDay": 8.75, "batteryLevelPercentage": 0.4368781134977619, "maxAtThisDay": 166.25, "ratioPC": -0.9649999999999999}