{"bought": 47.33, "sold": 168.27, "Time_string": "Last update at 09:08 - 11/09/2023", "produce": 0.203, "consumption": 0.153, "ratioPC": 0.05000000000000002, "maxBatteryPerDay": 8.75, "maxAtThisDay": 10, "batteryLevelPercentage": 6.554834066759687, "buyPrice": 0.149072, "sellPrice": 0.1, "batteryLevel": 65.54834066759688, "maxBatteryForMonth": 10, "Temperature": 20.3, "ratioPc": "noData"}