{"bought": 264.11, "sold": 435.33, "Time_string": "Last update at 20:43 - 29/11/2023", "produce": 0.0, "consumption": 0.217, "ratioPC": -0.217, "maxBatteryPerDay": 8.75, "maxAtThisDay": 100, "batteryLevelPercentage": 0.27916671675431987, "buyPrice": 0.149072, "sellPrice": 0.1, "batteryLevel": 27.916671675431985, "maxBatteryForMonth": 100, "Temperature": 17.0, "ratioPc": "noData"}