{"bought": 250.35, "sold": 207.46, "Time_string": "Last update at 16:45 - 30/12/2023", "produce": 1.572, "consumption": 0.297, "ratioPC": 1.595, "maxBatteryPerDay": 8.75, "maxAtThisDay": 100, "batteryLevelPercentage": -1.1118234946871308, "buyPrice": 0.149072, "sellPrice": 0.1, "batteryLevel": -111.18234946871308, "maxBatteryForMonth": 100, "Temperature": 14.8, "ratioPc": "noData"}