{"bought": 25.86, "sold": 37.92, "Time_string": "Last update at 12:46 - 04/09/2024", "produce": 4.077, "consumption": 0.825, "ratioPC": 2.414, "maxBatteryPerDay": 8.75, "maxAtThisDay": 35.0, "batteryLevelPercentage": -0.01207507014826967, "buyPrice": 0.149072, "sellPrice": 0.1, "batteryLevel": -0.42262745518943845, "maxBatteryForMonth": 100, "Temperature": 27.3, "ratioPc": "noData"}