{"bought": 171.38, "sold": 202.13, "Time_string": "Last update at 15:06 - 15/11/2024", "produce": 1.094, "consumption": 0.423, "ratioPC": 2.021, "maxBatteryPerDay": 8.75, "maxAtThisDay": 100, "batteryLevelPercentage": -0.35787802940860786, "buyPrice": 0.149072, "sellPrice": 0.1, "batteryLevel": -35.787802940860786, "maxBatteryForMonth": 100, "Temperature": 20.1, "ratioPc": "noData"}