{"bought": 24.02, "sold": 76.98, "Time_string": "Last update at 15:07 - 06/11/2023", "produce": 0.714, "consumption": 0.255, "ratioPC": 0.45899999999999996, "maxBatteryPerDay": 8.75, "maxAtThisDay": 10, "batteryLevelPercentage": 2.761947622625309, "buyPrice": 0.149072, "sellPrice": 0.1, "batteryLevel": 27.619476226253088, "maxBatteryForMonth": 10, "Temperature": 18.0, "ratioPc": "noData"}