{"bought": 174.92, "sold": 125.73, "Time_string": "Last update at 13:27 - 16/08/2023", "produce": 4.394, "consumption": 2.784, "ratioPC": 1.6100000000000003, "maxBatteryPerDay": 8.75, "maxAtThisDay": 10, "batteryLevelPercentage": -9.05782054309327, "buyPrice": 0.149072, "sellPrice": 0.1, "batteryLevel": -90.5782054309327, "maxBatteryForMonth": 10, "Temperature": 31.9, "ratioPc": "noData"}