{"bought": 63.31, "sold": 65.27, "Time_string": "Last update at 15:05 - 07/08/2023", "produce": 4.564, "consumption": 3.465, "ratioPC": 1.0990000000000002, "maxBatteryPerDay": 8.75, "maxAtThisDay": 10, "batteryLevelPercentage": -1.952578834388752, "buyPrice": 0.149072, "sellPrice": 0.1, "batteryLevel": -19.52578834388752, "maxBatteryForMonth": 10, "Temperature": 40.1, "ratioPc": "noData"}