{"bought": 294.51, "sold": 367.16, "Time_string": "Last update at 19:44 - 26/09/2024", "produce": 0.056, "consumption": 0.139, "ratioPC": -0.07500000000000001, "maxBatteryPerDay": 8.75, "maxAtThisDay": 100, "batteryLevelPercentage": -0.4821290866158634, "buyPrice": 0.149072, "sellPrice": 0.1, "batteryLevel": -48.21290866158634, "maxBatteryForMonth": 100, "Temperature": 23.3, "ratioPc": "noData"}