{"bought": 74.44, "sold": 163.79, "Time_string": "Last update at 08:50 - 11/09/2024", "produce": 0.149, "consumption": 0.099, "ratioPC": 0.025999999999999995, "maxBatteryPerDay": 8.75, "maxAtThisDay": 96.25, "batteryLevelPercentage": 0.36813591131418766, "buyPrice": 0.149072, "sellPrice": 0.1, "batteryLevel": 35.43308146399056, "maxBatteryForMonth": 100, "Temperature": 17.7, "ratioPc": "noData"}