{"bought": 219.23, "sold": 294.18, "Time_string": "Last update at 21:41 - 20/09/2024", "produce": 0.0, "consumption": 1.726, "ratioPC": -0.306, "maxBatteryPerDay": 8.75, "maxAtThisDay": 100, "batteryLevelPercentage": -0.21889117741762362, "buyPrice": 0.149072, "sellPrice": 0.1, "batteryLevel": -21.889117741762362, "maxBatteryForMonth": 100, "Temperature": 22.3, "ratioPc": "noData"}