{"bought": 194.34, "sold": 500.12, "Time_string": "Last update at 19:29 - 21/05/2024", "produce": 1.683, "consumption": 0.234, "ratioPC": 1.544, "maxBatteryPerDay": 8.75, "maxAtThisDay": 100, "batteryLevelPercentage": 1.411488912740152, "buyPrice": 0.149072, "sellPrice": 0.1, "batteryLevel": 141.1488912740152, "maxBatteryForMonth": 100, "Temperature": 23.5, "ratioPc": "noData"}