{"bought": 60.68, "sold": 21.64, "Time_string": "Last update at 13:16 - 06/01/2024", "produce": 2.504, "consumption": 5.537, "ratioPC": -2.3680000000000003, "maxBatteryPerDay": 8.75, "maxAtThisDay": 52.5, "batteryLevelPercentage": -0.8793052331375826, "buyPrice": 0.149072, "sellPrice": 0.1, "batteryLevel": -46.16352473972309, "maxBatteryForMonth": 100, "Temperature": 12.3, "ratioPc": "noData"}