{"bought": 264.21, "sold": 208.81, "Time_string": "Last update at 17:24 - 23/08/2023", "produce": 3.556, "consumption": 3.732, "ratioPC": -0.17600000000000016, "maxBatteryPerDay": 8.75, "maxAtThisDay": 10, "batteryLevelPercentage": -12.413674680691207, "buyPrice": 0.149072, "sellPrice": 0.1, "batteryLevel": -124.13674680691207, "maxBatteryForMonth": 10, "Temperature": 41.2, "ratioPc": "noData"}