{"bought": 248.69, "sold": 201.98, "Time_string": "Last update at 19:32 - 22/08/2023", "produce": 1.274, "consumption": 4.092, "ratioPC": -2.8179999999999996, "maxBatteryPerDay": 8.75, "maxAtThisDay": 10, "batteryLevelPercentage": -11.31984254588387, "buyPrice": 0.149072, "sellPrice": 0.1, "batteryLevel": -113.1984254588387, "maxBatteryForMonth": 10, "Temperature": 40.0, "ratioPc": "noData"}