{"bought": 138.91, "sold": 335.12, "Time_string": "Last update at 07:48 - 22/06/2023", "produce": 0.121, "consumption": 0.127, "ratioPc": "noData", "buyPrice": 0.149072, "sellPrice": 0.1, "batteryLevel": 85.89412149833637, "maxBatteryPerDay": 8.75, "batteryLevelPercentage": 0.4462032285627864, "maxAtThisDay": 192.5, "ratioPC": -0.006000000000000005}