{"bought": 521.17, "sold": 85.0, "Time_string": "Last update at 12:01 - 24/08/2024", "produce": 3.26, "consumption": 3.889, "ratioPC": -0.7369999999999997, "maxBatteryPerDay": 8.75, "maxAtThisDay": 100, "batteryLevelPercentage": -4.641505731458624, "buyPrice": 0.149072, "sellPrice": 0.1, "batteryLevel": -464.1505731458624, "maxBatteryForMonth": 100, "Temperature": 31.0, "ratioPc": "noData"}