{"bought": 217.97, "sold": 290.93, "Time_string": "Last update at 15:18 - 20/09/2024", "produce": 1.427, "consumption": 1.67, "ratioPC": 1.7679999999999998, "maxBatteryPerDay": 8.75, "maxAtThisDay": 100, "batteryLevelPercentage": -0.22809272297949973, "buyPrice": 0.149072, "sellPrice": 0.1, "batteryLevel": -22.809272297949974, "maxBatteryForMonth": 100, "Temperature": 28.3, "ratioPc": "noData"}