{"bought": 101.86, "sold": 89.01, "Time_string": "Last update at 07:51 - 09/06/2024", "produce": 0.149, "consumption": 0.132, "ratioPC": -0.07900000000000001, "maxBatteryPerDay": 8.75, "maxAtThisDay": 78.75, "batteryLevelPercentage": -0.5352456867545414, "buyPrice": 0.149072, "sellPrice": 0.1, "batteryLevel": -42.15059783192014, "maxBatteryForMonth": 100, "Temperature": 16.0, "ratioPc": "noData"}