{"bought": 4.85, "sold": 0.02, "Time_string": "Last update at 11:46 - 01/01/2024", "produce": 0.0, "consumption": 3.612, "ratioPC": -2.0420000000000003, "maxBatteryPerDay": 8.75, "maxAtThisDay": 8.75, "batteryLevelPercentage": -0.5527524187736702, "buyPrice": 0.149072, "sellPrice": 0.1, "batteryLevel": -4.8365836642696145, "maxBatteryForMonth": 100, "Temperature": 11.8, "ratioPc": "noData"}