{"bought": 314.33, "sold": 48.59, "Time_string": "Last update at 14:50 - 15/08/2024", "produce": 4.754, "consumption": 4.582, "ratioPC": -4.215999999999999, "maxBatteryPerDay": 8.75, "maxAtThisDay": 100, "batteryLevelPercentage": -2.817350123430289, "buyPrice": 0.149072, "sellPrice": 0.1, "batteryLevel": -281.73501234302887, "maxBatteryForMonth": 100, "Temperature": 34.8, "ratioPc": "noData"}