{"bought": 142.79, "sold": 73.1, "Time_string": "Last update at 10:12 - 15/01/2024", "produce": 0.169, "consumption": 0.129, "ratioPC": 0.10900000000000001, "maxBatteryPerDay": 8.75, "maxAtThisDay": 100, "batteryLevelPercentage": -0.9375329290544167, "buyPrice": 0.149072, "sellPrice": 0.1, "batteryLevel": -93.75329290544167, "maxBatteryForMonth": 100, "Temperature": 13.4, "ratioPc": "noData"}