{"bought": 89.64, "sold": 400.98, "Time_string": "Last update at 13:38 - 22/09/2023", "produce": 3.76, "consumption": 2.367, "ratioPC": 1.3929999999999998, "maxBatteryPerDay": 8.75, "maxAtThisDay": 10, "batteryLevelPercentage": 17.93441150584953, "buyPrice": 0.149072, "sellPrice": 0.1, "batteryLevel": 179.34411505849528, "maxBatteryForMonth": 10, "Temperature": 23.6, "ratioPc": "noData"}