{"bought": 209.44, "sold": 578.88, "Time_string": "Last update at 16:50 - 24/05/2024", "produce": 4.232, "consumption": 7.596, "ratioPC": -1.8119999999999998, "maxBatteryPerDay": 8.75, "maxAtThisDay": 100, "batteryLevelPercentage": 1.788824213802726, "buyPrice": 0.149072, "sellPrice": 0.1, "batteryLevel": 178.8824213802726, "maxBatteryForMonth": 100, "Temperature": 30.8, "ratioPc": "noData"}