{"bought": 149.87, "sold": 393.36, "Time_string": "Last update at 19:22 - 27/10/2023", "produce": 0.053, "consumption": 0.456, "ratioPC": -0.403, "maxBatteryPerDay": 8.75, "maxAtThisDay": 10, "batteryLevelPercentage": 11.400249114521841, "buyPrice": 0.149072, "sellPrice": 0.1, "batteryLevel": 114.00249114521841, "maxBatteryForMonth": 10, "Temperature": 18.6, "ratioPc": "noData"}