{"bought": 122.31, "sold": 300.79, "Time_string": "Last update at 04:12 - 20/06/2023", "produce": 0.0, "consumption": 0.101, "ratioPc": "noData", "buyPrice": 0.149072, "sellPrice": 0.1, "batteryLevel": 79.46498121713, "maxBatteryPerDay": 8.75, "batteryLevelPercentage": 0.4540856069550286, "maxAtThisDay": 175.0, "ratioPC": -0.101}