{"bought": 97.92, "sold": 69.62, "Time_string": "Last update at 08:05 - 09/08/2023", "produce": 0.078, "consumption": 0.146, "ratioPC": -0.06799999999999999, "maxBatteryPerDay": 8.75, "maxAtThisDay": 10, "batteryLevelPercentage": -5.121773532252871, "buyPrice": 0.149072, "sellPrice": 0.1, "batteryLevel": -51.21773532252871, "maxBatteryForMonth": 10, "Temperature": 23.2, "ratioPc": "noData"}