{"bought": 289.63, "sold": 692.11, "Time_string": "Last update at 15:51 - 30/05/2024", "produce": 4.514, "consumption": 3.574, "ratioPC": -1.8399999999999999, "maxBatteryPerDay": 8.75, "maxAtThisDay": 100, "batteryLevelPercentage": 1.7464900611784906, "buyPrice": 0.149072, "sellPrice": 0.1, "batteryLevel": 174.64900611784907, "maxBatteryForMonth": 100, "Temperature": 35.9, "ratioPc": "noData"}