{"bought": 66.37, "sold": 117.04, "Time_string": "Last update at 12:33 - 09/09/2024", "produce": 3.995, "consumption": 1.239, "ratioPC": 3.701, "maxBatteryPerDay": 8.75, "maxAtThisDay": 78.75, "batteryLevelPercentage": 0.15418916437098243, "buyPrice": 0.149072, "sellPrice": 0.1, "batteryLevel": 12.142396694214867, "maxBatteryForMonth": 100, "Temperature": 25.6, "ratioPc": "noData"}