{"bought": 113.06, "sold": 204.31, "Time_string": "Last update at 19:25 - 13/06/2024", "produce": 1.612, "consumption": 1.426, "ratioPC": -0.613, "maxBatteryPerDay": 8.75, "maxAtThisDay": 100, "batteryLevelPercentage": 0.23994577653751206, "buyPrice": 0.149072, "sellPrice": 0.1, "batteryLevel": 23.994577653751207, "maxBatteryForMonth": 100, "Temperature": 30.6, "ratioPc": "noData"}