{"bought": 201.17, "sold": 260.5, "Time_string": "Last update at 20:29 - 17/09/2024", "produce": 0.032, "consumption": 0.219, "ratioPC": -0.179, "maxBatteryPerDay": 8.75, "maxAtThisDay": 100, "batteryLevelPercentage": -0.26422227111731245, "buyPrice": 0.149072, "sellPrice": 0.1, "batteryLevel": -26.422227111731246, "maxBatteryForMonth": 100, "Temperature": 24.5, "ratioPc": "noData"}