{"bought": 154.31, "sold": 292.44, "Time_string": "Last update at 12:24 - 18/06/2024", "produce": 2.172, "consumption": 0.188, "ratioPC": 1.631, "maxBatteryPerDay": 8.75, "maxAtThisDay": 100, "batteryLevelPercentage": 0.4186366104969409, "buyPrice": 0.149072, "sellPrice": 0.1, "batteryLevel": 41.86366104969409, "maxBatteryForMonth": 100, "Temperature": 24.4, "ratioPc": "noData"}