{"bought": 138.92, "sold": 89.77, "Time_string": "Last update at 17:29 - 12/08/2023", "produce": 3.767, "consumption": 3.028, "ratioPC": 0.7389999999999999, "maxBatteryPerDay": 8.75, "maxAtThisDay": 10, "batteryLevelPercentage": -7.87007770741655, "buyPrice": 0.149072, "sellPrice": 0.1, "batteryLevel": -78.7007770741655, "maxBatteryForMonth": 10, "Temperature": 41.0, "ratioPc": "noData"}