{"bought": 209.82, "sold": 374.79, "Time_string": "Last update at 22:24 - 26/06/2023", "produce": 0.0, "consumption": 2.328, "buyPrice": 0.149072, "sellPrice": 0.1, "batteryLevel": 41.59542341955569, "maxBatteryPerDay": 8.75, "batteryLevelPercentage": 0.4159542341955569, "maxAtThisDay": 100, "ratioPC": -2.328, "maxBatteryForMonth": 100, "ratioPc": "noData"}