{"bought": 121.46, "sold": 123.21, "Time_string": "Last update at 11:17 - 18/12/2023", "produce": 3.033, "consumption": 3.23, "ratioPC": -0.29899999999999993, "maxBatteryPerDay": 8.75, "maxAtThisDay": 100, "batteryLevelPercentage": -0.3880866373296125, "buyPrice": 0.149072, "sellPrice": 0.1, "batteryLevel": -38.80866373296125, "maxBatteryForMonth": 100, "Temperature": 9.8, "ratioPc": "noData"}