{"bought": 118.91, "sold": 227.45, "Time_string": "Last update at 10:17 - 15/06/2024", "produce": 1.291, "consumption": 1.272, "ratioPC": 0.46499999999999997, "maxBatteryPerDay": 8.75, "maxAtThisDay": 100, "batteryLevelPercentage": 0.3366727809380703, "buyPrice": 0.149072, "sellPrice": 0.1, "batteryLevel": 33.66727809380703, "maxBatteryForMonth": 100, "Temperature": 24.6, "ratioPc": "noData"}