{"bought": 249.29, "sold": 362.03, "Time_string": "Last update at 02:52 - 22/06/2024", "produce": 0.0, "consumption": 0.165, "ratioPC": -0.166, "maxBatteryPerDay": 8.75, "maxAtThisDay": 100, "batteryLevelPercentage": -0.06434198776430207, "buyPrice": 0.149072, "sellPrice": 0.1, "batteryLevel": -6.4341987764302075, "maxBatteryForMonth": 100, "Temperature": 19.1, "ratioPc": "noData"}