{"bought": 325.61, "sold": 355.17, "Time_string": "Last update at 11:25 - 28/10/2024", "produce": 4.066, "consumption": 0.367, "ratioPC": 3.699, "maxBatteryPerDay": 8.75, "maxAtThisDay": 100, "batteryLevelPercentage": -0.8735600193195237, "buyPrice": 0.149072, "sellPrice": 0.1, "batteryLevel": -87.35600193195236, "maxBatteryForMonth": 100, "Temperature": 15.4, "ratioPc": "noData"}