{"bought": 274.56, "sold": 348.05, "Time_string": "Last update at 16:19 - 25/09/2024", "produce": 3.79, "consumption": 0.173, "ratioPC": 1.557, "maxBatteryPerDay": 8.75, "maxAtThisDay": 100, "batteryLevelPercentage": -0.4108221745196954, "buyPrice": 0.149072, "sellPrice": 0.1, "batteryLevel": -41.08221745196954, "maxBatteryForMonth": 100, "Temperature": 25.3, "ratioPc": "noData"}