{"bought": 118.91, "sold": 242.5, "Time_string": "Last update at 15:14 - 15/06/2024", "produce": 4.97, "consumption": 0.952, "ratioPC": 3.9400000000000004, "maxBatteryPerDay": 8.75, "maxAtThisDay": 100, "batteryLevelPercentage": 0.43763070730921955, "buyPrice": 0.149072, "sellPrice": 0.1, "batteryLevel": 43.76307073092195, "maxBatteryForMonth": 100, "Temperature": 31.0, "ratioPc": "noData"}