{"bought": 445.09, "sold": 65.71, "Time_string": "Last update at 11:03 - 20/08/2024", "produce": 1.336, "consumption": 0.785, "ratioPC": 0.5239999999999999, "maxBatteryPerDay": 8.75, "maxAtThisDay": 100, "batteryLevelPercentage": -4.01010628957819, "buyPrice": 0.149072, "sellPrice": 0.1, "batteryLevel": -401.010628957819, "maxBatteryForMonth": 100, "Temperature": 27.1, "ratioPc": "noData"}