{"bought": 226.95, "sold": 322.19, "Time_string": "Last update at 11:38 - 20/06/2024", "produce": 0.752, "consumption": 0.506, "ratioPC": 0.23199999999999998, "maxBatteryPerDay": 8.75, "maxAtThisDay": 100, "batteryLevelPercentage": -0.10819539551357735, "buyPrice": 0.149072, "sellPrice": 0.1, "batteryLevel": -10.819539551357735, "maxBatteryForMonth": 100, "Temperature": 19.6, "ratioPc": "noData"}