{"bought": 62.79, "sold": 23.72, "Time_string": "Last update at 17:01 - 06/01/2024", "produce": 2.007, "consumption": 0.469, "ratioPC": 0.3368000000000002, "maxBatteryPerDay": 8.75, "maxAtThisDay": 52.5, "batteryLevelPercentage": -0.8929185871192956, "buyPrice": 0.149072, "sellPrice": 0.1, "batteryLevel": -46.87822582376302, "maxBatteryForMonth": 100, "Temperature": 13.0, "ratioPc": "noData"}