{"bought": 175.2, "sold": 208.92, "Time_string": "Last update at 12:41 - 16/11/2024", "produce": 4.48, "consumption": 1.105, "ratioPC": 3.1550000000000002, "maxBatteryPerDay": 8.75, "maxAtThisDay": 100, "batteryLevelPercentage": -0.35052956960394965, "buyPrice": 0.149072, "sellPrice": 0.1, "batteryLevel": -35.052956960394965, "maxBatteryForMonth": 100, "Temperature": 21.4, "ratioPc": "noData"}