{"bought": 195.09, "sold": 209.96, "Time_string": "Last update at 19:29 - 18/10/2024", "produce": 0.049, "consumption": 0.221, "ratioPC": -0.117, "maxBatteryPerDay": 8.75, "maxAtThisDay": 100, "batteryLevelPercentage": -0.5424530750241493, "buyPrice": 0.149072, "sellPrice": 0.1, "batteryLevel": -54.24530750241493, "maxBatteryForMonth": 100, "Temperature": 19.5, "ratioPc": "noData"}