{"bought": 329.06, "sold": 55.08, "Time_string": "Last update at 19:11 - 16/08/2024", "produce": 2.265, "consumption": 4.571, "ratioPC": -2.203, "maxBatteryPerDay": 8.75, "maxAtThisDay": 100, "batteryLevelPercentage": -2.9211141139851886, "buyPrice": 0.149072, "sellPrice": 0.1, "batteryLevel": -292.11141139851884, "maxBatteryForMonth": 100, "Temperature": 37.0, "ratioPc": "noData"}