{"bought": 238.47, "sold": 309.13, "Time_string": "Last update at 13:40 - 22/09/2024", "produce": 5.015, "consumption": 5.595, "ratioPC": -6.9239999999999995, "maxBatteryPerDay": 8.75, "maxAtThisDay": 100, "batteryLevelPercentage": -0.3110040678329935, "buyPrice": 0.149072, "sellPrice": 0.1, "batteryLevel": -31.10040678329935, "maxBatteryForMonth": 100, "Temperature": 25.7, "ratioPc": "noData"}