{"bought": 126.13, "sold": 154.62, "Time_string": "Last update at 11:05 - 12/11/2024", "produce": 3.126, "consumption": 0.271, "ratioPC": 2.256, "maxBatteryPerDay": 8.75, "maxAtThisDay": 100, "batteryLevelPercentage": -0.22408308468391097, "buyPrice": 0.149072, "sellPrice": 0.1, "batteryLevel": -22.4083084683911, "maxBatteryForMonth": 100, "Temperature": 17.2, "ratioPc": "noData"}