{"bought": 226.97, "sold": 332.14, "Time_string": "Last update at 14:30 - 20/06/2024", "produce": 1.443, "consumption": 0.197, "ratioPC": 1.145, "maxBatteryPerDay": 8.75, "maxAtThisDay": 100, "batteryLevelPercentage": -0.04164912525491047, "buyPrice": 0.149072, "sellPrice": 0.1, "batteryLevel": -4.164912525491047, "maxBatteryForMonth": 100, "Temperature": 23.0, "ratioPc": "noData"}