{"bought": 96.23, "sold": 195.71, "Time_string": "Last update at 16:01 - 12/09/2024", "produce": 4.625, "consumption": 1.906, "ratioPC": 2.68, "maxBatteryPerDay": 8.75, "maxAtThisDay": 100, "batteryLevelPercentage": 0.35055553289685504, "buyPrice": 0.149072, "sellPrice": 0.1, "batteryLevel": 35.055553289685506, "maxBatteryForMonth": 100, "Temperature": 31.0, "ratioPc": "noData"}