{"bought": 226.65, "sold": 282.62, "Time_string": "Last update at 15:35 - 22/10/2024", "produce": 4.476, "consumption": 0.244, "ratioPC": 4.2490000000000006, "maxBatteryPerDay": 8.75, "maxAtThisDay": 100, "batteryLevelPercentage": -0.370637597939251, "buyPrice": 0.149072, "sellPrice": 0.1, "batteryLevel": -37.0637597939251, "maxBatteryForMonth": 100, "Temperature": 25.0, "ratioPc": "noData"}