{"bought": 41.18, "sold": 89.3, "Time_string": "Last update at 17:54 - 06/09/2024", "produce": 3.203, "consumption": 0.143, "ratioPC": 3.2520000000000002, "maxBatteryPerDay": 8.75, "maxAtThisDay": 52.5, "batteryLevelPercentage": 0.3566464578318178, "buyPrice": 0.149072, "sellPrice": 0.1, "batteryLevel": 18.723939036170435, "maxBatteryForMonth": 100, "Temperature": 30.1, "ratioPc": "noData"}