{"bought": 1.51, "sold": 6.48, "Time_string": "Last update at 14:21 - 01/07/2023", "produce": 4.509, "consumption": 3.523, "buyPrice": 0.149072, "sellPrice": 0.1, "batteryLevel": 2.8368927766448433, "maxBatteryPerDay": 8.75, "batteryLevelPercentage": 0.3242163173308392, "maxAtThisDay": 8.75, "ratioPC": 0.9860000000000002, "maxBatteryForMonth": 100, "ratioPc": "noData"}