{"bought": 154.29, "sold": 160.96, "Time_string": "Last update at 09:54 - 15/07/2023", "produce": 0.537, "consumption": 0.292, "buyPrice": 0.149072, "sellPrice": 0.1, "batteryLevel": -46.31533004185897, "maxBatteryPerDay": 8.75, "batteryLevelPercentage": -4.631533004185897, "maxAtThisDay": 10, "ratioPC": 0.24500000000000005, "maxBatteryForMonth": 10, "ratioPc": "noData"}