{"bought": 195.84, "sold": 370.91, "Time_string": "Last update at 06:46 - 26/06/2023", "produce": 0.0, "consumption": 0.14, "ratioPc": "noData", "buyPrice": 0.149072, "sellPrice": 0.1, "batteryLevel": 52.97265428786088, "maxBatteryPerDay": 8.75, "batteryLevelPercentage": 0.2328468320345533, "maxAtThisDay": 227.5, "ratioPC": -0.14}