{"bought": 245.66, "sold": 201.98, "Time_string": "Last update at 18:18 - 22/08/2023", "produce": 2.838, "consumption": 4.73, "ratioPC": -1.8920000000000003, "maxBatteryPerDay": 8.75, "maxAtThisDay": 10, "batteryLevelPercentage": -11.01684254588387, "buyPrice": 0.149072, "sellPrice": 0.1, "batteryLevel": -110.1684254588387, "maxBatteryForMonth": 10, "Temperature": 40.7, "ratioPc": "noData"}