{"bought": 65.98, "sold": 111.91, "Time_string": "Last update at 09:28 - 09/09/2024", "produce": 0.28, "consumption": 0.134, "ratioPC": 0.10199999999999998, "maxBatteryPerDay": 8.75, "maxAtThisDay": 78.75, "batteryLevelPercentage": 0.11544262323010848, "buyPrice": 0.149072, "sellPrice": 0.1, "batteryLevel": 9.091106579371043, "maxBatteryForMonth": 100, "Temperature": 16.9, "ratioPc": "noData"}