{"bought": 85.83, "sold": 393.12, "Time_string": "Last update at 18:11 - 21/09/2023", "produce": 0.29, "consumption": 0.213, "ratioPC": 0.07699999999999999, "maxBatteryPerDay": 8.75, "maxAtThisDay": 10, "batteryLevelPercentage": 17.788149511645383, "buyPrice": 0.149072, "sellPrice": 0.1, "batteryLevel": 177.88149511645383, "maxBatteryForMonth": 10, "Temperature": 23.0, "ratioPc": "noData"}