{"bought": 189.05, "sold": 426.14, "Time_string": "Last update at 14:12 - 19/05/2024", "produce": 4.036, "consumption": 0.363, "ratioPC": 0.592, "maxBatteryPerDay": 8.75, "maxAtThisDay": 100, "batteryLevelPercentage": 0.9681186540731994, "buyPrice": 0.149072, "sellPrice": 0.1, "batteryLevel": 96.81186540731994, "maxBatteryForMonth": 100, "Temperature": 24.0, "ratioPc": "noData"}