{"bought": 218.87, "sold": 193.29, "Time_string": "Last update at 18:00 - 27/12/2023", "produce": 0.082, "consumption": 0.499, "ratioPC": -0.45499999999999996, "maxBatteryPerDay": 8.75, "maxAtThisDay": 100, "batteryLevelPercentage": -0.8920782333369113, "buyPrice": 0.149072, "sellPrice": 0.1, "batteryLevel": -89.20782333369112, "maxBatteryForMonth": 100, "Temperature": 13.0, "ratioPc": "noData"}