{"bought": 330.08, "sold": 366.11, "Time_string": "Last update at 08:09 - 29/10/2024", "produce": 0.03, "consumption": 0.149, "ratioPC": -0.20500000000000002, "maxBatteryPerDay": 8.75, "maxAtThisDay": 100, "batteryLevelPercentage": -0.8448726628743154, "buyPrice": 0.149072, "sellPrice": 0.1, "batteryLevel": -84.48726628743154, "maxBatteryForMonth": 100, "Temperature": 15.2, "ratioPc": "noData"}