{"bought": 26.42, "sold": 38.07, "Time_string": "Last update at 20:05 - 03/07/2023", "produce": 0.814, "consumption": 3.275, "buyPrice": 0.149072, "sellPrice": 0.1, "batteryLevel": -0.8820049372115513, "maxBatteryPerDay": 8.75, "batteryLevelPercentage": -0.08820049372115513, "maxAtThisDay": 10, "ratioPC": -2.461, "maxBatteryForMonth": 10, "ratioPc": "noData"}