{"bought": 177.34, "sold": 367.2, "Time_string": "Last update at 06:43 - 25/06/2023", "produce": 0.0, "consumption": 0.124, "ratioPc": "noData", "buyPrice": 0.149072, "sellPrice": 0.1, "batteryLevel": 68.98392400987439, "maxBatteryPerDay": 8.75, "batteryLevelPercentage": 0.3153550811879972, "maxAtThisDay": 218.75, "ratioPC": -0.124}