{"bought": 553.45, "sold": 88.99, "Time_string": "Last update at 17:41 - 25/08/2024", "produce": 3.682, "consumption": 6.909, "ratioPC": -3.1140000000000003, "maxBatteryPerDay": 8.75, "maxAtThisDay": 100, "batteryLevelPercentage": -4.937540141676506, "buyPrice": 0.149072, "sellPrice": 0.1, "batteryLevel": -493.7540141676506, "maxBatteryForMonth": 100, "Temperature": 38.0, "ratioPc": "noData"}