{"bought": 230.78, "sold": 344.94, "Time_string": "Last update at 20:59 - 20/06/2024", "produce": 0.131, "consumption": 0.207, "ratioPC": -0.068, "maxBatteryPerDay": 8.75, "maxAtThisDay": 100, "batteryLevelPercentage": 0.006115423419555554, "buyPrice": 0.149072, "sellPrice": 0.1, "batteryLevel": 0.6115423419555555, "maxBatteryForMonth": 100, "Temperature": 22.0, "ratioPc": "noData"}