{"bought": 167.02, "sold": 165.13, "Time_string": "Last update at 16:08 - 23/12/2023", "produce": 2.098, "consumption": 4.101, "ratioPC": -1.7879999999999998, "maxBatteryPerDay": 8.75, "maxAtThisDay": 100, "batteryLevelPercentage": -0.5624802404207364, "buyPrice": 0.149072, "sellPrice": 0.1, "batteryLevel": -56.24802404207364, "maxBatteryForMonth": 100, "Temperature": 16.7, "ratioPc": "noData"}