{"bought": 123.85, "sold": 155.15, "Time_string": "Last update at 14:47 - 13/07/2023", "produce": 4.67, "consumption": 3.49, "buyPrice": 0.149072, "sellPrice": 0.1, "batteryLevel": -19.772775571535902, "maxBatteryPerDay": 8.75, "batteryLevelPercentage": -1.9772775571535903, "maxAtThisDay": 10, "ratioPC": 1.1799999999999997, "maxBatteryForMonth": 10, "ratioPc": "noData"}