{"bought": 55.77, "sold": 151.05, "Time_string": "Last update at 14:49 - 10/10/2023", "produce": 0, "consumption": 0, "ratioPC": 1.4369999999999998, "maxBatteryPerDay": 8.75, "maxAtThisDay": 10, "batteryLevelPercentage": 4.555687560373512, "buyPrice": 0.149072, "sellPrice": 0.1, "batteryLevel": 45.556875603735115, "maxBatteryForMonth": 10, "Temperature": 29.8, "ratioPc": "noData"}