{"bought": 14.54, "sold": 15.71, "Time_string": "Last update at 18:05 - 02/09/2024", "produce": 3.119, "consumption": 2.453, "ratioPC": 0.7990000000000004, "maxBatteryPerDay": 8.75, "maxAtThisDay": 17.5, "batteryLevelPercentage": -0.22865533050184753, "buyPrice": 0.149072, "sellPrice": 0.1, "batteryLevel": -4.001468283782332, "maxBatteryForMonth": 100, "Temperature": 31.9, "ratioPc": "noData"}