{"bought": 40.21, "sold": 108.86, "Time_string": "Last update at 16:06 - 07/10/2023", "produce": 2.808, "consumption": 3.319, "ratioPC": -0.5110000000000001, "maxBatteryPerDay": 8.75, "maxAtThisDay": 10, "batteryLevelPercentage": 3.281511538048728, "buyPrice": 0.149072, "sellPrice": 0.1, "batteryLevel": 32.81511538048728, "maxBatteryForMonth": 10, "Temperature": 36.0, "ratioPc": "noData"}