{"bought": 50.04, "sold": 134.05, "Time_string": "Last update at 16:22 - 09/10/2023", "produce": 3.961, "consumption": 1.55, "ratioPC": 2.4109999999999996, "maxBatteryPerDay": 8.75, "maxAtThisDay": 10, "batteryLevelPercentage": 3.9882990232907596, "buyPrice": 0.149072, "sellPrice": 0.1, "batteryLevel": 39.882990232907595, "maxBatteryForMonth": 10, "Temperature": 32.4, "ratioPc": "noData"}