{"bought": 185.56, "sold": 173.38, "Time_string": "Last update at 15:34 - 25/12/2023", "produce": 2.982, "consumption": 4.633, "ratioPC": -1.9319999999999995, "maxBatteryPerDay": 8.75, "maxAtThisDay": 100, "batteryLevelPercentage": -0.6925378555328969, "buyPrice": 0.149072, "sellPrice": 0.1, "batteryLevel": -69.25378555328969, "maxBatteryForMonth": 100, "Temperature": 14.1, "ratioPc": "noData"}