{"bought": 114.5, "sold": 204.46, "Time_string": "Last update at 00:25 - 14/06/2024", "produce": 0.0, "consumption": 0.233, "ratioPC": -0.165, "maxBatteryPerDay": 8.75, "maxAtThisDay": 100, "batteryLevelPercentage": 0.22655200171729092, "buyPrice": 0.149072, "sellPrice": 0.1, "batteryLevel": 22.655200171729092, "maxBatteryForMonth": 100, "Temperature": 22.2, "ratioPc": "noData"}