{"bought": 101.86, "sold": 89.45, "Time_string": "Last update at 09:39 - 09/06/2024", "produce": 0.67, "consumption": 0.171, "ratioPC": 0.46099999999999997, "maxBatteryPerDay": 8.75, "maxAtThisDay": 78.75, "batteryLevelPercentage": -0.5314976310584338, "buyPrice": 0.149072, "sellPrice": 0.1, "batteryLevel": -41.85543844585167, "maxBatteryForMonth": 100, "Temperature": 19.3, "ratioPc": "noData"}