{"bought": 44.12, "sold": 17.71, "Time_string": "Last update at 15:07 - 03/06/2024", "produce": 4.75, "consumption": 3.089, "ratioPC": 0.7140000000000004, "maxBatteryPerDay": 8.75, "maxAtThisDay": 26.25, "batteryLevelPercentage": -1.2281841794569066, "buyPrice": 0.149072, "sellPrice": 0.1, "batteryLevel": -32.2398347107438, "maxBatteryForMonth": 100, "Temperature": 32.0, "ratioPc": "noData"}