{"bought": 256.78, "sold": 319.09, "Time_string": "Last update at 14:40 - 23/09/2024", "produce": 3.922, "consumption": 1.741, "ratioPC": 3.1320000000000006, "maxBatteryPerDay": 8.75, "maxAtThisDay": 100, "batteryLevelPercentage": -0.4272907158956744, "buyPrice": 0.149072, "sellPrice": 0.1, "batteryLevel": -42.72907158956744, "maxBatteryForMonth": 100, "Temperature": 27.0, "ratioPc": "noData"}