{"bought": 118.85, "sold": 227.36, "Time_string": "Last update at 09:53 - 15/06/2024", "produce": 0.696, "consumption": 0.231, "ratioPC": 0.494, "maxBatteryPerDay": 8.75, "maxAtThisDay": 100, "batteryLevelPercentage": 0.33666904583020313, "buyPrice": 0.149072, "sellPrice": 0.1, "batteryLevel": 33.66690458302031, "maxBatteryForMonth": 100, "Temperature": 23.8, "ratioPc": "noData"}