{"bought": 187.03, "sold": 383.04, "Time_string": "Last update at 11:18 - 18/05/2024", "produce": 2.98, "consumption": 0.147, "ratioPC": 2.722, "maxBatteryPerDay": 8.75, "maxAtThisDay": 100, "batteryLevelPercentage": 0.6991966190833958, "buyPrice": 0.149072, "sellPrice": 0.1, "batteryLevel": 69.91966190833958, "maxBatteryForMonth": 100, "Temperature": 20.3, "ratioPc": "noData"}