{"bought": 107.06, "sold": 129.46, "Time_string": "Last update at 11:04 - 11/06/2024", "produce": 1.733, "consumption": 0.268, "ratioPC": 1.624, "maxBatteryPerDay": 8.75, "maxAtThisDay": 96.25, "batteryLevelPercentage": -0.2100369747243204, "buyPrice": 0.149072, "sellPrice": 0.1, "batteryLevel": -20.21605881721584, "maxBatteryForMonth": 100, "Temperature": 23.1, "ratioPc": "noData"}