{"bought": 171.92, "sold": 203.64, "Time_string": "Last update at 16:47 - 15/11/2024", "produce": 0.657, "consumption": 0.144, "ratioPC": -1.59, "maxBatteryPerDay": 8.75, "maxAtThisDay": 100, "batteryLevelPercentage": -0.35314869593216686, "buyPrice": 0.149072, "sellPrice": 0.1, "batteryLevel": -35.314869593216685, "maxBatteryForMonth": 100, "Temperature": 20.2, "ratioPc": "noData"}