{"bought": 71.75, "sold": 129.98, "Time_string": "Last update at 14:31 - 09/07/2023", "produce": 4.57, "consumption": 4.554, "buyPrice": 0.149072, "sellPrice": 0.1, "batteryLevel": 15.44276591177416, "maxBatteryPerDay": 8.75, "batteryLevelPercentage": 1.544276591177416, "maxAtThisDay": 10, "ratioPC": 0.016000000000000014, "maxBatteryForMonth": 10, "ratioPc": "noData"}