{"bought": 54.31, "sold": 226.29, "Time_string": "Last update at 13:52 - 13/09/2023", "produce": 4.732, "consumption": 0.784, "ratioPC": 3.9480000000000004, "maxBatteryPerDay": 8.75, "maxAtThisDay": 10, "batteryLevelPercentage": 9.748913062144467, "buyPrice": 0.149072, "sellPrice": 0.1, "batteryLevel": 97.48913062144467, "maxBatteryForMonth": 10, "Temperature": 30.7, "ratioPc": "noData"}