{"bought": 66.44, "sold": 32.84, "Time_string": "Last update at 17:54 - 08/12/2023", "produce": 0.054, "consumption": 0.113, "ratioPC": -0.059000000000000004, "maxBatteryPerDay": 8.75, "maxAtThisDay": 70.0, "batteryLevelPercentage": -0.6344339532958185, "buyPrice": 0.149072, "sellPrice": 0.1, "batteryLevel": -44.4103767307073, "maxBatteryForMonth": 100, "Temperature": 14.1, "ratioPc": "noData"}