{"bought": 235.57, "sold": 651.28, "Time_string": "Last update at 10:17 - 28/05/2024", "produce": 1.394, "consumption": 0.466, "ratioPC": 0.01200000000000001, "maxBatteryPerDay": 8.75, "maxAtThisDay": 100, "batteryLevelPercentage": 2.0131955672426742, "buyPrice": 0.149072, "sellPrice": 0.1, "batteryLevel": 201.31955672426744, "maxBatteryForMonth": 100, "Temperature": 22.1, "ratioPc": "noData"}