{"bought": 155.79, "sold": 74.14, "Time_string": "Last update at 11:02 - 16/01/2024", "produce": 0.402, "consumption": 0.165, "ratioPC": 0.166, "maxBatteryPerDay": 8.75, "maxAtThisDay": 100, "batteryLevelPercentage": -1.0605564344746161, "buyPrice": 0.149072, "sellPrice": 0.1, "batteryLevel": -106.05564344746162, "maxBatteryForMonth": 100, "Temperature": 14.1, "ratioPc": "noData"}