{"bought": 135.08, "sold": 351.63, "Time_string": "Last update at 17:42 - 24/10/2023", "produce": 0.571, "consumption": 0.283, "ratioPC": 0.288, "maxBatteryPerDay": 8.75, "maxAtThisDay": 10, "batteryLevelPercentage": 10.079930664376946, "buyPrice": 0.149072, "sellPrice": 0.1, "batteryLevel": 100.79930664376946, "maxBatteryForMonth": 10, "Temperature": 19.0, "ratioPc": "noData"}