{"bought": 137.31, "sold": 83.56, "Time_string": "Last update at 08:26 - 12/08/2023", "produce": 0.0, "consumption": 0.0, "ratioPC": -0.055999999999999994, "maxBatteryPerDay": 8.75, "maxAtThisDay": 10, "batteryLevelPercentage": -8.125654931845016, "buyPrice": 0.149072, "sellPrice": 0.1, "batteryLevel": -81.25654931845015, "maxBatteryForMonth": 10, "Temperature": 23.8, "ratioPc": "noData"}