{"bought": 286.02, "sold": 377.45, "Time_string": "Last update at 19:20 - 24/06/2024", "produce": 1.718, "consumption": 3.927, "ratioPC": 1.7189999999999999, "maxBatteryPerDay": 8.75, "maxAtThisDay": 100, "batteryLevelPercentage": -0.3282020392830313, "buyPrice": 0.149072, "sellPrice": 0.1, "batteryLevel": -32.82020392830313, "maxBatteryForMonth": 100, "Temperature": 35.3, "ratioPc": "noData"}