{"bought": 186.6, "sold": 415.19, "Time_string": "Last update at 15:22 - 25/11/2023", "produce": 3.92, "consumption": 5.318, "ratioPC": -1.3979999999999997, "maxBatteryPerDay": 8.75, "maxAtThisDay": 100, "batteryLevelPercentage": 0.9191642159493401, "buyPrice": 0.149072, "sellPrice": 0.1, "batteryLevel": 91.91642159493401, "maxBatteryForMonth": 100, "Temperature": 19.4, "ratioPc": "noData"}