{"bought": 50.23, "sold": 65.96, "Time_string": "Last update at 07:53 - 06/07/2023", "produce": 0.113, "consumption": 0.146, "buyPrice": 0.149072, "sellPrice": 0.1, "batteryLevel": -5.982924761189224, "maxBatteryPerDay": 8.75, "batteryLevelPercentage": -0.5982924761189224, "maxAtThisDay": 10, "ratioPC": -0.03299999999999999, "maxBatteryForMonth": 10, "ratioPc": "noData"}