{"bought": 103.71, "sold": 238.38, "Time_string": "Last update at 14:18 - 12/05/2024", "produce": 4.816, "consumption": 0.242, "ratioPC": 4.6129999999999995, "maxBatteryPerDay": 8.75, "maxAtThisDay": 100, "batteryLevelPercentage": 0.5619930557046259, "buyPrice": 0.149072, "sellPrice": 0.1, "batteryLevel": 56.199305570462585, "maxBatteryForMonth": 100, "Temperature": 28.3, "ratioPc": "noData"}