{"bought": 214.79, "sold": 200.73, "Time_string": "Last update at 09:14 - 20/07/2023", "produce": 0.422, "consumption": 0.325, "buyPrice": 0.149072, "sellPrice": 0.1, "batteryLevel": -80.13694644198776, "maxBatteryPerDay": 8.75, "batteryLevelPercentage": -8.013694644198775, "maxAtThisDay": 10, "ratioPC": 0.09699999999999998, "maxBatteryForMonth": 10, "ratioPc": "noData"}