{"bought": 205.18, "sold": 267.63, "Time_string": "Last update at 13:55 - 18/09/2024", "produce": 4.75, "consumption": 3.666, "ratioPC": 3.274, "maxBatteryPerDay": 8.75, "maxAtThisDay": 100, "batteryLevelPercentage": -0.2564930342384889, "buyPrice": 0.149072, "sellPrice": 0.1, "batteryLevel": -25.64930342384889, "maxBatteryForMonth": 100, "Temperature": 28.8, "ratioPc": "noData"}