{"bought": 117.75, "sold": 562.08, "Time_string": "Last update at 15:29 - 29/09/2023", "produce": 4.726, "consumption": 3.37, "ratioPC": 1.3559999999999999, "maxBatteryPerDay": 8.75, "maxAtThisDay": 10, "batteryLevelPercentage": 25.930269936674897, "buyPrice": 0.149072, "sellPrice": 0.1, "batteryLevel": 259.302699366749, "maxBatteryForMonth": 10, "Temperature": 35.5, "ratioPc": "noData"}