{"bought": 374.27, "sold": 276.16, "Time_string": "Last update at 14:31 - 30/08/2023", "produce": 4.693, "consumption": 0.24, "ratioPC": 4.452999999999999, "maxBatteryPerDay": 8.75, "maxAtThisDay": 10, "batteryLevelPercentage": -18.901723623483953, "buyPrice": 0.149072, "sellPrice": 0.1, "batteryLevel": -189.01723623483952, "maxBatteryForMonth": 10, "Temperature": 33.5, "ratioPc": "noData"}