{"bought": 121.18, "sold": 140.09, "Time_string": "Last update at 13:08 - 11/11/2024", "produce": 4.611, "consumption": 2.343, "ratioPC": 3.385, "maxBatteryPerDay": 8.75, "maxAtThisDay": 96.25, "batteryLevelPercentage": -0.2826522220936733, "buyPrice": 0.149072, "sellPrice": 0.1, "batteryLevel": -27.205276376516053, "maxBatteryForMonth": 100, "Temperature": 21.0, "ratioPc": "noData"}