{"bought": 154.04, "sold": 289.22, "Time_string": "Last update at 08:01 - 18/06/2024", "produce": 0.128, "consumption": 0.128, "ratioPC": -0.01200000000000001, "maxBatteryPerDay": 8.75, "maxAtThisDay": 100, "batteryLevelPercentage": 0.39973630997102105, "buyPrice": 0.149072, "sellPrice": 0.1, "batteryLevel": 39.973630997102106, "maxBatteryForMonth": 100, "Temperature": 17.0, "ratioPc": "noData"}