{"bought": 1.42, "sold": 5.04, "Time_string": "Last update at 13:20 - 01/11/2024", "produce": 0.759, "consumption": 0.18, "ratioPC": 0.4580000000000001, "maxBatteryPerDay": 8.75, "maxAtThisDay": 8.75, "batteryLevelPercentage": 0.22410475474938285, "buyPrice": 0.149072, "sellPrice": 0.1, "batteryLevel": 1.9609166040571, "maxBatteryForMonth": 100, "Temperature": 18.3, "ratioPc": "noData"}