{"bought": 20.18, "sold": 27.44, "Time_string": "Last update at 11:06 - 03/07/2023", "produce": 2.439, "consumption": 0.325, "buyPrice": 0.149072, "sellPrice": 0.1, "batteryLevel": -1.7727873779113459, "maxBatteryPerDay": 8.75, "batteryLevelPercentage": -0.1772787377911346, "maxAtThisDay": 10, "ratioPC": 2.114, "maxBatteryForMonth": 10, "ratioPc": "noData"}