{"bought": 217.97, "sold": 291.78, "Time_string": "Last update at 15:47 - 20/09/2024", "produce": 1.387, "consumption": 1.613, "ratioPC": 2.742, "maxBatteryPerDay": 8.75, "maxAtThisDay": 100, "batteryLevelPercentage": -0.22239078029408632, "buyPrice": 0.149072, "sellPrice": 0.1, "batteryLevel": -22.23907802940863, "maxBatteryForMonth": 100, "Temperature": 28.8, "ratioPc": "noData"}