{"bought": 260.61, "sold": 340.87, "Time_string": "Last update at 16:39 - 24/09/2024", "produce": 4.162, "consumption": 0.166, "ratioPC": 3.996, "maxBatteryPerDay": 8.75, "maxAtThisDay": 100, "batteryLevelPercentage": -0.3194868197917785, "buyPrice": 0.149072, "sellPrice": 0.1, "batteryLevel": -31.94868197917785, "maxBatteryForMonth": 100, "Temperature": 26.7, "ratioPc": "noData"}