{"bought": 171.0, "sold": 367.2, "Time_string": "Last update at 01:08 - 25/06/2023", "produce": 0.0, "consumption": 0.203, "ratioPc": "noData", "buyPrice": 0.149072, "sellPrice": 0.1, "batteryLevel": 75.32392400987439, "maxBatteryPerDay": 8.75, "batteryLevelPercentage": 0.34433793833085435, "maxAtThisDay": 218.75, "ratioPC": -0.203}