{"bought": 12.56, "sold": 18.71, "Time_string": "Last update at 01:07 - 03/08/2023", "produce": 0.0, "consumption": 0.192, "ratioPC": -0.192, "maxBatteryPerDay": 8.75, "maxAtThisDay": 10, "batteryLevelPercentage": -0.0009017924224535179, "buyPrice": 0.149072, "sellPrice": 0.1, "batteryLevel": -0.009017924224535179, "maxBatteryForMonth": 10, "Temperature": 28.7, "ratioPc": "noData"}