{"bought": 135.08, "sold": 351.36, "Time_string": "Last update at 17:25 - 24/10/2023", "produce": 0.991, "consumption": 0.298, "ratioPC": 0.6930000000000001, "maxBatteryPerDay": 8.75, "maxAtThisDay": 10, "batteryLevelPercentage": 10.061818611140925, "buyPrice": 0.149072, "sellPrice": 0.1, "batteryLevel": 100.61818611140924, "maxBatteryForMonth": 10, "Temperature": 19.0, "ratioPc": "noData"}