{"bought": 105.67, "sold": 147.77, "Time_string": "Last update at 23:19 - 11/07/2023", "produce": 0.0, "consumption": 0.273, "buyPrice": 0.149072, "sellPrice": 0.1, "batteryLevel": -6.5434034560480825, "maxBatteryPerDay": 8.75, "batteryLevelPercentage": -0.6543403456048082, "maxAtThisDay": 10, "ratioPC": -0.273, "maxBatteryForMonth": 10, "ratioPc": "noData"}