{"bought": 200.65, "sold": 374.79, "Time_string": "Last update at 17:41 - 26/06/2023", "produce": 3.44, "consumption": 3.424, "buyPrice": 0.149072, "sellPrice": 0.1, "batteryLevel": 50.765423419555674, "maxBatteryPerDay": 8.75, "batteryLevelPercentage": 0.5076542341955568, "maxAtThisDay": 100, "ratioPC": 0.016000000000000014, "maxBatteryForMonth": 100, "ratioPc": "noData"}