{"bought": 123.19, "sold": 303.27, "Time_string": "Last update at 11:35 - 20/06/2023", "produce": 1.372, "consumption": 0.793, "ratioPc": "noData", "buyPrice": 0.149072, "sellPrice": 0.1, "batteryLevel": 80.24860684769774, "maxBatteryPerDay": 8.75, "batteryLevelPercentage": 0.45856346770113, "maxAtThisDay": 175.0, "ratioPC": 0.5790000000000001}