{"bought": 80.07, "sold": 228.9, "Time_string": "Last update at 16:04 - 11/05/2024", "produce": 4.813, "consumption": 6.175, "ratioPC": -1.2809999999999997, "maxBatteryPerDay": 8.75, "maxAtThisDay": 96.25, "batteryLevelPercentage": 0.7634281811351684, "buyPrice": 0.149072, "sellPrice": 0.1, "batteryLevel": 73.47996243425996, "maxBatteryForMonth": 100, "Temperature": 30.1, "ratioPc": "noData"}