{"bought": 81.77, "sold": 68.1, "Time_string": "Last update at 13:45 - 08/08/2023", "produce": 4.505, "consumption": 3.544, "ratioPC": 0.9609999999999999, "maxBatteryPerDay": 8.75, "maxAtThisDay": 10, "batteryLevelPercentage": -3.6087376838038, "buyPrice": 0.149072, "sellPrice": 0.1, "batteryLevel": -36.087376838038, "maxBatteryForMonth": 10, "Temperature": 37.2, "ratioPc": "noData"}