{"bought": 364.89, "sold": 257.96, "Time_string": "Last update at 14:08 - 29/08/2023", "produce": 4.622, "consumption": 2.386, "ratioPC": 2.2359999999999998, "maxBatteryPerDay": 8.75, "maxAtThisDay": 10, "batteryLevelPercentage": -19.184610174949018, "buyPrice": 0.149072, "sellPrice": 0.1, "batteryLevel": -191.84610174949017, "maxBatteryForMonth": 10, "Temperature": 33.1, "ratioPc": "noData"}