{"bought": 99.73, "sold": 75.31, "Time_string": "Last update at 18:24 - 09/08/2023", "produce": 1.907, "consumption": 1.815, "ratioPC": 0.09200000000000008, "maxBatteryPerDay": 8.75, "maxAtThisDay": 10, "batteryLevelPercentage": -4.921078780723409, "buyPrice": 0.149072, "sellPrice": 0.1, "batteryLevel": -49.21078780723409, "maxBatteryForMonth": 10, "Temperature": 37.6, "ratioPc": "noData"}