{"bought": 353.94, "sold": 236.02, "Time_string": "Last update at 18:48 - 27/08/2023", "produce": 2.376, "consumption": 2.336, "ratioPC": 0.040000000000000036, "maxBatteryPerDay": 8.75, "maxAtThisDay": 10, "batteryLevelPercentage": -19.561382204572286, "buyPrice": 0.149072, "sellPrice": 0.1, "batteryLevel": -195.61382204572286, "maxBatteryForMonth": 10, "Temperature": 32.0, "ratioPc": "noData"}