{"bought": 174.05, "sold": 309.02, "Time_string": "Last update at 14:36 - 19/06/2024", "produce": 2.662, "consumption": 0.109, "ratioPC": 5.835, "maxBatteryPerDay": 8.75, "maxAtThisDay": 100, "batteryLevelPercentage": 0.33245803370183524, "buyPrice": 0.149072, "sellPrice": 0.1, "batteryLevel": 33.24580337018352, "maxBatteryForMonth": 100, "Temperature": 19.0, "ratioPc": "noData"}