{"bought": 217.51, "sold": 31.74, "Time_string": "Last update at 19:27 - 10/08/2024", "produce": 1.723, "consumption": 4.436, "ratioPC": -2.4339999999999997, "maxBatteryPerDay": 8.75, "maxAtThisDay": 87.5, "batteryLevelPercentage": -2.242494573667183, "buyPrice": 0.149072, "sellPrice": 0.1, "batteryLevel": -196.2182751958785, "maxBatteryForMonth": 100, "Temperature": 35.5, "ratioPc": "noData"}