{"bought": 79.35, "sold": 109.07, "Time_string": "Last update at 17:23 - 07/10/2024", "produce": 0.476, "consumption": 0.169, "ratioPC": 0.256, "maxBatteryPerDay": 8.75, "maxAtThisDay": 61.25, "batteryLevelPercentage": -0.1009634790913252, "buyPrice": 0.149072, "sellPrice": 0.1, "batteryLevel": -6.184013094343669, "maxBatteryForMonth": 100, "Temperature": 20.6, "ratioPc": "noData"}