{"bought": 141.15, "sold": 353.97, "Time_string": "Last update at 01:22 - 23/06/2023", "produce": 0.0, "consumption": 0.188, "ratioPc": "noData", "buyPrice": 0.149072, "sellPrice": 0.1, "batteryLevel": 96.29901792422456, "maxBatteryPerDay": 8.75, "batteryLevelPercentage": 0.47850443689055683, "maxAtThisDay": 201.25, "ratioPC": -0.188}