{"bought": 9.61, "sold": 32.6, "Time_string": "Last update at 11:55 - 03/11/2024", "produce": 5.257, "consumption": 0.218, "ratioPC": -0.32600000000000007, "maxBatteryPerDay": 8.75, "maxAtThisDay": 26.25, "batteryLevelPercentage": 0.46699532344868827, "buyPrice": 0.149072, "sellPrice": 0.1, "batteryLevel": 12.258627240528067, "maxBatteryForMonth": 100, "Temperature": 19.9, "ratioPc": "noData"}