{"bought": 42.73, "sold": 58.69, "Time_string": "Last update at 14:11 - 05/07/2023", "produce": 1.775, "consumption": 1.189, "buyPrice": 0.149072, "sellPrice": 0.1, "batteryLevel": -3.3597627991842884, "maxBatteryPerDay": 8.75, "batteryLevelPercentage": -0.3359762799184288, "maxAtThisDay": 10, "ratioPC": 0.5859999999999999, "maxBatteryForMonth": 10, "ratioPc": "noData"}