{"bought": 174.91, "sold": 122.23, "Time_string": "Last update at 11:32 - 16/08/2023", "produce": 2.615, "consumption": 0.948, "ratioPC": 1.6670000000000003, "maxBatteryPerDay": 8.75, "maxAtThisDay": 10, "batteryLevelPercentage": -9.291606418375014, "buyPrice": 0.149072, "sellPrice": 0.1, "batteryLevel": -92.91606418375014, "maxBatteryForMonth": 10, "Temperature": 28.1, "ratioPc": "noData"}