{"bought": 63.31, "sold": 64.95, "Time_string": "Last update at 14:47 - 07/08/2023", "produce": 4.554, "consumption": 3.414, "ratioPC": 1.1400000000000001, "maxBatteryPerDay": 8.75, "maxAtThisDay": 10, "batteryLevelPercentage": -1.9740449715573682, "buyPrice": 0.149072, "sellPrice": 0.1, "batteryLevel": -19.740449715573682, "maxBatteryForMonth": 10, "Temperature": 39.8, "ratioPc": "noData"}