{"bought": 100.31, "sold": 207.09, "Time_string": "Last update at 12:59 - 13/09/2024", "produce": 4.176, "consumption": 0.881, "ratioPC": 3.081, "maxBatteryPerDay": 8.75, "maxAtThisDay": 100, "batteryLevelPercentage": 0.38609448320274764, "buyPrice": 0.149072, "sellPrice": 0.1, "batteryLevel": 38.609448320274765, "maxBatteryForMonth": 100, "Temperature": 31.0, "ratioPc": "noData"}