{"bought": 264.13, "sold": 345.62, "Time_string": "Last update at 09:34 - 25/09/2024", "produce": 0.077, "consumption": 0.217, "ratioPC": -0.082, "maxBatteryPerDay": 8.75, "maxAtThisDay": 100, "batteryLevelPercentage": -0.3228230224321132, "buyPrice": 0.149072, "sellPrice": 0.1, "batteryLevel": -32.28230224321132, "maxBatteryForMonth": 100, "Temperature": 20.6, "ratioPc": "noData"}