{"bought": 281.86, "sold": 351.42, "Time_string": "Last update at 09:50 - 26/09/2024", "produce": 0.747, "consumption": 0.137, "ratioPC": 0.39, "maxBatteryPerDay": 8.75, "maxAtThisDay": 100, "batteryLevelPercentage": -0.4612156488139959, "buyPrice": 0.149072, "sellPrice": 0.1, "batteryLevel": -46.12156488139959, "maxBatteryForMonth": 100, "Temperature": 21.8, "ratioPc": "noData"}