{"bought": 88.29, "sold": 132.92, "Time_string": "Last update at 01:36 - 10/10/2024", "produce": 0.0, "consumption": 0.128, "ratioPC": -0.129, "maxBatteryPerDay": 8.75, "maxAtThisDay": 87.5, "batteryLevelPercentage": 0.009999625875894935, "buyPrice": 0.149072, "sellPrice": 0.1, "batteryLevel": 0.8749672641408068, "maxBatteryForMonth": 100, "Temperature": 17.0, "ratioPc": "noData"}