{"bought": 100.31, "sold": 208.57, "Time_string": "Last update at 13:27 - 13/09/2024", "produce": 4.386, "consumption": 0.892, "ratioPC": 3.3870000000000005, "maxBatteryPerDay": 8.75, "maxAtThisDay": 100, "batteryLevelPercentage": 0.3960225716432328, "buyPrice": 0.149072, "sellPrice": 0.1, "batteryLevel": 39.60225716432328, "maxBatteryForMonth": 100, "Temperature": 31.9, "ratioPc": "noData"}