{"bought": 39.54, "sold": 49.56, "Time_string": "Last update at 15:02 - 05/08/2023", "produce": 4.924, "consumption": 5.719, "ratioPC": -0.7949999999999999, "maxBatteryPerDay": 8.75, "maxAtThisDay": 10, "batteryLevelPercentage": -0.6294320060105185, "buyPrice": 0.149072, "sellPrice": 0.1, "batteryLevel": -6.294320060105186, "maxBatteryForMonth": 10, "Temperature": 36.0, "ratioPc": "noData"}