{"bought": 149.27, "sold": 376.28, "Time_string": "Last update at 12:01 - 27/10/2023", "produce": 3.445, "consumption": 0.148, "ratioPC": 3.2969999999999997, "maxBatteryPerDay": 8.75, "maxAtThisDay": 10, "batteryLevelPercentage": 10.314494043146933, "buyPrice": 0.149072, "sellPrice": 0.1, "batteryLevel": 103.14494043146934, "maxBatteryForMonth": 10, "Temperature": 18.0, "ratioPc": "noData"}