{"bought": 110.93, "sold": 138.42, "Time_string": "Last update at 17:15 - 10/10/2024", "produce": 3.717, "consumption": 8.871, "ratioPC": -4.728, "maxBatteryPerDay": 8.75, "maxAtThisDay": 87.5, "batteryLevelPercentage": -0.20657760468575134, "buyPrice": 0.149072, "sellPrice": 0.1, "batteryLevel": -18.075540410003242, "maxBatteryForMonth": 100, "Temperature": 23.5, "ratioPc": "noData"}