{"bought": 42.16, "sold": 54.62, "Time_string": "Last update at 20:46 - 05/08/2023", "produce": 0.099, "consumption": 3.267, "ratioPC": -3.1679999999999997, "maxBatteryPerDay": 8.75, "maxAtThisDay": 10, "batteryLevelPercentage": -0.5519987120317701, "buyPrice": 0.149072, "sellPrice": 0.1, "batteryLevel": -5.519987120317701, "maxBatteryForMonth": 10, "Temperature": 35.7, "ratioPc": "noData"}