{"bought": 193.21, "sold": 194.73, "Time_string": "Last update at 20:27 - 18/07/2023", "produce": 0.421, "consumption": 2.086, "buyPrice": 0.149072, "sellPrice": 0.1, "batteryLevel": -62.58184716110338, "maxBatteryPerDay": 8.75, "batteryLevelPercentage": -6.258184716110338, "maxAtThisDay": 10, "ratioPC": -1.6649999999999998, "maxBatteryForMonth": 10, "ratioPc": "noData"}