{"bought": 461.96, "sold": 69.59, "Time_string": "Last update at 14:02 - 21/08/2024", "produce": 4.552, "consumption": 5.004, "ratioPC": -0.41500000000000004, "maxBatteryPerDay": 8.75, "maxAtThisDay": 100, "batteryLevelPercentage": -4.152778598261243, "buyPrice": 0.149072, "sellPrice": 0.1, "batteryLevel": -415.27785982612426, "maxBatteryForMonth": 100, "Temperature": 34.0, "ratioPc": "noData"}