{"bought": 46.98, "sold": 106.21, "Time_string": "Last update at 16:02 - 07/09/2024", "produce": 0.631, "consumption": 0.908, "ratioPC": 0.07399999999999995, "maxBatteryPerDay": 8.75, "maxAtThisDay": 61.25, "batteryLevelPercentage": 0.3962032799381424, "buyPrice": 0.149072, "sellPrice": 0.1, "batteryLevel": 24.267450896211223, "maxBatteryForMonth": 100, "Temperature": 30.0, "ratioPc": "noData"}