{"bought": 341.22, "sold": 57.38, "Time_string": "Last update at 17:21 - 17/08/2024", "produce": 3.89, "consumption": 3.159, "ratioPC": 0.6470000000000002, "maxBatteryPerDay": 8.75, "maxAtThisDay": 100, "batteryLevelPercentage": -3.027285327895245, "buyPrice": 0.149072, "sellPrice": 0.1, "batteryLevel": -302.72853278952454, "maxBatteryForMonth": 100, "Temperature": 39.6, "ratioPc": "noData"}