{"bought": 292.96, "sold": 692.96, "Time_string": "Last update at 19:23 - 30/05/2024", "produce": 1.612, "consumption": 2.953, "ratioPC": -1.168, "maxBatteryPerDay": 8.75, "maxAtThisDay": 100, "batteryLevelPercentage": 1.7188920038639048, "buyPrice": 0.149072, "sellPrice": 0.1, "batteryLevel": 171.88920038639048, "maxBatteryForMonth": 100, "Temperature": 33.2, "ratioPc": "noData"}