{"bought": 252.76, "sold": 309.13, "Time_string": "Last update at 18:30 - 22/09/2024", "produce": 1.696, "consumption": 5.525, "ratioPC": -3.8290000000000006, "maxBatteryPerDay": 8.75, "maxAtThisDay": 100, "batteryLevelPercentage": -0.4539040678329934, "buyPrice": 0.149072, "sellPrice": 0.1, "batteryLevel": -45.39040678329934, "maxBatteryForMonth": 100, "Temperature": 25.5, "ratioPc": "noData"}