{"bought": 1.51, "sold": 4.88, "Time_string": "Last update at 13:15 - 01/07/2023", "produce": 4.143, "consumption": 2.227, "buyPrice": 0.149072, "sellPrice": 0.1, "batteryLevel": 1.763585918214017, "maxBatteryPerDay": 8.75, "batteryLevelPercentage": 0.20155267636731622, "maxAtThisDay": 8.75, "ratioPC": 1.916, "maxBatteryForMonth": 100, "ratioPc": "noData"}