{"bought": 233.11, "sold": 344.96, "Time_string": "Last update at 03:55 - 21/06/2024", "produce": 0.0, "consumption": 0.122, "ratioPC": -0.162, "maxBatteryPerDay": 8.75, "maxAtThisDay": 100, "batteryLevelPercentage": -0.017050413223140593, "buyPrice": 0.149072, "sellPrice": 0.1, "batteryLevel": -1.7050413223140595, "maxBatteryForMonth": 100, "Temperature": 15.1, "ratioPc": "noData"}