{"bought": 196.15, "sold": 500.38, "Time_string": "Last update at 04:55 - 22/05/2024", "produce": 0.0, "consumption": 0.117, "ratioPC": -0.157, "maxBatteryPerDay": 8.75, "maxAtThisDay": 100, "batteryLevelPercentage": 1.3951330363851022, "buyPrice": 0.149072, "sellPrice": 0.1, "batteryLevel": 139.51330363851022, "maxBatteryForMonth": 100, "Temperature": 14.1, "ratioPc": "noData"}