{"bought": 640.04, "sold": 97.33, "Time_string": "Last update at 21:02 - 28/08/2024", "produce": 0.015, "consumption": 0.266, "ratioPC": -1.1780000000000002, "maxBatteryPerDay": 8.75, "maxAtThisDay": 100, "batteryLevelPercentage": -5.747494021680797, "buyPrice": 0.149072, "sellPrice": 0.1, "batteryLevel": -574.7494021680798, "maxBatteryForMonth": 100, "Temperature": 28.0, "ratioPc": "noData"}