{"bought": 95.59, "sold": 178.88, "Time_string": "Last update at 07:49 - 12/09/2024", "produce": 0.0, "consumption": 0.123, "ratioPC": -0.125, "maxBatteryPerDay": 8.75, "maxAtThisDay": 100, "batteryLevelPercentage": 0.24405706772566277, "buyPrice": 0.149072, "sellPrice": 0.1, "batteryLevel": 24.405706772566276, "maxBatteryForMonth": 100, "Temperature": 17.0, "ratioPc": "noData"}