{"bought": 96.12, "sold": 54.24, "Time_string": "Last update at 08:38 - 07/06/2024", "produce": 0.509, "consumption": 0.135, "ratioPC": 0.21600000000000003, "maxBatteryPerDay": 8.75, "maxAtThisDay": 61.25, "batteryLevelPercentage": -0.9752636326399187, "buyPrice": 0.149072, "sellPrice": 0.1, "batteryLevel": -59.73489749919502, "maxBatteryForMonth": 100, "Temperature": 20.3, "ratioPc": "noData"}