{"bought": 217.21, "sold": 252.06, "Time_string": "Last update at 17:30 - 21/07/2023", "produce": 3.957, "consumption": 4.305, "buyPrice": 0.149072, "sellPrice": 0.1, "batteryLevel": -48.12392078995384, "maxBatteryPerDay": 8.75, "batteryLevelPercentage": -4.8123920789953845, "maxAtThisDay": 10, "ratioPC": -0.34799999999999986, "maxBatteryForMonth": 10, "ratioPc": "noData"}