{"bought": 100.36, "sold": 215.75, "Time_string": "Last update at 15:40 - 13/09/2024", "produce": 4.006, "consumption": 6.98, "ratioPC": 3.7090000000000005, "maxBatteryPerDay": 8.75, "maxAtThisDay": 100, "batteryLevelPercentage": 0.4436872169153163, "buyPrice": 0.149072, "sellPrice": 0.1, "batteryLevel": 44.36872169153163, "maxBatteryForMonth": 100, "Temperature": 34.0, "ratioPc": "noData"}