{"bought": 63.26, "sold": 76.5, "Time_string": "Last update at 12:59 - 06/11/2024", "produce": 4.505, "consumption": 0.158, "ratioPC": 4.196000000000001, "maxBatteryPerDay": 8.75, "maxAtThisDay": 52.5, "batteryLevelPercentage": -0.22747649202430784, "buyPrice": 0.149072, "sellPrice": 0.1, "batteryLevel": -11.942515831276161, "maxBatteryForMonth": 100, "Temperature": 22.0, "ratioPc": "noData"}