{"bought": 215.52, "sold": 185.36, "Time_string": "Last update at 13:27 - 27/12/2023", "produce": 4.3, "consumption": 0.22, "ratioPC": -0.33699999999999974, "maxBatteryPerDay": 8.75, "maxAtThisDay": 100, "batteryLevelPercentage": -0.9117740045078889, "buyPrice": 0.149072, "sellPrice": 0.1, "batteryLevel": -91.1774004507889, "maxBatteryForMonth": 100, "Temperature": 12.5, "ratioPc": "noData"}