{"bought": 104.69, "sold": 269.04, "Time_string": "Last update at 20:21 - 17/06/2023", "produce": 0.518, "consumption": 4.912, "ratioPc": null, "buyPrice": 0.149072, "sellPrice": 0.1, "batteryLevel": 75.78654824514331, "maxBatteryPerDay": 8.75, "batteryLevelPercentage": 0.50948939996735, "maxAtThisDay": 148.75, "ratioPC": -4.394}