{"bought": 216.76, "sold": 580.79, "Time_string": "Last update at 09:40 - 25/05/2024", "produce": 0.651, "consumption": 0.259, "ratioPC": 0.31899999999999995, "maxBatteryPerDay": 8.75, "maxAtThisDay": 100, "batteryLevelPercentage": 1.7284368144252442, "buyPrice": 0.149072, "sellPrice": 0.1, "batteryLevel": 172.84368144252443, "maxBatteryForMonth": 100, "Temperature": 20.0, "ratioPc": "noData"}