{"bought": 42.79, "sold": 59.61, "Time_string": "Last update at 14:40 - 05/07/2023", "produce": 5.724, "consumption": 4.274, "buyPrice": 0.149072, "sellPrice": 0.1, "batteryLevel": -2.8026113555865635, "maxBatteryPerDay": 8.75, "batteryLevelPercentage": -0.28026113555865634, "maxAtThisDay": 10, "ratioPC": 1.4500000000000002, "maxBatteryForMonth": 10, "ratioPc": "noData"}