{"bought": 5.46, "sold": 10.37, "Time_string": "Last update at 21:02 - 01/08/2023", "produce": 0.088, "consumption": 1.253, "ratioPC": -1.1649999999999998, "maxBatteryPerDay": 8.75, "maxAtThisDay": 8.75, "batteryLevelPercentage": 0.17101372299483272, "buyPrice": 0.149072, "sellPrice": 0.1, "batteryLevel": 1.4963700762047862, "maxBatteryForMonth": 10, "Temperature": 29.9, "ratioPc": "noData"}