{"bought": 68.87, "sold": 199.55, "Time_string": "Last update at 11:30 - 13/10/2023", "produce": 1.662, "consumption": 0.856, "ratioPC": 0.8059999999999999, "maxBatteryPerDay": 8.75, "maxAtThisDay": 10, "batteryLevelPercentage": 6.499148974991951, "buyPrice": 0.149072, "sellPrice": 0.1, "batteryLevel": 64.99148974991951, "maxBatteryForMonth": 10, "Temperature": 24.0, "ratioPc": "noData"}