{"bought": 20.96, "sold": 8.63, "Time_string": "Last update at 17:36 - 02/12/2023", "produce": 0.193, "consumption": 0.121, "ratioPC": 0.07200000000000001, "maxBatteryPerDay": 8.75, "maxAtThisDay": 17.5, "batteryLevelPercentage": -0.8669057789907849, "buyPrice": 0.149072, "sellPrice": 0.1, "batteryLevel": -15.170851132338736, "maxBatteryForMonth": 100, "Temperature": 13.4, "ratioPc": "noData"}