{"bought": 109.7, "sold": 38.6, "Time_string": "Last update at 13:34 - 10/01/2024", "produce": 4.124, "consumption": 1.465, "ratioPC": 2.1959999999999997, "maxBatteryPerDay": 8.75, "maxAtThisDay": 87.5, "batteryLevelPercentage": -0.9577882518897868, "buyPrice": 0.149072, "sellPrice": 0.1, "batteryLevel": -83.80647204035634, "maxBatteryForMonth": 100, "Temperature": 12.6, "ratioPc": "noData"}