{"bought": 51.51, "sold": 53.76, "Time_string": "Last update at 10:58 - 04/10/2024", "produce": 2.091, "consumption": 0.151, "ratioPC": 1.6820000000000002, "maxBatteryPerDay": 8.75, "maxAtThisDay": 35.0, "batteryLevelPercentage": -0.4413397016206933, "buyPrice": 0.149072, "sellPrice": 0.1, "batteryLevel": -15.446889556724265, "maxBatteryForMonth": 100, "Temperature": 22.9, "ratioPc": "noData"}