{"bought": 109.7, "sold": 37.2, "Time_string": "Last update at 13:01 - 10/01/2024", "produce": 5.016, "consumption": 1.23, "ratioPC": 0.9459999999999997, "maxBatteryPerDay": 8.75, "maxAtThisDay": 87.5, "batteryLevelPercentage": -0.968521320474095, "buyPrice": 0.149072, "sellPrice": 0.1, "batteryLevel": -84.74561554148332, "maxBatteryForMonth": 100, "Temperature": 12.0, "ratioPc": "noData"}