{"bought": 119.19, "sold": 286.04, "Time_string": "Last update at 09:41 - 19/06/2023", "produce": 0.69, "consumption": 0.191, "ratioPc": "noData", "buyPrice": 0.149072, "sellPrice": 0.1, "batteryLevel": 72.69043361597082, "maxBatteryPerDay": 8.75, "batteryLevelPercentage": 0.43723569092313275, "maxAtThisDay": 166.25, "ratioPC": 0.49899999999999994}