{"bought": 233.32, "sold": 647.29, "Time_string": "Last update at 17:10 - 27/05/2024", "produce": 4.16, "consumption": 1.537, "ratioPC": 2.734, "maxBatteryPerDay": 8.75, "maxAtThisDay": 100, "batteryLevelPercentage": 2.008929977460556, "buyPrice": 0.149072, "sellPrice": 0.1, "batteryLevel": 200.89299774605558, "maxBatteryForMonth": 100, "Temperature": 32.6, "ratioPc": "noData"}