{"bought": 90.84, "sold": 132.5, "Time_string": "Last update at 16:46 - 10/11/2024", "produce": 1.249, "consumption": 5.087, "ratioPC": -3.6100000000000003, "maxBatteryPerDay": 8.75, "maxAtThisDay": 87.5, "batteryLevelPercentage": -0.02236315184225467, "buyPrice": 0.149072, "sellPrice": 0.1, "batteryLevel": -1.9567757861972837, "maxBatteryForMonth": 100, "Temperature": 21.4, "ratioPc": "noData"}