{"bought": 44.67, "sold": 173.44, "Time_string": "Last update at 14:48 - 12/11/2023", "produce": 4.268, "consumption": 0.251, "ratioPC": 4.0169999999999995, "maxBatteryPerDay": 8.75, "maxAtThisDay": 10, "batteryLevelPercentage": 7.167646345390146, "buyPrice": 0.149072, "sellPrice": 0.1, "batteryLevel": 71.67646345390146, "maxBatteryForMonth": 10, "Temperature": 21.8, "ratioPc": "noData"}