{"bought": 325.1, "sold": 385.84, "Time_string": "Last update at 17:17 - 31/07/2023", "produce": 4.028, "consumption": 1.582, "ratioPC": 2.4459999999999997, "maxBatteryPerDay": 8.75, "maxAtThisDay": 10, "batteryLevelPercentage": -6.6272051089406485, "buyPrice": 0.149072, "sellPrice": 0.1, "batteryLevel": -66.27205108940649, "maxBatteryForMonth": 10, "Temperature": "38"}