{"bought": 49.1, "sold": 58.21, "Time_string": "Last update at 15:04 - 06/08/2023", "produce": 4.735, "consumption": 3.66, "ratioPC": 1.0750000000000002, "maxBatteryPerDay": 8.75, "maxAtThisDay": 10, "batteryLevelPercentage": -1.0051754856713537, "buyPrice": 0.149072, "sellPrice": 0.1, "batteryLevel": -10.051754856713536, "maxBatteryForMonth": 10, "Temperature": 40.1, "ratioPc": "noData"}