{"bought": 107.66, "sold": 277.66, "Time_string": "Last update at 17:30 - 13/05/2024", "produce": 3.879, "consumption": 0.986, "ratioPC": 2.882, "maxBatteryPerDay": 8.75, "maxAtThisDay": 100, "batteryLevelPercentage": 0.7859898894493937, "buyPrice": 0.149072, "sellPrice": 0.1, "batteryLevel": 78.59898894493938, "maxBatteryForMonth": 100, "Temperature": 29.0, "ratioPc": "noData"}