{"bought": 631.84, "sold": 93.75, "Time_string": "Last update at 11:46 - 28/08/2024", "produce": 3.122, "consumption": 3.725, "ratioPC": -0.8459999999999996, "maxBatteryPerDay": 8.75, "maxAtThisDay": 100, "batteryLevelPercentage": -5.689509262638188, "buyPrice": 0.149072, "sellPrice": 0.1, "batteryLevel": -568.9509262638188, "maxBatteryForMonth": 100, "Temperature": 29.5, "ratioPc": "noData"}