{"bought": 211.45, "sold": 278.39, "Time_string": "Last update at 14:57 - 19/09/2024", "produce": 1.652, "consumption": 1.55, "ratioPC": -0.6839999999999999, "maxBatteryPerDay": 8.75, "maxAtThisDay": 100, "batteryLevelPercentage": -0.247013148009016, "buyPrice": 0.149072, "sellPrice": 0.1, "batteryLevel": -24.7013148009016, "maxBatteryForMonth": 100, "Temperature": 27.9, "ratioPc": "noData"}