{"bought": 96.23, "sold": 182.21, "Time_string": "Last update at 12:05 - 12/09/2024", "produce": 3.543, "consumption": 0.121, "ratioPC": 2.848, "maxBatteryPerDay": 8.75, "maxAtThisDay": 100, "batteryLevelPercentage": 0.25999526671675427, "buyPrice": 0.149072, "sellPrice": 0.1, "batteryLevel": 25.999526671675426, "maxBatteryForMonth": 100, "Temperature": 25.2, "ratioPc": "noData"}