{"bought": 107.15, "sold": 147.77, "Time_string": "Last update at 07:39 - 12/07/2023", "produce": 0.049, "consumption": 0.261, "buyPrice": 0.149072, "sellPrice": 0.1, "batteryLevel": -8.023403456048086, "maxBatteryPerDay": 8.75, "batteryLevelPercentage": -0.8023403456048086, "maxAtThisDay": 10, "ratioPC": -0.21200000000000002, "maxBatteryForMonth": 10, "ratioPc": "noData"}