{"bought": 181.96, "sold": 351.54, "Time_string": "Last update at 19:38 - 16/05/2024", "produce": 0.444, "consumption": 1.406, "ratioPC": 0.602, "maxBatteryPerDay": 8.75, "maxAtThisDay": 100, "batteryLevelPercentage": 0.5385893313298271, "buyPrice": 0.149072, "sellPrice": 0.1, "batteryLevel": 53.85893313298271, "maxBatteryForMonth": 100, "Temperature": 21.0, "ratioPc": "noData"}