{"bought": 56.21, "sold": 21.18, "Time_string": "Last update at 10:08 - 06/01/2024", "produce": 0.658, "consumption": 0.2, "ratioPC": 0.47500000000000003, "maxBatteryPerDay": 8.75, "maxAtThisDay": 52.5, "batteryLevelPercentage": -0.8000400087908942, "buyPrice": 0.149072, "sellPrice": 0.1, "batteryLevel": -42.00210046152195, "maxBatteryForMonth": 100, "Temperature": 7.3, "ratioPc": "noData"}