{"bought": 365.1, "sold": 264.79, "Time_string": "Last update at 18:52 - 29/08/2023", "produce": 2.198, "consumption": 2.395, "ratioPC": -0.19700000000000006, "maxBatteryPerDay": 8.75, "maxAtThisDay": 10, "batteryLevelPercentage": -18.74744230975636, "buyPrice": 0.149072, "sellPrice": 0.1, "batteryLevel": -187.4744230975636, "maxBatteryForMonth": 10, "Temperature": 36.1, "ratioPc": "noData"}