{"bought": 147.73, "sold": 356.33, "Time_string": "Last update at 13:27 - 23/06/2023", "produce": 4.357, "consumption": 2.666, "ratioPc": "noData", "buyPrice": 0.149072, "sellPrice": 0.1, "batteryLevel": 91.30214554041001, "maxBatteryPerDay": 8.75, "batteryLevelPercentage": 0.4536752573436522, "maxAtThisDay": 201.25, "ratioPC": 1.6910000000000003}