{"bought": 95.04, "sold": 445.44, "Time_string": "Last update at 08:20 - 24/09/2023", "produce": 0.02, "consumption": 0.265, "ratioPC": -0.24500000000000002, "maxBatteryPerDay": 8.75, "maxAtThisDay": 10, "batteryLevelPercentage": 20.376862938714176, "buyPrice": 0.149072, "sellPrice": 0.1, "batteryLevel": 203.76862938714174, "maxBatteryForMonth": 10, "Temperature": 17.7, "ratioPc": "noData"}