{"bought": 113.2, "sold": 204.4, "Time_string": "Last update at 19:57 - 13/06/2024", "produce": 1.074, "consumption": 0.883, "ratioPC": -0.512, "maxBatteryPerDay": 8.75, "maxAtThisDay": 100, "batteryLevelPercentage": 0.23914951164537926, "buyPrice": 0.149072, "sellPrice": 0.1, "batteryLevel": 23.914951164537925, "maxBatteryForMonth": 100, "Temperature": 30.1, "ratioPc": "noData"}