{"bought": 86.89, "sold": 131.62, "Time_string": "Last update at 16:55 - 09/10/2024", "produce": 0.558, "consumption": 0.191, "ratioPC": 0.13300000000000003, "maxBatteryPerDay": 8.75, "maxAtThisDay": 78.75, "batteryLevelPercentage": 0.017814672275120836, "buyPrice": 0.149072, "sellPrice": 0.1, "batteryLevel": 1.4029054416657658, "maxBatteryForMonth": 100, "Temperature": 21.0, "ratioPc": "noData"}