{"bought": 102.41, "sold": 503.18, "Time_string": "Last update at 14:50 - 26/09/2023", "produce": 4.89, "consumption": 3.189, "ratioPC": 1.7009999999999996, "maxBatteryPerDay": 8.75, "maxAtThisDay": 10, "batteryLevelPercentage": 23.51315906407642, "buyPrice": 0.149072, "sellPrice": 0.1, "batteryLevel": 235.1315906407642, "maxBatteryForMonth": 10, "Temperature": 29.9, "ratioPc": "noData"}