{"bought": 41.18, "sold": 83.07, "Time_string": "Last update at 15:42 - 06/09/2024", "produce": 4.868, "consumption": 2.333, "ratioPC": 3.1690000000000005, "maxBatteryPerDay": 8.75, "maxAtThisDay": 52.5, "batteryLevelPercentage": 0.27704286583153165, "buyPrice": 0.149072, "sellPrice": 0.1, "batteryLevel": 14.544750456155413, "maxBatteryForMonth": 100, "Temperature": 30.0, "ratioPc": "noData"}