{"bought": 1.2, "sold": 2.2, "Time_string": "Last update at 11:52 - 01/10/2024", "produce": 1.956, "consumption": 0.126, "ratioPC": 2.7030000000000003, "maxBatteryPerDay": 8.75, "maxAtThisDay": 8.75, "batteryLevelPercentage": 0.03151964918198687, "buyPrice": 0.149072, "sellPrice": 0.1, "batteryLevel": 0.27579693034238506, "maxBatteryForMonth": 100, "Temperature": 23.7, "ratioPc": "noData"}