{"bought": 297.96, "sold": 700.77, "Time_string": "Last update at 19:39 - 31/05/2024", "produce": 1.275, "consumption": 3.713, "ratioPC": -0.99, "maxBatteryPerDay": 8.75, "maxAtThisDay": 100, "batteryLevelPercentage": 1.7212827948910592, "buyPrice": 0.149072, "sellPrice": 0.1, "batteryLevel": 172.12827948910592, "maxBatteryForMonth": 100, "Temperature": 31.4, "ratioPc": "noData"}