{"bought": 8.5, "sold": 1.36, "Time_string": "Last update at 12:46 - 01/06/2024", "produce": 3.943, "consumption": 6.485, "ratioPC": -2.6649999999999996, "maxBatteryPerDay": 8.75, "maxAtThisDay": 8.75, "batteryLevelPercentage": -0.867164476609577, "buyPrice": 0.149072, "sellPrice": 0.1, "batteryLevel": -7.587689170333799, "maxBatteryForMonth": 100, "Temperature": 28.8, "ratioPc": "noData"}