{"bought": 85.23, "sold": 390.69, "Time_string": "Last update at 14:16 - 21/09/2023", "produce": 1.052, "consumption": 1.125, "ratioPC": -0.07299999999999995, "maxBatteryPerDay": 8.75, "maxAtThisDay": 10, "batteryLevelPercentage": 17.685141032521198, "buyPrice": 0.149072, "sellPrice": 0.1, "batteryLevel": 176.851410325212, "maxBatteryForMonth": 10, "Temperature": 25.7, "ratioPc": "noData"}