{"bought": 43.0, "sold": 64.21, "Time_string": "Last update at 17:18 - 05/07/2023", "produce": 3.976, "consumption": 2.108, "buyPrice": 0.149072, "sellPrice": 0.1, "batteryLevel": 0.07314586240205045, "maxBatteryPerDay": 8.75, "batteryLevelPercentage": 0.007314586240205046, "maxAtThisDay": 10, "ratioPC": 1.8679999999999999, "maxBatteryForMonth": 10, "ratioPc": "noData"}