{"bought": 201.85, "sold": 183.71, "Time_string": "Last update at 18:12 - 26/12/2023", "produce": 0.039, "consumption": 0.225, "ratioPC": -0.17900000000000002, "maxBatteryPerDay": 8.75, "maxAtThisDay": 100, "batteryLevelPercentage": -0.7861424814854565, "buyPrice": 0.149072, "sellPrice": 0.1, "batteryLevel": -78.61424814854566, "maxBatteryForMonth": 100, "Temperature": 10.8, "ratioPc": "noData"}