{"bought": 242.31, "sold": 386.81, "Time_string": "Last update at 05:46 - 29/06/2023", "produce": 0.0, "consumption": 0.317, "buyPrice": 0.149072, "sellPrice": 0.1, "batteryLevel": 17.16864119351726, "maxBatteryPerDay": 8.75, "batteryLevelPercentage": 0.1716864119351726, "maxAtThisDay": 100, "ratioPC": -0.317, "maxBatteryForMonth": 100, "ratioPc": "noData"}