{"bought": 38.75, "sold": 144.08, "Time_string": "Last update at 17:00 - 09/09/2023", "produce": 4.153, "consumption": 0.931, "ratioPC": 3.2219999999999995, "maxBatteryPerDay": 8.75, "maxAtThisDay": 10, "batteryLevelPercentage": 5.790128260169583, "buyPrice": 0.149072, "sellPrice": 0.1, "batteryLevel": 57.901282601695826, "maxBatteryForMonth": 10, "Temperature": 29.0, "ratioPc": "noData"}