{"bought": 153.77, "sold": 289.21, "Time_string": "Last update at 23:53 - 17/06/2024", "produce": 0.0, "consumption": 1.202, "ratioPC": -1.312, "maxBatteryPerDay": 8.75, "maxAtThisDay": 100, "batteryLevelPercentage": 0.4023692282923685, "buyPrice": 0.149072, "sellPrice": 0.1, "batteryLevel": 40.236922829236846, "maxBatteryForMonth": 100, "Temperature": 21.1, "ratioPc": "noData"}