{"bought": 34.6, "sold": 50.9, "Time_string": "Last update at 19:02 - 04/07/2023", "produce": 2.375, "consumption": 2.273, "buyPrice": 0.149072, "sellPrice": 0.1, "batteryLevel": -0.45542556616937446, "maxBatteryPerDay": 8.75, "batteryLevelPercentage": -0.045542556616937444, "maxAtThisDay": 10, "ratioPC": 0.10199999999999987, "maxBatteryForMonth": 10, "ratioPc": "noData"}