{"bought": 324.54, "sold": 376.25, "Time_string": "Last update at 11:18 - 31/07/2023", "produce": 2.74, "consumption": 1.055, "ratioPC": 1.6850000000000003, "maxBatteryPerDay": 8.75, "maxAtThisDay": 10, "batteryLevelPercentage": -7.214518407212625, "buyPrice": 0.149072, "sellPrice": 0.1, "batteryLevel": -72.14518407212626, "maxBatteryForMonth": 10, "Temperature": "31"}