{"bought": 121.52, "sold": 324.44, "Time_string": "Last update at 15:46 - 22/10/2023", "produce": 0.175, "consumption": 0.288, "ratioPC": -0.11299999999999999, "maxBatteryPerDay": 8.75, "maxAtThisDay": 10, "batteryLevelPercentage": 9.611979821831063, "buyPrice": 0.149072, "sellPrice": 0.1, "batteryLevel": 96.11979821831063, "maxBatteryForMonth": 10, "Temperature": 15.0, "ratioPc": "noData"}