{"bought": 69.21, "sold": 46.58, "Time_string": "Last update at 07:41 - 06/06/2024", "produce": 0.103, "consumption": 0.164, "ratioPC": -0.14700000000000002, "maxBatteryPerDay": 8.75, "maxAtThisDay": 52.5, "batteryLevelPercentage": -0.7231115063606207, "buyPrice": 0.149072, "sellPrice": 0.1, "batteryLevel": -37.963354083932586, "maxBatteryForMonth": 100, "Temperature": 19.7, "ratioPc": "noData"}