{"bought": 48.79, "sold": 24.33, "Time_string": "Last update at 12:12 - 04/06/2024", "produce": 3.577, "consumption": 0.193, "ratioPC": 2.7520000000000002, "maxBatteryPerDay": 8.75, "maxAtThisDay": 35.0, "batteryLevelPercentage": -0.9276865023996075, "buyPrice": 0.149072, "sellPrice": 0.1, "batteryLevel": -32.46902758398626, "maxBatteryForMonth": 100, "Temperature": 27.4, "ratioPc": "noData"}