{"bought": 295.94, "sold": 696.93, "Time_string": "Last update at 13:48 - 31/05/2024", "produce": 4.474, "consumption": 3.36, "ratioPC": 1.1049999999999995, "maxBatteryPerDay": 8.75, "maxAtThisDay": 100, "batteryLevelPercentage": 1.715723430288719, "buyPrice": 0.149072, "sellPrice": 0.1, "batteryLevel": 171.5723430288719, "maxBatteryForMonth": 100, "Temperature": 35.6, "ratioPc": "noData"}