{"bought": 294.47, "sold": 367.12, "Time_string": "Last update at 18:39 - 26/09/2024", "produce": 0.199, "consumption": 0.162, "ratioPC": 0.15100000000000002, "maxBatteryPerDay": 8.75, "maxAtThisDay": 100, "batteryLevelPercentage": -0.4819974133304714, "buyPrice": 0.149072, "sellPrice": 0.1, "batteryLevel": -48.19974133304714, "maxBatteryForMonth": 100, "Temperature": 24.4, "ratioPc": "noData"}