{"bought": 64.15, "sold": 192.61, "Time_string": "Last update at 15:51 - 12/10/2023", "produce": 4.328, "consumption": 1.058, "ratioPC": 3.2700000000000005, "maxBatteryPerDay": 8.75, "maxAtThisDay": 10, "batteryLevelPercentage": 6.505602125147581, "buyPrice": 0.149072, "sellPrice": 0.1, "batteryLevel": 65.05602125147581, "maxBatteryForMonth": 10, "Temperature": 31.9, "ratioPc": "noData"}