{"bought": 128.04, "sold": 65.43, "Time_string": "Last update at 09:52 - 13/01/2024", "produce": 0.302, "consumption": 0.188, "ratioPC": 0.013999999999999985, "maxBatteryPerDay": 8.75, "maxAtThisDay": 100, "batteryLevelPercentage": -0.8414845765804442, "buyPrice": 0.149072, "sellPrice": 0.1, "batteryLevel": -84.14845765804442, "maxBatteryForMonth": 100, "Temperature": 9.0, "ratioPc": "noData"}