{"bought": 68.83, "sold": 109.67, "Time_string": "Last update at 08:23 - 08/11/2024", "produce": 0.097, "consumption": 0.168, "ratioPC": -0.133, "maxBatteryPerDay": 8.75, "maxAtThisDay": 70.0, "batteryLevelPercentage": 0.06769252825096979, "buyPrice": 0.149072, "sellPrice": 0.1, "batteryLevel": 4.738476977567885, "maxBatteryForMonth": 100, "Temperature": 14.4, "ratioPc": "noData"}