{"bought": 206.48, "sold": 193.71, "Time_string": "Last update at 16:08 - 20/08/2023", "produce": 4.465, "consumption": 1.99, "ratioPC": 2.4749999999999996, "maxBatteryPerDay": 8.75, "maxAtThisDay": 10, "batteryLevelPercentage": -7.653608028335299, "buyPrice": 0.149072, "sellPrice": 0.1, "batteryLevel": -76.53608028335299, "maxBatteryForMonth": 10, "Temperature": 41.1, "ratioPc": "noData"}