{"bought": 187.65, "sold": 173.48, "Time_string": "Last update at 16:26 - 25/12/2023", "produce": 2.026, "consumption": 0.985, "ratioPC": 0.7110000000000001, "maxBatteryPerDay": 8.75, "maxAtThisDay": 100, "batteryLevelPercentage": -0.7127670387463777, "buyPrice": 0.149072, "sellPrice": 0.1, "batteryLevel": -71.27670387463778, "maxBatteryForMonth": 100, "Temperature": 14.1, "ratioPc": "noData"}