{"bought": 171.36, "sold": 187.07, "Time_string": "Last update at 09:53 - 15/11/2024", "produce": 1.36, "consumption": 0.147, "ratioPC": 1.266, "maxBatteryPerDay": 8.75, "maxAtThisDay": 100, "batteryLevelPercentage": -0.45870303745840957, "buyPrice": 0.149072, "sellPrice": 0.1, "batteryLevel": -45.87030374584096, "maxBatteryForMonth": 100, "Temperature": 15.0, "ratioPc": "noData"}