{"bought": 5.73, "sold": 21.42, "Time_string": "Last update at 17:54 - 02/11/2023", "produce": 0.184, "consumption": 0.292, "ratioPC": -0.10799999999999998, "maxBatteryPerDay": 8.75, "maxAtThisDay": 10, "batteryLevelPercentage": 0.8638895567242676, "buyPrice": 0.149072, "sellPrice": 0.1, "batteryLevel": 8.638895567242676, "maxBatteryForMonth": 10, "Temperature": 19.1, "ratioPc": "noData"}