{"bought": 110.71, "sold": 283.75, "Time_string": "Last update at 17:30 - 18/06/2023", "produce": 3.003, "consumption": 1.761, "ratioPc": "noData", "buyPrice": 0.149072, "sellPrice": 0.1, "batteryLevel": 79.63426317484168, "maxBatteryPerDay": 8.75, "batteryLevelPercentage": 0.5056143693640741, "maxAtThisDay": 157.5, "ratioPC": 1.2420000000000002}