{"bought": 105.65, "sold": 147.77, "Time_string": "Last update at 23:14 - 11/07/2023", "produce": 0.0, "consumption": 0.323, "buyPrice": 0.149072, "sellPrice": 0.1, "batteryLevel": -6.5234034560480865, "maxBatteryPerDay": 8.75, "batteryLevelPercentage": -0.6523403456048087, "maxAtThisDay": 10, "ratioPC": -0.323, "maxBatteryForMonth": 10, "ratioPc": "noData"}