{"bought": 75.3, "sold": 219.1, "Time_string": "Last update at 10:22 - 11/05/2024", "produce": 1.721, "consumption": 0.15, "ratioPC": 0.08599999999999985, "maxBatteryPerDay": 8.75, "maxAtThisDay": 96.25, "batteryLevelPercentage": 0.7446852771571028, "buyPrice": 0.149072, "sellPrice": 0.1, "batteryLevel": 71.67595792637114, "maxBatteryForMonth": 100, "Temperature": 21.7, "ratioPc": "noData"}