{"bought": 121.36, "sold": 300.79, "Time_string": "Last update at 22:10 - 19/06/2023", "produce": 0.0, "consumption": 0.293, "ratioPc": "noData", "buyPrice": 0.149072, "sellPrice": 0.1, "batteryLevel": 80.41498121713, "maxBatteryPerDay": 8.75, "batteryLevelPercentage": 0.4836991351406316, "maxAtThisDay": 166.25, "ratioPC": -0.293}