{"bought": 160.16, "sold": 362.97, "Time_string": "Last update at 22:15 - 23/06/2023", "produce": 0.0, "consumption": 3.346, "ratioPc": "noData", "buyPrice": 0.149072, "sellPrice": 0.1, "batteryLevel": 83.32636900289793, "maxBatteryPerDay": 8.75, "batteryLevelPercentage": 0.4140440695796171, "maxAtThisDay": 201.25, "ratioPC": -3.346}