{"bought": 268.21, "sold": 301.09, "Time_string": "Last update at 15:32 - 25/07/2023", "produce": 4.856, "consumption": 1.115, "buyPrice": 0.149072, "sellPrice": 0.1, "batteryLevel": -66.23377374691424, "maxBatteryPerDay": 8.75, "batteryLevelPercentage": -6.623377374691424, "maxAtThisDay": 10, "ratioPC": 3.7409999999999997, "maxBatteryForMonth": 10, "ratioPc": "noData"}