{"bought": 158.39, "sold": 415.09, "Time_string": "Last update at 11:14 - 29/10/2023", "produce": 1.846, "consumption": 0.416, "ratioPC": 1.4300000000000002, "maxBatteryPerDay": 8.75, "maxAtThisDay": 10, "batteryLevelPercentage": 12.005933991628206, "buyPrice": 0.149072, "sellPrice": 0.1, "batteryLevel": 120.05933991628206, "maxBatteryForMonth": 10, "Temperature": 19.2, "ratioPc": "noData"}