{"bought": 1.19, "sold": 3.98, "Time_string": "Last update at 12:14 - 01/07/2023", "produce": 3.486, "consumption": 1.053, "buyPrice": 0.149072, "sellPrice": 0.1, "batteryLevel": 1.479850810346678, "maxBatteryPerDay": 8.75, "batteryLevelPercentage": 0.1691258068967632, "maxAtThisDay": 8.75, "ratioPC": 2.4330000000000003, "maxBatteryForMonth": 100, "ratioPc": "noData"}