{"bought": 66.37, "sold": 122.76, "Time_string": "Last update at 14:10 - 09/09/2024", "produce": 4.788, "consumption": 1.042, "ratioPC": 3.766, "maxBatteryPerDay": 8.75, "maxAtThisDay": 78.75, "batteryLevelPercentage": 0.20291388842038194, "buyPrice": 0.149072, "sellPrice": 0.1, "batteryLevel": 15.979468713105078, "maxBatteryForMonth": 100, "Temperature": 28.2, "ratioPc": "noData"}