{"bought": 182.57, "sold": 351.7, "Time_string": "Last update at 21:05 - 16/05/2024", "produce": 0.053, "consumption": 0.136, "ratioPC": -0.127, "maxBatteryPerDay": 8.75, "maxAtThisDay": 100, "batteryLevelPercentage": 0.533562638188258, "buyPrice": 0.149072, "sellPrice": 0.1, "batteryLevel": 53.356263818825795, "maxBatteryForMonth": 100, "Temperature": 18.8, "ratioPc": "noData"}