{"bought": 67.21, "sold": 24.43, "Time_string": "Last update at 10:17 - 07/01/2024", "produce": 1.871, "consumption": 3.936, "ratioPC": -2.4190000000000005, "maxBatteryPerDay": 8.75, "maxAtThisDay": 61.25, "batteryLevelPercentage": -0.8297460555972952, "buyPrice": 0.149072, "sellPrice": 0.1, "batteryLevel": -50.82194590533433, "maxBatteryForMonth": 100, "Temperature": 5.6, "ratioPc": "noData"}