{"bought": 196.17, "sold": 500.38, "Time_string": "Last update at 05:01 - 22/05/2024", "produce": 0.0, "consumption": 0.117, "ratioPC": -0.117, "maxBatteryPerDay": 8.75, "maxAtThisDay": 100, "batteryLevelPercentage": 1.3949330363851025, "buyPrice": 0.149072, "sellPrice": 0.1, "batteryLevel": 139.49330363851024, "maxBatteryForMonth": 100, "Temperature": 14.0, "ratioPc": "noData"}