{"bought": 9.85, "sold": 0.18, "Time_string": "Last update at 15:09 - 01/01/2024", "produce": 3.936, "consumption": 4.695, "ratioPC": -0.6950000000000003, "maxBatteryPerDay": 8.75, "maxAtThisDay": 8.75, "batteryLevelPercentage": -1.1119146261058894, "buyPrice": 0.149072, "sellPrice": 0.1, "batteryLevel": -9.729252978426532, "maxBatteryForMonth": 100, "Temperature": 16.1, "ratioPc": "noData"}