{"bought": 194.33, "sold": 209.0, "Time_string": "Last update at 16:33 - 18/10/2024", "produce": 1.082, "consumption": 0.109, "ratioPC": 0.846, "maxBatteryPerDay": 8.75, "maxAtThisDay": 100, "batteryLevelPercentage": -0.5412929161747345, "buyPrice": 0.149072, "sellPrice": 0.1, "batteryLevel": -54.129291617473456, "maxBatteryForMonth": 100, "Temperature": 21.0, "ratioPc": "noData"}