{"bought": 280.75, "sold": 371.12, "Time_string": "Last update at 12:02 - 24/06/2024", "produce": 3.399, "consumption": 3.348, "ratioPC": 2.319, "maxBatteryPerDay": 8.75, "maxAtThisDay": 100, "batteryLevelPercentage": -0.31796474186970075, "buyPrice": 0.149072, "sellPrice": 0.1, "batteryLevel": -31.796474186970073, "maxBatteryForMonth": 100, "Temperature": 30.0, "ratioPc": "noData"}