{"bought": 173.42, "sold": 299.37, "Time_string": "Last update at 06:47 - 19/06/2024", "produce": 0.0, "consumption": 0.164, "ratioPC": -0.196, "maxBatteryPerDay": 8.75, "maxAtThisDay": 100, "batteryLevelPercentage": 0.2740242138027261, "buyPrice": 0.149072, "sellPrice": 0.1, "batteryLevel": 27.402421380272614, "maxBatteryForMonth": 100, "Temperature": 13.8, "ratioPc": "noData"}