{"bought": 174.13, "sold": 408.06, "Time_string": "Last update at 16:44 - 24/11/2023", "produce": 1.666, "consumption": 0.127, "ratioPC": 1.539, "maxBatteryPerDay": 8.75, "maxAtThisDay": 100, "batteryLevelPercentage": 0.9960349790705163, "buyPrice": 0.149072, "sellPrice": 0.1, "batteryLevel": 99.60349790705163, "maxBatteryForMonth": 100, "Temperature": 17.5, "ratioPc": "noData"}