{"bought": 205.72, "sold": 274.84, "Time_string": "Last update at 19:18 - 18/09/2024", "produce": 0.737, "consumption": 1.199, "ratioPC": -0.588, "maxBatteryPerDay": 8.75, "maxAtThisDay": 100, "batteryLevelPercentage": -0.21352714393045005, "buyPrice": 0.149072, "sellPrice": 0.1, "batteryLevel": -21.352714393045005, "maxBatteryForMonth": 100, "Temperature": 25.7, "ratioPc": "noData"}