{"bought": 194.37, "sold": 178.21, "Time_string": "Last update at 11:52 - 26/12/2023", "produce": 3.608, "consumption": 0.247, "ratioPC": 3.2479999999999998, "maxBatteryPerDay": 8.75, "maxAtThisDay": 100, "batteryLevelPercentage": -0.7482374047440163, "buyPrice": 0.149072, "sellPrice": 0.1, "batteryLevel": -74.82374047440163, "maxBatteryForMonth": 100, "Temperature": 7.8, "ratioPc": "noData"}