{"bought": 109.98, "sold": 160.13, "Time_string": "Last update at 13:15 - 12/06/2024", "produce": 4.75, "consumption": 0.174, "ratioPC": 1.8020000000000003, "maxBatteryPerDay": 8.75, "maxAtThisDay": 100, "batteryLevelPercentage": -0.025621079746699565, "buyPrice": 0.149072, "sellPrice": 0.1, "batteryLevel": -2.5621079746699564, "maxBatteryForMonth": 100, "Temperature": 26.5, "ratioPc": "noData"}