{"bought": 131.37, "sold": 316.89, "Time_string": "Last update at 04:43 - 21/06/2023", "produce": 0.0, "consumption": 0.089, "ratioPc": "noData", "buyPrice": 0.149072, "sellPrice": 0.1, "batteryLevel": 81.20513148009013, "maxBatteryPerDay": 8.75, "batteryLevelPercentage": 0.4419326883270211, "maxAtThisDay": 183.75, "ratioPC": -0.089}