{"bought": 87.94, "sold": 262.57, "Time_string": "Last update at 12:37 - 17/10/2023", "produce": 0.359, "consumption": 0.808, "ratioPC": -0.44900000000000007, "maxBatteryPerDay": 8.75, "maxAtThisDay": 10, "batteryLevelPercentage": 8.819636363636363, "buyPrice": 0.149072, "sellPrice": 0.1, "batteryLevel": 88.19636363636363, "maxBatteryForMonth": 10, "Temperature": 23.5, "ratioPc": "noData"}