{"bought": 270.58, "sold": 367.25, "Time_string": "Last update at 13:13 - 23/06/2024", "produce": 4.357, "consumption": 6.517, "ratioPC": -2.5390000000000006, "maxBatteryPerDay": 8.75, "maxAtThisDay": 100, "batteryLevelPercentage": -0.24222535150799615, "buyPrice": 0.149072, "sellPrice": 0.1, "batteryLevel": -24.222535150799615, "maxBatteryForMonth": 100, "Temperature": 32.4, "ratioPc": "noData"}