{"bought": 117.5, "sold": 559.98, "Time_string": "Last update at 13:35 - 29/09/2023", "produce": 4.595, "consumption": 3.306, "ratioPC": 1.2889999999999997, "maxBatteryPerDay": 8.75, "maxAtThisDay": 10, "batteryLevelPercentage": 25.814398411505852, "buyPrice": 0.149072, "sellPrice": 0.1, "batteryLevel": 258.1439841150585, "maxBatteryForMonth": 10, "Temperature": 33.2, "ratioPc": "noData"}