{"bought": 125.54, "sold": 275.45, "Time_string": "Last update at 12:42 - 17/06/2024", "produce": 4.073, "consumption": 1.164, "ratioPC": 3.036, "maxBatteryPerDay": 8.75, "maxAtThisDay": 100, "batteryLevelPercentage": 0.5923648384673179, "buyPrice": 0.149072, "sellPrice": 0.1, "batteryLevel": 59.23648384673179, "maxBatteryForMonth": 100, "Temperature": 28.7, "ratioPc": "noData"}