{"bought": 29.62, "sold": 10.13, "Time_string": "Last update at 15:16 - 02/06/2024", "produce": 4.591, "consumption": 2.647, "ratioPC": 1.8670000000000004, "maxBatteryPerDay": 8.75, "maxAtThisDay": 17.5, "batteryLevelPercentage": -1.3042643401462766, "buyPrice": 0.149072, "sellPrice": 0.1, "batteryLevel": -22.82462595255984, "maxBatteryForMonth": 100, "Temperature": 31.3, "ratioPc": "noData"}