{"bought": 201.75, "sold": 200.42, "Time_string": "Last update at 15:51 - 19/07/2023", "produce": 4.246, "consumption": 3.845, "buyPrice": 0.149072, "sellPrice": 0.1, "batteryLevel": -67.30489964580875, "maxBatteryPerDay": 8.75, "batteryLevelPercentage": -6.730489964580874, "maxAtThisDay": 10, "ratioPC": 0.40100000000000025, "maxBatteryForMonth": 10, "ratioPc": "noData"}