{"bought": 84.37, "sold": 128.5, "Time_string": "Last update at 19:55 - 08/10/2024", "produce": 0.019, "consumption": 1.203, "ratioPC": -1.285, "maxBatteryPerDay": 8.75, "maxAtThisDay": 70.0, "batteryLevelPercentage": 0.026142243824652262, "buyPrice": 0.149072, "sellPrice": 0.1, "batteryLevel": 1.8299570677256582, "maxBatteryForMonth": 100, "Temperature": 20.2, "ratioPc": "noData"}