{"bought": 110.98, "sold": 42.95, "Time_string": "Last update at 16:23 - 10/01/2024", "produce": 0.533, "consumption": 1.032, "ratioPC": -0.31299999999999994, "maxBatteryPerDay": 8.75, "maxAtThisDay": 87.5, "batteryLevelPercentage": -0.9390676459314002, "buyPrice": 0.149072, "sellPrice": 0.1, "batteryLevel": -82.16841901899753, "maxBatteryForMonth": 100, "Temperature": 13.6, "ratioPc": "noData"}