{"bought": 123.54, "sold": 574.02, "Time_string": "Last update at 16:56 - 30/09/2023", "produce": 3.926, "consumption": 2.916, "ratioPC": 1.0100000000000002, "maxBatteryPerDay": 8.75, "maxAtThisDay": 10, "batteryLevelPercentage": 26.152225179778895, "buyPrice": 0.149072, "sellPrice": 0.1, "batteryLevel": 261.52225179778895, "maxBatteryForMonth": 10, "Temperature": 36.9, "ratioPc": "noData"}