{"bought": 118.21, "sold": 285.35, "Time_string": "Last update at 03:44 - 19/06/2023", "produce": 0.0, "consumption": 0.205, "ratioPc": "noData", "buyPrice": 0.149072, "sellPrice": 0.1, "batteryLevel": 73.20757003327252, "maxBatteryPerDay": 8.75, "batteryLevelPercentage": 0.44034628591442115, "maxAtThisDay": 166.25, "ratioPC": -0.205}