{"bought": 64.92, "sold": 118.13, "Time_string": "Last update at 14:27 - 08/07/2023", "produce": 4.683, "consumption": 0.531, "buyPrice": 0.149072, "sellPrice": 0.1, "batteryLevel": 14.32358699152087, "maxBatteryPerDay": 8.75, "batteryLevelPercentage": 1.432358699152087, "maxAtThisDay": 10, "ratioPC": 4.152, "maxBatteryForMonth": 10, "ratioPc": "noData"}