{"bought": 275.72, "sold": 322.21, "Time_string": "Last update at 17:11 - 24/10/2024", "produce": 3.04, "consumption": 1.529, "ratioPC": 1.908, "maxBatteryPerDay": 8.75, "maxAtThisDay": 100, "batteryLevelPercentage": -0.5957612321562741, "buyPrice": 0.149072, "sellPrice": 0.1, "batteryLevel": -59.576123215627405, "maxBatteryForMonth": 100, "Temperature": 24.8, "ratioPc": "noData"}