{"bought": 7.62, "sold": 0.18, "Time_string": "Last update at 13:21 - 01/01/2024", "produce": 4.445, "consumption": 4.824, "ratioPC": -0.5569999999999995, "maxBatteryPerDay": 8.75, "maxAtThisDay": 8.75, "batteryLevelPercentage": -0.8570574832487465, "buyPrice": 0.149072, "sellPrice": 0.1, "batteryLevel": -7.499252978426532, "maxBatteryForMonth": 100, "Temperature": 13.4, "ratioPc": "noData"}