{"bought": 64.92, "sold": 115.9, "Time_string": "Last update at 13:53 - 08/07/2023", "produce": 4.563, "consumption": 0.436, "buyPrice": 0.149072, "sellPrice": 0.1, "batteryLevel": 12.827665557582918, "maxBatteryPerDay": 8.75, "batteryLevelPercentage": 1.282766555758292, "maxAtThisDay": 10, "ratioPC": 4.127, "maxBatteryForMonth": 10, "ratioPc": "noData"}