{"bought": 122.65, "sold": 215.76, "Time_string": "Last update at 09:24 - 14/09/2024", "produce": 0.269, "consumption": 0.173, "ratioPC": 0.063, "maxBatteryPerDay": 8.75, "maxAtThisDay": 100, "batteryLevelPercentage": 0.22085429859396782, "buyPrice": 0.149072, "sellPrice": 0.1, "batteryLevel": 22.085429859396783, "maxBatteryForMonth": 100, "Temperature": 22.8, "ratioPc": "noData"}