{"bought": 196.69, "sold": 500.82, "Time_string": "Last update at 10:14 - 22/05/2024", "produce": 1.583, "consumption": 0.231, "ratioPC": -0.050000000000000044, "maxBatteryPerDay": 8.75, "maxAtThisDay": 100, "batteryLevelPercentage": 1.392684630245787, "buyPrice": 0.149072, "sellPrice": 0.1, "batteryLevel": 139.2684630245787, "maxBatteryForMonth": 100, "Temperature": 18.5, "ratioPc": "noData"}