{"bought": 194.33, "sold": 208.5, "Time_string": "Last update at 15:54 - 18/10/2024", "produce": 0.522, "consumption": 0.156, "ratioPC": 1.052, "maxBatteryPerDay": 8.75, "maxAtThisDay": 100, "batteryLevelPercentage": -0.5446470001073308, "buyPrice": 0.149072, "sellPrice": 0.1, "batteryLevel": -54.46470001073308, "maxBatteryForMonth": 100, "Temperature": 20.9, "ratioPc": "noData"}