{"bought": 95.96, "sold": 138.04, "Time_string": "Last update at 07:44 - 11/07/2023", "produce": 0.06, "consumption": 0.158, "buyPrice": 0.149072, "sellPrice": 0.1, "batteryLevel": -3.3604507888805415, "maxBatteryPerDay": 8.75, "batteryLevelPercentage": -0.3360450788880541, "maxAtThisDay": 10, "ratioPC": -0.098, "maxBatteryForMonth": 10, "ratioPc": "noData"}