{"bought": 147.83, "sold": 362.41, "Time_string": "Last update at 17:20 - 23/06/2023", "produce": 3.812, "consumption": 2.63, "ratioPc": "noData", "buyPrice": 0.149072, "sellPrice": 0.1, "batteryLevel": 95.28071160244716, "maxBatteryPerDay": 8.75, "batteryLevelPercentage": 0.4734445297016008, "maxAtThisDay": 201.25, "ratioPC": 1.182}