{"bought": 158.6, "sold": 247.25, "Time_string": "Last update at 17:13 - 16/09/2024", "produce": 3.351, "consumption": 7.193, "ratioPC": -3.5800000000000005, "maxBatteryPerDay": 8.75, "maxAtThisDay": 100, "batteryLevelPercentage": 0.07259450466888495, "buyPrice": 0.149072, "sellPrice": 0.1, "batteryLevel": 7.259450466888495, "maxBatteryForMonth": 100, "Temperature": 33.8, "ratioPc": "noData"}