{"bought": 215.52, "sold": 192.21, "Time_string": "Last update at 15:09 - 27/12/2023", "produce": 3.973, "consumption": 0.219, "ratioPC": 3.9000000000000004, "maxBatteryPerDay": 8.75, "maxAtThisDay": 100, "batteryLevelPercentage": -0.8658230546313191, "buyPrice": 0.149072, "sellPrice": 0.1, "batteryLevel": -86.58230546313192, "maxBatteryForMonth": 100, "Temperature": 15.2, "ratioPc": "noData"}