{"bought": 83.88, "sold": 120.72, "Time_string": "Last update at 15:32 - 08/10/2024", "produce": 2.542, "consumption": 0.397, "ratioPC": 1.132, "maxBatteryPerDay": 8.75, "maxAtThisDay": 70.0, "batteryLevelPercentage": -0.04141425044848879, "buyPrice": 0.149072, "sellPrice": 0.1, "batteryLevel": -2.8989975313942153, "maxBatteryForMonth": 100, "Temperature": 24.5, "ratioPc": "noData"}