{"bought": 325.12, "sold": 386.81, "Time_string": "Last update at 17:50 - 31/07/2023", "produce": 3.547, "consumption": 2.006, "ratioPC": 1.5410000000000004, "maxBatteryPerDay": 8.75, "maxAtThisDay": 10, "batteryLevelPercentage": -6.564135880648275, "buyPrice": 0.149072, "sellPrice": 0.1, "batteryLevel": -65.64135880648274, "maxBatteryForMonth": 10, "Temperature": "37.5"}