{"bought": 294.47, "sold": 361.59, "Time_string": "Last update at 15:41 - 26/09/2024", "produce": 5.482, "consumption": 0.0, "ratioPC": 4.952, "maxBatteryPerDay": 8.75, "maxAtThisDay": 100, "batteryLevelPercentage": -0.5190935816249871, "buyPrice": 0.149072, "sellPrice": 0.1, "batteryLevel": -51.909358162498705, "maxBatteryForMonth": 100, "Temperature": 27.3, "ratioPc": "noData"}