{"bought": 154.9, "sold": 165.34, "Time_string": "Last update at 15:19 - 15/07/2023", "produce": 4.759, "consumption": 4.807, "buyPrice": 0.149072, "sellPrice": 0.1, "batteryLevel": -43.98715251690457, "maxBatteryPerDay": 8.75, "batteryLevelPercentage": -4.398715251690457, "maxAtThisDay": 10, "ratioPC": -0.04800000000000004, "maxBatteryForMonth": 10, "ratioPc": "noData"}