{"bought": 272.64, "sold": 37.13, "Time_string": "Last update at 14:33 - 13/08/2024", "produce": 4.975, "consumption": 2.954, "ratioPC": 1.4860000000000002, "maxBatteryPerDay": 8.75, "maxAtThisDay": 100, "batteryLevelPercentage": -2.4773257271653963, "buyPrice": 0.149072, "sellPrice": 0.1, "batteryLevel": -247.73257271653964, "maxBatteryForMonth": 100, "Temperature": 32.5, "ratioPc": "noData"}