{"bought": 147.31, "sold": 160.82, "Time_string": "Last update at 20:51 - 14/07/2023", "produce": 0.107, "consumption": 2.555, "buyPrice": 0.149072, "sellPrice": 0.1, "batteryLevel": -39.429244391971665, "maxBatteryPerDay": 8.75, "batteryLevelPercentage": -3.9429244391971663, "maxAtThisDay": 10, "ratioPC": -2.448, "maxBatteryForMonth": 10, "ratioPc": "noData"}