{"bought": 247.65, "sold": 361.82, "Time_string": "Last update at 20:00 - 21/06/2024", "produce": 0.982, "consumption": 0.137, "ratioPC": 1.078, "maxBatteryPerDay": 8.75, "maxAtThisDay": 100, "batteryLevelPercentage": -0.0493507030159924, "buyPrice": 0.149072, "sellPrice": 0.1, "batteryLevel": -4.935070301599239, "maxBatteryForMonth": 100, "Temperature": 31.0, "ratioPc": "noData"}