{"bought": 38.38, "sold": 141.52, "Time_string": "Last update at 14:57 - 10/11/2023", "produce": 3.676, "consumption": 0.416, "ratioPC": 3.2600000000000002, "maxBatteryPerDay": 8.75, "maxAtThisDay": 10, "batteryLevelPercentage": 5.6553991628206495, "buyPrice": 0.149072, "sellPrice": 0.1, "batteryLevel": 56.5539916282065, "maxBatteryForMonth": 10, "Temperature": 19.9, "ratioPc": "noData"}