{"bought": 237.48, "sold": 201.94, "Time_string": "Last update at 16:39 - 29/12/2023", "produce": 0.325, "consumption": 0.443, "ratioPC": -0.7829999999999999, "maxBatteryPerDay": 8.75, "maxAtThisDay": 100, "batteryLevelPercentage": -1.0201525813029944, "buyPrice": 0.149072, "sellPrice": 0.1, "batteryLevel": -102.01525813029943, "maxBatteryForMonth": 100, "Temperature": 14.3, "ratioPc": "noData"}