{"bought": 277.9, "sold": 689.93, "Time_string": "Last update at 19:51 - 29/05/2024", "produce": 1.061, "consumption": 1.064, "ratioPC": 0.008000000000000007, "maxBatteryPerDay": 8.75, "maxAtThisDay": 100, "batteryLevelPercentage": 1.8491662552323702, "buyPrice": 0.149072, "sellPrice": 0.1, "batteryLevel": 184.91662552323703, "maxBatteryForMonth": 100, "Temperature": 33.3, "ratioPc": "noData"}