{"bought": 231.46, "sold": 198.08, "Time_string": "Last update at 16:34 - 21/08/2023", "produce": 4.156, "consumption": 3.629, "ratioPC": 0.5269999999999997, "maxBatteryPerDay": 8.75, "maxAtThisDay": 10, "batteryLevelPercentage": -9.858461092626381, "buyPrice": 0.149072, "sellPrice": 0.1, "batteryLevel": -98.58461092626382, "maxBatteryForMonth": 10, "Temperature": 41.6, "ratioPc": "noData"}