{"bought": 188.73, "sold": 109.93, "Time_string": "Last update at 17:41 - 20/01/2024", "produce": 0.959, "consumption": 0.305, "ratioPC": 1.025, "maxBatteryPerDay": 8.75, "maxAtThisDay": 100, "batteryLevelPercentage": -1.1498711065793707, "buyPrice": 0.149072, "sellPrice": 0.1, "batteryLevel": -114.98711065793708, "maxBatteryForMonth": 100, "Temperature": 12.3, "ratioPc": "noData"}