{"bought": 224.79, "sold": 308.71, "Time_string": "Last update at 21:16 - 21/09/2024", "produce": 0.0, "consumption": 0.329, "ratioPC": -0.336, "maxBatteryPerDay": 8.75, "maxAtThisDay": 100, "batteryLevelPercentage": -0.17702149833637462, "buyPrice": 0.149072, "sellPrice": 0.1, "batteryLevel": -17.702149833637463, "maxBatteryForMonth": 100, "Temperature": 20.7, "ratioPc": "noData"}