{"bought": 144.1, "sold": 373.05, "Time_string": "Last update at 16:43 - 26/10/2023", "produce": 0.535, "consumption": 0.292, "ratioPC": 0.24300000000000005, "maxBatteryPerDay": 8.75, "maxAtThisDay": 10, "batteryLevelPercentage": 10.614820221101212, "buyPrice": 0.149072, "sellPrice": 0.1, "batteryLevel": 106.14820221101212, "maxBatteryForMonth": 10, "Temperature": 22.3, "ratioPc": "noData"}