{"bought": 262.85, "sold": 364.28, "Time_string": "Last update at 17:39 - 22/06/2024", "produce": 3.614, "consumption": 3.142, "ratioPC": 0.6549999999999998, "maxBatteryPerDay": 8.75, "maxAtThisDay": 100, "batteryLevelPercentage": -0.18484861006761888, "buyPrice": 0.149072, "sellPrice": 0.1, "batteryLevel": -18.48486100676189, "maxBatteryForMonth": 100, "Temperature": 36.0, "ratioPc": "noData"}