{"bought": 181.85, "sold": 142.58, "Time_string": "Last update at 13:29 - 17/08/2023", "produce": 4.432, "consumption": 1.281, "ratioPC": 3.1510000000000007, "maxBatteryPerDay": 8.75, "maxAtThisDay": 10, "batteryLevelPercentage": -8.620494257808307, "buyPrice": 0.149072, "sellPrice": 0.1, "batteryLevel": -86.20494257808306, "maxBatteryForMonth": 10, "Temperature": 31.4, "ratioPc": "noData"}