{"bought": 209.92, "sold": 195.6, "Time_string": "Last update at 19:33 - 20/08/2023", "produce": 0.81, "consumption": 4.156, "ratioPC": -3.3459999999999996, "maxBatteryPerDay": 8.75, "maxAtThisDay": 10, "batteryLevelPercentage": -7.870823655683156, "buyPrice": 0.149072, "sellPrice": 0.1, "batteryLevel": -78.70823655683157, "maxBatteryForMonth": 10, "Temperature": 38.9, "ratioPc": "noData"}