{"bought": 249.22, "sold": 398.58, "Time_string": "Last update at 09:23 - 30/06/2023", "produce": 0.535, "consumption": 0.258, "buyPrice": 0.149072, "sellPrice": 0.1, "batteryLevel": 18.154154770848976, "maxBatteryPerDay": 8.75, "batteryLevelPercentage": 0.18154154770848976, "maxAtThisDay": 100, "ratioPC": 0.277, "maxBatteryForMonth": 100, "ratioPc": "noData"}