{"bought": 122.63, "sold": 260.23, "Time_string": "Last update at 14:30 - 16/06/2024", "produce": 4.506, "consumption": 1.051, "ratioPC": 3.518, "maxBatteryPerDay": 8.75, "maxAtThisDay": 100, "batteryLevelPercentage": 0.5193665235590856, "buyPrice": 0.149072, "sellPrice": 0.1, "batteryLevel": 51.93665235590856, "maxBatteryForMonth": 100, "Temperature": 29.5, "ratioPc": "noData"}