{"bought": 173.19, "sold": 299.37, "Time_string": "Last update at 05:35 - 19/06/2024", "produce": 0.0, "consumption": 0.231, "ratioPC": -0.159, "maxBatteryPerDay": 8.75, "maxAtThisDay": 100, "batteryLevelPercentage": 0.27632421380272604, "buyPrice": 0.149072, "sellPrice": 0.1, "batteryLevel": 27.632421380272604, "maxBatteryForMonth": 100, "Temperature": 13.4, "ratioPc": "noData"}