{"bought": 227.49, "sold": 379.0, "Time_string": "Last update at 22:19 - 27/06/2023", "produce": 0.0, "consumption": 0.309, "buyPrice": 0.149072, "sellPrice": 0.1, "batteryLevel": 26.74956209080173, "maxBatteryPerDay": 8.75, "batteryLevelPercentage": 0.2674956209080173, "maxAtThisDay": 100, "ratioPC": -0.309, "maxBatteryForMonth": 100, "ratioPc": "noData"}