{"bought": 275.75, "sold": 674.64, "Time_string": "Last update at 06:35 - 29/05/2024", "produce": 0.0, "consumption": 0.286, "ratioPC": -0.179, "maxBatteryPerDay": 8.75, "maxAtThisDay": 100, "batteryLevelPercentage": 1.7680983685735747, "buyPrice": 0.149072, "sellPrice": 0.1, "batteryLevel": 176.80983685735748, "maxBatteryForMonth": 100, "Temperature": 16.0, "ratioPc": "noData"}