{"bought": 240.01, "sold": 307.36, "Time_string": "Last update at 18:19 - 23/10/2024", "produce": 0.361, "consumption": 5.168, "ratioPC": -4.73, "maxBatteryPerDay": 8.75, "maxAtThisDay": 100, "batteryLevelPercentage": -0.33827752495438435, "buyPrice": 0.149072, "sellPrice": 0.1, "batteryLevel": -33.82775249543843, "maxBatteryForMonth": 100, "Temperature": 24.7, "ratioPc": "noData"}