{"bought": 233.59, "sold": 384.83, "Time_string": "Last update at 16:24 - 28/06/2023", "produce": 3.508, "consumption": 4.097, "buyPrice": 0.149072, "sellPrice": 0.1, "batteryLevel": 24.560423956209064, "maxBatteryPerDay": 8.75, "batteryLevelPercentage": 0.24560423956209065, "maxAtThisDay": 100, "ratioPC": -0.5890000000000004, "maxBatteryForMonth": 100, "ratioPc": "noData"}