{"bought": 511.16, "sold": 84.16, "Time_string": "Last update at 19:14 - 23/08/2024", "produce": 2.089, "consumption": 3.061, "ratioPC": -0.7730000000000001, "maxBatteryPerDay": 8.75, "maxAtThisDay": 100, "batteryLevelPercentage": -4.547040592465386, "buyPrice": 0.149072, "sellPrice": 0.1, "batteryLevel": -454.70405924653863, "maxBatteryForMonth": 100, "Temperature": 33.8, "ratioPc": "noData"}