{"bought": 230.72, "sold": 341.23, "Time_string": "Last update at 17:54 - 20/06/2024", "produce": 1.424, "consumption": 0.168, "ratioPC": 3.601, "maxBatteryPerDay": 8.75, "maxAtThisDay": 100, "batteryLevelPercentage": -0.01817187936030905, "buyPrice": 0.149072, "sellPrice": 0.1, "batteryLevel": -1.817187936030905, "maxBatteryForMonth": 100, "Temperature": 24.9, "ratioPc": "noData"}