{"bought": 124.37, "sold": 65.39, "Time_string": "Last update at 18:28 - 12/01/2024", "produce": 0.032, "consumption": 0.305, "ratioPC": -0.08800000000000001, "maxBatteryPerDay": 8.75, "maxAtThisDay": 100, "batteryLevelPercentage": -0.8050529032950522, "buyPrice": 0.149072, "sellPrice": 0.1, "batteryLevel": -80.50529032950521, "maxBatteryForMonth": 100, "Temperature": 13.5, "ratioPc": "noData"}