{"bought": 131.44, "sold": 316.89, "Time_string": "Last update at 05:27 - 21/06/2023", "produce": 0.0, "consumption": 0.124, "ratioPc": "noData", "buyPrice": 0.149072, "sellPrice": 0.1, "batteryLevel": 81.13513148009014, "maxBatteryPerDay": 8.75, "batteryLevelPercentage": 0.4415517359460688, "maxAtThisDay": 183.75, "ratioPC": -0.124}