{"bought": 184.12, "sold": 173.31, "Time_string": "Last update at 13:28 - 25/12/2023", "produce": 4.312, "consumption": 5.066, "ratioPC": -0.03699999999999992, "maxBatteryPerDay": 8.75, "maxAtThisDay": 100, "batteryLevelPercentage": -0.6786074272834606, "buyPrice": 0.149072, "sellPrice": 0.1, "batteryLevel": -67.86074272834605, "maxBatteryForMonth": 100, "Temperature": 10.9, "ratioPc": "noData"}