{"bought": 72.1, "sold": 130.36, "Time_string": "Last update at 16:02 - 09/07/2023", "produce": 0, "consumption": 0, "buyPrice": 0.149072, "sellPrice": 0.1, "batteryLevel": 15.347676290651506, "maxBatteryPerDay": 8.75, "batteryLevelPercentage": 1.5347676290651506, "maxAtThisDay": 10, "ratioPC": -1.3259999999999996, "maxBatteryForMonth": 10, "ratioPc": "noData"}