{"bought": 81.21, "sold": 131.86, "Time_string": "Last update at 11:35 - 10/07/2023", "produce": 2.773, "consumption": 1.837, "buyPrice": 0.149072, "sellPrice": 0.1, "batteryLevel": 7.2439014704304014, "maxBatteryPerDay": 8.75, "batteryLevelPercentage": 0.7243901470430402, "maxAtThisDay": 10, "ratioPC": 0.9360000000000002, "maxBatteryForMonth": 10, "ratioPc": "noData"}