{"bought": 57.6, "sold": 102.61, "Time_string": "Last update at 16:12 - 07/07/2023", "produce": 4.765, "consumption": 1.352, "buyPrice": 0.149072, "sellPrice": 0.1, "batteryLevel": 11.232510464741871, "maxBatteryPerDay": 8.75, "batteryLevelPercentage": 1.1232510464741872, "maxAtThisDay": 10, "ratioPC": 3.4129999999999994, "maxBatteryForMonth": 10, "ratioPc": "noData"}