{"bought": 38.75, "sold": 148.66, "Time_string": "Last update at 18:47 - 09/09/2023", "produce": 2.232, "consumption": 0.365, "ratioPC": 1.8670000000000002, "maxBatteryPerDay": 8.75, "maxAtThisDay": 10, "batteryLevelPercentage": 6.097362348395405, "buyPrice": 0.149072, "sellPrice": 0.1, "batteryLevel": 60.97362348395406, "maxBatteryForMonth": 10, "Temperature": 27.2, "ratioPc": "noData"}