{"bought": 272.71, "sold": 38.08, "Time_string": "Last update at 15:41 - 13/08/2024", "produce": 4.952, "consumption": 2.986, "ratioPC": 0.6040000000000001, "maxBatteryPerDay": 8.75, "maxAtThisDay": 100, "batteryLevelPercentage": -2.4716529676934633, "buyPrice": 0.149072, "sellPrice": 0.1, "batteryLevel": -247.16529676934633, "maxBatteryForMonth": 100, "Temperature": 33.7, "ratioPc": "noData"}