{"bought": 160.08, "sold": 149.04, "Time_string": "Last update at 17:21 - 22/12/2023", "produce": 0.86, "consumption": 0.272, "ratioPC": 0.876, "maxBatteryPerDay": 8.75, "maxAtThisDay": 100, "batteryLevelPercentage": -0.6010146613716865, "buyPrice": 0.149072, "sellPrice": 0.1, "batteryLevel": -60.10146613716864, "maxBatteryForMonth": 100, "Temperature": 15.3, "ratioPc": "noData"}