{"bought": 63.67, "sold": 239.0, "Time_string": "Last update at 17:36 - 14/06/2023", "produce": 3.75, "consumption": 1.544, "ratioPc": null, "buyPrice": 0.149072, "sellPrice": 0.1, "batteryLevel": 96.65521197810453, "maxBatteryPerDay": 8.75, "batteryLevelPercentage": 0.7890221385967717, "maxAtThisDay": 122.5, "ratioPC": 2.206}