{"bought": 175.91, "sold": 97.0, "Time_string": "Last update at 12:18 - 19/01/2024", "produce": 1.42, "consumption": 2.35, "ratioPC": 0.11100000000000002, "maxBatteryPerDay": 8.75, "maxAtThisDay": 100, "batteryLevelPercentage": -1.108407717076312, "buyPrice": 0.149072, "sellPrice": 0.1, "batteryLevel": -110.8407717076312, "maxBatteryForMonth": 100, "Temperature": 15.3, "ratioPc": "noData"}