{"bought": 201.25, "sold": 120.16, "Time_string": "Last update at 16:31 - 21/01/2024", "produce": 2.302, "consumption": 5.493, "ratioPC": -3.0440000000000005, "maxBatteryPerDay": 8.75, "maxAtThisDay": 100, "batteryLevelPercentage": -1.2064465493184502, "buyPrice": 0.149072, "sellPrice": 0.1, "batteryLevel": -120.64465493184503, "maxBatteryForMonth": 100, "Temperature": 17.0, "ratioPc": "noData"}