{"bought": 321.15, "sold": 334.54, "Time_string": "Last update at 09:55 - 27/10/2024", "produce": 1.798, "consumption": 0.151, "ratioPC": 0.3859999999999999, "maxBatteryPerDay": 8.75, "maxAtThisDay": 100, "batteryLevelPercentage": -0.967349522378448, "buyPrice": 0.149072, "sellPrice": 0.1, "batteryLevel": -96.7349522378448, "maxBatteryForMonth": 100, "Temperature": 12.9, "ratioPc": "noData"}