{"bought": 122.91, "sold": 59.12, "Time_string": "Last update at 12:22 - 12/01/2024", "produce": 4.015, "consumption": 3.102, "ratioPC": 0.6819999999999999, "maxBatteryPerDay": 8.75, "maxAtThisDay": 100, "batteryLevelPercentage": -0.8325131158098099, "buyPrice": 0.149072, "sellPrice": 0.1, "batteryLevel": -83.251311580981, "maxBatteryForMonth": 100, "Temperature": 12.7, "ratioPc": "noData"}