{"bought": 194.23, "sold": 175.15, "Time_string": "Last update at 10:19 - 26/12/2023", "produce": 1.582, "consumption": 2.309, "ratioPC": 1.126, "maxBatteryPerDay": 8.75, "maxAtThisDay": 100, "batteryLevelPercentage": -0.7673643984115058, "buyPrice": 0.149072, "sellPrice": 0.1, "batteryLevel": -76.73643984115058, "maxBatteryForMonth": 100, "Temperature": 4.6, "ratioPc": "noData"}