{"bought": 88.66, "sold": 132.92, "Time_string": "Last update at 04:27 - 10/10/2024", "produce": 0.0, "consumption": 0.129, "ratioPC": -0.128, "maxBatteryPerDay": 8.75, "maxAtThisDay": 87.5, "batteryLevelPercentage": 0.005771054447323617, "buyPrice": 0.149072, "sellPrice": 0.1, "batteryLevel": 0.5049672641408165, "maxBatteryForMonth": 100, "Temperature": 15.0, "ratioPc": "noData"}