{"bought": 126.75, "sold": 289.21, "Time_string": "Last update at 17:50 - 17/06/2024", "produce": 3.732, "consumption": 7.799, "ratioPC": 2.074, "maxBatteryPerDay": 8.75, "maxAtThisDay": 100, "batteryLevelPercentage": 0.6725692282923685, "buyPrice": 0.149072, "sellPrice": 0.1, "batteryLevel": 67.25692282923686, "maxBatteryForMonth": 100, "Temperature": 31.3, "ratioPc": "noData"}