{"bought": 24.12, "sold": 80.54, "Time_string": "Last update at 20:24 - 05/09/2023", "produce": 0.072, "consumption": 0.352, "ratioPC": -0.27999999999999997, "maxBatteryPerDay": 8.75, "maxAtThisDay": 10, "batteryLevelPercentage": 2.9907583986261668, "buyPrice": 0.149072, "sellPrice": 0.1, "batteryLevel": 29.907583986261667, "maxBatteryForMonth": 10, "Temperature": 25.2, "ratioPc": "noData"}