{"bought": 122.29, "sold": 215.75, "Time_string": "Last update at 06:53 - 14/09/2024", "produce": 0.0, "consumption": 0.192, "ratioPC": -0.222, "maxBatteryPerDay": 8.75, "maxAtThisDay": 100, "batteryLevelPercentage": 0.22438721691531627, "buyPrice": 0.149072, "sellPrice": 0.1, "batteryLevel": 22.438721691531626, "maxBatteryForMonth": 100, "Temperature": 20.1, "ratioPc": "noData"}