{"bought": 7.48, "sold": 27.89, "Time_string": "Last update at 16:46 - 02/09/2023", "produce": 0.991, "consumption": 0.409, "ratioPC": 0.5820000000000001, "maxBatteryPerDay": 8.75, "maxAtThisDay": 10, "batteryLevelPercentage": 1.1229080176022326, "buyPrice": 0.149072, "sellPrice": 0.1, "batteryLevel": 11.229080176022325, "maxBatteryForMonth": 10, "Temperature": 25.2, "ratioPc": "noData"}