{"bought": 11.12, "sold": 24.88, "Time_string": "Last update at 18:15 - 02/07/2023", "produce": 2.966, "consumption": 3.174, "buyPrice": 0.149072, "sellPrice": 0.1, "batteryLevel": 5.569921648599335, "maxBatteryPerDay": 8.75, "batteryLevelPercentage": 0.5569921648599335, "maxAtThisDay": 10, "ratioPC": -0.20799999999999974, "maxBatteryForMonth": 10, "ratioPc": "noData"}