{"bought": 147.44, "sold": 331.33, "Time_string": "Last update at 15:33 - 15/05/2024", "produce": 5.171, "consumption": 0.302, "ratioPC": 5.071, "maxBatteryPerDay": 8.75, "maxAtThisDay": 100, "batteryLevelPercentage": 0.7482172587742835, "buyPrice": 0.149072, "sellPrice": 0.1, "batteryLevel": 74.82172587742835, "maxBatteryForMonth": 100, "Temperature": 23.6, "ratioPc": "noData"}