{"bought": 289.63, "sold": 692.55, "Time_string": "Last update at 16:22 - 30/05/2024", "produce": 4.333, "consumption": 3.482, "ratioPC": 0.8060000000000005, "maxBatteryPerDay": 8.75, "maxAtThisDay": 100, "batteryLevelPercentage": 1.7494416550391754, "buyPrice": 0.149072, "sellPrice": 0.1, "batteryLevel": 174.94416550391753, "maxBatteryForMonth": 100, "Temperature": 36.4, "ratioPc": "noData"}