{"bought": 228.21, "sold": 609.69, "Time_string": "Last update at 12:42 - 26/05/2024", "produce": 3.947, "consumption": 7.799, "ratioPC": -3.9729999999999994, "maxBatteryPerDay": 8.75, "maxAtThisDay": 100, "batteryLevelPercentage": 1.807802865729312, "buyPrice": 0.149072, "sellPrice": 0.1, "batteryLevel": 180.7802865729312, "maxBatteryForMonth": 100, "Temperature": 29.4, "ratioPc": "noData"}