{"bought": 1.83, "sold": 7.84, "Time_string": "Last update at 15:55 - 01/07/2023", "produce": 4.48, "consumption": 3.322, "buyPrice": 0.149072, "sellPrice": 0.1, "batteryLevel": 3.4292036063110443, "maxBatteryPerDay": 8.75, "batteryLevelPercentage": 0.39190898357840503, "maxAtThisDay": 8.75, "ratioPC": 1.1580000000000004, "maxBatteryForMonth": 100, "ratioPc": "noData"}