{"bought": 296.38, "sold": 698.5, "Time_string": "Last update at 15:29 - 31/05/2024", "produce": 4.71, "consumption": 3.178, "ratioPC": 1.5040000000000004, "maxBatteryPerDay": 8.75, "maxAtThisDay": 100, "batteryLevelPercentage": 1.7218552538370722, "buyPrice": 0.149072, "sellPrice": 0.1, "batteryLevel": 172.18552538370722, "maxBatteryForMonth": 100, "Temperature": 36.5, "ratioPc": "noData"}