{"bought": 116.06, "sold": 212.2, "Time_string": "Last update at 13:20 - 14/06/2024", "produce": 4.334, "consumption": 0.233, "ratioPC": 3.242, "maxBatteryPerDay": 8.75, "maxAtThisDay": 100, "batteryLevelPercentage": 0.26287322099388205, "buyPrice": 0.149072, "sellPrice": 0.1, "batteryLevel": 26.287322099388206, "maxBatteryForMonth": 100, "Temperature": 30.7, "ratioPc": "noData"}