{"bought": 179.23, "sold": 215.57, "Time_string": "Last update at 09:38 - 17/11/2024", "produce": 0.278, "consumption": 0.19, "ratioPC": 0.351, "maxBatteryPerDay": 8.75, "maxAtThisDay": 100, "batteryLevelPercentage": -0.3462202533004185, "buyPrice": 0.149072, "sellPrice": 0.1, "batteryLevel": -34.62202533004185, "maxBatteryForMonth": 100, "Temperature": 17.6, "ratioPc": "noData"}