{"bought": 9.46, "sold": 11.27, "Time_string": "Last update at 11:04 - 02/08/2023", "produce": 2.284, "consumption": 0.911, "ratioPC": 1.3729999999999998, "maxBatteryPerDay": 8.75, "maxAtThisDay": 10, "batteryLevelPercentage": -0.18998948159278753, "buyPrice": 0.149072, "sellPrice": 0.1, "batteryLevel": -1.8998948159278752, "maxBatteryForMonth": 10, "Temperature": 28.2, "ratioPc": "noData"}