{"bought": 226.65, "sold": 285.49, "Time_string": "Last update at 16:20 - 22/10/2024", "produce": 4.034, "consumption": 0.292, "ratioPC": 3.6590000000000003, "maxBatteryPerDay": 8.75, "maxAtThisDay": 100, "batteryLevelPercentage": -0.35138515616614796, "buyPrice": 0.149072, "sellPrice": 0.1, "batteryLevel": -35.1385156166148, "maxBatteryForMonth": 100, "Temperature": 25.3, "ratioPc": "noData"}