{"bought": 175.24, "sold": 209.42, "Time_string": "Last update at 12:57 - 16/11/2024", "produce": 4.346, "consumption": 2.467, "ratioPC": -0.16699999999999982, "maxBatteryPerDay": 8.75, "maxAtThisDay": 100, "batteryLevelPercentage": -0.3475754856713536, "buyPrice": 0.149072, "sellPrice": 0.1, "batteryLevel": -34.75754856713536, "maxBatteryForMonth": 100, "Temperature": 21.9, "ratioPc": "noData"}