{"bought": 55.83, "sold": 228.46, "Time_string": "Last update at 12:38 - 15/11/2023", "produce": 4.427, "consumption": 1.974, "ratioPC": 2.4529999999999994, "maxBatteryPerDay": 8.75, "maxAtThisDay": 10, "batteryLevelPercentage": 9.74248030481915, "buyPrice": 0.149072, "sellPrice": 0.1, "batteryLevel": 97.42480304819149, "maxBatteryForMonth": 10, "Temperature": 21.9, "ratioPc": "noData"}