{"bought": 215.04, "sold": 200.98, "Time_string": "Last update at 10:28 - 20/07/2023", "produce": 1.556, "consumption": 1.008, "buyPrice": 0.149072, "sellPrice": 0.1, "batteryLevel": -80.21924224535795, "maxBatteryPerDay": 8.75, "batteryLevelPercentage": -8.021924224535795, "maxAtThisDay": 10, "ratioPC": 0.548, "maxBatteryForMonth": 10, "ratioPc": "noData"}