{"bought": 361.44, "sold": 236.33, "Time_string": "Last update at 10:07 - 28/08/2023", "produce": 1.112, "consumption": 1.058, "ratioPC": 0.05400000000000005, "maxBatteryPerDay": 8.75, "maxAtThisDay": 10, "batteryLevelPercentage": -20.290586884190187, "buyPrice": 0.149072, "sellPrice": 0.1, "batteryLevel": -202.90586884190188, "maxBatteryForMonth": 10, "Temperature": 25.3, "ratioPc": "noData"}