{"bought": 181.95, "sold": 368.97, "Time_string": "Last update at 14:38 - 25/06/2023", "produce": 4.523, "consumption": 3.454, "ratioPc": "noData", "buyPrice": 0.149072, "sellPrice": 0.1, "batteryLevel": 65.56126972201355, "maxBatteryPerDay": 8.75, "batteryLevelPercentage": 0.2997086615863476, "maxAtThisDay": 218.75, "ratioPC": 1.0689999999999995}