{"bought": 187.15, "sold": 191.11, "Time_string": "Last update at 13:13 - 18/07/2023", "produce": 3.883, "consumption": 3.444, "buyPrice": 0.149072, "sellPrice": 0.1, "batteryLevel": -58.950203928303125, "maxBatteryPerDay": 8.75, "batteryLevelPercentage": -5.895020392830313, "maxAtThisDay": 10, "ratioPC": 0.43900000000000006, "maxBatteryForMonth": 10, "ratioPc": "noData"}