{"bought": 291.09, "sold": 692.84, "Time_string": "Last update at 18:26 - 30/05/2024", "produce": 2.716, "consumption": 4.93, "ratioPC": -1.8930000000000002, "maxBatteryPerDay": 8.75, "maxAtThisDay": 100, "batteryLevelPercentage": 1.7367870237200822, "buyPrice": 0.149072, "sellPrice": 0.1, "batteryLevel": 173.67870237200822, "maxBatteryForMonth": 100, "Temperature": 34.6, "ratioPc": "noData"}