{"bought": 101.86, "sold": 89.04, "Time_string": "Last update at 08:26 - 09/06/2024", "produce": 0.256, "consumption": 0.17, "ratioPC": 0.08000000000000002, "maxBatteryPerDay": 8.75, "maxAtThisDay": 78.75, "batteryLevelPercentage": -0.5349901375025341, "buyPrice": 0.149072, "sellPrice": 0.1, "batteryLevel": -42.13047332832456, "maxBatteryForMonth": 100, "Temperature": 16.9, "ratioPc": "noData"}