{"bought": 33.54, "sold": 53.57, "Time_string": "Last update at 12:05 - 05/09/2024", "produce": 3.534, "consumption": 6.333, "ratioPC": -2.124, "maxBatteryPerDay": 8.75, "maxAtThisDay": 43.75, "batteryLevelPercentage": 0.054757834373418746, "buyPrice": 0.149072, "sellPrice": 0.1, "batteryLevel": 2.39565525383707, "maxBatteryForMonth": 100, "Temperature": 27.2, "ratioPc": "noData"}