{"bought": 121.18, "sold": 137.96, "Time_string": "Last update at 12:26 - 11/11/2024", "produce": 4.382, "consumption": 1.384, "ratioPC": 3.0090000000000003, "maxBatteryPerDay": 8.75, "maxAtThisDay": 96.25, "batteryLevelPercentage": -0.29749731046028144, "buyPrice": 0.149072, "sellPrice": 0.1, "batteryLevel": -28.634116131802088, "maxBatteryForMonth": 100, "Temperature": 20.4, "ratioPc": "noData"}