{"bought": 27.0, "sold": 101.73, "Time_string": "Last update at 16:44 - 07/11/2023", "produce": 1.728, "consumption": 0.247, "ratioPC": 1.4809999999999999, "maxBatteryPerDay": 8.75, "maxAtThisDay": 10, "batteryLevelPercentage": 4.124219169260492, "buyPrice": 0.149072, "sellPrice": 0.1, "batteryLevel": 41.24219169260492, "maxBatteryForMonth": 10, "Temperature": 17.3, "ratioPc": "noData"}