{"bought": 308.96, "sold": 48.51, "Time_string": "Last update at 13:28 - 15/08/2024", "produce": 4.255, "consumption": 8.501, "ratioPC": -1.8710000000000004, "maxBatteryPerDay": 8.75, "maxAtThisDay": 100, "batteryLevelPercentage": -2.764186776859504, "buyPrice": 0.149072, "sellPrice": 0.1, "batteryLevel": -276.4186776859504, "maxBatteryForMonth": 100, "Temperature": 32.9, "ratioPc": "noData"}