{"bought": 217.06, "sold": 249.27, "Time_string": "Last update at 15:18 - 21/07/2023", "produce": 4.5902, "consumption": 0.181, "buyPrice": 0.149072, "sellPrice": 0.1, "batteryLevel": -49.84549962434258, "maxBatteryPerDay": 8.75, "batteryLevelPercentage": -4.984549962434258, "maxAtThisDay": 10, "ratioPC": 4.4092, "maxBatteryForMonth": 10, "ratioPc": "noData"}