{"bought": 214.99, "sold": 580.62, "Time_string": "Last update at 23:00 - 24/05/2024", "produce": 0.0, "consumption": 0.238, "ratioPC": -0.243, "maxBatteryPerDay": 8.75, "maxAtThisDay": 100, "batteryLevelPercentage": 1.7449964258881614, "buyPrice": 0.149072, "sellPrice": 0.1, "batteryLevel": 174.49964258881613, "maxBatteryForMonth": 100, "Temperature": 21.0, "ratioPc": "noData"}