{"bought": 211.2, "sold": 277.53, "Time_string": "Last update at 13:56 - 19/09/2024", "produce": 1.058, "consumption": 0.887, "ratioPC": -0.15800000000000014, "maxBatteryPerDay": 8.75, "maxAtThisDay": 100, "batteryLevelPercentage": -0.25028217237308154, "buyPrice": 0.149072, "sellPrice": 0.1, "batteryLevel": -25.028217237308155, "maxBatteryForMonth": 100, "Temperature": 26.9, "ratioPc": "noData"}