{"bought": 266.72, "sold": 33.66, "Time_string": "Last update at 20:31 - 12/08/2024", "produce": 0.163, "consumption": 3.405, "ratioPC": -3.257, "maxBatteryPerDay": 8.75, "maxAtThisDay": 100, "batteryLevelPercentage": -2.4414030696576154, "buyPrice": 0.149072, "sellPrice": 0.1, "batteryLevel": -244.14030696576154, "maxBatteryForMonth": 100, "Temperature": 31.0, "ratioPc": "noData"}