{"bought": 105.71, "sold": 127.24, "Time_string": "Last update at 00:23 - 11/06/2024", "produce": 0.0, "consumption": 0.163, "ratioPC": -0.121, "maxBatteryPerDay": 8.75, "maxAtThisDay": 96.25, "batteryLevelPercentage": -0.21148334631988167, "buyPrice": 0.149072, "sellPrice": 0.1, "batteryLevel": -20.35527208328861, "maxBatteryForMonth": 100, "Temperature": 18.6, "ratioPc": "noData"}