{"bought": 41.16, "sold": 54.62, "Time_string": "Last update at 20:26 - 05/08/2023", "produce": 0.159, "consumption": 2.013, "ratioPC": -1.8539999999999999, "maxBatteryPerDay": 8.75, "maxAtThisDay": 10, "batteryLevelPercentage": -0.4519987120317701, "buyPrice": 0.149072, "sellPrice": 0.1, "batteryLevel": -4.519987120317701, "maxBatteryForMonth": 10, "Temperature": 36.7, "ratioPc": "noData"}