{"bought": 136.13, "sold": 185.47, "Time_string": "Last update at 04:06 - 14/11/2024", "produce": 0.0, "consumption": 0.225, "ratioPC": -0.155, "maxBatteryPerDay": 8.75, "maxAtThisDay": 100, "batteryLevelPercentage": -0.11713610604271764, "buyPrice": 0.149072, "sellPrice": 0.1, "batteryLevel": -11.713610604271764, "maxBatteryForMonth": 100, "Temperature": 11.0, "ratioPc": "noData"}