{"bought": 88.77, "sold": 265.0, "Time_string": "Last update at 16:46 - 17/10/2023", "produce": 0.443, "consumption": 0.204, "ratioPC": 0.23900000000000002, "maxBatteryPerDay": 8.75, "maxAtThisDay": 10, "batteryLevelPercentage": 8.899644842760544, "buyPrice": 0.149072, "sellPrice": 0.1, "batteryLevel": 88.99644842760544, "maxBatteryForMonth": 10, "Temperature": 24.8, "ratioPc": "noData"}