{"bought": 217.06, "sold": 250.54, "Time_string": "Last update at 15:33 - 21/07/2023", "produce": 4.86, "consumption": 0.181, "buyPrice": 0.149072, "sellPrice": 0.1, "batteryLevel": -48.99356230546314, "maxBatteryPerDay": 8.75, "batteryLevelPercentage": -4.8993562305463145, "maxAtThisDay": 10, "ratioPC": 4.679, "maxBatteryForMonth": 10, "ratioPc": "noData"}