{"bought": 83.98, "sold": 258.69, "Time_string": "Last update at 18:08 - 16/10/2023", "produce": 0.71, "consumption": 0.254, "ratioPC": 0.45599999999999996, "maxBatteryPerDay": 8.75, "maxAtThisDay": 10, "batteryLevelPercentage": 8.955359450466888, "buyPrice": 0.149072, "sellPrice": 0.1, "batteryLevel": 89.55359450466888, "maxBatteryForMonth": 10, "Temperature": 24.9, "ratioPc": "noData"}