{"bought": 519.98, "sold": 84.17, "Time_string": "Last update at 09:11 - 24/08/2024", "produce": 0.245, "consumption": 0.148, "ratioPC": 0.037000000000000005, "maxBatteryPerDay": 8.75, "maxAtThisDay": 100, "batteryLevelPercentage": -4.635173510786734, "buyPrice": 0.149072, "sellPrice": 0.1, "batteryLevel": -463.5173510786734, "maxBatteryForMonth": 100, "Temperature": 24.4, "ratioPc": "noData"}