{"bought": 115.15, "sold": 285.35, "Time_string": "Last update at 21:14 - 18/06/2023", "produce": 0.173, "consumption": 0.391, "ratioPc": "noData", "buyPrice": 0.149072, "sellPrice": 0.1, "batteryLevel": 76.2675700332725, "maxBatteryPerDay": 8.75, "batteryLevelPercentage": 0.4842385398937937, "maxAtThisDay": 157.5, "ratioPC": -0.21800000000000003}