{"bought": 209.83, "sold": 274.88, "Time_string": "Last update at 09:12 - 19/09/2024", "produce": 0.35, "consumption": 0.104, "ratioPC": 0.13400000000000004, "maxBatteryPerDay": 8.75, "maxAtThisDay": 100, "batteryLevelPercentage": -0.25435881721584225, "buyPrice": 0.149072, "sellPrice": 0.1, "batteryLevel": -25.435881721584224, "maxBatteryForMonth": 100, "Temperature": 19.4, "ratioPc": "noData"}