{"bought": 232.83, "sold": 252.09, "Time_string": "Last update at 09:50 - 22/07/2023", "produce": 0.526, "consumption": 0.355, "buyPrice": 0.149072, "sellPrice": 0.1, "batteryLevel": -63.723796286358265, "maxBatteryPerDay": 8.75, "batteryLevelPercentage": -6.3723796286358265, "maxAtThisDay": 10, "ratioPC": 0.17100000000000004, "maxBatteryForMonth": 10, "ratioPc": "noData"}