{"bought": 192.34, "sold": 470.79, "Time_string": "Last update at 21:33 - 20/05/2024", "produce": 0.017, "consumption": 0.27, "ratioPC": -0.14300000000000002, "maxBatteryPerDay": 8.75, "maxAtThisDay": 100, "batteryLevelPercentage": 1.2347383492540522, "buyPrice": 0.149072, "sellPrice": 0.1, "batteryLevel": 123.47383492540521, "maxBatteryForMonth": 100, "Temperature": 19.4, "ratioPc": "noData"}