{"bought": 86.44, "sold": 128.83, "Time_string": "Last update at 10:23 - 09/10/2024", "produce": 0.061, "consumption": 1.217, "ratioPC": 0.44200000000000006, "maxBatteryPerDay": 8.75, "maxAtThisDay": 78.75, "batteryLevelPercentage": -0.00023712244727567807, "buyPrice": 0.149072, "sellPrice": 0.1, "batteryLevel": -0.018673392722959647, "maxBatteryForMonth": 100, "Temperature": 20.4, "ratioPc": "noData"}