{"bought": 243.82, "sold": 392.04, "Time_string": "Last update at 15:39 - 29/06/2023", "produce": 4.624, "consumption": 4.276, "buyPrice": 0.149072, "sellPrice": 0.1, "batteryLevel": 19.167012987013038, "maxBatteryPerDay": 8.75, "batteryLevelPercentage": 0.19167012987013038, "maxAtThisDay": 100, "ratioPC": 0.34799999999999986, "maxBatteryForMonth": 100, "ratioPc": "noData"}