{"bought": 177.58, "sold": 136.75, "Time_string": "Last update at 20:41 - 16/08/2023", "produce": 0.078, "consumption": 0.243, "ratioPC": -0.16499999999999998, "maxBatteryPerDay": 8.75, "maxAtThisDay": 10, "batteryLevelPercentage": -8.58458044434904, "buyPrice": 0.149072, "sellPrice": 0.1, "batteryLevel": -85.84580444349041, "maxBatteryForMonth": 10, "Temperature": 30.6, "ratioPc": "noData"}