{"bought": 102.02, "sold": 96.96, "Time_string": "Last update at 14:46 - 09/06/2024", "produce": 3.515, "consumption": 2.333, "ratioPC": 1.46, "maxBatteryPerDay": 8.75, "maxAtThisDay": 78.75, "batteryLevelPercentage": -0.4695568810043427, "buyPrice": 0.149072, "sellPrice": 0.1, "batteryLevel": -36.977604379091986, "maxBatteryForMonth": 100, "Temperature": 23.2, "ratioPc": "noData"}