{"bought": 121.1, "sold": 215.75, "Time_string": "Last update at 22:45 - 13/09/2024", "produce": 0.0, "consumption": 1.256, "ratioPC": -1.288, "maxBatteryPerDay": 8.75, "maxAtThisDay": 100, "batteryLevelPercentage": 0.23628721691531637, "buyPrice": 0.149072, "sellPrice": 0.1, "batteryLevel": 23.628721691531638, "maxBatteryForMonth": 100, "Temperature": 25.5, "ratioPc": "noData"}