{"bought": 158.5, "sold": 424.21, "Time_string": "Last update at 17:33 - 29/10/2023", "produce": 0.334, "consumption": 0.344, "ratioPC": -0.009999999999999953, "maxBatteryPerDay": 8.75, "maxAtThisDay": 10, "batteryLevelPercentage": 12.606718900933776, "buyPrice": 0.149072, "sellPrice": 0.1, "batteryLevel": 126.06718900933777, "maxBatteryForMonth": 10, "Temperature": 19.5, "ratioPc": "noData"}