{"bought": 200.31, "sold": 373.91, "Time_string": "Last update at 15:41 - 26/06/2023", "produce": 4.545, "consumption": 3.416, "buyPrice": 0.149072, "sellPrice": 0.1, "batteryLevel": 50.515104647418724, "maxBatteryPerDay": 8.75, "batteryLevelPercentage": 0.5051510464741873, "maxAtThisDay": 100, "ratioPC": 1.129, "maxBatteryForMonth": 100}