{"bought": 64.92, "sold": 119.21, "Time_string": "Last update at 14:44 - 08/07/2023", "produce": 4.721, "consumption": 2.875, "buyPrice": 0.149072, "sellPrice": 0.1, "batteryLevel": 15.04806912096167, "maxBatteryPerDay": 8.75, "batteryLevelPercentage": 1.5048069120961671, "maxAtThisDay": 10, "ratioPC": 1.846, "maxBatteryForMonth": 10, "ratioPc": "noData"}