{"bought": 11.27, "sold": 18.71, "Time_string": "Last update at 18:55 - 02/08/2023", "produce": 2.451, "consumption": 2.566, "ratioPC": -0.11499999999999977, "maxBatteryPerDay": 8.75, "maxAtThisDay": 10, "batteryLevelPercentage": 0.12809820757754659, "buyPrice": 0.149072, "sellPrice": 0.1, "batteryLevel": 1.2809820757754657, "maxBatteryForMonth": 10, "Temperature": 38.0, "ratioPc": "noData"}