{"bought": 110.71, "sold": 270.14, "Time_string": "Last update at 12:41 - 18/06/2023", "produce": 4.024, "consumption": 2.359, "ratioPc": null, "buyPrice": 0.149072, "sellPrice": 0.1, "batteryLevel": 70.50444671031447, "maxBatteryPerDay": 8.75, "batteryLevelPercentage": 0.4476472807004093, "maxAtThisDay": 157.5, "ratioPC": 1.665}