{"bought": 383.81, "sold": 293.83, "Time_string": "Last update at 13:54 - 31/08/2023", "produce": 4.479, "consumption": 1.766, "ratioPC": 2.713, "maxBatteryPerDay": 8.75, "maxAtThisDay": 10, "batteryLevelPercentage": -18.670390361704413, "buyPrice": 0.149072, "sellPrice": 0.1, "batteryLevel": -186.70390361704415, "maxBatteryForMonth": 10, "Temperature": 31.8, "ratioPc": "noData"}