{"bought": 114.29, "sold": 119.36, "Time_string": "Last update at 12:33 - 17/12/2023", "produce": 4.229, "consumption": 4.2, "ratioPC": -0.020999999999999908, "maxBatteryPerDay": 8.75, "maxAtThisDay": 100, "batteryLevelPercentage": -0.3422130836106044, "buyPrice": 0.149072, "sellPrice": 0.1, "batteryLevel": -34.22130836106044, "maxBatteryForMonth": 100, "Temperature": 13.1, "ratioPc": "noData"}