{"bought": 127.36, "sold": 138.42, "Time_string": "Last update at 03:12 - 11/10/2024", "produce": 0.0, "consumption": 0.131, "ratioPC": -0.162, "maxBatteryPerDay": 8.75, "maxAtThisDay": 96.25, "batteryLevelPercentage": -0.35849912114289073, "buyPrice": 0.149072, "sellPrice": 0.1, "batteryLevel": -34.505540410003235, "maxBatteryForMonth": 100, "Temperature": 15.8, "ratioPc": "noData"}