{"bought": 127.33, "sold": 138.42, "Time_string": "Last update at 03:05 - 11/10/2024", "produce": 0.0, "consumption": 0.162, "ratioPC": -0.093, "maxBatteryPerDay": 8.75, "maxAtThisDay": 96.25, "batteryLevelPercentage": -0.3581874328312024, "buyPrice": 0.149072, "sellPrice": 0.1, "batteryLevel": -34.475540410003234, "maxBatteryForMonth": 100, "Temperature": 15.9, "ratioPc": "noData"}