{"bought": 271.37, "sold": 367.25, "Time_string": "Last update at 13:32 - 23/06/2024", "produce": 4.47, "consumption": 6.486, "ratioPC": -2.1209999999999996, "maxBatteryPerDay": 8.75, "maxAtThisDay": 100, "batteryLevelPercentage": -0.25012535150799636, "buyPrice": 0.149072, "sellPrice": 0.1, "batteryLevel": -25.012535150799636, "maxBatteryForMonth": 100, "Temperature": 33.1, "ratioPc": "noData"}