{"bought": 104.81, "sold": 112.75, "Time_string": "Last update at 14:40 - 10/06/2024", "produce": 5.97, "consumption": 0.168, "ratioPC": 1.731, "maxBatteryPerDay": 8.75, "maxAtThisDay": 87.5, "batteryLevelPercentage": -0.3334332265137461, "buyPrice": 0.149072, "sellPrice": 0.1, "batteryLevel": -29.175407319952782, "maxBatteryForMonth": 100, "Temperature": 27.0, "ratioPc": "noData"}