{"bought": 172.72, "sold": 203.96, "Time_string": "Last update at 20:58 - 15/11/2024", "produce": 0.0, "consumption": 0.372, "ratioPC": -0.391, "maxBatteryPerDay": 8.75, "maxAtThisDay": 100, "batteryLevelPercentage": -0.35900208221530533, "buyPrice": 0.149072, "sellPrice": 0.1, "batteryLevel": -35.900208221530534, "maxBatteryForMonth": 100, "Temperature": 17.0, "ratioPc": "noData"}