{"bought": 84.84, "sold": 128.5, "Time_string": "Last update at 21:11 - 08/10/2024", "produce": 0.0, "consumption": 0.198, "ratioPC": -0.187, "maxBatteryPerDay": 8.75, "maxAtThisDay": 70.0, "batteryLevelPercentage": 0.019427958110366562, "buyPrice": 0.149072, "sellPrice": 0.1, "batteryLevel": 1.3599570677256594, "maxBatteryForMonth": 100, "Temperature": 19.8, "ratioPc": "noData"}