{"bought": 303.44, "sold": 360.94, "Time_string": "Last update at 14:35 - 29/07/2023", "produce": 4.778, "consumption": 2.016, "buyPrice": 0.149072, "sellPrice": 0.1, "batteryLevel": -61.315389073736185, "maxBatteryPerDay": 8.75, "batteryLevelPercentage": -6.131538907373619, "maxAtThisDay": 10, "ratioPC": 2.7619999999999996, "maxBatteryForMonth": 10, "ratioPc": "noData"}