{"bought": 303.89, "sold": 215.1, "Time_string": "Last update at 15:15 - 25/08/2023", "produce": 4.281, "consumption": 3.549, "ratioPC": 0.7319999999999998, "maxBatteryPerDay": 8.75, "maxAtThisDay": 10, "batteryLevelPercentage": -15.95973092197059, "buyPrice": 0.149072, "sellPrice": 0.1, "batteryLevel": -159.5973092197059, "maxBatteryForMonth": 10, "Temperature": 41.2, "ratioPc": "noData"}