{"bought": 83.79, "sold": 178.88, "Time_string": "Last update at 19:06 - 11/09/2024", "produce": 1.52, "consumption": 6.247, "ratioPC": -4.963, "maxBatteryPerDay": 8.75, "maxAtThisDay": 96.25, "batteryLevelPercentage": 0.3761631872474418, "buyPrice": 0.149072, "sellPrice": 0.1, "batteryLevel": 36.20570677256627, "maxBatteryForMonth": 100, "Temperature": 26.8, "ratioPc": "noData"}