{"bought": 155.79, "sold": 74.58, "Time_string": "Last update at 11:36 - 16/01/2024", "produce": 1.204, "consumption": 0.17, "ratioPC": 1.0510000000000002, "maxBatteryPerDay": 8.75, "maxAtThisDay": 100, "batteryLevelPercentage": -1.0576048406139313, "buyPrice": 0.149072, "sellPrice": 0.1, "batteryLevel": -105.76048406139314, "maxBatteryForMonth": 100, "Temperature": 15.8, "ratioPc": "noData"}