{"bought": 44.48, "sold": 121.13, "Time_string": "Last update at 16:36 - 08/10/2023", "produce": 4.037, "consumption": 2.624, "ratioPC": 1.4129999999999998, "maxBatteryPerDay": 8.75, "maxAtThisDay": 10, "batteryLevelPercentage": 3.6776037351078665, "buyPrice": 0.149072, "sellPrice": 0.1, "batteryLevel": 36.776037351078664, "maxBatteryForMonth": 10, "Temperature": 34.6, "ratioPc": "noData"}