{"bought": 95.94, "sold": 138.04, "Time_string": "Last update at 07:37 - 11/07/2023", "produce": 0.048, "consumption": 0.159, "buyPrice": 0.149072, "sellPrice": 0.1, "batteryLevel": -3.3404507888805455, "maxBatteryPerDay": 8.75, "batteryLevelPercentage": -0.33404507888805457, "maxAtThisDay": 10, "ratioPC": -0.111, "maxBatteryForMonth": 10, "ratioPc": "noData"}