{"bought": 97.06, "sold": 143.36, "Time_string": "Last update at 16:08 - 11/07/2023", "produce": 4.383, "consumption": 1.211, "buyPrice": 0.149072, "sellPrice": 0.1, "batteryLevel": -0.8917054845980346, "maxBatteryPerDay": 8.75, "batteryLevelPercentage": -0.08917054845980346, "maxAtThisDay": 10, "ratioPC": 3.1719999999999997, "maxBatteryForMonth": 10, "ratioPc": "noData"}