{"bought": 38.17, "sold": 45.89, "Time_string": "Last update at 10:09 - 05/08/2023", "produce": 1.094, "consumption": 0.782, "ratioPC": 0.31200000000000006, "maxBatteryPerDay": 8.75, "maxAtThisDay": 10, "batteryLevelPercentage": -0.7386217666630891, "buyPrice": 0.149072, "sellPrice": 0.1, "batteryLevel": -7.386217666630891, "maxBatteryForMonth": 10, "Temperature": 26.5, "ratioPc": "noData"}