{"bought": 6.51, "sold": 21.39, "Time_string": "Last update at 14:41 - 02/11/2024", "produce": 4.307, "consumption": 0.371, "ratioPC": 0.6629999999999998, "maxBatteryPerDay": 8.75, "maxAtThisDay": 17.5, "batteryLevelPercentage": 0.44792977506554843, "buyPrice": 0.149072, "sellPrice": 0.1, "batteryLevel": 7.838771063647098, "maxBatteryForMonth": 100, "Temperature": 22.0, "ratioPc": "noData"}