{"bought": 57.6, "sold": 105.04, "Time_string": "Last update at 16:57 - 07/07/2023", "produce": 4.34, "consumption": 1.288, "buyPrice": 0.149072, "sellPrice": 0.1, "batteryLevel": 12.862595255983685, "maxBatteryPerDay": 8.75, "batteryLevelPercentage": 1.2862595255983684, "maxAtThisDay": 10, "ratioPC": 3.0519999999999996, "maxBatteryForMonth": 10, "ratioPc": "noData"}