{"bought": 44.18, "sold": 168.21, "Time_string": "Last update at 19:11 - 10/09/2023", "produce": 0.587, "consumption": 1.14, "ratioPC": -0.5529999999999999, "maxBatteryPerDay": 8.75, "maxAtThisDay": 10, "batteryLevelPercentage": 6.865809166040572, "buyPrice": 0.149072, "sellPrice": 0.1, "batteryLevel": 68.65809166040572, "maxBatteryForMonth": 10, "Temperature": 26.8, "ratioPc": "noData"}