{"bought": 49.19, "sold": 107.5, "Time_string": "Last update at 22:24 - 07/09/2024", "produce": 0.0, "consumption": 1.444, "ratioPC": -1.505, "maxBatteryPerDay": 8.75, "maxAtThisDay": 61.25, "batteryLevelPercentage": 0.37424987021748707, "buyPrice": 0.149072, "sellPrice": 0.1, "batteryLevel": 22.922804550821084, "maxBatteryForMonth": 100, "Temperature": 20.6, "ratioPc": "noData"}