{"bought": 208.56, "sold": 195.6, "Time_string": "Last update at 19:03 - 20/08/2023", "produce": 1.296, "consumption": 4.125, "ratioPC": -2.8289999999999997, "maxBatteryPerDay": 8.75, "maxAtThisDay": 10, "batteryLevelPercentage": -7.734823655683158, "buyPrice": 0.149072, "sellPrice": 0.1, "batteryLevel": -77.34823655683158, "maxBatteryForMonth": 10, "Temperature": 39.9, "ratioPc": "noData"}