{"bought": 138.98, "sold": 352.1, "Time_string": "Last update at 17:24 - 22/06/2023", "produce": 3.826, "consumption": 1.787, "ratioPc": "noData", "buyPrice": 0.149072, "sellPrice": 0.1, "batteryLevel": 97.21459053343352, "maxBatteryPerDay": 8.75, "batteryLevelPercentage": 0.5050108599139403, "maxAtThisDay": 192.5, "ratioPC": 2.039}