{"bought": 122.99, "sold": 269.44, "Time_string": "Last update at 20:14 - 16/06/2024", "produce": 0.464, "consumption": 0.24, "ratioPC": 0.32599999999999996, "maxBatteryPerDay": 8.75, "maxAtThisDay": 100, "batteryLevelPercentage": 0.57754874959751, "buyPrice": 0.149072, "sellPrice": 0.1, "batteryLevel": 57.75487495975101, "maxBatteryForMonth": 100, "Temperature": 28.5, "ratioPc": "noData"}