{"bought": 51.37, "sold": 27.12, "Time_string": "Last update at 13:54 - 04/06/2024", "produce": 4.622, "consumption": 7.164, "ratioPC": -2.6550000000000002, "maxBatteryPerDay": 8.75, "maxAtThisDay": 35.0, "batteryLevelPercentage": -0.9479271071313572, "buyPrice": 0.149072, "sellPrice": 0.1, "batteryLevel": -33.1774487495975, "maxBatteryForMonth": 100, "Temperature": 29.9, "ratioPc": "noData"}