{"bought": 245.37, "sold": 201.98, "Time_string": "Last update at 17:52 - 22/08/2023", "produce": 3.23, "consumption": 3.518, "ratioPC": -0.2879999999999998, "maxBatteryPerDay": 8.75, "maxAtThisDay": 10, "batteryLevelPercentage": -10.98784254588387, "buyPrice": 0.149072, "sellPrice": 0.1, "batteryLevel": -109.8784254588387, "maxBatteryForMonth": 10, "Temperature": 41.1, "ratioPc": "noData"}