{"bought": 264.96, "sold": 345.63, "Time_string": "Last update at 11:30 - 25/09/2024", "produce": 0.562, "consumption": 1.409, "ratioPC": -0.8449999999999999, "maxBatteryPerDay": 8.75, "maxAtThisDay": 100, "batteryLevelPercentage": -0.3310559407534612, "buyPrice": 0.149072, "sellPrice": 0.1, "batteryLevel": -33.10559407534612, "maxBatteryForMonth": 100, "Temperature": 22.0, "ratioPc": "noData"}