{"bought": 331.05, "sold": 366.11, "Time_string": "Last update at 10:57 - 29/10/2024", "produce": 0.125, "consumption": 1.172, "ratioPC": -2.105, "maxBatteryPerDay": 8.75, "maxAtThisDay": 100, "batteryLevelPercentage": -0.8545726628743157, "buyPrice": 0.149072, "sellPrice": 0.1, "batteryLevel": -85.45726628743157, "maxBatteryForMonth": 100, "Temperature": 16.9, "ratioPc": "noData"}