{"bought": 235.57, "sold": 665.78, "Time_string": "Last update at 14:51 - 28/05/2024", "produce": 4.771, "consumption": 0.203, "ratioPC": 4.59, "maxBatteryPerDay": 8.75, "maxAtThisDay": 100, "batteryLevelPercentage": 2.1104640012879683, "buyPrice": 0.149072, "sellPrice": 0.1, "batteryLevel": 211.04640012879685, "maxBatteryForMonth": 100, "Temperature": 30.8, "ratioPc": "noData"}