{"bought": 107.06, "sold": 131.49, "Time_string": "Last update at 11:49 - 11/06/2024", "produce": 3.622, "consumption": 1.249, "ratioPC": 3.4939999999999998, "maxBatteryPerDay": 8.75, "maxAtThisDay": 96.25, "batteryLevelPercentage": -0.19588883886318686, "buyPrice": 0.149072, "sellPrice": 0.1, "batteryLevel": -18.854300740581735, "maxBatteryForMonth": 100, "Temperature": 24.6, "ratioPc": "noData"}