{"bought": 138.1, "sold": 87.12, "Time_string": "Last update at 13:30 - 12/08/2023", "produce": 4.294, "consumption": 1.905, "ratioPC": 2.3889999999999993, "maxBatteryPerDay": 8.75, "maxAtThisDay": 10, "batteryLevelPercentage": -7.965844155844155, "buyPrice": 0.149072, "sellPrice": 0.1, "batteryLevel": -79.65844155844155, "maxBatteryForMonth": 10, "Temperature": 37.0, "ratioPc": "noData"}