{"bought": 43.98, "sold": 160.29, "Time_string": "Last update at 15:26 - 10/09/2023", "produce": 5.504, "consumption": 2.991, "ratioPC": 2.5129999999999995, "maxBatteryPerDay": 8.75, "maxAtThisDay": 10, "batteryLevelPercentage": 6.354522271117312, "buyPrice": 0.149072, "sellPrice": 0.1, "batteryLevel": 63.54522271117312, "maxBatteryForMonth": 10, "Temperature": 28.4, "ratioPc": "noData"}