{"bought": 112.39, "sold": 179.28, "Time_string": "Last update at 06:32 - 13/06/2024", "produce": 0.0, "consumption": 0.157, "ratioPC": -0.156, "maxBatteryPerDay": 8.75, "maxAtThisDay": 100, "batteryLevelPercentage": 0.07874033487173974, "buyPrice": 0.149072, "sellPrice": 0.1, "batteryLevel": 7.874033487173975, "maxBatteryForMonth": 100, "Temperature": 15.5, "ratioPc": "noData"}