{"bought": 314.92, "sold": 374.82, "Time_string": "Last update at 19:05 - 30/07/2023", "produce": 2.33, "consumption": 2.442, "buyPrice": 0.149072, "sellPrice": 0.1, "batteryLevel": -63.48445207684881, "maxBatteryPerDay": 8.75, "batteryLevelPercentage": -6.348445207684881, "maxAtThisDay": 10, "ratioPC": -0.1120000000000001, "maxBatteryForMonth": 10, "ratioPc": "noData"}