{"bought": 75.41, "sold": 323.66, "Time_string": "Last update at 17:16 - 18/09/2023", "produce": 2.297, "consumption": 1.446, "ratioPC": 0.8510000000000002, "maxBatteryPerDay": 8.75, "maxAtThisDay": 10, "batteryLevelPercentage": 14.170656112482561, "buyPrice": 0.149072, "sellPrice": 0.1, "batteryLevel": 141.7065611248256, "maxBatteryForMonth": 10, "Temperature": 24.7, "ratioPc": "noData"}