{"bought": 115.13, "sold": 285.35, "Time_string": "Last update at 21:07 - 18/06/2023", "produce": 0.192, "consumption": 0.333, "ratioPc": "noData", "buyPrice": 0.149072, "sellPrice": 0.1, "batteryLevel": 76.28757003327252, "maxBatteryPerDay": 8.75, "batteryLevelPercentage": 0.48436552402077787, "maxAtThisDay": 157.5, "ratioPC": -0.14100000000000001}