{"bought": 226.6, "sold": 268.0, "Time_string": "Last update at 10:32 - 22/10/2024", "produce": 1.408, "consumption": 0.172, "ratioPC": 1.1079999999999999, "maxBatteryPerDay": 8.75, "maxAtThisDay": 100, "batteryLevelPercentage": -0.46821101212836763, "buyPrice": 0.149072, "sellPrice": 0.1, "batteryLevel": -46.821101212836766, "maxBatteryForMonth": 100, "Temperature": 18.5, "ratioPc": "noData"}