{"bought": 220.59, "sold": 238.18, "Time_string": "Last update at 16:26 - 20/10/2024", "produce": 3.723, "consumption": 0.167, "ratioPC": 3.518, "maxBatteryPerDay": 8.75, "maxAtThisDay": 100, "batteryLevelPercentage": -0.6081485778684126, "buyPrice": 0.149072, "sellPrice": 0.1, "batteryLevel": -60.81485778684126, "maxBatteryForMonth": 100, "Temperature": 25.0, "ratioPc": "noData"}