{"bought": 242.91, "sold": 387.64, "Time_string": "Last update at 10:38 - 29/06/2023", "produce": 1.982, "consumption": 1.099, "buyPrice": 0.149072, "sellPrice": 0.1, "batteryLevel": 17.12541912632824, "maxBatteryPerDay": 8.75, "batteryLevelPercentage": 0.1712541912632824, "maxAtThisDay": 100, "ratioPC": 0.883, "maxBatteryForMonth": 100, "ratioPc": "noData"}