{"bought": 1.2, "sold": 6.92, "Time_string": "Last update at 13:59 - 01/10/2024", "produce": 2.021, "consumption": 0.162, "ratioPC": 1.9240000000000002, "maxBatteryPerDay": 8.75, "maxAtThisDay": 8.75, "batteryLevelPercentage": 0.3933773900243794, "buyPrice": 0.149072, "sellPrice": 0.1, "batteryLevel": 3.4420521627133196, "maxBatteryForMonth": 100, "Temperature": 28.0, "ratioPc": "noData"}