{"bought": 107.1, "sold": 147.77, "Time_string": "Last update at 07:23 - 12/07/2023", "produce": 0.013, "consumption": 0.237, "buyPrice": 0.149072, "sellPrice": 0.1, "batteryLevel": -7.973403456048075, "maxBatteryPerDay": 8.75, "batteryLevelPercentage": -0.7973403456048075, "maxAtThisDay": 10, "ratioPC": -0.22399999999999998, "maxBatteryForMonth": 10, "ratioPc": "noData"}