{"bought": 327.52, "sold": 53.11, "Time_string": "Last update at 15:52 - 16/08/2024", "produce": 4.886, "consumption": 3.271, "ratioPC": 1.5900000000000003, "maxBatteryPerDay": 8.75, "maxAtThisDay": 100, "batteryLevelPercentage": -2.9189292046796176, "buyPrice": 0.149072, "sellPrice": 0.1, "batteryLevel": -291.89292046796174, "maxBatteryForMonth": 100, "Temperature": 36.9, "ratioPc": "noData"}