{"bought": 277.71, "sold": 314.15, "Time_string": "Last update at 13:46 - 26/07/2023", "produce": 4.61, "consumption": 5.326, "buyPrice": 0.149072, "sellPrice": 0.1, "batteryLevel": -66.97290651497264, "maxBatteryPerDay": 8.75, "batteryLevelPercentage": -6.697290651497264, "maxAtThisDay": 10, "ratioPC": -0.7159999999999993, "maxBatteryForMonth": 10, "ratioPc": "noData"}