{"bought": 96.83, "sold": 142.42, "Time_string": "Last update at 15:20 - 11/07/2023", "produce": 4.585, "consumption": 6.605, "buyPrice": 0.149072, "sellPrice": 0.1, "batteryLevel": -1.2922732639261625, "maxBatteryPerDay": 8.75, "batteryLevelPercentage": -0.12922732639261625, "maxAtThisDay": 10, "ratioPC": -2.0200000000000005, "maxBatteryForMonth": 10, "ratioPc": "noData"}