{"bought": 210.9, "sold": 222.11, "Time_string": "Last update at 17:47 - 19/10/2024", "produce": 1.89, "consumption": 0.141, "ratioPC": 1.208, "maxBatteryPerDay": 8.75, "maxAtThisDay": 100, "batteryLevelPercentage": -0.6190488354620587, "buyPrice": 0.149072, "sellPrice": 0.1, "batteryLevel": -61.904883546205866, "maxBatteryForMonth": 100, "Temperature": 22.2, "ratioPc": "noData"}