{"bought": 273.18, "sold": 367.25, "Time_string": "Last update at 14:26 - 23/06/2024", "produce": 4.063, "consumption": 6.421, "ratioPC": -1.7969999999999997, "maxBatteryPerDay": 8.75, "maxAtThisDay": 100, "batteryLevelPercentage": -0.26822535150799637, "buyPrice": 0.149072, "sellPrice": 0.1, "batteryLevel": -26.822535150799638, "maxBatteryForMonth": 100, "Temperature": 34.4, "ratioPc": "noData"}