{"bought": 231.47, "sold": 379.31, "Time_string": "Last update at 09:30 - 28/06/2023", "produce": 0.81, "consumption": 0.214, "buyPrice": 0.149072, "sellPrice": 0.1, "batteryLevel": 22.977515294622748, "maxBatteryPerDay": 8.75, "batteryLevelPercentage": 0.22977515294622747, "maxAtThisDay": 100, "ratioPC": 0.5960000000000001, "maxBatteryForMonth": 100, "ratioPc": "noData"}