{"bought": 313.12, "sold": 408.21, "Time_string": "Last update at 15:35 - 28/09/2024", "produce": 4.889, "consumption": 0.225, "ratioPC": 3.843, "maxBatteryPerDay": 8.75, "maxAtThisDay": 100, "batteryLevelPercentage": -0.3928587957497052, "buyPrice": 0.149072, "sellPrice": 0.1, "batteryLevel": -39.28587957497052, "maxBatteryForMonth": 100, "Temperature": 28.6, "ratioPc": "noData"}