{"bought": 696.67, "sold": 108.45, "Time_string": "Last update at 15:57 - 31/08/2024", "produce": 1.656, "consumption": 4.019, "ratioPC": -2.721, "maxBatteryPerDay": 8.75, "maxAtThisDay": 100, "batteryLevelPercentage": -6.2391991950198555, "buyPrice": 0.149072, "sellPrice": 0.1, "batteryLevel": -623.9199195019855, "maxBatteryForMonth": 100, "Temperature": 33.9, "ratioPc": "noData"}