{"bought": 2.14, "sold": 10.19, "Time_string": "Last update at 15:42 - 01/09/2023", "produce": 4.658, "consumption": 1.688, "ratioPC": 2.9700000000000006, "maxBatteryPerDay": 8.75, "maxAtThisDay": 8.75, "batteryLevelPercentage": 0.5366426348150077, "buyPrice": 0.149072, "sellPrice": 0.1, "batteryLevel": 4.695623054631318, "maxBatteryForMonth": 10, "Temperature": 33.7, "ratioPc": "noData"}