{"bought": 227.33, "sold": 379.0, "Time_string": "Last update at 21:43 - 27/06/2023", "produce": 0.024, "consumption": 0.195, "buyPrice": 0.149072, "sellPrice": 0.1, "batteryLevel": 26.909562090801728, "maxBatteryPerDay": 8.75, "batteryLevelPercentage": 0.2690956209080173, "maxAtThisDay": 100, "ratioPC": -0.171, "maxBatteryForMonth": 100, "ratioPc": "noData"}