{"bought": 63.09, "sold": 111.88, "Time_string": "Last update at 21:38 - 08/09/2024", "produce": 0.0, "consumption": 0.291, "ratioPC": -0.294, "maxBatteryPerDay": 8.75, "maxAtThisDay": 70.0, "batteryLevelPercentage": 0.17087117251107803, "buyPrice": 0.149072, "sellPrice": 0.1, "batteryLevel": 11.960982075775462, "maxBatteryForMonth": 100, "Temperature": 23.7, "ratioPc": "noData"}