{"bought": 105.48, "sold": 534.98, "Time_string": "Last update at 19:26 - 27/09/2023", "produce": 0.395, "consumption": 1.043, "ratioPC": -0.6479999999999999, "maxBatteryPerDay": 8.75, "maxAtThisDay": 10, "batteryLevelPercentage": 25.33935644520768, "buyPrice": 0.149072, "sellPrice": 0.1, "batteryLevel": 253.39356445207682, "maxBatteryForMonth": 10, "Temperature": 30.6, "ratioPc": "noData"}