{"bought": 75.87, "sold": 253.75, "Time_string": "Last update at 19:56 - 15/06/2023", "produce": 1.038, "consumption": 3.589, "ratioPc": null, "buyPrice": 0.149072, "sellPrice": 0.1, "batteryLevel": 94.34975957926369, "maxBatteryPerDay": 8.75, "batteryLevelPercentage": 0.7188553110801043, "maxAtThisDay": 131.25, "ratioPC": -2.551}