{"bought": 169.52, "sold": 186.31, "Time_string": "Last update at 14:29 - 17/07/2023", "produce": 4.484, "consumption": 3.517, "buyPrice": 0.149072, "sellPrice": 0.1, "batteryLevel": -44.54012450359559, "maxBatteryPerDay": 8.75, "batteryLevelPercentage": -4.454012450359559, "maxAtThisDay": 10, "ratioPC": 0.9670000000000001, "maxBatteryForMonth": 10, "ratioPc": "noData"}