{"bought": 249.75, "sold": 402.68, "Time_string": "Last update at 13:21 - 30/06/2023", "produce": 4.384, "consumption": 3.394, "buyPrice": 0.149072, "sellPrice": 0.1, "batteryLevel": 20.37450359557795, "maxBatteryPerDay": 8.75, "batteryLevelPercentage": 0.20374503595577947, "maxAtThisDay": 100, "ratioPC": 0.9900000000000002, "maxBatteryForMonth": 100, "ratioPc": "noData"}