{"bought": 198.99, "sold": 533.37, "Time_string": "Last update at 09:56 - 23/05/2024", "produce": 0.944, "consumption": 0.164, "ratioPC": 0.815, "maxBatteryPerDay": 8.75, "maxAtThisDay": 100, "batteryLevelPercentage": 1.5880354942578083, "buyPrice": 0.149072, "sellPrice": 0.1, "batteryLevel": 158.80354942578083, "maxBatteryForMonth": 100, "Temperature": 20.8, "ratioPc": "noData"}