{"bought": 242.9, "sold": 387.29, "Time_string": "Last update at 10:01 - 29/06/2023", "produce": 1.125, "consumption": 0.332, "buyPrice": 0.149072, "sellPrice": 0.1, "batteryLevel": 16.900633251046514, "maxBatteryPerDay": 8.75, "batteryLevelPercentage": 0.16900633251046515, "maxAtThisDay": 100, "ratioPC": 0.7929999999999999, "maxBatteryForMonth": 100, "ratioPc": "noData"}