{"bought": 181.85, "sold": 149.06, "Time_string": "Last update at 15:40 - 17/08/2023", "produce": 4.728, "consumption": 3.123, "ratioPC": 1.6049999999999995, "maxBatteryPerDay": 8.75, "maxAtThisDay": 10, "batteryLevelPercentage": -8.185804980143823, "buyPrice": 0.149072, "sellPrice": 0.1, "batteryLevel": -81.85804980143823, "maxBatteryForMonth": 10, "Temperature": 34.7, "ratioPc": "noData"}