{"bought": 86.41, "sold": 128.54, "Time_string": "Last update at 09:39 - 09/10/2024", "produce": 0.275, "consumption": 0.14, "ratioPC": 0.068, "maxBatteryPerDay": 8.75, "maxAtThisDay": 78.75, "batteryLevelPercentage": -0.002326479502394683, "buyPrice": 0.149072, "sellPrice": 0.1, "batteryLevel": -0.18321026081358127, "maxBatteryForMonth": 100, "Temperature": 19.6, "ratioPc": "noData"}