{"bought": 185.08, "sold": 189.17, "Time_string": "Last update at 08:03 - 18/07/2023", "produce": 0.13, "consumption": 0.169, "buyPrice": 0.149072, "sellPrice": 0.1, "batteryLevel": -58.18158849415052, "maxBatteryPerDay": 8.75, "batteryLevelPercentage": -5.818158849415052, "maxAtThisDay": 10, "ratioPC": -0.03900000000000001, "maxBatteryForMonth": 10, "ratioPc": "noData"}