{"bought": 57.6, "sold": 87.59, "Time_string": "Last update at 11:37 - 07/07/2023", "produce": 2.983, "consumption": 0.976, "buyPrice": 0.149072, "sellPrice": 0.1, "batteryLevel": 1.1568423312224922, "maxBatteryPerDay": 8.75, "batteryLevelPercentage": 0.11568423312224922, "maxAtThisDay": 10, "ratioPC": 2.007, "maxBatteryForMonth": 10, "ratioPc": "noData"}