{"bought": 233.3, "sold": 640.0, "Time_string": "Last update at 14:50 - 27/05/2024", "produce": 4.867, "consumption": 1.754, "ratioPC": 3.3979999999999997, "maxBatteryPerDay": 8.75, "maxAtThisDay": 100, "batteryLevelPercentage": 1.9602274337233012, "buyPrice": 0.149072, "sellPrice": 0.1, "batteryLevel": 196.02274337233013, "maxBatteryForMonth": 100, "Temperature": 31.8, "ratioPc": "noData"}