{"bought": 334.04, "sold": 465.0, "Time_string": "Last update at 18:42 - 30/09/2024", "produce": 1.689, "consumption": 0.158, "ratioPC": 1.9060000000000001, "maxBatteryPerDay": 8.75, "maxAtThisDay": 100, "batteryLevelPercentage": -0.2211019426854142, "buyPrice": 0.149072, "sellPrice": 0.1, "batteryLevel": -22.11019426854142, "maxBatteryForMonth": 100, "Temperature": 30.3, "ratioPc": "noData"}