{"bought": 300.42, "sold": 395.83, "Time_string": "Last update at 02:15 - 28/09/2024", "produce": 0.0, "consumption": 0.129, "ratioPC": -0.132, "maxBatteryPerDay": 8.75, "maxAtThisDay": 100, "batteryLevelPercentage": -0.34890591392079046, "buyPrice": 0.149072, "sellPrice": 0.1, "batteryLevel": -34.890591392079045, "maxBatteryForMonth": 100, "Temperature": 17.8, "ratioPc": "noData"}