{"bought": 249.22, "sold": 398.56, "Time_string": "Last update at 09:16 - 30/06/2023", "produce": 0.497, "consumption": 0.219, "buyPrice": 0.149072, "sellPrice": 0.1, "batteryLevel": 18.140738435118607, "maxBatteryPerDay": 8.75, "batteryLevelPercentage": 0.18140738435118606, "maxAtThisDay": 100, "ratioPC": 0.278, "maxBatteryForMonth": 100, "ratioPc": "noData"}