{"bought": 216.05, "sold": 580.63, "Time_string": "Last update at 05:29 - 25/05/2024", "produce": 0.0, "consumption": 0.121, "ratioPC": -0.158, "maxBatteryPerDay": 8.75, "maxAtThisDay": 100, "batteryLevelPercentage": 1.7344635075668133, "buyPrice": 0.149072, "sellPrice": 0.1, "batteryLevel": 173.44635075668134, "maxBatteryForMonth": 100, "Temperature": 14.5, "ratioPc": "noData"}