{"bought": 170.04, "sold": 120.23, "Time_string": "Last update at 18:01 - 15/08/2023", "produce": 3.285, "consumption": 2.639, "ratioPC": 0.6460000000000004, "maxBatteryPerDay": 8.75, "maxAtThisDay": 10, "batteryLevelPercentage": -8.938769775678866, "buyPrice": 0.149072, "sellPrice": 0.1, "batteryLevel": -89.38769775678865, "maxBatteryForMonth": 10, "Temperature": 35.0, "ratioPc": "noData"}