{"bought": 131.06, "sold": 325.19, "Time_string": "Last update at 11:27 - 23/10/2023", "produce": 1.532, "consumption": 0.263, "ratioPC": 1.2690000000000001, "maxBatteryPerDay": 8.75, "maxAtThisDay": 10, "batteryLevelPercentage": 8.708291080820004, "buyPrice": 0.149072, "sellPrice": 0.1, "batteryLevel": 87.08291080820004, "maxBatteryForMonth": 10, "Temperature": 16.5, "ratioPc": "noData"}