{"bought": 120.75, "sold": 246.94, "Time_string": "Last update at 23:41 - 15/06/2024", "produce": 0.0, "consumption": 0.161, "ratioPC": -0.121, "maxBatteryPerDay": 8.75, "maxAtThisDay": 100, "batteryLevelPercentage": 0.44901497263067514, "buyPrice": 0.149072, "sellPrice": 0.1, "batteryLevel": 44.90149726306751, "maxBatteryForMonth": 100, "Temperature": 22.3, "ratioPc": "noData"}