{"bought": 114.71, "sold": 121.09, "Time_string": "Last update at 16:29 - 17/12/2023", "produce": 1.956, "consumption": 1.105, "ratioPC": 0.9880000000000002, "maxBatteryPerDay": 8.75, "maxAtThisDay": 100, "batteryLevelPercentage": -0.33480795320382084, "buyPrice": 0.149072, "sellPrice": 0.1, "batteryLevel": -33.480795320382086, "maxBatteryForMonth": 100, "Temperature": 16.0, "ratioPc": "noData"}