{"bought": 175.23, "sold": 189.17, "Time_string": "Last update at 21:34 - 17/07/2023", "produce": 0.024, "consumption": 4.579, "buyPrice": 0.149072, "sellPrice": 0.1, "batteryLevel": -48.331588494150495, "maxBatteryPerDay": 8.75, "batteryLevelPercentage": -4.8331588494150495, "maxAtThisDay": 10, "ratioPC": -4.555, "maxBatteryForMonth": 10, "ratioPc": "noData"}