{"bought": 383.5, "sold": 287.62, "Time_string": "Last update at 08:52 - 31/08/2023", "produce": 0.144, "consumption": 0.103, "ratioPC": 0.040999999999999995, "maxBatteryPerDay": 8.75, "maxAtThisDay": 10, "batteryLevelPercentage": -19.055967586132876, "buyPrice": 0.149072, "sellPrice": 0.1, "batteryLevel": -190.55967586132877, "maxBatteryForMonth": 10, "Temperature": 20.6, "ratioPc": "noData"}