{"bought": 172.98, "sold": 299.37, "Time_string": "Last update at 04:14 - 19/06/2024", "produce": 0.0, "consumption": 0.121, "ratioPC": -0.125, "maxBatteryPerDay": 8.75, "maxAtThisDay": 100, "batteryLevelPercentage": 0.27842421380272614, "buyPrice": 0.149072, "sellPrice": 0.1, "batteryLevel": 27.84242138027261, "maxBatteryForMonth": 100, "Temperature": 14.0, "ratioPc": "noData"}