{"bought": 244.19, "sold": 258.59, "Time_string": "Last update at 09:41 - 23/07/2023", "produce": 0.7, "consumption": 0.334, "buyPrice": 0.149072, "sellPrice": 0.1, "batteryLevel": -70.72348717398307, "maxBatteryPerDay": 8.75, "batteryLevelPercentage": -7.072348717398308, "maxAtThisDay": 10, "ratioPC": 0.36599999999999994, "maxBatteryForMonth": 10, "ratioPc": "noData"}