{"bought": 7.41, "sold": 16.96, "Time_string": "Last update at 10:04 - 02/09/2023", "produce": 0.342, "consumption": 0.191, "ratioPC": 0.15100000000000002, "maxBatteryPerDay": 8.75, "maxAtThisDay": 10, "batteryLevelPercentage": 0.396705269936675, "buyPrice": 0.149072, "sellPrice": 0.1, "batteryLevel": 3.96705269936675, "maxBatteryForMonth": 10, "Temperature": 22.1, "ratioPc": "noData"}