{"bought": 217.56, "sold": 282.41, "Time_string": "Last update at 11:02 - 20/09/2024", "produce": 2.138, "consumption": 0.175, "ratioPC": 1.916, "maxBatteryPerDay": 8.75, "maxAtThisDay": 100, "batteryLevelPercentage": -0.28114631319094113, "buyPrice": 0.149072, "sellPrice": 0.1, "batteryLevel": -28.114631319094116, "maxBatteryForMonth": 100, "Temperature": 22.0, "ratioPc": "noData"}