{"bought": 225.77, "sold": 193.92, "Time_string": "Last update at 11:37 - 28/12/2023", "produce": 3.276, "consumption": 0.615, "ratioPC": 1.8100000000000003, "maxBatteryPerDay": 8.75, "maxAtThisDay": 100, "batteryLevelPercentage": -0.9568520875818399, "buyPrice": 0.149072, "sellPrice": 0.1, "batteryLevel": -95.68520875818399, "maxBatteryForMonth": 100, "Temperature": 10.2, "ratioPc": "noData"}