{"bought": 275.92, "sold": 674.64, "Time_string": "Last update at 07:26 - 29/05/2024", "produce": 0.043, "consumption": 0.131, "ratioPC": -0.129, "maxBatteryPerDay": 8.75, "maxAtThisDay": 100, "batteryLevelPercentage": 1.7663983685735747, "buyPrice": 0.149072, "sellPrice": 0.1, "batteryLevel": 176.63983685735747, "maxBatteryForMonth": 100, "Temperature": 16.4, "ratioPc": "noData"}