{"bought": 143.98, "sold": 300.08, "Time_string": "Last update at 15:41 - 14/05/2024", "produce": 4.593, "consumption": 0.388, "ratioPC": 2.5460000000000003, "maxBatteryPerDay": 8.75, "maxAtThisDay": 100, "batteryLevelPercentage": 0.5731870129870128, "buyPrice": 0.149072, "sellPrice": 0.1, "batteryLevel": 57.318701298701285, "maxBatteryForMonth": 100, "Temperature": 23.7, "ratioPc": "noData"}