{"bought": 107.81, "sold": 155.32, "Time_string": "Last update at 23:01 - 11/06/2024", "produce": 0.0, "consumption": 0.263, "ratioPC": -0.328, "maxBatteryPerDay": 8.75, "maxAtThisDay": 96.25, "batteryLevelPercentage": -0.03759726460080655, "buyPrice": 0.149072, "sellPrice": 0.1, "batteryLevel": -3.6187367178276304, "maxBatteryForMonth": 100, "Temperature": 20.0, "ratioPc": "noData"}