{"bought": 57.73, "sold": 254.06, "Time_string": "Last update at 16:31 - 14/09/2023", "produce": 4.314, "consumption": 1.531, "ratioPC": 2.7830000000000004, "maxBatteryPerDay": 8.75, "maxAtThisDay": 10, "batteryLevelPercentage": 11.269771278308472, "buyPrice": 0.149072, "sellPrice": 0.1, "batteryLevel": 112.69771278308471, "maxBatteryForMonth": 10, "Temperature": 32.5, "ratioPc": "noData"}