{"bought": 187.03, "sold": 395.37, "Time_string": "Last update at 14:25 - 18/05/2024", "produce": 5.078, "consumption": 0.315, "ratioPC": 4.825, "maxBatteryPerDay": 8.75, "maxAtThisDay": 100, "batteryLevelPercentage": 0.7819083288612214, "buyPrice": 0.149072, "sellPrice": 0.1, "batteryLevel": 78.19083288612214, "maxBatteryForMonth": 100, "Temperature": 24.4, "ratioPc": "noData"}