{"bought": 216.55, "sold": 580.7, "Time_string": "Last update at 09:01 - 25/05/2024", "produce": 0.362, "consumption": 1.318, "ratioPC": 0.199, "maxBatteryPerDay": 8.75, "maxAtThisDay": 100, "batteryLevelPercentage": 1.7299330793173773, "buyPrice": 0.149072, "sellPrice": 0.1, "batteryLevel": 172.99330793173772, "maxBatteryForMonth": 100, "Temperature": 18.1, "ratioPc": "noData"}