{"bought": 291.79, "sold": 337.48, "Time_string": "Last update at 11:28 - 28/07/2023", "produce": 2.836, "consumption": 0.864, "buyPrice": 0.149072, "sellPrice": 0.1, "batteryLevel": -65.40275088547816, "maxBatteryPerDay": 8.75, "batteryLevelPercentage": -6.540275088547816, "maxAtThisDay": 10, "ratioPC": 1.972, "maxBatteryForMonth": 10, "ratioPc": "noData"}