{"bought": 270.68, "sold": 185.95, "Time_string": "Last update at 18:47 - 24/01/2024", "produce": 0.009, "consumption": 0.141, "ratioPC": -0.10200000000000001, "maxBatteryPerDay": 8.75, "maxAtThisDay": 100, "batteryLevelPercentage": -1.4594161854674252, "buyPrice": 0.149072, "sellPrice": 0.1, "batteryLevel": -145.94161854674252, "maxBatteryForMonth": 100, "Temperature": 18.2, "ratioPc": "noData"}