{"bought": 84.98, "sold": 383.14, "Time_string": "Last update at 08:34 - 21/09/2023", "produce": 0.103, "consumption": 1.076, "ratioPC": -0.9730000000000001, "maxBatteryPerDay": 8.75, "maxAtThisDay": 10, "batteryLevelPercentage": 17.203674358699146, "buyPrice": 0.149072, "sellPrice": 0.1, "batteryLevel": 172.03674358699146, "maxBatteryForMonth": 10, "Temperature": 16.1, "ratioPc": "noData"}