{"bought": 39.67, "sold": 44.17, "Time_string": "Last update at 12:40 - 03/10/2024", "produce": 4.034, "consumption": 6.841, "ratioPC": -2.9309999999999996, "maxBatteryPerDay": 8.75, "maxAtThisDay": 26.25, "batteryLevelPercentage": -0.38247704912167724, "buyPrice": 0.149072, "sellPrice": 0.1, "batteryLevel": -10.040022539444028, "maxBatteryForMonth": 100, "Temperature": 25.7, "ratioPc": "noData"}