{"bought": 237.09, "sold": 309.12, "Time_string": "Last update at 13:05 - 22/09/2024", "produce": 4.367, "consumption": 5.409, "ratioPC": -1.255, "maxBatteryPerDay": 8.75, "maxAtThisDay": 100, "batteryLevelPercentage": -0.29727114951164535, "buyPrice": 0.149072, "sellPrice": 0.1, "batteryLevel": -29.727114951164538, "maxBatteryForMonth": 100, "Temperature": 25.1, "ratioPc": "noData"}