{"bought": 244.38, "sold": 674.62, "Time_string": "Last update at 21:15 - 28/05/2024", "produce": 0.065, "consumption": 5.36, "ratioPC": -5.2139999999999995, "maxBatteryPerDay": 8.75, "maxAtThisDay": 100, "batteryLevelPercentage": 2.081664205216271, "buyPrice": 0.149072, "sellPrice": 0.1, "batteryLevel": 208.16642052162712, "maxBatteryForMonth": 100, "Temperature": 28.2, "ratioPc": "noData"}