{"bought": 140.02, "sold": 351.69, "Time_string": "Last update at 09:24 - 25/10/2023", "produce": 0.107, "consumption": 0.158, "ratioPC": -0.051000000000000004, "maxBatteryPerDay": 8.75, "maxAtThisDay": 10, "batteryLevelPercentage": 9.589955565096062, "buyPrice": 0.149072, "sellPrice": 0.1, "batteryLevel": 95.89955565096062, "maxBatteryForMonth": 10, "Temperature": 18.4, "ratioPc": "noData"}