{"bought": 108.65, "sold": 149.44, "Time_string": "Last update at 12:53 - 12/07/2023", "produce": 4.044, "consumption": 3.398, "buyPrice": 0.149072, "sellPrice": 0.1, "batteryLevel": -8.403139422560912, "maxBatteryPerDay": 8.75, "batteryLevelPercentage": -0.8403139422560912, "maxAtThisDay": 10, "ratioPC": 0.6459999999999995, "maxBatteryForMonth": 10, "ratioPc": "noData"}