{"bought": 346.95, "sold": 366.75, "Time_string": "Last update at 15:43 - 30/10/2024", "produce": 0.577, "consumption": 7.136, "ratioPC": -8.164, "maxBatteryPerDay": 8.75, "maxAtThisDay": 100, "batteryLevelPercentage": -1.0092794354405923, "buyPrice": 0.149072, "sellPrice": 0.1, "batteryLevel": -100.92794354405922, "maxBatteryForMonth": 100, "Temperature": 15.0, "ratioPc": "noData"}