{"bought": 174.08, "sold": 392.81, "Time_string": "Last update at 10:52 - 24/11/2023", "produce": 2.996, "consumption": 0.143, "ratioPC": 2.853, "maxBatteryPerDay": 8.75, "maxAtThisDay": 100, "batteryLevelPercentage": 0.8942354191263283, "buyPrice": 0.149072, "sellPrice": 0.1, "batteryLevel": 89.42354191263283, "maxBatteryForMonth": 100, "Temperature": 11.7, "ratioPc": "noData"}