{"bought": 106.12, "sold": 127.24, "Time_string": "Last update at 01:16 - 11/06/2024", "produce": 0.0, "consumption": 0.124, "ratioPC": -0.122, "maxBatteryPerDay": 8.75, "maxAtThisDay": 96.25, "batteryLevelPercentage": -0.21574308657962205, "buyPrice": 0.149072, "sellPrice": 0.1, "batteryLevel": -20.76527208328862, "maxBatteryForMonth": 100, "Temperature": 18.0, "ratioPc": "noData"}