{"bought": 140.02, "sold": 351.78, "Time_string": "Last update at 10:07 - 25/10/2023", "produce": 0.551, "consumption": 0.126, "ratioPC": 0.42500000000000004, "maxBatteryPerDay": 8.75, "maxAtThisDay": 10, "batteryLevelPercentage": 9.595992916174731, "buyPrice": 0.149072, "sellPrice": 0.1, "batteryLevel": 95.95992916174731, "maxBatteryForMonth": 10, "Temperature": 19.1, "ratioPc": "noData"}