{"bought": 109.98, "sold": 170.23, "Time_string": "Last update at 15:45 - 12/06/2024", "produce": 4.941, "consumption": 0.162, "ratioPC": 4.675999999999999, "maxBatteryPerDay": 8.75, "maxAtThisDay": 100, "batteryLevelPercentage": 0.042131415691746096, "buyPrice": 0.149072, "sellPrice": 0.1, "batteryLevel": 4.21314156917461, "maxBatteryForMonth": 100, "Temperature": 29.8, "ratioPc": "noData"}