{"bought": 75.79, "sold": 88.82, "Time_string": "Last update at 13:11 - 06/10/2024", "produce": 2.884, "consumption": 0.151, "ratioPC": 4.051, "maxBatteryPerDay": 8.75, "maxAtThisDay": 52.5, "batteryLevelPercentage": -0.30872481945445374, "buyPrice": 0.149072, "sellPrice": 0.1, "batteryLevel": -16.208053021358822, "maxBatteryForMonth": 100, "Temperature": 27.4, "ratioPc": "noData"}