{"bought": 18.27, "sold": 37.65, "Time_string": "Last update at 11:33 - 03/10/2023", "produce": 1.857, "consumption": 0.108, "ratioPC": 1.7489999999999999, "maxBatteryPerDay": 8.75, "maxAtThisDay": 10, "batteryLevelPercentage": 0.6986252012450358, "buyPrice": 0.149072, "sellPrice": 0.1, "batteryLevel": 6.9862520124503575, "maxBatteryForMonth": 10, "Temperature": 27.1, "ratioPc": "noData"}