{"bought": 277.58, "sold": 312.44, "Time_string": "Last update at 12:42 - 26/07/2023", "produce": 4.015, "consumption": 0.901, "buyPrice": 0.149072, "sellPrice": 0.1, "batteryLevel": -67.99000321992057, "maxBatteryPerDay": 8.75, "batteryLevelPercentage": -6.7990003219920565, "maxAtThisDay": 10, "ratioPC": 3.114, "maxBatteryForMonth": 10, "ratioPc": "noData"}