{"bought": 95.29, "sold": 461.81, "Time_string": "Last update at 15:30 - 24/09/2023", "produce": 4.929, "consumption": 0.254, "ratioPC": 4.675000000000001, "maxBatteryPerDay": 8.75, "maxAtThisDay": 10, "batteryLevelPercentage": 21.44999001824622, "buyPrice": 0.149072, "sellPrice": 0.1, "batteryLevel": 214.49990018246217, "maxBatteryForMonth": 10, "Temperature": 30.5, "ratioPc": "noData"}