{"bought": 138.98, "sold": 353.5, "Time_string": "Last update at 18:08 - 22/06/2023", "produce": 3.196, "consumption": 1.874, "ratioPc": "noData", "buyPrice": 0.149072, "sellPrice": 0.1, "batteryLevel": 98.15373403456047, "maxBatteryPerDay": 8.75, "batteryLevelPercentage": 0.5098895274522622, "maxAtThisDay": 192.5, "ratioPC": 1.322}