{"bought": 79.52, "sold": 31.06, "Time_string": "Last update at 08:47 - 08/01/2024", "produce": 0.026, "consumption": 0.133, "ratioPC": -0.11000000000000001, "maxBatteryPerDay": 8.75, "maxAtThisDay": 70.0, "batteryLevelPercentage": -0.8383490087244514, "buyPrice": 0.149072, "sellPrice": 0.1, "batteryLevel": -58.6844306107116, "maxBatteryForMonth": 100, "Temperature": 3.8, "ratioPc": "noData"}