{"bought": 214.01, "sold": 374.79, "Time_string": "Last update at 03:46 - 27/06/2023", "produce": 0.0, "consumption": 0.134, "buyPrice": 0.149072, "sellPrice": 0.1, "batteryLevel": 37.40542341955569, "maxBatteryPerDay": 8.75, "batteryLevelPercentage": 0.3740542341955569, "maxAtThisDay": 100, "ratioPC": -0.134, "maxBatteryForMonth": 100, "ratioPc": "noData"}