{"bought": 128.62, "sold": 125.19, "Time_string": "Last update at 09:06 - 19/12/2023", "produce": 0.223, "consumption": 0.272, "ratioPC": -0.22099999999999997, "maxBatteryPerDay": 8.75, "maxAtThisDay": 100, "batteryLevelPercentage": -0.44640446495653124, "buyPrice": 0.149072, "sellPrice": 0.1, "batteryLevel": -44.64044649565312, "maxBatteryForMonth": 100, "Temperature": 4.1, "ratioPc": "noData"}