{"bought": 140.42, "sold": 366.46, "Time_string": "Last update at 18:03 - 25/10/2023", "produce": 0.705, "consumption": 0.266, "ratioPC": 0.43899999999999995, "maxBatteryPerDay": 8.75, "maxAtThisDay": 10, "batteryLevelPercentage": 10.540751958785018, "buyPrice": 0.149072, "sellPrice": 0.1, "batteryLevel": 105.40751958785017, "maxBatteryForMonth": 10, "Temperature": 21.9, "ratioPc": "noData"}