{"bought": 81.77, "sold": 137.94, "Time_string": "Last update at 16:16 - 10/07/2023", "produce": 4.178, "consumption": 3.829, "buyPrice": 0.149072, "sellPrice": 0.1, "batteryLevel": 10.76246753246754, "maxBatteryPerDay": 8.75, "batteryLevelPercentage": 1.076246753246754, "maxAtThisDay": 10, "ratioPC": 0.34899999999999975, "maxBatteryForMonth": 10, "ratioPc": "noData"}