{"bought": 250.04, "sold": 406.04, "Time_string": "Last update at 16:57 - 30/06/2023", "produce": 4.177, "consumption": 3.168, "buyPrice": 0.149072, "sellPrice": 0.1, "batteryLevel": 22.33844799828276, "maxBatteryPerDay": 8.75, "batteryLevelPercentage": 0.2233844799828276, "maxAtThisDay": 100, "ratioPC": 1.0089999999999995, "maxBatteryForMonth": 100, "ratioPc": "noData"}