{"bought": 201.71, "sold": 199.13, "Time_string": "Last update at 13:50 - 19/07/2023", "produce": 4.353, "consumption": 3.286, "buyPrice": 0.149072, "sellPrice": 0.1, "batteryLevel": -68.13025330041862, "maxBatteryPerDay": 8.75, "batteryLevelPercentage": -6.813025330041862, "maxAtThisDay": 10, "ratioPC": 1.0669999999999997, "maxBatteryForMonth": 10, "ratioPc": "noData"}