{"bought": 226.72, "sold": 290.86, "Time_string": "Last update at 19:07 - 22/10/2024", "produce": 0.17, "consumption": 0.281, "ratioPC": 0.31899999999999995, "maxBatteryPerDay": 8.75, "maxAtThisDay": 100, "batteryLevelPercentage": -0.31606229473006325, "buyPrice": 0.149072, "sellPrice": 0.1, "batteryLevel": -31.606229473006323, "maxBatteryForMonth": 100, "Temperature": 22.9, "ratioPc": "noData"}