{"bought": 120.25, "sold": 324.11, "Time_string": "Last update at 12:24 - 22/10/2023", "produce": 0.639, "consumption": 0.858, "ratioPC": -0.21899999999999997, "maxBatteryPerDay": 8.75, "maxAtThisDay": 10, "batteryLevelPercentage": 9.716842867875926, "buyPrice": 0.149072, "sellPrice": 0.1, "batteryLevel": 97.16842867875926, "maxBatteryForMonth": 10, "Temperature": 16.4, "ratioPc": "noData"}