{"bought": 124.56, "sold": 125.19, "Time_string": "Last update at 18:26 - 18/12/2023", "produce": 0.01, "consumption": 0.26, "ratioPC": -0.26899999999999996, "maxBatteryPerDay": 8.75, "maxAtThisDay": 100, "batteryLevelPercentage": -0.4058044649565312, "buyPrice": 0.149072, "sellPrice": 0.1, "batteryLevel": -40.58044649565312, "maxBatteryForMonth": 100, "Temperature": 11.1, "ratioPc": "noData"}