{"bought": 260.42, "sold": 290.02, "Time_string": "Last update at 19:37 - 24/07/2023", "produce": 1.524, "consumption": 3.851, "buyPrice": 0.149072, "sellPrice": 0.1, "batteryLevel": -65.86971557368256, "maxBatteryPerDay": 8.75, "batteryLevelPercentage": -6.586971557368256, "maxAtThisDay": 10, "ratioPC": -2.327, "maxBatteryForMonth": 10, "ratioPc": "noData"}