{"bought": 198.46, "sold": 248.01, "Time_string": "Last update at 09:17 - 17/09/2024", "produce": 0.273, "consumption": 0.219, "ratioPC": 0.10699999999999998, "maxBatteryPerDay": 8.75, "maxAtThisDay": 100, "batteryLevelPercentage": -0.3209072877535689, "buyPrice": 0.149072, "sellPrice": 0.1, "batteryLevel": -32.090728775356894, "maxBatteryForMonth": 100, "Temperature": 21.6, "ratioPc": "noData"}