{"bought": 185.48, "sold": 107.62, "Time_string": "Last update at 12:28 - 20/01/2024", "produce": 4.223, "consumption": 4.721, "ratioPC": -0.5830000000000002, "maxBatteryPerDay": 8.75, "maxAtThisDay": 100, "batteryLevelPercentage": -1.132866974347966, "buyPrice": 0.149072, "sellPrice": 0.1, "batteryLevel": -113.2866974347966, "maxBatteryForMonth": 100, "Temperature": 10.5, "ratioPc": "noData"}