{"bought": 206.48, "sold": 195.52, "Time_string": "Last update at 17:12 - 20/08/2023", "produce": 3.677, "consumption": 3.716, "ratioPC": -0.039000000000000146, "maxBatteryPerDay": 8.75, "maxAtThisDay": 10, "batteryLevelPercentage": -7.532190189975313, "buyPrice": 0.149072, "sellPrice": 0.1, "batteryLevel": -75.32190189975313, "maxBatteryForMonth": 10, "Temperature": 42.0, "ratioPc": "noData"}