{"bought": 280.63, "sold": 690.04, "Time_string": "Last update at 07:14 - 30/05/2024", "produce": 0.015, "consumption": 0.235, "ratioPC": -0.286, "maxBatteryPerDay": 8.75, "maxAtThisDay": 100, "batteryLevelPercentage": 1.8226041536975424, "buyPrice": 0.149072, "sellPrice": 0.1, "batteryLevel": 182.26041536975424, "maxBatteryForMonth": 100, "Temperature": 17.2, "ratioPc": "noData"}