{"bought": 169.42, "sold": 366.79, "Time_string": "Last update at 17:01 - 24/06/2023", "produce": 3.988, "consumption": 3.313, "ratioPc": "noData", "buyPrice": 0.149072, "sellPrice": 0.1, "batteryLevel": 76.62888912740152, "maxBatteryPerDay": 8.75, "batteryLevelPercentage": 0.36489947203524536, "maxAtThisDay": 210.0, "ratioPC": 0.6749999999999998}