{"bought": 73.23, "sold": 52.11, "Time_string": "Last update at 12:11 - 10/12/2023", "produce": 3.852, "consumption": 3.18, "ratioPC": 0.6719999999999997, "maxBatteryPerDay": 8.75, "maxAtThisDay": 87.5, "batteryLevelPercentage": -0.43741414005121215, "buyPrice": 0.149072, "sellPrice": 0.1, "batteryLevel": -38.27373725448106, "maxBatteryForMonth": 100, "Temperature": 16.4, "ratioPc": "noData"}