{"bought": 258.71, "sold": 289.5, "Time_string": "Last update at 16:54 - 24/07/2023", "produce": 4.16, "consumption": 3.455, "buyPrice": 0.149072, "sellPrice": 0.1, "batteryLevel": -64.50854030267251, "maxBatteryPerDay": 8.75, "batteryLevelPercentage": -6.4508540302672515, "maxAtThisDay": 10, "ratioPC": 0.7050000000000001, "maxBatteryForMonth": 10, "ratioPc": "noData"}