{"bought": 69.11, "sold": 80.97, "Time_string": "Last update at 16:55 - 05/10/2024", "produce": 0.759, "consumption": 4.931, "ratioPC": -1.185, "maxBatteryPerDay": 8.75, "maxAtThisDay": 43.75, "batteryLevelPercentage": -0.3381477667550868, "buyPrice": 0.149072, "sellPrice": 0.1, "batteryLevel": -14.793964795535047, "maxBatteryForMonth": 100, "Temperature": 31.9, "ratioPc": "noData"}