{"bought": 107.66, "sold": 253.29, "Time_string": "Last update at 10:22 - 13/05/2024", "produce": 1.857, "consumption": 0.183, "ratioPC": 1.5110000000000001, "maxBatteryPerDay": 8.75, "maxAtThisDay": 100, "batteryLevelPercentage": 0.6225118385746484, "buyPrice": 0.149072, "sellPrice": 0.1, "batteryLevel": 62.25118385746484, "maxBatteryForMonth": 100, "Temperature": 22.1, "ratioPc": "noData"}