{"bought": 210.9, "sold": 222.49, "Time_string": "Last update at 18:05 - 19/10/2024", "produce": 0.788, "consumption": 0.097, "ratioPC": 0.8360000000000001, "maxBatteryPerDay": 8.75, "maxAtThisDay": 100, "batteryLevelPercentage": -0.6164997316732854, "buyPrice": 0.149072, "sellPrice": 0.1, "batteryLevel": -61.64997316732854, "maxBatteryForMonth": 100, "Temperature": 21.9, "ratioPc": "noData"}