{"bought": 285.83, "sold": 334.79, "Time_string": "Last update at 17:23 - 27/07/2023", "produce": 4.117, "consumption": 2.973, "buyPrice": 0.149072, "sellPrice": 0.1, "batteryLevel": -61.24724804121493, "maxBatteryPerDay": 8.75, "batteryLevelPercentage": -6.1247248041214934, "maxAtThisDay": 10, "ratioPC": 1.1440000000000001, "maxBatteryForMonth": 10, "ratioPc": "noData"}