{"bought": 290.33, "sold": 379.71, "Time_string": "Last update at 12:25 - 25/06/2024", "produce": 3.719, "consumption": 3.6, "ratioPC": 0.7959999999999998, "maxBatteryPerDay": 8.75, "maxAtThisDay": 100, "batteryLevelPercentage": -0.35614157990769596, "buyPrice": 0.149072, "sellPrice": 0.1, "batteryLevel": -35.6141579907696, "maxBatteryForMonth": 100, "Temperature": 29.8, "ratioPc": "noData"}