{"bought": 121.18, "sold": 146.46, "Time_string": "Last update at 15:03 - 11/11/2024", "produce": 4.157, "consumption": 0.406, "ratioPC": 1.6509999999999998, "maxBatteryPerDay": 8.75, "maxAtThisDay": 96.25, "batteryLevelPercentage": -0.23825634749494373, "buyPrice": 0.149072, "sellPrice": 0.1, "batteryLevel": -22.932173446388333, "maxBatteryForMonth": 100, "Temperature": 22.0, "ratioPc": "noData"}