{"bought": 143.98, "sold": 286.0, "Time_string": "Last update at 12:06 - 14/05/2024", "produce": 4.09, "consumption": 0.195, "ratioPC": 3.6310000000000002, "maxBatteryPerDay": 8.75, "maxAtThisDay": 100, "batteryLevelPercentage": 0.4787360094451003, "buyPrice": 0.149072, "sellPrice": 0.1, "batteryLevel": 47.87360094451003, "maxBatteryForMonth": 100, "Temperature": 20.1, "ratioPc": "noData"}