{"bought": 276.38, "sold": 674.95, "Time_string": "Last update at 09:51 - 29/05/2024", "produce": 0.698, "consumption": 0.171, "ratioPC": 0.45699999999999996, "maxBatteryPerDay": 8.75, "maxAtThisDay": 100, "batteryLevelPercentage": 1.7638779006117853, "buyPrice": 0.149072, "sellPrice": 0.1, "batteryLevel": 176.38779006117852, "maxBatteryForMonth": 100, "Temperature": 22.6, "ratioPc": "noData"}