{"bought": 128.74, "sold": 144.33, "Time_string": "Last update at 17:57 - 11/10/2024", "produce": 0.162, "consumption": 0.286, "ratioPC": 0.09099999999999997, "maxBatteryPerDay": 8.75, "maxAtThisDay": 96.25, "batteryLevelPercentage": -0.33164689040700646, "buyPrice": 0.149072, "sellPrice": 0.1, "batteryLevel": -31.92101320167437, "maxBatteryForMonth": 100, "Temperature": 20.0, "ratioPc": "noData"}