{"bought": 61.98, "sold": 22.22, "Time_string": "Last update at 15:04 - 06/01/2024", "produce": 1.507, "consumption": 0.203, "ratioPC": 1.5290000000000001, "maxBatteryPerDay": 8.75, "maxAtThisDay": 52.5, "batteryLevelPercentage": -0.8966562095912745, "buyPrice": 0.149072, "sellPrice": 0.1, "batteryLevel": -47.07445100354191, "maxBatteryForMonth": 100, "Temperature": 14.0, "ratioPc": "noData"}