{"bought": 6.51, "sold": 15.08, "Time_string": "Last update at 12:49 - 02/11/2024", "produce": 4.395, "consumption": 0.322, "ratioPC": 1.7640000000000002, "maxBatteryPerDay": 8.75, "maxAtThisDay": 17.5, "batteryLevelPercentage": 0.20605240804060168, "buyPrice": 0.149072, "sellPrice": 0.1, "batteryLevel": 3.6059171407105293, "maxBatteryForMonth": 100, "Temperature": 20.8, "ratioPc": "noData"}