{"bought": 117.12, "sold": 58.06, "Time_string": "Last update at 17:45 - 11/01/2024", "produce": 0.266, "consumption": 0.134, "ratioPC": 0.575, "maxBatteryPerDay": 8.75, "maxAtThisDay": 96.25, "batteryLevelPercentage": -0.8121805441526382, "buyPrice": 0.149072, "sellPrice": 0.1, "batteryLevel": -78.17237737469142, "maxBatteryForMonth": 100, "Temperature": 11.5, "ratioPc": "noData"}