{"bought": 281.83, "sold": 317.29, "Time_string": "Last update at 21:43 - 26/07/2023", "produce": 0.007, "consumption": 0.642, "buyPrice": 0.149072, "sellPrice": 0.1, "batteryLevel": -68.98654180530212, "maxBatteryPerDay": 8.75, "batteryLevelPercentage": -6.898654180530213, "maxAtThisDay": 10, "ratioPC": -0.635, "maxBatteryForMonth": 10, "ratioPc": "noData"}