{"bought": 64.73, "sold": 107.94, "Time_string": "Last update at 07:47 - 08/07/2023", "produce": 0.086, "consumption": 0.26, "buyPrice": 0.149072, "sellPrice": 0.1, "batteryLevel": 7.6779639368895545, "maxBatteryPerDay": 8.75, "batteryLevelPercentage": 0.7677963936889555, "maxAtThisDay": 10, "ratioPC": -0.17400000000000002, "maxBatteryForMonth": 10, "ratioPc": "noData"}