{"bought": 85.14, "sold": 128.5, "Time_string": "Last update at 22:56 - 08/10/2024", "produce": 0.0, "consumption": 0.138, "ratioPC": -0.038, "maxBatteryPerDay": 8.75, "maxAtThisDay": 70.0, "batteryLevelPercentage": 0.015142243824652318, "buyPrice": 0.149072, "sellPrice": 0.1, "batteryLevel": 1.0599570677256622, "maxBatteryForMonth": 100, "Temperature": 19.0, "ratioPc": "noData"}