{"bought": 159.46, "sold": 299.35, "Time_string": "Last update at 19:46 - 18/06/2024", "produce": 1.38, "consumption": 7.695, "ratioPC": -4.442, "maxBatteryPerDay": 8.75, "maxAtThisDay": 100, "batteryLevelPercentage": 0.41349005044542225, "buyPrice": 0.149072, "sellPrice": 0.1, "batteryLevel": 41.349005044542224, "maxBatteryForMonth": 100, "Temperature": 22.2, "ratioPc": "noData"}