{"bought": 72.15, "sold": 130.65, "Time_string": "Last update at 16:33 - 09/07/2023", "produce": 4.104, "consumption": 2.755, "buyPrice": 0.149072, "sellPrice": 0.1, "batteryLevel": 15.492213158742075, "maxBatteryPerDay": 8.75, "batteryLevelPercentage": 1.5492213158742074, "maxAtThisDay": 10, "ratioPC": 1.3490000000000002, "maxBatteryForMonth": 10, "ratioPc": "noData"}