{"bought": 22.33, "sold": 56.57, "Time_string": "Last update at 12:27 - 04/10/2023", "produce": 3.667, "consumption": 0.224, "ratioPC": 3.4429999999999996, "maxBatteryPerDay": 8.75, "maxAtThisDay": 10, "batteryLevelPercentage": 1.5618105613394868, "buyPrice": 0.149072, "sellPrice": 0.1, "batteryLevel": 15.618105613394867, "maxBatteryForMonth": 10, "Temperature": 27.9, "ratioPc": "noData"}