{"bought": 237.02, "sold": 201.94, "Time_string": "Last update at 15:52 - 29/12/2023", "produce": 0.858, "consumption": 1.784, "ratioPC": 0.5509999999999999, "maxBatteryPerDay": 8.75, "maxAtThisDay": 100, "batteryLevelPercentage": -1.0155525813029944, "buyPrice": 0.149072, "sellPrice": 0.1, "batteryLevel": -101.55525813029945, "maxBatteryForMonth": 100, "Temperature": 14.9, "ratioPc": "noData"}