{"bought": 698.25, "sold": 109.47, "Time_string": "Last update at 18:30 - 31/08/2024", "produce": 2.396, "consumption": 2.324, "ratioPC": 0.28200000000000003, "maxBatteryPerDay": 8.75, "maxAtThisDay": 100, "batteryLevelPercentage": -6.24815686379736, "buyPrice": 0.149072, "sellPrice": 0.1, "batteryLevel": -624.815686379736, "maxBatteryForMonth": 100, "Temperature": 31.5, "ratioPc": "noData"}