{"bought": 164.38, "sold": 362.97, "Time_string": "Last update at 04:36 - 24/06/2023", "produce": 0.0, "consumption": 0.086, "ratioPc": "noData", "buyPrice": 0.149072, "sellPrice": 0.1, "batteryLevel": 79.10636900289794, "maxBatteryPerDay": 8.75, "batteryLevelPercentage": 0.37669699525189493, "maxAtThisDay": 210.0, "ratioPC": -0.086}