{"bought": 112.62, "sold": 182.41, "Time_string": "Last update at 11:23 - 13/06/2024", "produce": 3.007, "consumption": 0.197, "ratioPC": 2.5869999999999997, "maxBatteryPerDay": 8.75, "maxAtThisDay": 100, "batteryLevelPercentage": 0.09743690028979274, "buyPrice": 0.149072, "sellPrice": 0.1, "batteryLevel": 9.743690028979273, "maxBatteryForMonth": 100, "Temperature": 23.8, "ratioPc": "noData"}