{"bought": 225.77, "sold": 194.21, "Time_string": "Last update at 11:44 - 28/12/2023", "produce": 3.525, "consumption": 0.512, "ratioPC": 2.6609999999999996, "maxBatteryPerDay": 8.75, "maxAtThisDay": 100, "batteryLevelPercentage": -0.9549067189009338, "buyPrice": 0.149072, "sellPrice": 0.1, "batteryLevel": -95.49067189009338, "maxBatteryForMonth": 100, "Temperature": 10.5, "ratioPc": "noData"}