{"bought": 122.59, "sold": 254.61, "Time_string": "Last update at 12:56 - 16/06/2024", "produce": 4.26, "consumption": 1.02, "ratioPC": 3.1950000000000003, "maxBatteryPerDay": 8.75, "maxAtThisDay": 100, "batteryLevelPercentage": 0.48206662015670276, "buyPrice": 0.149072, "sellPrice": 0.1, "batteryLevel": 48.206662015670275, "maxBatteryForMonth": 100, "Temperature": 27.9, "ratioPc": "noData"}