{"bought": 231.54, "sold": 198.27, "Time_string": "Last update at 17:48 - 21/08/2023", "produce": 3.252, "consumption": 3.474, "ratioPC": -0.22200000000000042, "maxBatteryPerDay": 8.75, "maxAtThisDay": 10, "batteryLevelPercentage": -9.853715573682516, "buyPrice": 0.149072, "sellPrice": 0.1, "batteryLevel": -98.53715573682516, "maxBatteryForMonth": 10, "Temperature": 41.2, "ratioPc": "noData"}