{"bought": 34.02, "sold": 98.86, "Time_string": "Last update at 15:53 - 06/10/2023", "produce": 4.383, "consumption": 5.668, "ratioPC": -1.2850000000000001, "maxBatteryPerDay": 8.75, "maxAtThisDay": 10, "batteryLevelPercentage": 3.2296947515294625, "buyPrice": 0.149072, "sellPrice": 0.1, "batteryLevel": 32.296947515294626, "maxBatteryForMonth": 10, "Temperature": 34.9, "ratioPc": "noData"}