{"bought": 165.62, "sold": 439.05, "Time_string": "Last update at 14:03 - 30/10/2023", "produce": 4.925, "consumption": 2.507, "ratioPC": 2.4179999999999997, "maxBatteryPerDay": 8.75, "maxAtThisDay": 10, "batteryLevelPercentage": 12.890211012128367, "buyPrice": 0.149072, "sellPrice": 0.1, "batteryLevel": 128.90211012128367, "maxBatteryForMonth": 10, "Temperature": 20.0, "ratioPc": "noData"}