{"bought": 34.88, "sold": 113.86, "Time_string": "Last update at 09:39 - 09/11/2023", "produce": 0.288, "consumption": 0.221, "ratioPC": 0.06699999999999998, "maxBatteryPerDay": 8.75, "maxAtThisDay": 10, "batteryLevelPercentage": 4.149919931308362, "buyPrice": 0.149072, "sellPrice": 0.1, "batteryLevel": 41.499199313083615, "maxBatteryForMonth": 10, "Temperature": 15.7, "ratioPc": "noData"}