{"bought": 280.19, "sold": 690.04, "Time_string": "Last update at 04:58 - 30/05/2024", "produce": 0.0, "consumption": 0.116, "ratioPC": -0.124, "maxBatteryPerDay": 8.75, "maxAtThisDay": 100, "batteryLevelPercentage": 1.8270041536975423, "buyPrice": 0.149072, "sellPrice": 0.1, "batteryLevel": 182.70041536975424, "maxBatteryForMonth": 100, "Temperature": 18.0, "ratioPc": "noData"}