{"bought": 190.36, "sold": 415.71, "Time_string": "Last update at 17:52 - 25/11/2023", "produce": 0.072, "consumption": 0.226, "ratioPC": -0.15400000000000003, "maxBatteryPerDay": 8.75, "maxAtThisDay": 100, "batteryLevelPercentage": 0.8850524632392398, "buyPrice": 0.149072, "sellPrice": 0.1, "batteryLevel": 88.50524632392398, "maxBatteryForMonth": 100, "Temperature": 15.3, "ratioPc": "noData"}