{"bought": 295.19, "sold": 693.31, "Time_string": "Last update at 07:20 - 31/05/2024", "produce": 0.025, "consumption": 0.205, "ratioPC": -0.18999999999999997, "maxBatteryPerDay": 8.75, "maxAtThisDay": 100, "batteryLevelPercentage": 1.6989398626167218, "buyPrice": 0.149072, "sellPrice": 0.1, "batteryLevel": 169.89398626167218, "maxBatteryForMonth": 100, "Temperature": 18.3, "ratioPc": "noData"}