{"bought": 1.73, "sold": 0.45, "Time_string": "Last update at 10:16 - 01/06/2024", "produce": 1.324, "consumption": 0.172, "ratioPC": -0.06400000000000006, "maxBatteryPerDay": 8.75, "maxAtThisDay": 8.75, "batteryLevelPercentage": -0.16321513669329488, "buyPrice": 0.149072, "sellPrice": 0.1, "batteryLevel": -1.4281324460663303, "maxBatteryForMonth": 100, "Temperature": 23.9, "ratioPc": "noData"}