{"bought": 446.21, "sold": 67.75, "Time_string": "Last update at 14:48 - 20/08/2024", "produce": 4.788, "consumption": 4.27, "ratioPC": 0.4029999999999996, "maxBatteryPerDay": 8.75, "maxAtThisDay": 100, "batteryLevelPercentage": -4.007621627133197, "buyPrice": 0.149072, "sellPrice": 0.1, "batteryLevel": -400.7621627133197, "maxBatteryForMonth": 100, "Temperature": 33.8, "ratioPc": "noData"}