{"bought": 119.92, "sold": 324.03, "Time_string": "Last update at 11:47 - 22/10/2023", "produce": 0.553, "consumption": 0.132, "ratioPC": 0.42100000000000004, "maxBatteryPerDay": 8.75, "maxAtThisDay": 10, "batteryLevelPercentage": 9.74447633358377, "buyPrice": 0.149072, "sellPrice": 0.1, "batteryLevel": 97.44476333583769, "maxBatteryForMonth": 10, "Temperature": 15.8, "ratioPc": "noData"}