{"bought": 75.19, "sold": 218.52, "Time_string": "Last update at 07:39 - 11/05/2024", "produce": 0.047, "consumption": 0.199, "ratioPC": -0.162, "maxBatteryPerDay": 8.75, "maxAtThisDay": 96.25, "batteryLevelPercentage": 0.7417858097682078, "buyPrice": 0.149072, "sellPrice": 0.1, "batteryLevel": 71.39688419019001, "maxBatteryForMonth": 100, "Temperature": 14.6, "ratioPc": "noData"}