{"bought": 243.83, "sold": 395.04, "Time_string": "Last update at 17:18 - 29/06/2023", "produce": 3.866, "consumption": 0.151, "buyPrice": 0.149072, "sellPrice": 0.1, "batteryLevel": 21.16946334657078, "maxBatteryPerDay": 8.75, "batteryLevelPercentage": 0.2116946334657078, "maxAtThisDay": 100, "ratioPC": 3.7150000000000003, "maxBatteryForMonth": 100, "ratioPc": "noData"}