{"bought": 88.55, "sold": 132.92, "Time_string": "Last update at 03:24 - 10/10/2024", "produce": 0.0, "consumption": 0.128, "ratioPC": -0.158, "maxBatteryPerDay": 8.75, "maxAtThisDay": 87.5, "batteryLevelPercentage": 0.007028197304466468, "buyPrice": 0.149072, "sellPrice": 0.1, "batteryLevel": 0.6149672641408159, "maxBatteryForMonth": 100, "Temperature": 15.6, "ratioPc": "noData"}