{"bought": 186.55, "sold": 247.99, "Time_string": "Last update at 00:43 - 17/09/2024", "produce": 0.0, "consumption": 5.112, "ratioPC": -5.106, "maxBatteryPerDay": 8.75, "maxAtThisDay": 100, "batteryLevelPercentage": -0.20194145111087267, "buyPrice": 0.149072, "sellPrice": 0.1, "batteryLevel": -20.194145111087266, "maxBatteryForMonth": 100, "Temperature": 23.3, "ratioPc": "noData"}