{"bought": 107.06, "sold": 128.63, "Time_string": "Last update at 10:37 - 11/06/2024", "produce": 1.239, "consumption": 0.181, "ratioPC": 1.149, "maxBatteryPerDay": 8.75, "maxAtThisDay": 96.25, "batteryLevelPercentage": -0.2158216805197594, "buyPrice": 0.149072, "sellPrice": 0.1, "batteryLevel": -20.77283675002684, "maxBatteryForMonth": 100, "Temperature": 22.3, "ratioPc": "noData"}