{"bought": 446.87, "sold": 68.43, "Time_string": "Last update at 17:51 - 20/08/2024", "produce": 3.287, "consumption": 4.417, "ratioPC": -0.6499999999999999, "maxBatteryPerDay": 8.75, "maxAtThisDay": 100, "batteryLevelPercentage": -4.009660072984866, "buyPrice": 0.149072, "sellPrice": 0.1, "batteryLevel": -400.96600729848666, "maxBatteryForMonth": 100, "Temperature": 35.1, "ratioPc": "noData"}