{"bought": 20.67, "sold": 27.64, "Time_string": "Last update at 14:31 - 03/08/2023", "produce": 4.817, "consumption": 1.892, "ratioPC": 2.9250000000000003, "maxBatteryPerDay": 8.75, "maxAtThisDay": 10, "batteryLevelPercentage": -0.2128624020607493, "buyPrice": 0.149072, "sellPrice": 0.1, "batteryLevel": -2.128624020607493, "maxBatteryForMonth": 10, "Temperature": 33.5, "ratioPc": "noData"}