{"bought": 75.35, "sold": 317.16, "Time_string": "Last update at 14:18 - 18/09/2023", "produce": 1.104, "consumption": 0.151, "ratioPC": 0.9530000000000001, "maxBatteryPerDay": 8.75, "maxAtThisDay": 10, "batteryLevelPercentage": 13.740625201245038, "buyPrice": 0.149072, "sellPrice": 0.1, "batteryLevel": 137.40625201245038, "maxBatteryForMonth": 10, "Temperature": 24.0, "ratioPc": "noData"}