{"bought": 247.21, "sold": 202.67, "Time_string": "Last update at 13:13 - 30/12/2023", "produce": 4.078, "consumption": 4.8, "ratioPC": -0.8109999999999999, "maxBatteryPerDay": 8.75, "maxAtThisDay": 100, "batteryLevelPercentage": -1.112555618761404, "buyPrice": 0.149072, "sellPrice": 0.1, "batteryLevel": -111.2555618761404, "maxBatteryForMonth": 100, "Temperature": 14.2, "ratioPc": "noData"}