{"bought": 217.9, "sold": 375.2, "Time_string": "Last update at 12:06 - 27/06/2023", "produce": 3.469, "consumption": 4.117, "buyPrice": 0.149072, "sellPrice": 0.1, "batteryLevel": 33.790458302028554, "maxBatteryPerDay": 8.75, "batteryLevelPercentage": 0.33790458302028553, "maxAtThisDay": 100, "ratioPC": -0.6480000000000001, "maxBatteryForMonth": 100, "ratioPc": "noData"}