{"bought": 100.58, "sold": 259.08, "Time_string": "Last update at 13:39 - 17/06/2023", "produce": 4.414, "consumption": 1.857, "ratioPc": null, "buyPrice": 0.149072, "sellPrice": 0.1, "batteryLevel": 73.2152130514114, "maxBatteryPerDay": 8.75, "batteryLevelPercentage": 0.4922031129506648, "maxAtThisDay": 148.75, "ratioPC": 2.5569999999999995}