{"bought": 75.79, "sold": 102.13, "Time_string": "Last update at 18:59 - 06/10/2024", "produce": 0.319, "consumption": 0.222, "ratioPC": 0.368, "maxBatteryPerDay": 8.75, "maxAtThisDay": 52.5, "batteryLevelPercentage": -0.13865679224356908, "buyPrice": 0.149072, "sellPrice": 0.1, "batteryLevel": -7.279481592787377, "maxBatteryForMonth": 100, "Temperature": 28.0, "ratioPc": "noData"}