{"bought": 76.89, "sold": 119.09, "Time_string": "Last update at 13:10 - 09/11/2024", "produce": 4.65, "consumption": 0.427, "ratioPC": 1.8090000000000002, "maxBatteryPerDay": 8.75, "maxAtThisDay": 78.75, "batteryLevelPercentage": 0.038064395004182495, "buyPrice": 0.149072, "sellPrice": 0.1, "batteryLevel": 2.9975711065793718, "maxBatteryForMonth": 100, "Temperature": 21.0, "ratioPc": "noData"}