{"bought": 187.16, "sold": 107.62, "Time_string": "Last update at 14:51 - 20/01/2024", "produce": 4.6, "consumption": 4.918, "ratioPC": -0.34799999999999986, "maxBatteryPerDay": 8.75, "maxAtThisDay": 100, "batteryLevelPercentage": -1.149666974347966, "buyPrice": 0.149072, "sellPrice": 0.1, "batteryLevel": -114.9666974347966, "maxBatteryForMonth": 100, "Temperature": 12.8, "ratioPc": "noData"}