{"bought": 20.79, "sold": 34.84, "Time_string": "Last update at 15:50 - 03/07/2023", "produce": 4.587, "consumption": 2.168, "buyPrice": 0.149072, "sellPrice": 0.1, "batteryLevel": 2.581256842331225, "maxBatteryPerDay": 8.75, "batteryLevelPercentage": 0.2581256842331225, "maxAtThisDay": 10, "ratioPC": 2.4189999999999996, "maxBatteryForMonth": 10, "ratioPc": "noData"}