{"bought": 128.85, "sold": 65.85, "Time_string": "Last update at 11:40 - 13/01/2024", "produce": 0.993, "consumption": 0.477, "ratioPC": -1.5229999999999997, "maxBatteryPerDay": 8.75, "maxAtThisDay": 100, "batteryLevelPercentage": -0.8467671460770635, "buyPrice": 0.149072, "sellPrice": 0.1, "batteryLevel": -84.67671460770634, "maxBatteryForMonth": 100, "Temperature": 12.3, "ratioPc": "noData"}