{"bought": 111.66, "sold": 285.35, "Time_string": "Last update at 01:18 - 19/06/2023", "produce": 0.0, "consumption": 0.215, "ratioPc": "noData", "buyPrice": 0.149072, "sellPrice": 0.1, "batteryLevel": 79.75757003327251, "maxBatteryPerDay": 8.75, "batteryLevelPercentage": 0.47974478215502264, "maxAtThisDay": 166.25, "ratioPC": -0.215}