{"bought": 35.25, "sold": 114.19, "Time_string": "Last update at 12:20 - 09/11/2023", "produce": 0.853, "consumption": 0.884, "ratioPC": -0.031000000000000028, "maxBatteryPerDay": 8.75, "maxAtThisDay": 10, "batteryLevelPercentage": 4.135056885263497, "buyPrice": 0.149072, "sellPrice": 0.1, "batteryLevel": 41.350568852634964, "maxBatteryForMonth": 10, "Temperature": 19.7, "ratioPc": "noData"}