{"bought": 374.29, "sold": 287.62, "Time_string": "Last update at 17:23 - 30/08/2023", "produce": 3.686, "consumption": 4.054, "ratioPC": -0.3680000000000003, "maxBatteryPerDay": 8.75, "maxAtThisDay": 10, "batteryLevelPercentage": -18.13496758613288, "buyPrice": 0.149072, "sellPrice": 0.1, "batteryLevel": -181.3496758613288, "maxBatteryForMonth": 10, "Temperature": 34.6, "ratioPc": "noData"}