{"bought": 353.92, "sold": 223.98, "Time_string": "Last update at 13:47 - 27/08/2023", "produce": 4.555, "consumption": 0.517, "ratioPC": 4.037999999999999, "maxBatteryPerDay": 8.75, "maxAtThisDay": 10, "batteryLevelPercentage": -20.367045615541485, "buyPrice": 0.149072, "sellPrice": 0.1, "batteryLevel": -203.67045615541485, "maxBatteryForMonth": 10, "Temperature": 28.6, "ratioPc": "noData"}