{"bought": 195.94, "sold": 371.25, "Time_string": "Last update at 09:51 - 26/06/2023", "produce": 0.711, "consumption": 0.155, "ratioPc": "noData", "buyPrice": 0.149072, "sellPrice": 0.1, "batteryLevel": 53.10073199527744, "maxBatteryPerDay": 8.75, "batteryLevelPercentage": 0.2334098109682525, "maxAtThisDay": 227.5, "ratioPC": 0.5559999999999999}