{"bought": 222.45, "sold": 131.49, "Time_string": "Last update at 14:08 - 22/01/2024", "produce": 4.783, "consumption": 0.424, "ratioPC": 4.303, "maxBatteryPerDay": 8.75, "maxAtThisDay": 100, "batteryLevelPercentage": -1.3424430074058171, "buyPrice": 0.149072, "sellPrice": 0.1, "batteryLevel": -134.2443007405817, "maxBatteryForMonth": 100, "Temperature": 16.1, "ratioPc": "noData"}