{"bought": 68.92, "sold": 110.68, "Time_string": "Last update at 11:17 - 08/11/2024", "produce": 0.915, "consumption": 0.175, "ratioPC": 0.6359999999999999, "maxBatteryPerDay": 8.75, "maxAtThisDay": 70.0, "batteryLevelPercentage": 0.07608574188503354, "buyPrice": 0.149072, "sellPrice": 0.1, "batteryLevel": 5.326001931952348, "maxBatteryForMonth": 100, "Temperature": 18.3, "ratioPc": "noData"}