{"bought": 250.04, "sold": 405.45, "Time_string": "Last update at 16:18 - 30/06/2023", "produce": 4.482, "consumption": 3.62, "buyPrice": 0.149072, "sellPrice": 0.1, "batteryLevel": 21.94266609423633, "maxBatteryPerDay": 8.75, "batteryLevelPercentage": 0.2194266609423633, "maxAtThisDay": 100, "ratioPC": 0.8620000000000001, "maxBatteryForMonth": 100, "ratioPc": "noData"}