{"bought": 247.51, "sold": 398.45, "Time_string": "Last update at 23:48 - 29/06/2023", "produce": 0.0, "consumption": 1.405, "buyPrice": 0.149072, "sellPrice": 0.1, "batteryLevel": 19.776948588601442, "maxBatteryPerDay": 8.75, "batteryLevelPercentage": 0.19776948588601442, "maxAtThisDay": 100, "ratioPC": -1.405, "maxBatteryForMonth": 100, "ratioPc": "noData"}