{"bought": 301.27, "sold": 395.83, "Time_string": "Last update at 08:55 - 28/09/2024", "produce": 0.128, "consumption": 0.136, "ratioPC": 0.04700000000000001, "maxBatteryPerDay": 8.75, "maxAtThisDay": 100, "batteryLevelPercentage": -0.35740591392079013, "buyPrice": 0.149072, "sellPrice": 0.1, "batteryLevel": -35.74059139207901, "maxBatteryForMonth": 100, "Temperature": 15.8, "ratioPc": "noData"}