{"bought": 131.08, "sold": 133.86, "Time_string": "Last update at 15:37 - 19/12/2023", "produce": 2.731, "consumption": 1.019, "ratioPC": 2.467, "maxBatteryPerDay": 8.75, "maxAtThisDay": 100, "batteryLevelPercentage": -0.4128446495653107, "buyPrice": 0.149072, "sellPrice": 0.1, "batteryLevel": -41.28446495653107, "maxBatteryForMonth": 100, "Temperature": 15.0, "ratioPc": "noData"}