{"bought": 298.33, "sold": 386.64, "Time_string": "Last update at 16:06 - 27/09/2024", "produce": 4.062, "consumption": 0.157, "ratioPC": 3.9050000000000002, "maxBatteryPerDay": 8.75, "maxAtThisDay": 100, "batteryLevelPercentage": -0.3896539766019106, "buyPrice": 0.149072, "sellPrice": 0.1, "batteryLevel": -38.96539766019106, "maxBatteryForMonth": 100, "Temperature": 26.0, "ratioPc": "noData"}