{"bought": 248.95, "sold": 398.45, "Time_string": "Last update at 06:45 - 30/06/2023", "produce": 0.0, "consumption": 0.239, "buyPrice": 0.149072, "sellPrice": 0.1, "batteryLevel": 18.336948588601444, "maxBatteryPerDay": 8.75, "batteryLevelPercentage": 0.18336948588601445, "maxAtThisDay": 100, "ratioPC": -0.239, "maxBatteryForMonth": 100, "ratioPc": "noData"}