{"bought": 79.34, "sold": 108.86, "Time_string": "Last update at 16:34 - 07/10/2024", "produce": 0.222, "consumption": 0.209, "ratioPC": 0.009000000000000008, "maxBatteryPerDay": 8.75, "maxAtThisDay": 61.25, "batteryLevelPercentage": -0.10310015705326897, "buyPrice": 0.149072, "sellPrice": 0.1, "batteryLevel": -6.314884619512725, "maxBatteryForMonth": 100, "Temperature": 21.9, "ratioPc": "noData"}