{"bought": 86.61, "sold": 256.33, "Time_string": "Last update at 14:52 - 16/06/2023", "produce": 4.61, "consumption": 3.728, "ratioPc": null, "buyPrice": 0.149072, "sellPrice": 0.1, "batteryLevel": 85.34046688848339, "maxBatteryPerDay": 8.75, "batteryLevelPercentage": 0.6095747634891671, "maxAtThisDay": 140.0, "ratioPC": 0.8820000000000001}