{"bought": 107.56, "sold": 279.75, "Time_string": "Last update at 14:11 - 19/10/2023", "produce": 0.295, "consumption": 1.187, "ratioPC": -0.8920000000000001, "maxBatteryPerDay": 8.75, "maxAtThisDay": 10, "batteryLevelPercentage": 8.010099602876462, "buyPrice": 0.149072, "sellPrice": 0.1, "batteryLevel": 80.10099602876463, "maxBatteryForMonth": 10, "Temperature": 22.0, "ratioPc": "noData"}