{"bought": 122.54, "sold": 215.75, "Time_string": "Last update at 08:06 - 14/09/2024", "produce": 0.0, "consumption": 0.16, "ratioPC": -0.164, "maxBatteryPerDay": 8.75, "maxAtThisDay": 100, "batteryLevelPercentage": 0.22188721691531627, "buyPrice": 0.149072, "sellPrice": 0.1, "batteryLevel": 22.188721691531626, "maxBatteryForMonth": 100, "Temperature": 20.2, "ratioPc": "noData"}