{"bought": 149.27, "sold": 378.53, "Time_string": "Last update at 12:41 - 27/10/2023", "produce": 4.055, "consumption": 0.264, "ratioPC": 3.7909999999999995, "maxBatteryPerDay": 8.75, "maxAtThisDay": 10, "batteryLevelPercentage": 10.465427820113769, "buyPrice": 0.149072, "sellPrice": 0.1, "batteryLevel": 104.65427820113769, "maxBatteryForMonth": 10, "Temperature": 18.7, "ratioPc": "noData"}