{"bought": 71.97, "sold": 116.34, "Time_string": "Last update at 01:43 - 09/11/2024", "produce": 0.0, "consumption": 0.241, "ratioPC": -0.241, "maxBatteryPerDay": 8.75, "maxAtThisDay": 78.75, "batteryLevelPercentage": 0.07711523737970011, "buyPrice": 0.149072, "sellPrice": 0.1, "batteryLevel": 6.0728249436513835, "maxBatteryForMonth": 100, "Temperature": 17.0, "ratioPc": "noData"}