{"bought": 154.14, "sold": 397.4, "Time_string": "Last update at 12:33 - 28/10/2023", "produce": 1.757, "consumption": 0.233, "ratioPC": 1.5239999999999998, "maxBatteryPerDay": 8.75, "maxAtThisDay": 10, "batteryLevelPercentage": 11.244259096275623, "buyPrice": 0.149072, "sellPrice": 0.1, "batteryLevel": 112.44259096275624, "maxBatteryForMonth": 10, "Temperature": 19.1, "ratioPc": "noData"}