{"bought": 86.32, "sold": 128.5, "Time_string": "Last update at 08:09 - 09/10/2024", "produce": 0.0, "consumption": 0.03, "ratioPC": -0.126, "maxBatteryPerDay": 8.75, "maxAtThisDay": 78.75, "batteryLevelPercentage": -0.0015243546955470526, "buyPrice": 0.149072, "sellPrice": 0.1, "batteryLevel": -0.12004293227433038, "maxBatteryForMonth": 100, "Temperature": 18.1, "ratioPc": "noData"}