{"bought": 201.13, "sold": 374.79, "Time_string": "Last update at 18:44 - 26/06/2023", "produce": 2.499, "consumption": 4.1, "buyPrice": 0.149072, "sellPrice": 0.1, "batteryLevel": 50.285423419555684, "maxBatteryPerDay": 8.75, "batteryLevelPercentage": 0.5028542341955569, "maxAtThisDay": 100, "ratioPC": -1.6009999999999995, "maxBatteryForMonth": 100, "ratioPc": "noData"}